WDOV26;02/09/2026;15:28:00;5140,00;5141,00;5139,50;5140,00;46109780,00;897
WDOV26;02/09/2026;15:27:00;5140,00;5140,50;5139,50;5140,00;145612065,00;2833
WDOV26;02/09/2026;15:26:00;5140,00;5140,50;5139,00;5140,00;221579315,00;4311
WDOV26;02/09/2026;15:25:00;5142,00;5142,00;5140,00;5140,50;157880515,00;3071
WDOV26;02/09/2026;15:24:00;5139,50;5142,00;5139,00;5141,50;517728255,00;10071
WDOV26;02/09/2026;15:23:00;5138,00;5139,50;5137,00;5139,50;313691890,00;6105
WDOV26;02/09/2026;15:22:00;5137,50;5139,00;5137,00;5138,00;266316660,00;5183
WDOV26;02/09/2026;15:21:00;5135,50;5137,50;5135,00;5137,00;245558655,00;4781
WDOV26;02/09/2026;15:20:00;5138,50;5138,50;5135,50;5135,50;337801780,00;6576
WDOV26;02/09/2026;15:19:00;5136,00;5138,50;5136,00;5138,50;87231835,00;1698
WDOV26;02/09/2026;15:18:00;5139,00;5139,50;5133,50;5136,00;636512270,00;12393
WDOV26;02/09/2026;15:17:00;5138,50;5139,00;5138,00;5139,00;81188160,00;1580
WDOV26;02/09/2026;15:16:00;5138,00;5138,50;5137,50;5138,00;61863495,00;1204
WDOV26;02/09/2026;15:15:00;5138,50;5138,50;5137,00;5137,50;61294670,00;1193
WDOV26;02/09/2026;15:14:00;5138,50;5138,50;5138,00;5138,00;40645095,00;791
WDOV26;02/09/2026;15:13:00;5138,50;5138,50;5137,50;5138,00;20551955,00;400
WDOV26;02/09/2026;15:12:00;5137,50;5138,50;5137,50;5138,00;70181275,00;1366
WDOV26;02/09/2026;15:11:00;5137,00;5138,00;5137,00;5137,00;33342125,00;649
WDOV26;02/09/2026;15:10:00;5137,00;5137,50;5136,50;5137,50;12842805,00;250
WDOV26;02/09/2026;15:09:00;5137,50;5137,50;5136,50;5137,00;57586205,00;1121
WDOV26;02/09/2026;15:08:00;5137,00;5137,50;5136,50;5137,50;24042130,00;468
WDOV26;02/09/2026;15:07:00;5137,50;5138,00;5137,00;5137,00;58310685,00;1135
WDOV26;02/09/2026;15:06:00;5137,50;5137,50;5136,50;5137,50;62776955,00;1222
WDOV26;02/09/2026;15:05:00;5137,00;5137,50;5136,50;5137,00;37294030,00;726
WDOV26;02/09/2026;15:04:00;5136,50;5137,00;5136,00;5137,00;81720475,00;1591
WDOV26;02/09/2026;15:03:00;5137,00;5137,50;5136,00;5136,50;112739315,00;2195
WDOV26;02/09/2026;15:02:00;5137,00;5137,50;5136,50;5137,00;60977615,00;1187
WDOV26;02/09/2026;15:01:00;5138,00;5138,50;5137,00;5137,50;153106700,00;2980
WDOV26;02/09/2026;15:00:00;5138,50;5138,50;5137,50;5138,50;69310595,00;1349
WDOV26;02/09/2026;14:59:00;5138,00;5138,50;5138,00;5138,00;45217485,00;880
WDOV26;02/09/2026;14:58:00;5137,50;5138,50;5137,00;5138,00;59444525,00;1157
WDOV26;02/09/2026;14:57:00;5137,50;5138,50;5137,50;5138,00;63351890,00;1233
WDOV26;02/09/2026;14:56:00;5138,50;5139,00;5137,50;5138,00;48965100,00;953
WDOV26;02/09/2026;14:55:00;5138,00;5139,00;5137,50;5138,00;51640605,00;1005
WDOV26;02/09/2026;14:54:00;5139,50;5139,50;5138,00;5138,50;57811495,00;1125
WDOV26;02/09/2026;14:53:00;5138,00;5140,00;5138,00;5139,50;134387100,00;2615
WDOV26;02/09/2026;14:52:00;5138,50;5139,00;5137,50;5138,50;96448470,00;1877
WDOV26;02/09/2026;14:51:00;5138,00;5138,50;5138,00;5138,50;40797440,00;794
WDOV26;02/09/2026;14:50:00;5137,00;5138,00;5137,00;5138,00;45416695,00;884
WDOV26;02/09/2026;14:49:00;5137,50;5137,50;5136,50;5137,50;137867250,00;2684
WDOV26;02/09/2026;14:48:00;5137,00;5138,00;5136,50;5137,50;74748485,00;1455
WDOV26;02/09/2026;14:47:00;5136,00;5137,50;5136,00;5137,50;71146225,00;1385
WDOV26;02/09/2026;14:46:00;5135,50;5136,50;5135,00;5136,00;60652820,00;1181
WDOV26;02/09/2026;14:45:00;5136,50;5137,00;5135,00;5135,50;152313895,00;2966
WDOV26;02/09/2026;14:44:00;5137,50;5138,00;5135,50;5136,50;168125780,00;3273
WDOV26;02/09/2026;14:43:00;5138,50;5138,50;5136,50;5138,00;172874695,00;3365
WDOV26;02/09/2026;14:42:00;5138,50;5139,00;5137,00;5138,00;101730775,00;1980
WDOV26;02/09/2026;14:41:00;5139,50;5140,00;5138,50;5139,00;46770055,00;910
WDOV26;02/09/2026;14:40:00;5139,50;5140,00;5139,50;5140,00;92620575,00;1802
WDOV26;02/09/2026;14:39:00;5140,00;5140,00;5139,00;5140,00;82386485,00;1603
WDOV26;02/09/2026;14:38:00;5138,50;5140,00;5138,00;5140,00;154329985,00;3003
WDOV26;02/09/2026;14:37:00;5138,50;5138,50;5137,50;5138,50;58730300,00;1143
WDOV26;02/09/2026;14:36:00;5139,00;5139,00;5138,00;5138,00;52412410,00;1020
WDOV26;02/09/2026;14:35:00;5138,50;5139,00;5138,00;5139,00;210666035,00;4100
WDOV26;02/09/2026;14:34:00;5138,50;5138,50;5138,00;5138,00;13719660,00;267
WDOV26;02/09/2026;14:33:00;5138,50;5138,50;5138,00;5138,50;20399545,00;397
WDOV26;02/09/2026;14:32:00;5136,50;5138,50;5136,50;5138,50;110977775,00;2160
WDOV26;02/09/2026;14:31:00;5137,00;5137,00;5136,50;5136,50;81162645,00;1580
WDOV26;02/09/2026;14:30:00;5137,50;5138,50;5137,00;5137,50;111176475,00;2164
WDOV26;02/09/2026;14:29:00;5138,00;5138,00;5137,00;5137,00;37040945,00;721
WDOV26;02/09/2026;14:28:00;5137,50;5138,00;5137,50;5137,50;17673240,00;344
WDOV26;02/09/2026;14:27:00;5137,00;5138,50;5137,00;5137,50;59238775,00;1153
WDOV26;02/09/2026;14:26:00;5138,00;5138,50;5136,00;5137,00;222900765,00;4339
WDOV26;02/09/2026;14:25:00;5138,00;5138,50;5137,50;5138,00;96083835,00;1870
WDOV26;02/09/2026;14:24:00;5138,00;5138,00;5137,50;5138,00;36581890,00;712
WDOV26;02/09/2026;14:23:00;5137,50;5138,00;5137,00;5138,00;79834395,00;1554
WDOV26;02/09/2026;14:22:00;5138,50;5139,00;5137,00;5138,00;180282425,00;3509
WDOV26;02/09/2026;14:21:00;5140,00;5140,00;5138,50;5138,50;141939640,00;2762
WDOV26;02/09/2026;14:20:00;5139,50;5140,50;5139,50;5140,00;82033435,00;1596
WDOV26;02/09/2026;14:19:00;5140,00;5140,50;5139,50;5140,00;150655855,00;2931
WDOV26;02/09/2026;14:18:00;5138,50;5140,00;5138,50;5140,00;79299590,00;1543
WDOV26;02/09/2026;14:17:00;5138,50;5139,50;5138,50;5138,50;132990495,00;2588
WDOV26;02/09/2026;14:16:00;5138,00;5139,00;5138,00;5139,00;114483945,00;2228
WDOV26;02/09/2026;14:15:00;5138,00;5139,00;5138,00;5138,00;114121105,00;2221
WDOV26;02/09/2026;14:14:00;5138,50;5139,00;5137,50;5138,00;150143675,00;2922
WDOV26;02/09/2026;14:13:00;5137,50;5138,50;5137,00;5138,00;114625225,00;2231
WDOV26;02/09/2026;14:12:00;5137,00;5137,50;5136,50;5137,50;42585770,00;829
WDOV26;02/09/2026;14:11:00;5136,00;5137,50;5136,00;5137,50;214419540,00;4174
WDOV26;02/09/2026;14:10:00;5135,50;5136,50;5135,50;5136,50;141240310,00;2750
WDOV26;02/09/2026;14:09:00;5135,50;5136,00;5135,00;5135,50;84739675,00;1650
WDOV26;02/09/2026;14:08:00;5135,00;5135,50;5134,50;5135,50;88785365,00;1729
WDOV26;02/09/2026;14:07:00;5135,00;5135,50;5134,50;5135,50;54638285,00;1064
WDOV26;02/09/2026;14:06:00;5134,00;5135,00;5134,00;5135,00;18381505,00;358
WDOV26;02/09/2026;14:05:00;5134,00;5135,00;5134,00;5134,50;42716685,00;832
WDOV26;02/09/2026;14:04:00;5133,50;5134,00;5133,50;5133,50;33266190,00;648
WDOV26;02/09/2026;14:03:00;5134,00;5135,00;5133,00;5133,50;139026770,00;2708
WDOV26;02/09/2026;14:02:00;5134,00;5134,50;5134,00;5134,50;62126590,00;1210
WDOV26;02/09/2026;14:01:00;5135,50;5135,50;5134,00;5134,00;214983655,00;4187
WDOV26;02/09/2026;14:00:00;5135,00;5136,00;5134,50;5135,50;63162515,00;1230
WDOV26;02/09/2026;13:59:00;5136,00;5136,00;5135,00;5135,00;95265350,00;1855
WDOV26;02/09/2026;13:58:00;5134,50;5136,00;5134,50;5136,00;145379255,00;2831
WDOV26;02/09/2026;13:57:00;5134,50;5135,00;5134,00;5134,50;75321070,00;1467
WDOV26;02/09/2026;13:56:00;5134,50;5135,50;5134,00;5134,50;98385035,00;1916
WDOV26;02/09/2026;13:55:00;5133,50;5134,00;5133,00;5134,00;97489725,00;1899
WDOV26;02/09/2026;13:54:00;5134,50;5134,50;5132,50;5133,00;459965815,00;8960
WDOV26;02/09/2026;13:53:00;5134,00;5135,00;5134,00;5134,50;111062080,00;2163
WDOV26;02/09/2026;13:52:00;5134,00;5134,50;5133,50;5134,50;101498985,00;1977
WDOV26;02/09/2026;13:51:00;5133,50;5134,00;5133,00;5134,00;195684065,00;3812
WDOV26;02/09/2026;13:50:00;5133,50;5134,00;5133,00;5133,50;124491785,00;2425
WDOV26;02/09/2026;13:49:00;5133,50;5134,00;5133,00;5133,50;70532180,00;1374
WDOV26;02/09/2026;13:48:00;5133,00;5134,50;5133,00;5133,50;173003865,00;3370
WDOV26;02/09/2026;13:47:00;5132,00;5133,50;5131,50;5132,50;134015370,00;2611
WDOV26;02/09/2026;13:46:00;5132,00;5133,00;5132,00;5132,00;199909810,00;3895
WDOV26;02/09/2026;13:45:00;5133,50;5133,50;5132,00;5132,00;128939525,00;2512
WDOV26;02/09/2026;13:44:00;5131,50;5133,50;5131,50;5133,00;84991940,00;1656
WDOV26;02/09/2026;13:43:00;5131,00;5132,50;5131,00;5132,00;113566150,00;2213
WDOV26;02/09/2026;13:42:00;5131,50;5132,00;5131,00;5131,50;51058730,00;995
WDOV26;02/09/2026;13:41:00;5132,00;5132,00;5131,00;5131,50;98012550,00;1910
WDOV26;02/09/2026;13:40:00;5132,50;5133,00;5131,50;5131,50;34847945,00;679
WDOV26;02/09/2026;13:39:00;5132,00;5132,50;5131,00;5132,50;55168115,00;1075
WDOV26;02/09/2026;13:38:00;5131,50;5133,00;5131,00;5132,00;210158755,00;4095
WDOV26;02/09/2026;13:37:00;5131,50;5132,00;5130,50;5131,00;172098650,00;3354
WDOV26;02/09/2026;13:36:00;5130,50;5131,50;5130,00;5131,00;39815365,00;776
WDOV26;02/09/2026;13:35:00;5132,50;5132,50;5130,00;5130,00;149309325,00;2910
WDOV26;02/09/2026;13:34:00;5131,50;5132,50;5131,50;5132,00;39874645,00;777
WDOV26;02/09/2026;13:33:00;5132,00;5132,50;5130,50;5132,00;146439500,00;2854
WDOV26;02/09/2026;13:32:00;5132,50;5133,00;5131,50;5132,50;76880715,00;1498
WDOV26;02/09/2026;13:31:00;5133,50;5133,50;5133,00;5133,00;20840790,00;406
WDOV26;02/09/2026;13:30:00;5134,00;5134,50;5132,50;5133,50;71355255,00;1390
WDOV26;02/09/2026;13:29:00;5133,00;5135,00;5133,00;5133,50;145601095,00;2836
WDOV26;02/09/2026;13:28:00;5132,00;5133,50;5132,00;5133,50;52459585,00;1022
WDOV26;02/09/2026;13:27:00;5133,50;5134,00;5132,00;5132,00;126695400,00;2468
WDOV26;02/09/2026;13:26:00;5132,00;5133,50;5130,50;5133,50;338379170,00;6593
WDOV26;02/09/2026;13:25:00;5134,50;5135,00;5131,50;5131,50;282131835,00;5496
WDOV26;02/09/2026;13:24:00;5133,50;5135,00;5132,50;5134,50;233599080,00;4550
WDOV26;02/09/2026;13:23:00;5131,00;5134,00;5130,50;5133,50;349530125,00;6810
WDOV26;02/09/2026;13:22:00;5131,00;5132,50;5130,50;5131,50;361512810,00;7045
WDOV26;02/09/2026;13:21:00;5130,50;5131,50;5130,50;5130,50;132123800,00;2575
WDOV26;02/09/2026;13:20:00;5132,50;5133,00;5130,00;5130,50;477355040,00;9304
WDOV26;02/09/2026;13:19:00;5132,50;5133,00;5131,50;5132,50;265427230,00;5172
WDOV26;02/09/2026;13:18:00;5134,00;5134,00;5132,00;5133,00;210901285,00;4109
WDOV26;02/09/2026;13:17:00;5135,00;5135,50;5132,50;5134,00;445537125,00;8679
WDOV26;02/09/2026;13:16:00;5135,00;5136,50;5134,50;5135,50;143530740,00;2795
WDOV26;02/09/2026;13:15:00;5135,50;5136,50;5135,00;5135,50;77498970,00;1509
WDOV26;02/09/2026;13:14:00;5137,50;5137,50;5135,00;5135,50;237179675,00;4618
WDOV26;02/09/2026;13:13:00;5137,50;5138,00;5137,00;5137,50;64013120,00;1246
WDOV26;02/09/2026;13:12:00;5138,00;5138,50;5137,00;5137,50;44800065,00;872
WDOV26;02/09/2026;13:11:00;5138,00;5138,50;5137,50;5138,50;35503620,00;691
WDOV26;02/09/2026;13:10:00;5138,00;5138,50;5137,50;5138,00;50918595,00;991
WDOV26;02/09/2026;13:09:00;5138,50;5138,50;5137,50;5137,50;26102355,00;508
WDOV26;02/09/2026;13:08:00;5137,50;5138,50;5137,50;5138,50;71985400,00;1401
WDOV26;02/09/2026;13:07:00;5138,00;5138,50;5137,00;5137,50;100755895,00;1961
WDOV26;02/09/2026;13:06:00;5136,50;5138,00;5136,00;5138,00;147373970,00;2869
WDOV26;02/09/2026;13:05:00;5137,00;5137,00;5136,00;5136,50;122507235,00;2385
WDOV26;02/09/2026;13:04:00;5136,50;5137,50;5136,50;5137,00;50291640,00;979
WDOV26;02/09/2026;13:03:00;5137,00;5137,50;5136,50;5136,50;148415215,00;2889
WDOV26;02/09/2026;13:02:00;5136,50;5137,50;5136,50;5136,50;25068755,00;488
WDOV26;02/09/2026;13:01:00;5136,50;5137,00;5136,00;5137,00;90663075,00;1765
WDOV26;02/09/2026;13:00:00;5137,50;5138,50;5136,00;5136,50;440986970,00;8584
WDOV26;02/09/2026;12:59:00;5137,50;5139,00;5137,00;5137,50;338195960,00;6582
WDOV26;02/09/2026;12:58:00;5137,00;5137,50;5136,50;5137,00;79984075,00;1557
WDOV26;02/09/2026;12:57:00;5136,50;5138,00;5136,00;5136,50;170905810,00;3327
WDOV26;02/09/2026;12:56:00;5136,00;5137,50;5136,00;5136,50;207363530,00;4037
WDOV26;02/09/2026;12:55:00;5137,00;5137,50;5136,00;5136,50;143112725,00;2786
WDOV26;02/09/2026;12:54:00;5136,00;5138,50;5136,00;5137,00;174158390,00;3390
WDOV26;02/09/2026;12:53:00;5136,00;5136,50;5135,50;5136,00;67179615,00;1308
WDOV26;02/09/2026;12:52:00;5134,50;5136,50;5134,50;5136,50;68864715,00;1341
WDOV26;02/09/2026;12:51:00;5134,00;5135,50;5133,50;5135,00;353160760,00;6878
WDOV26;02/09/2026;12:50:00;5136,00;5136,00;5134,00;5134,00;336998685,00;6563
WDOV26;02/09/2026;12:49:00;5134,50;5136,00;5133,50;5136,00;117227695,00;2283
WDOV26;02/09/2026;12:48:00;5134,00;5135,00;5133,50;5134,50;331977920,00;6466
WDOV26;02/09/2026;12:47:00;5135,50;5136,00;5133,00;5134,00;386345405,00;7525
WDOV26;02/09/2026;12:46:00;5141,50;5141,50;5134,00;5135,50;1058105550,00;20599
WDOV26;02/09/2026;12:45:00;5142,00;5142,00;5141,00;5141,50;74968100,00;1458
WDOV26;02/09/2026;12:44:00;5140,50;5142,00;5140,00;5141,50;152602320,00;2968
WDOV26;02/09/2026;12:43:00;5141,00;5141,50;5140,50;5140,50;42103065,00;819
WDOV26;02/09/2026;12:42:00;5141,00;5141,50;5140,50;5141,00;159474680,00;3102
WDOV26;02/09/2026;12:41:00;5140,00;5141,00;5139,50;5141,00;118853115,00;2312
WDOV26;02/09/2026;12:40:00;5139,00;5140,00;5138,50;5140,00;43476965,00;846
WDOV26;02/09/2026;12:39:00;5140,00;5140,00;5139,00;5139,50;78583515,00;1529
WDOV26;02/09/2026;12:38:00;5140,50;5141,00;5139,50;5139,50;96486510,00;1877
WDOV26;02/09/2026;12:37:00;5139,00;5141,00;5139,00;5140,00;139555250,00;2715
WDOV26;02/09/2026;12:36:00;5139,00;5139,50;5138,50;5139,00;55858780,00;1087
WDOV26;02/09/2026;12:35:00;5137,50;5139,00;5137,00;5139,00;200398355,00;3900
WDOV26;02/09/2026;12:34:00;5137,50;5138,50;5137,50;5138,00;80511100,00;1567
WDOV26;02/09/2026;12:33:00;5136,50;5138,00;5135,50;5138,00;129032700,00;2512
WDOV26;02/09/2026;12:32:00;5136,50;5138,00;5136,00;5136,50;91900800,00;1789
WDOV26;02/09/2026;12:31:00;5136,50;5137,50;5136,00;5136,00;110283030,00;2147
WDOV26;02/09/2026;12:30:00;5137,50;5137,50;5135,00;5136,50;321444595,00;6258
WDOV26;02/09/2026;12:29:00;5139,00;5139,00;5137,50;5138,00;80564965,00;1568
WDOV26;02/09/2026;12:28:00;5139,50;5139,50;5138,00;5139,00;75535830,00;1470
WDOV26;02/09/2026;12:27:00;5139,00;5140,00;5138,50;5139,00;102013390,00;1985
WDOV26;02/09/2026;12:26:00;5139,50;5140,00;5138,50;5138,50;88704345,00;1726
WDOV26;02/09/2026;12:25:00;5139,50;5139,50;5138,50;5139,00;79809170,00;1553
WDOV26;02/09/2026;12:24:00;5139,50;5141,50;5139,00;5139,00;474935425,00;9240
WDOV26;02/09/2026;12:23:00;5138,50;5141,00;5137,50;5139,50;430387150,00;8374
WDOV26;02/09/2026;12:22:00;5139,50;5139,50;5138,00;5138,00;133658470,00;2601
WDOV26;02/09/2026;12:21:00;5138,50;5139,50;5138,00;5139,50;174822030,00;3402
WDOV26;02/09/2026;12:20:00;5137,50;5139,00;5137,00;5138,50;87444605,00;1702
WDOV26;02/09/2026;12:19:00;5137,50;5139,00;5137,00;5138,00;187126095,00;3642
WDOV26;02/09/2026;12:18:00;5138,50;5139,00;5137,00;5137,50;169805060,00;3305
WDOV26;02/09/2026;12:17:00;5139,00;5139,00;5137,50;5139,00;93927710,00;1828
WDOV26;02/09/2026;12:16:00;5137,50;5139,50;5137,00;5138,50;383323305,00;7460
WDOV26;02/09/2026;12:15:00;5136,00;5138,50;5135,50;5138,00;185351400,00;3608
WDOV26;02/09/2026;12:14:00;5135,50;5137,50;5135,50;5136,00;205054690,00;3992
WDOV26;02/09/2026;12:13:00;5136,50;5137,00;5135,50;5136,00;146633835,00;2855
WDOV26;02/09/2026;12:12:00;5136,50;5137,00;5135,50;5136,00;124807520,00;2430
WDOV26;02/09/2026;12:11:00;5137,50;5137,50;5135,50;5136,00;93636085,00;1823
WDOV26;02/09/2026;12:10:00;5135,00;5137,50;5134,50;5137,00;133443660,00;2598
WDOV26;02/09/2026;12:09:00;5134,50;5136,50;5134,50;5135,00;268903940,00;5236
WDOV26;02/09/2026;12:08:00;5137,50;5138,00;5133,50;5134,50;554652920,00;10801
WDOV26;02/09/2026;12:07:00;5137,00;5138,00;5136,00;5137,50;96623325,00;1881
WDOV26;02/09/2026;12:06:00;5137,50;5138,00;5136,50;5137,00;192486630,00;3747
WDOV26;02/09/2026;12:05:00;5139,50;5139,50;5136,50;5137,50;134044045,00;2609
WDOV26;02/09/2026;12:04:00;5137,00;5140,00;5137,00;5139,50;505449420,00;9836
WDOV26;02/09/2026;12:03:00;5140,00;5140,50;5136,00;5137,50;742822655,00;14458
WDOV26;02/09/2026;12:02:00;5141,50;5142,00;5139,50;5140,00;309456215,00;6020
WDOV26;02/09/2026;12:01:00;5142,00;5143,50;5140,50;5141,50;532059760,00;10347
WDOV26;02/09/2026;12:00:00;5142,00;5143,00;5141,00;5142,00;259008985,00;5037
WDOV26;02/09/2026;11:59:00;5143,50;5144,00;5141,50;5142,00;344688050,00;6702
WDOV26;02/09/2026;11:58:00;5143,00;5144,00;5142,00;5143,00;380748745,00;7403
WDOV26;02/09/2026;11:57:00;5141,50;5143,50;5141,00;5143,00;660311460,00;12840
WDOV26;02/09/2026;11:56:00;5140,00;5142,00;5139,50;5142,00;1193824175,00;23221
WDOV26;02/09/2026;11:55:00;5139,50;5140,00;5138,50;5139,50;301887885,00;5874
WDOV26;02/09/2026;11:54:00;5139,00;5140,00;5138,00;5139,50;170867305,00;3325
WDOV26;02/09/2026;11:53:00;5137,50;5140,00;5136,50;5139,00;310339095,00;6039
WDOV26;02/09/2026;11:52:00;5138,00;5139,00;5137,00;5137,50;294257820,00;5727
WDOV26;02/09/2026;11:51:00;5136,00;5139,00;5135,50;5137,50;261873250,00;5097
WDOV26;02/09/2026;11:50:00;5138,00;5138,50;5134,50;5135,50;268140950,00;5221
WDOV26;02/09/2026;11:49:00;5136,50;5138,00;5136,00;5138,00;687411410,00;13382
WDOV26;02/09/2026;11:48:00;5138,00;5138,00;5136,00;5136,50;229311140,00;4464
WDOV26;02/09/2026;11:47:00;5136,50;5139,50;5136,50;5138,00;254203165,00;4947
WDOV26;02/09/2026;11:46:00;5139,00;5139,50;5135,50;5136,50;454515275,00;8848
WDOV26;02/09/2026;11:45:00;5137,00;5139,50;5136,00;5139,50;519823675,00;10118
WDOV26;02/09/2026;11:44:00;5137,00;5138,00;5136,00;5137,00;327700025,00;6379
WDOV26;02/09/2026;11:43:00;5134,50;5137,50;5134,50;5136,50;339139820,00;6603
WDOV26;02/09/2026;11:42:00;5138,00;5138,00;5134,50;5134,50;323314855,00;6295
WDOV26;02/09/2026;11:41:00;5138,50;5139,50;5137,00;5138,00;316829070,00;6166
WDOV26;02/09/2026;11:40:00;5136,00;5139,50;5136,00;5138,00;287371275,00;5593
WDOV26;02/09/2026;11:39:00;5137,00;5137,50;5136,00;5136,00;185637735,00;3614
WDOV26;02/09/2026;11:38:00;5136,50;5137,50;5136,00;5137,00;282737555,00;5504
WDOV26;02/09/2026;11:37:00;5138,00;5138,50;5134,50;5136,00;514581740,00;10019
WDOV26;02/09/2026;11:36:00;5138,00;5140,00;5137,00;5138,00;503586800,00;9800
WDOV26;02/09/2026;11:35:00;5140,00;5140,00;5137,00;5138,00;458857720,00;8929
WDOV26;02/09/2026;11:34:00;5139,50;5140,00;5138,00;5140,00;295872885,00;5757
WDOV26;02/09/2026;11:33:00;5134,50;5139,50;5134,50;5139,50;527012040,00;10257
WDOV26;02/09/2026;11:32:00;5136,50;5137,50;5134,50;5135,00;529148430,00;10303
WDOV26;02/09/2026;11:31:00;5140,50;5141,50;5136,00;5136,50;515740750,00;10037
WDOV26;02/09/2026;11:30:00;5142,50;5142,50;5139,00;5140,50;361455290,00;7032
WDOV26;02/09/2026;11:29:00;5139,50;5142,50;5137,50;5142,50;768257870,00;14946
WDOV26;02/09/2026;11:28:00;5141,00;5141,50;5137,50;5139,00;980586170,00;19079
WDOV26;02/09/2026;11:27:00;5148,50;5148,50;5140,00;5141,50;1176076880,00;22866
WDOV26;02/09/2026;11:26:00;5149,50;5149,50;5145,50;5148,50;915563165,00;17787
WDOV26;02/09/2026;11:25:00;5150,00;5150,50;5148,00;5149,50;454101735,00;8819
WDOV26;02/09/2026;11:24:00;5150,00;5152,00;5149,50;5150,00;317498685,00;6164
WDOV26;02/09/2026;11:23:00;5150,00;5150,50;5148,00;5149,50;1429240075,00;27754
WDOV26;02/09/2026;11:22:00;5153,00;5153,00;5150,00;5150,50;871289370,00;16914
WDOV26;02/09/2026;11:21:00;5154,50;5154,50;5152,00;5152,50;1045068130,00;20278
WDOV26;02/09/2026;11:20:00;5155,00;5156,00;5154,00;5154,50;305849015,00;5933
WDOV26;02/09/2026;11:19:00;5154,00;5155,00;5153,50;5155,00;281380595,00;5459
WDOV26;02/09/2026;11:18:00;5152,00;5155,00;5151,50;5154,50;619002970,00;12012
WDOV26;02/09/2026;11:17:00;5154,00;5155,50;5151,00;5151,50;1489334455,00;28901
WDOV26;02/09/2026;11:16:00;5156,50;5157,00;5154,00;5154,50;1046343630,00;20296
WDOV26;02/09/2026;11:15:00;5156,00;5157,00;5154,50;5156,50;584429235,00;11336
WDOV26;02/09/2026;11:14:00;5157,00;5157,50;5155,50;5155,50;251287725,00;4873
WDOV26;02/09/2026;11:13:00;5158,00;5159,00;5156,50;5157,50;379803095,00;7364
WDOV26;02/09/2026;11:12:00;5157,00;5159,00;5156,00;5158,50;440705120,00;8545
WDOV26;02/09/2026;11:11:00;5162,50;5163,00;5157,00;5157,00;763831585,00;14805
WDOV26;02/09/2026;11:10:00;5164,00;5164,50;5161,00;5163,00;314596830,00;6094
WDOV26;02/09/2026;11:09:00;5163,00;5165,00;5162,00;5164,00;503080870,00;9743
WDOV26;02/09/2026;11:08:00;5161,50;5163,00;5161,00;5163,00;282758315,00;5478
WDOV26;02/09/2026;11:07:00;5163,50;5165,00;5161,00;5161,00;635867935,00;12315
WDOV26;02/09/2026;11:06:00;5163,00;5164,00;5162,00;5163,00;404521200,00;7835
WDOV26;02/09/2026;11:05:00;5159,50;5163,50;5159,00;5163,00;595388595,00;11535
WDOV26;02/09/2026;11:04:00;5160,50;5161,00;5159,00;5159,50;353799360,00;6857
WDOV26;02/09/2026;11:03:00;5158,50;5161,00;5158,50;5160,00;277349315,00;5375
WDOV26;02/09/2026;11:02:00;5160,50;5161,00;5158,50;5158,50;434322030,00;8417
WDOV26;02/09/2026;11:01:00;5159,50;5161,50;5158,50;5160,00;604391045,00;11713
WDOV26;02/09/2026;11:00:00;5160,00;5161,00;5158,50;5159,50;722694420,00;14007
WDOV26;02/09/2026;10:59:00;5161,00;5163,00;5159,00;5159,50;631535405,00;12238
WDOV26;02/09/2026;10:58:00;5163,00;5163,50;5160,50;5161,00;561431060,00;10877
WDOV26;02/09/2026;10:57:00;5164,50;5165,50;5163,00;5163,00;205082615,00;3971
WDOV26;02/09/2026;10:56:00;5165,00;5166,50;5164,50;5165,00;385809600,00;7469
WDOV26;02/09/2026;10:55:00;5163,50;5166,50;5163,50;5165,00;373558760,00;7232
WDOV26;02/09/2026;10:54:00;5162,00;5165,00;5162,00;5164,00;343794755,00;6658
WDOV26;02/09/2026;10:53:00;5162,00;5162,50;5160,00;5162,50;769781980,00;14916
WDOV26;02/09/2026;10:52:00;5165,00;5165,50;5161,50;5162,00;498255400,00;9650
WDOV26;02/09/2026;10:51:00;5166,50;5167,00;5164,00;5165,00;569321860,00;11022
WDOV26;02/09/2026;10:50:00;5170,50;5171,50;5166,00;5166,00;520787160,00;10077
WDOV26;02/09/2026;10:49:00;5169,00;5171,50;5168,50;5170,50;213218470,00;4124
WDOV26;02/09/2026;10:48:00;5170,00;5171,00;5168,50;5169,00;302319025,00;5848
WDOV26;02/09/2026;10:47:00;5171,00;5172,50;5170,00;5170,00;438612915,00;8482
WDOV26;02/09/2026;10:46:00;5170,50;5173,50;5170,00;5171,50;672933635,00;13011
WDOV26;02/09/2026;10:45:00;5167,00;5172,00;5166,50;5170,50;809030130,00;15649
WDOV26;02/09/2026;10:44:00;5168,50;5169,00;5166,50;5166,50;455358535,00;8812
WDOV26;02/09/2026;10:43:00;5171,00;5171,50;5168,50;5169,00;831808735,00;16089
WDOV26;02/09/2026;10:42:00;5172,50;5173,00;5171,00;5171,00;557173240,00;10773
WDOV26;02/09/2026;10:41:00;5174,50;5175,00;5172,00;5172,50;504194550,00;9746
WDOV26;02/09/2026;10:40:00;5175,00;5176,50;5174,00;5175,00;217672180,00;4206
WDOV26;02/09/2026;10:39:00;5179,00;5180,00;5175,50;5175,50;399858845,00;7722
WDOV26;02/09/2026;10:38:00;5175,00;5179,00;5174,50;5179,00;461674270,00;8917
WDOV26;02/09/2026;10:37:00;5176,00;5177,00;5174,00;5175,00;484445150,00;9360
WDOV26;02/09/2026;10:36:00;5174,00;5176,00;5173,50;5175,50;434993945,00;8406
WDOV26;02/09/2026;10:35:00;5178,50;5179,00;5174,00;5174,50;1122766145,00;21692
WDOV26;02/09/2026;10:34:00;5179,50;5180,00;5177,50;5178,50;240225880,00;4639
WDOV26;02/09/2026;10:33:00;5177,50;5180,00;5177,00;5179,50;366306160,00;7074
WDOV26;02/09/2026;10:32:00;5178,50;5180,50;5177,50;5177,50;518113745,00;10004
WDOV26;02/09/2026;10:31:00;5178,50;5179,00;5177,50;5179,00;394800120,00;7624
WDOV26;02/09/2026;10:30:00;5176,00;5180,00;5176,00;5178,50;944281410,00;18235
WDOV26;02/09/2026;10:29:00;5174,00;5176,50;5173,50;5176,50;454476205,00;8781
WDOV26;02/09/2026;10:28:00;5173,50;5175,50;5173,00;5173,50;788113005,00;15231
WDOV26;02/09/2026;10:27:00;5173,00;5174,50;5170,50;5173,50;1139662035,00;22034
WDOV26;02/09/2026;10:26:00;5178,50;5178,50;5172,00;5172,50;1227520135,00;23720
WDOV26;02/09/2026;10:25:00;5182,00;5182,50;5177,00;5178,00;1079003490,00;20832
WDOV26;02/09/2026;10:24:00;5186,00;5186,00;5181,50;5182,00;732619290,00;14134
WDOV26;02/09/2026;10:23:00;5185,50;5186,50;5184,50;5185,50;567424520,00;10943
WDOV26;02/09/2026;10:22:00;5191,00;5191,00;5185,00;5186,00;820630520,00;15819
WDOV26;02/09/2026;10:21:00;5192,00;5192,00;5190,00;5191,00;303836205,00;5853
WDOV26;02/09/2026;10:20:00;5192,00;5192,50;5190,00;5191,50;338867670,00;6528
WDOV26;02/09/2026;10:19:00;5194,00;5194,50;5187,50;5192,50;1247859025,00;24040
WDOV26;02/09/2026;10:18:00;5197,00;5198,00;5193,50;5194,00;847466915,00;16312
WDOV26;02/09/2026;10:17:00;5200,00;5200,50;5196,00;5196,50;611743115,00;11768
WDOV26;02/09/2026;10:16:00;5200,00;5201,50;5199,50;5200,00;289574590,00;5568
WDOV26;02/09/2026;10:15:00;5199,00;5201,50;5198,50;5200,50;596486185,00;11470
WDOV26;02/09/2026;10:14:00;5197,00;5199,00;5196,00;5199,00;545253435,00;10490
WDOV26;02/09/2026;10:13:00;5196,50;5197,00;5196,00;5196,50;162499800,00;3127
WDOV26;02/09/2026;10:12:00;5197,00;5197,00;5196,00;5197,00;232553745,00;4475
WDOV26;02/09/2026;10:11:00;5195,00;5197,00;5194,50;5197,00;421142160,00;8105
WDOV26;02/09/2026;10:10:00;5194,50;5195,00;5193,50;5195,00;287512070,00;5535
WDOV26;02/09/2026;10:09:00;5194,00;5194,50;5192,50;5194,00;463078150,00;8916
WDOV26;02/09/2026;10:08:00;5194,00;5194,50;5193,00;5194,00;448915535,00;8643
WDOV26;02/09/2026;10:07:00;5192,50;5194,50;5192,50;5194,00;251884850,00;4850
WDOV26;02/09/2026;10:06:00;5193,00;5193,50;5192,00;5192,50;71917685,00;1385
WDOV26;02/09/2026;10:05:00;5193,00;5193,50;5192,00;5192,50;97522020,00;1878
WDOV26;02/09/2026;10:04:00;5192,00;5194,00;5191,50;5193,00;313020500,00;6028
WDOV26;02/09/2026;10:03:00;5189,50;5192,50;5189,50;5192,50;164146270,00;3162
WDOV26;02/09/2026;10:02:00;5190,50;5191,50;5189,50;5189,50;211049655,00;4066
WDOV26;02/09/2026;10:01:00;5191,00;5193,00;5190,50;5190,50;230875990,00;4447
WDOV26;02/09/2026;10:00:00;5193,00;5193,00;5189,00;5191,00;336709075,00;6487
WDOV26;02/09/2026;09:59:00;5191,00;5193,00;5190,50;5193,00;149065025,00;2871
WDOV26;02/09/2026;09:58:00;5191,00;5192,00;5190,00;5190,50;161382695,00;3109
WDOV26;02/09/2026;09:57:00;5190,00;5191,00;5189,00;5191,00;121134265,00;2334
WDOV26;02/09/2026;09:56:00;5191,00;5192,50;5189,00;5190,00;208506550,00;4017
WDOV26;02/09/2026;09:55:00;5190,50;5192,00;5190,50;5191,00;198938795,00;3832
WDOV26;02/09/2026;09:54:00;5190,00;5191,00;5188,50;5190,50;190459440,00;3670
WDOV26;02/09/2026;09:53:00;5190,00;5190,50;5189,00;5189,50;156827525,00;3022
WDOV26;02/09/2026;09:52:00;5191,00;5191,50;5189,50;5190,00;163390045,00;3148
WDOV26;02/09/2026;09:51:00;5189,50;5191,50;5189,50;5190,50;156803195,00;3021
WDOV26;02/09/2026;09:50:00;5188,50;5190,00;5188,50;5189,00;123086980,00;2372
WDOV26;02/09/2026;09:49:00;5189,00;5189,50;5188,50;5188,50;131123085,00;2527
WDOV26;02/09/2026;09:48:00;5189,50;5190,00;5188,00;5189,50;225191855,00;4340
WDOV26;02/09/2026;09:47:00;5194,00;5194,00;5189,00;5190,00;390244380,00;7518
WDOV26;02/09/2026;09:46:00;5193,00;5194,50;5192,00;5194,00;287560280,00;5537
WDOV26;02/09/2026;09:45:00;5193,00;5194,00;5192,00;5192,50;448782115,00;8642
WDOV26;02/09/2026;09:44:00;5191,50;5193,00;5191,00;5192,50;440363600,00;8481
WDOV26;02/09/2026;09:43:00;5188,50;5191,50;5188,00;5191,50;90822600,00;1750
WDOV26;02/09/2026;09:42:00;5189,00;5189,50;5188,00;5188,50;128004210,00;2467
WDOV26;02/09/2026;09:41:00;5189,00;5191,50;5189,00;5189,00;313765695,00;6045
WDOV26;02/09/2026;09:40:00;5189,00;5190,00;5188,50;5189,50;92784040,00;1788
WDOV26;02/09/2026;09:39:00;5190,00;5190,50;5188,00;5189,00;123395660,00;2378
WDOV26;02/09/2026;09:38:00;5190,00;5190,50;5188,50;5190,00;148318090,00;2858
WDOV26;02/09/2026;09:37:00;5189,50;5190,00;5189,00;5189,50;58641310,00;1130
WDOV26;02/09/2026;09:36:00;5189,50;5190,00;5189,00;5189,50;67255285,00;1296
WDOV26;02/09/2026;09:35:00;5189,00;5190,00;5188,50;5189,50;114838770,00;2213
WDOV26;02/09/2026;09:34:00;5189,50;5190,50;5188,50;5189,50;233072915,00;4491
WDOV26;02/09/2026;09:33:00;5186,50;5189,50;5186,00;5189,00;204233735,00;3937
WDOV26;02/09/2026;09:32:00;5188,50;5188,50;5186,50;5186,50;185144350,00;3569
WDOV26;02/09/2026;09:31:00;5189,00;5190,00;5188,00;5188,00;162209925,00;3126
WDOV26;02/09/2026;09:30:00;5189,00;5189,50;5188,50;5189,00;125937760,00;2427
WDOV26;02/09/2026;09:29:00;5188,00;5189,00;5187,00;5189,00;184176090,00;3550
WDOV26;02/09/2026;09:28:00;5189,00;5189,50;5188,00;5188,50;147830180,00;2849
WDOV26;02/09/2026;09:27:00;5186,00;5189,50;5186,00;5189,00;255285885,00;4921
WDOV26;02/09/2026;09:26:00;5187,50;5188,00;5185,00;5186,00;197151495,00;3801
WDOV26;02/09/2026;09:25:00;5185,50;5187,50;5185,50;5187,50;216790185,00;4180
WDOV26;02/09/2026;09:24:00;5185,50;5187,50;5185,00;5185,50;310611910,00;5989
WDOV26;02/09/2026;09:23:00;5183,50;5186,00;5182,50;5185,50;274926645,00;5303
WDOV26;02/09/2026;09:22:00;5187,00;5187,00;5183,50;5183,50;571161195,00;11015
WDOV26;02/09/2026;09:21:00;5183,50;5187,50;5181,50;5186,50;816879505,00;15757
WDOV26;02/09/2026;09:20:00;5190,50;5190,50;5182,00;5183,50;888040190,00;17125
WDOV26;02/09/2026;09:19:00;5189,50;5191,00;5189,00;5190,00;152690100,00;2942
WDOV26;02/09/2026;09:18:00;5191,00;5191,50;5188,50;5189,00;325697095,00;6275
WDOV26;02/09/2026;09:17:00;5187,50;5191,50;5187,50;5191,50;532081270,00;10252
WDOV26;02/09/2026;09:16:00;5187,50;5189,00;5186,00;5188,00;234472255,00;4520
WDOV26;02/09/2026;09:15:00;5187,00;5188,50;5187,00;5187,50;117237475,00;2260
WDOV26;02/09/2026;09:14:00;5188,50;5189,00;5187,00;5187,50;127677780,00;2461
WDOV26;02/09/2026;09:13:00;5188,00;5188,50;5187,00;5188,50;239406985,00;4615
WDOV26;02/09/2026;09:12:00;5187,50;5189,00;5186,50;5188,50;267123380,00;5149
WDOV26;02/09/2026;09:11:00;5186,00;5188,00;5185,00;5188,00;308951530,00;5957
WDOV26;02/09/2026;09:10:00;5182,50;5187,50;5181,50;5186,00;561772860,00;10836
WDOV26;02/09/2026;09:09:00;5185,50;5185,50;5182,00;5182,00;517030090,00;9973
WDOV26;02/09/2026;09:08:00;5181,00;5188,50;5180,00;5185,50;1032572945,00;19920
WDOV26;02/09/2026;09:07:00;5181,50;5181,50;5179,50;5181,00;416000875,00;8030
WDOV26;02/09/2026;09:06:00;5184,00;5185,00;5179,50;5181,50;1061175940,00;20477
WDOV26;02/09/2026;09:05:00;5186,00;5186,50;5183,50;5184,00;472185915,00;9107
WDOV26;02/09/2026;09:04:00;5186,50;5188,00;5184,50;5186,50;400408920,00;7721
WDOV26;02/09/2026;09:03:00;5189,50;5190,50;5186,00;5186,50;528281440,00;10183
WDOV26;02/09/2026;09:02:00;5188,50;5192,00;5188,50;5189,00;487327720,00;9389
WDOV26;02/09/2026;09:01:00;5185,00;5191,50;5183,00;5188,50;861518410,00;16606
WDOV26;02/09/2026;09:00:00;5189,00;5189,50;5184,00;5185,00;253809620,00;4893
WDOV26;01/09/2026;18:29:00;5186,00;5187,50;5185,50;5187,00;24635760,00;475
WDOV26;01/09/2026;18:28:00;5186,00;5186,00;5185,50;5186,00;22298465,00;430
WDOV26;01/09/2026;18:27:00;5187,50;5187,50;5185,50;5185,50;40557655,00;782
WDOV26;01/09/2026;18:26:00;5188,00;5188,00;5186,50;5187,50;18104480,00;349
WDOV26;01/09/2026;18:25:00;5187,00;5188,50;5187,00;5188,00;95818345,00;1847
WDOV26;01/09/2026;18:24:00;5187,50;5188,00;5187,50;5187,50;18312030,00;353
WDOV26;01/09/2026;18:23:00;5187,50;5188,00;5187,00;5187,00;54105350,00;1043
WDOV26;01/09/2026;18:22:00;5188,00;5188,00;5187,50;5188,00;13124610,00;253
WDOV26;01/09/2026;18:21:00;5188,00;5188,50;5187,50;5188,00;33046880,00;637
WDOV26;01/09/2026;18:20:00;5186,50;5187,50;5186,00;5187,50;63536635,00;1225
WDOV26;01/09/2026;18:19:00;5188,50;5188,50;5186,50;5186,50;53121490,00;1024
WDOV26;01/09/2026;18:18:00;5188,00;5188,50;5187,50;5188,50;18417745,00;355
WDOV26;01/09/2026;18:17:00;5187,00;5188,00;5186,00;5188,00;76094440,00;1467
WDOV26;01/09/2026;18:16:00;5187,00;5187,50;5186,00;5186,50;73496530,00;1417
WDOV26;01/09/2026;18:15:00;5187,00;5187,50;5186,00;5187,00;57417445,00;1107
WDOV26;01/09/2026;18:14:00;5187,00;5188,00;5186,00;5187,00;51038240,00;984
WDOV26;01/09/2026;18:13:00;5186,50;5188,00;5186,50;5187,50;51926110,00;1001
WDOV26;01/09/2026;18:12:00;5188,00;5188,50;5186,50;5187,00;101152555,00;1950
WDOV26;01/09/2026;18:11:00;5188,00;5188,50;5187,50;5188,50;22620330,00;436
WDOV26;01/09/2026;18:10:00;5188,00;5188,50;5187,50;5188,50;51829800,00;999
WDOV26;01/09/2026;18:09:00;5188,00;5188,50;5187,50;5187,50;92137720,00;1776
WDOV26;01/09/2026;18:08:00;5188,00;5188,00;5187,50;5188,00;17327210,00;334
WDOV26;01/09/2026;18:07:00;5188,00;5188,00;5187,00;5188,00;52290715,00;1008
WDOV26;01/09/2026;18:06:00;5187,00;5188,00;5186,50;5187,50;39112485,00;754
WDOV26;01/09/2026;18:05:00;5187,50;5188,00;5186,50;5187,00;41602355,00;802
WDOV26;01/09/2026;18:04:00;5189,00;5189,50;5187,50;5187,50;33620965,00;648
WDOV26;01/09/2026;18:03:00;5188,50;5189,50;5188,50;5188,50;34713210,00;669
WDOV26;01/09/2026;18:02:00;5188,00;5188,50;5187,50;5188,50;58674490,00;1131
WDOV26;01/09/2026;18:01:00;5189,50;5190,00;5188,00;5188,50;37979860,00;732
WDOV26;01/09/2026;18:00:00;5189,50;5190,00;5189,00;5189,50;58903390,00;1135
WDOV26;01/09/2026;17:59:00;5187,00;5189,50;5187,00;5189,00;129291960,00;2492
WDOV26;01/09/2026;17:58:00;5188,00;5188,00;5187,00;5187,50;25367015,00;489
WDOV26;01/09/2026;17:57:00;5187,50;5188,00;5187,00;5188,00;30815355,00;594
WDOV26;01/09/2026;17:56:00;5187,50;5188,00;5187,00;5187,50;25055665,00;483
WDOV26;01/09/2026;17:55:00;5187,50;5188,50;5187,00;5187,50;82016660,00;1581
WDOV26;01/09/2026;17:54:00;5188,50;5188,50;5187,50;5188,00;37042235,00;714
WDOV26;01/09/2026;17:53:00;5188,50;5188,50;5187,50;5188,00;26199545,00;505
WDOV26;01/09/2026;17:52:00;5188,50;5189,00;5188,00;5188,50;49131545,00;947
WDOV26;01/09/2026;17:51:00;5189,00;5189,50;5188,50;5189,00;16707775,00;322
WDOV26;01/09/2026;17:50:00;5189,00;5190,00;5189,00;5189,50;87904225,00;1694
WDOV26;01/09/2026;17:49:00;5188,00;5189,50;5188,00;5189,00;26929150,00;519
WDOV26;01/09/2026;17:48:00;5188,00;5188,50;5188,00;5188,50;25266635,00;487
WDOV26;01/09/2026;17:47:00;5188,00;5188,50;5187,50;5188,00;14837695,00;286
WDOV26;01/09/2026;17:46:00;5188,00;5188,50;5187,50;5188,00;16965090,00;327
WDOV26;01/09/2026;17:45:00;5189,00;5189,00;5187,50;5188,00;41662205,00;803
WDOV26;01/09/2026;17:44:00;5188,00;5189,00;5188,00;5189,00;83011790,00;1600
WDOV26;01/09/2026;17:43:00;5187,50;5188,50;5187,00;5188,50;23656415,00;456
WDOV26;01/09/2026;17:42:00;5189,50;5189,50;5187,00;5187,50;136291310,00;2627
WDOV26;01/09/2026;17:41:00;5189,50;5190,00;5189,50;5190,00;8303515,00;160
WDOV26;01/09/2026;17:40:00;5190,00;5190,00;5189,50;5190,00;28908145,00;557
WDOV26;01/09/2026;17:39:00;5189,00;5190,00;5189,00;5190,00;50807665,00;979
WDOV26;01/09/2026;17:38:00;5188,00;5189,50;5188,00;5189,50;126298560,00;2434
WDOV26;01/09/2026;17:37:00;5188,00;5188,50;5188,00;5188,00;2905375,00;56
WDOV26;01/09/2026;17:36:00;5187,50;5188,50;5187,50;5188,00;20596595,00;397
WDOV26;01/09/2026;17:35:00;5188,50;5188,50;5187,50;5187,50;38390700,00;740
WDOV26;01/09/2026;17:34:00;5188,00;5189,00;5188,00;5188,50;29676470,00;572
WDOV26;01/09/2026;17:33:00;5189,00;5189,50;5188,00;5188,00;21637530,00;417
WDOV26;01/09/2026;17:32:00;5189,00;5189,50;5188,50;5189,50;66572200,00;1283
WDOV26;01/09/2026;17:31:00;5189,00;5190,00;5188,50;5189,50;52257650,00;1007
WDOV26;01/09/2026;17:30:00;5189,00;5189,50;5188,50;5189,00;68341030,00;1317
WDOV26;01/09/2026;17:29:00;5189,50;5189,50;5188,00;5189,00;106938290,00;2061
WDOV26;01/09/2026;17:28:00;5188,50;5189,50;5188,50;5189,00;14321550,00;276
WDOV26;01/09/2026;17:27:00;5188,50;5189,00;5188,00;5189,00;30922205,00;596
WDOV26;01/09/2026;17:26:00;5188,00;5189,00;5188,00;5188,50;79799370,00;1538
WDOV26;01/09/2026;17:25:00;5188,50;5188,50;5188,00;5188,50;13333505,00;257
WDOV26;01/09/2026;17:24:00;5188,00;5188,50;5188,00;5188,00;26459150,00;510
WDOV26;01/09/2026;17:23:00;5188,00;5188,50;5188,00;5188,50;15305655,00;295
WDOV26;01/09/2026;17:22:00;5189,00;5189,00;5187,50;5188,00;178577425,00;3442
WDOV26;01/09/2026;17:21:00;5189,50;5189,50;5189,00;5189,50;38658400,00;745
WDOV26;01/09/2026;17:20:00;5190,00;5190,50;5189,50;5189,50;45151540,00;870
WDOV26;01/09/2026;17:19:00;5190,00;5190,50;5190,00;5190,50;14739920,00;284
WDOV26;01/09/2026;17:18:00;5190,00;5191,00;5190,00;5190,00;31973570,00;616
WDOV26;01/09/2026;17:17:00;5189,50;5190,50;5189,50;5190,00;52369830,00;1009
WDOV26;01/09/2026;17:16:00;5189,50;5190,50;5189,50;5189,50;109972440,00;2119
WDOV26;01/09/2026;17:15:00;5191,00;5191,50;5189,50;5189,50;68255965,00;1315
WDOV26;01/09/2026;17:14:00;5190,50;5191,00;5189,50;5190,50;134116910,00;2584
WDOV26;01/09/2026;17:13:00;5190,50;5191,50;5190,50;5190,50;84767175,00;1633
WDOV26;01/09/2026;17:12:00;5189,50;5191,00;5189,00;5190,50;188976340,00;3641
WDOV26;01/09/2026;17:11:00;5188,00;5189,50;5187,50;5189,50;220315045,00;4246
WDOV26;01/09/2026;17:10:00;5188,50;5188,50;5187,50;5187,50;64745485,00;1248
WDOV26;01/09/2026;17:09:00;5187,50;5189,00;5187,50;5188,50;132355420,00;2551
WDOV26;01/09/2026;17:08:00;5190,00;5190,00;5187,50;5187,50;335581720,00;6468
WDOV26;01/09/2026;17:07:00;5190,00;5190,50;5189,50;5189,50;40897125,00;788
WDOV26;01/09/2026;17:06:00;5190,00;5190,50;5189,50;5190,50;54858380,00;1057
WDOV26;01/09/2026;17:05:00;5191,00;5192,00;5189,50;5190,50;136310540,00;2626
WDOV26;01/09/2026;17:04:00;5191,50;5192,50;5190,50;5191,50;396016200,00;7628
WDOV26;01/09/2026;17:03:00;5191,50;5191,50;5190,50;5191,00;196112060,00;3778
WDOV26;01/09/2026;17:02:00;5191,00;5191,50;5190,50;5191,50;165383030,00;3186
WDOV26;01/09/2026;17:01:00;5189,50;5192,50;5189,00;5191,00;683053220,00;13159
WDOV26;01/09/2026;17:00:00;5186,50;5189,50;5186,50;5189,00;533202385,00;10278
WDOV26;01/09/2026;16:59:00;5186,50;5187,00;5186,00;5187,00;152018585,00;2931
WDOV26;01/09/2026;16:58:00;5185,50;5186,50;5185,00;5186,00;334063825,00;6442
WDOV26;01/09/2026;16:57:00;5185,00;5186,00;5184,50;5185,50;167071550,00;3222
WDOV26;01/09/2026;16:56:00;5184,50;5185,00;5184,00;5184,50;32091970,00;619
WDOV26;01/09/2026;16:55:00;5184,50;5184,50;5184,00;5184,00;99070035,00;1911
WDOV26;01/09/2026;16:54:00;5185,50;5185,50;5184,50;5185,00;69839495,00;1347
WDOV26;01/09/2026;16:53:00;5185,50;5186,00;5185,00;5185,50;112369555,00;2167
WDOV26;01/09/2026;16:52:00;5185,00;5186,00;5185,00;5185,00;57816345,00;1115
WDOV26;01/09/2026;16:51:00;5185,50;5186,00;5185,00;5185,50;243673645,00;4699
WDOV26;01/09/2026;16:50:00;5185,00;5186,00;5185,00;5185,50;191136350,00;3686
WDOV26;01/09/2026;16:49:00;5185,00;5185,50;5185,00;5185,00;101998060,00;1967
WDOV26;01/09/2026;16:48:00;5185,00;5185,50;5184,00;5185,00;112146215,00;2163
WDOV26;01/09/2026;16:47:00;5185,50;5186,00;5184,50;5184,50;64608245,00;1246
WDOV26;01/09/2026;16:46:00;5185,50;5186,00;5185,00;5185,50;102985300,00;1986
WDOV26;01/09/2026;16:45:00;5185,00;5185,50;5184,50;5185,50;55427355,00;1069
WDOV26;01/09/2026;16:44:00;5185,00;5185,00;5184,50;5184,50;78807475,00;1520
WDOV26;01/09/2026;16:43:00;5185,00;5185,00;5184,50;5184,50;6325475,00;122
WDOV26;01/09/2026;16:42:00;5185,00;5185,00;5184,00;5185,00;88967680,00;1716
WDOV26;01/09/2026;16:41:00;5185,00;5185,00;5184,00;5184,50;709090225,00;13676
WDOV26;01/09/2026;16:40:00;5185,50;5185,50;5184,50;5184,50;77771505,00;1500
WDOV26;01/09/2026;16:39:00;5185,50;5185,50;5184,50;5185,50;97220995,00;1875
WDOV26;01/09/2026;16:38:00;5185,50;5185,50;5185,00;5185,50;14259315,00;275
WDOV26;01/09/2026;16:37:00;5185,50;5186,00;5185,00;5185,00;69486595,00;1340
WDOV26;01/09/2026;16:36:00;5185,50;5186,00;5185,50;5186,00;39101700,00;754
WDOV26;01/09/2026;16:35:00;5185,00;5186,00;5185,00;5186,00;80947895,00;1561
WDOV26;01/09/2026;16:34:00;5185,00;5185,50;5184,50;5185,50;95506955,00;1842
WDOV26;01/09/2026;16:33:00;5184,50;5185,00;5184,50;5185,00;115309000,00;2224
WDOV26;01/09/2026;16:32:00;5184,00;5185,00;5184,00;5184,50;79014940,00;1524
WDOV26;01/09/2026;16:31:00;5184,00;5184,50;5183,50;5184,50;56091625,00;1082
WDOV26;01/09/2026;16:30:00;5183,50;5184,50;5183,50;5184,00;137272485,00;2648
WDOV26;01/09/2026;16:29:00;5183,50;5184,00;5183,50;5184,00;11507955,00;222
WDOV26;01/09/2026;16:28:00;5183,50;5184,00;5183,00;5184,00;16224110,00;313
WDOV26;01/09/2026;16:27:00;5183,50;5184,00;5183,00;5183,50;28716730,00;554
WDOV26;01/09/2026;16:26:00;5183,00;5184,00;5183,00;5183,50;77807315,00;1501
WDOV26;01/09/2026;16:25:00;5184,00;5184,00;5182,50;5183,50;123049030,00;2374
WDOV26;01/09/2026;16:24:00;5183,50;5184,00;5183,00;5183,50;47015540,00;907
WDOV26;01/09/2026;16:23:00;5185,00;5185,00;5183,00;5183,00;276140100,00;5327
WDOV26;01/09/2026;16:22:00;5184,50;5185,00;5184,50;5185,00;11665740,00;225
WDOV26;01/09/2026;16:21:00;5185,00;5185,50;5184,50;5185,00;68338445,00;1318
WDOV26;01/09/2026;16:20:00;5185,00;5185,00;5184,00;5185,00;58637160,00;1131
WDOV26;01/09/2026;16:19:00;5185,00;5185,00;5184,00;5185,00;55682160,00;1074
WDOV26;01/09/2026;16:18:00;5184,50;5185,00;5184,50;5185,00;23227690,00;448
WDOV26;01/09/2026;16:17:00;5184,50;5185,00;5184,00;5184,50;63457025,00;1224
WDOV26;01/09/2026;16:16:00;5184,00;5185,00;5184,00;5185,00;79068090,00;1525
WDOV26;01/09/2026;16:15:00;5184,00;5185,00;5183,50;5184,50;212559385,00;4100
WDOV26;01/09/2026;16:14:00;5183,50;5184,50;5183,00;5184,00;227674395,00;4392
WDOV26;01/09/2026;16:13:00;5183,50;5183,50;5183,00;5183,00;9589255,00;185
WDOV26;01/09/2026;16:12:00;5183,00;5183,50;5183,00;5183,50;27366575,00;528
WDOV26;01/09/2026;16:11:00;5183,50;5183,50;5183,00;5183,50;26174910,00;505
WDOV26;01/09/2026;16:10:00;5183,50;5184,00;5183,00;5183,50;19386730,00;374
WDOV26;01/09/2026;16:09:00;5183,50;5184,00;5183,00;5184,00;110461870,00;2131
WDOV26;01/09/2026;16:08:00;5184,00;5184,00;5183,00;5183,00;53390580,00;1030
WDOV26;01/09/2026;16:07:00;5183,00;5184,00;5182,50;5183,50;131761895,00;2542
WDOV26;01/09/2026;16:06:00;5183,00;5183,00;5182,00;5182,50;31873825,00;615
WDOV26;01/09/2026;16:05:00;5183,00;5183,00;5182,00;5183,00;195954375,00;3781
WDOV26;01/09/2026;16:04:00;5182,00;5183,00;5182,00;5183,00;166109240,00;3205
WDOV26;01/09/2026;16:03:00;5183,00;5183,50;5182,00;5182,00;69709240,00;1345
WDOV26;01/09/2026;16:02:00;5183,00;5183,50;5182,50;5183,00;64681530,00;1248
WDOV26;01/09/2026;16:01:00;5183,00;5183,50;5182,50;5183,00;59346105,00;1145
WDOV26;01/09/2026;16:00:00;5182,50;5183,50;5182,00;5183,00;253537320,00;4892
WDOV26;01/09/2026;15:59:00;5182,00;5183,00;5181,50;5182,50;190183045,00;3670
WDOV26;01/09/2026;15:58:00;5181,50;5182,00;5181,00;5182,00;240220150,00;4636
WDOV26;01/09/2026;15:57:00;5181,00;5182,00;5181,00;5181,50;140056735,00;2703
WDOV26;01/09/2026;15:56:00;5182,50;5183,00;5181,00;5181,50;322480480,00;6223
WDOV26;01/09/2026;15:55:00;5184,50;5184,50;5181,50;5182,00;389020730,00;7506
WDOV26;01/09/2026;15:54:00;5183,50;5184,50;5183,50;5184,50;87611455,00;1690
WDOV26;01/09/2026;15:53:00;5184,00;5185,00;5183,50;5184,00;180776075,00;3487
WDOV26;01/09/2026;15:52:00;5184,00;5184,00;5182,50;5184,00;249309575,00;4810
WDOV26;01/09/2026;15:51:00;5185,00;5185,00;5183,50;5183,50;136393875,00;2631
WDOV26;01/09/2026;15:50:00;5184,00;5186,00;5183,50;5185,00;232486060,00;4484
WDOV26;01/09/2026;15:49:00;5187,00;5187,50;5184,00;5184,00;822169620,00;15856
WDOV26;01/09/2026;15:48:00;5188,00;5188,00;5187,00;5187,00;96232720,00;1855
WDOV26;01/09/2026;15:47:00;5188,00;5189,00;5187,50;5188,00;109730150,00;2115
WDOV26;01/09/2026;15:46:00;5187,50;5189,00;5187,00;5188,50;188270550,00;3629
WDOV26;01/09/2026;15:45:00;5186,00;5188,00;5185,50;5188,00;264225255,00;5094
WDOV26;01/09/2026;15:44:00;5186,50;5187,00;5186,00;5186,00;86972310,00;1677
WDOV26;01/09/2026;15:43:00;5186,50;5187,00;5186,00;5186,50;138271935,00;2666
WDOV26;01/09/2026;15:42:00;5186,50;5187,00;5186,50;5186,50;40507580,00;781
WDOV26;01/09/2026;15:41:00;5186,50;5187,00;5186,00;5186,50;76761230,00;1480
WDOV26;01/09/2026;15:40:00;5186,00;5187,00;5185,50;5186,50;189764760,00;3659
WDOV26;01/09/2026;15:39:00;5185,50;5187,00;5185,50;5186,50;231874630,00;4471
WDOV26;01/09/2026;15:38:00;5184,50;5185,50;5184,50;5185,00;150050560,00;2894
WDOV26;01/09/2026;15:37:00;5183,50;5185,50;5183,50;5184,50;319282330,00;6158
WDOV26;01/09/2026;15:36:00;5183,00;5184,00;5182,50;5184,00;86509780,00;1669
WDOV26;01/09/2026;15:35:00;5182,50;5183,50;5182,50;5182,50;111641570,00;2154
WDOV26;01/09/2026;15:34:00;5183,50;5184,00;5182,50;5182,50;174167430,00;3360
WDOV26;01/09/2026;15:33:00;5182,00;5184,00;5182,00;5183,50;289279170,00;5581
WDOV26;01/09/2026;15:32:00;5181,50;5183,00;5181,50;5182,00;272491435,00;5258
WDOV26;01/09/2026;15:31:00;5181,50;5182,50;5181,00;5182,00;498786295,00;9626
WDOV26;01/09/2026;15:30:00;5180,00;5181,50;5180,00;5181,50;102481805,00;1978
WDOV26;01/09/2026;15:29:00;5180,00;5180,50;5180,00;5180,50;73091585,00;1411
WDOV26;01/09/2026;15:28:00;5180,00;5181,50;5180,00;5180,00;195723145,00;3778
WDOV26;01/09/2026;15:27:00;5179,50;5180,00;5179,00;5179,50;124626340,00;2406
WDOV26;01/09/2026;15:26:00;5179,50;5180,50;5179,00;5179,50;386341000,00;7459
WDOV26;01/09/2026;15:25:00;5179,00;5179,50;5178,00;5179,00;246625140,00;4762
WDOV26;01/09/2026;15:24:00;5178,00;5179,00;5177,50;5178,50;157058795,00;3033
WDOV26;01/09/2026;15:23:00;5177,50;5178,00;5177,00;5177,50;278291190,00;5375
WDOV26;01/09/2026;15:22:00;5177,50;5178,50;5177,00;5178,00;180449865,00;3485
WDOV26;01/09/2026;15:21:00;5177,50;5177,50;5177,00;5177,00;33963180,00;656
WDOV26;01/09/2026;15:20:00;5177,00;5177,50;5176,50;5177,50;121661400,00;2350
WDOV26;01/09/2026;15:19:00;5176,00;5177,00;5176,00;5176,50;87428220,00;1689
WDOV26;01/09/2026;15:18:00;5175,00;5176,50;5175,00;5176,50;117855415,00;2277
WDOV26;01/09/2026;15:17:00;5175,00;5175,50;5174,50;5175,50;67692680,00;1308
WDOV26;01/09/2026;15:16:00;5175,50;5175,50;5174,50;5175,00;110797330,00;2141
WDOV26;01/09/2026;15:15:00;5174,50;5175,50;5174,50;5175,00;134812225,00;2605
WDOV26;01/09/2026;15:14:00;5175,00;5175,00;5173,00;5174,50;351539045,00;6794
WDOV26;01/09/2026;15:13:00;5174,50;5175,00;5174,50;5174,50;49210565,00;951
WDOV26;01/09/2026;15:12:00;5175,50;5176,00;5174,50;5174,50;145522160,00;2812
WDOV26;01/09/2026;15:11:00;5175,50;5176,00;5175,00;5175,00;11437510,00;221
WDOV26;01/09/2026;15:10:00;5175,50;5176,00;5175,50;5175,50;66454085,00;1284
WDOV26;01/09/2026;15:09:00;5175,50;5176,00;5175,00;5176,00;54394435,00;1051
WDOV26;01/09/2026;15:08:00;5176,00;5176,00;5175,00;5175,00;42439905,00;820
WDOV26;01/09/2026;15:07:00;5176,00;5176,50;5175,00;5176,00;59934070,00;1158
WDOV26;01/09/2026;15:06:00;5176,50;5177,00;5175,50;5176,00;93686710,00;1810
WDOV26;01/09/2026;15:05:00;5177,50;5177,50;5176,00;5177,00;65952720,00;1274
WDOV26;01/09/2026;15:04:00;5177,00;5178,00;5176,50;5177,00;213095675,00;4116
WDOV26;01/09/2026;15:03:00;5176,50;5177,00;5175,50;5176,50;275388040,00;5320
WDOV26;01/09/2026;15:02:00;5174,50;5176,50;5174,50;5176,00;159926830,00;3090
WDOV26;01/09/2026;15:01:00;5175,00;5175,00;5174,50;5175,00;141577895,00;2736
WDOV26;01/09/2026;15:00:00;5175,50;5176,00;5174,00;5175,00;135782025,00;2624
WDOV26;01/09/2026;14:59:00;5174,50;5176,00;5174,50;5175,50;43781995,00;846
WDOV26;01/09/2026;14:58:00;5175,00;5175,00;5174,00;5174,50;191925160,00;3709
WDOV26;01/09/2026;14:57:00;5175,00;5175,00;5174,00;5175,00;50501340,00;976
WDOV26;01/09/2026;14:56:00;5175,00;5176,00;5174,00;5174,50;191771495,00;3706
WDOV26;01/09/2026;14:55:00;5175,50;5176,00;5175,00;5175,00;62518945,00;1208
WDOV26;01/09/2026;14:54:00;5176,50;5176,50;5175,50;5176,00;34626240,00;669
WDOV26;01/09/2026;14:53:00;5176,50;5177,00;5175,50;5176,50;182353885,00;3523
WDOV26;01/09/2026;14:52:00;5176,00;5176,50;5176,00;5176,00;41152575,00;795
WDOV26;01/09/2026;14:51:00;5176,50;5178,00;5175,50;5176,00;213381300,00;4122
WDOV26;01/09/2026;14:50:00;5176,50;5177,00;5176,00;5176,50;55284750,00;1068
WDOV26;01/09/2026;14:49:00;5177,00;5177,00;5176,00;5176,50;100527555,00;1942
WDOV26;01/09/2026;14:48:00;5175,50;5178,00;5175,50;5177,00;372901285,00;7203
WDOV26;01/09/2026;14:47:00;5175,50;5176,00;5175,00;5175,50;44147505,00;853
WDOV26;01/09/2026;14:46:00;5174,00;5175,50;5174,00;5175,00;77668520,00;1501
WDOV26;01/09/2026;14:45:00;5174,50;5175,00;5174,00;5174,50;21422275,00;414
WDOV26;01/09/2026;14:44:00;5174,50;5175,00;5174,50;5175,00;18733040,00;362
WDOV26;01/09/2026;14:43:00;5175,00;5175,50;5174,00;5175,00;72551520,00;1402
WDOV26;01/09/2026;14:42:00;5175,50;5175,50;5174,50;5175,00;69860760,00;1350
WDOV26;01/09/2026;14:41:00;5175,50;5176,00;5175,00;5175,50;21530925,00;416
WDOV26;01/09/2026;14:40:00;5175,00;5176,00;5174,50;5176,00;120226190,00;2323
WDOV26;01/09/2026;14:39:00;5175,00;5175,50;5174,00;5175,00;85955470,00;1661
WDOV26;01/09/2026;14:38:00;5174,50;5175,00;5174,50;5174,50;18473430,00;357
WDOV26;01/09/2026;14:37:00;5175,00;5175,50;5174,50;5174,50;93977470,00;1816
WDOV26;01/09/2026;14:36:00;5175,00;5175,50;5174,50;5175,00;102204880,00;1975
WDOV26;01/09/2026;14:35:00;5174,50;5175,00;5173,50;5175,00;189594350,00;3664
WDOV26;01/09/2026;14:34:00;5173,50;5174,50;5173,50;5174,50;82057640,00;1586
WDOV26;01/09/2026;14:33:00;5174,50;5175,00;5172,50;5174,00;369959890,00;7151
WDOV26;01/09/2026;14:32:00;5174,00;5174,50;5173,50;5174,50;170173930,00;3289
WDOV26;01/09/2026;14:31:00;5174,00;5174,50;5173,50;5174,00;115790630,00;2238
WDOV26;01/09/2026;14:30:00;5174,50;5174,50;5173,50;5174,00;91475825,00;1768
WDOV26;01/09/2026;14:29:00;5175,00;5175,00;5173,50;5174,50;156052965,00;3016
WDOV26;01/09/2026;14:28:00;5175,00;5176,00;5174,50;5174,50;101275470,00;1957
WDOV26;01/09/2026;14:27:00;5176,00;5176,00;5174,50;5175,00;98484000,00;1903
WDOV26;01/09/2026;14:26:00;5175,50;5176,00;5175,00;5175,50;95131145,00;1838
WDOV26;01/09/2026;14:25:00;5174,50;5177,00;5174,00;5175,00;482417310,00;9321
WDOV26;01/09/2026;14:24:00;5175,50;5175,50;5174,50;5174,50;47921625,00;926
WDOV26;01/09/2026;14:23:00;5175,50;5175,50;5174,50;5175,00;86836610,00;1678
WDOV26;01/09/2026;14:22:00;5175,00;5176,00;5175,00;5175,50;196817785,00;3803
WDOV26;01/09/2026;14:21:00;5175,50;5175,50;5174,50;5175,50;143713105,00;2777
WDOV26;01/09/2026;14:20:00;5174,00;5175,50;5174,00;5175,50;231074805,00;4465
WDOV26;01/09/2026;14:19:00;5172,50;5174,50;5172,00;5174,50;235291220,00;4548
WDOV26;01/09/2026;14:18:00;5172,50;5173,50;5171,00;5172,50;475244685,00;9188
WDOV26;01/09/2026;14:17:00;5172,50;5173,00;5171,00;5172,50;266406840,00;5151
WDOV26;01/09/2026;14:16:00;5172,00;5173,50;5171,00;5172,50;472067325,00;9127
WDOV26;01/09/2026;14:15:00;5174,50;5174,50;5172,00;5172,00;904668730,00;17489
WDOV26;01/09/2026;14:14:00;5176,00;5176,00;5174,00;5174,00;125692645,00;2429
WDOV26;01/09/2026;14:13:00;5175,00;5176,00;5174,50;5176,00;139107385,00;2688
WDOV26;01/09/2026;14:12:00;5176,50;5176,50;5174,50;5175,00;289934510,00;5602
WDOV26;01/09/2026;14:11:00;5176,50;5177,50;5175,50;5176,00;210522535,00;4067
WDOV26;01/09/2026;14:10:00;5178,50;5178,50;5176,00;5176,00;330664865,00;6387
WDOV26;01/09/2026;14:09:00;5179,50;5180,00;5177,50;5178,00;251935675,00;4865
WDOV26;01/09/2026;14:08:00;5179,00;5179,50;5177,50;5179,50;319087410,00;6162
WDOV26;01/09/2026;14:07:00;5182,00;5182,00;5178,50;5178,50;722050565,00;13940
WDOV26;01/09/2026;14:06:00;5182,00;5182,50;5181,00;5182,00;524415970,00;10121
WDOV26;01/09/2026;14:05:00;5183,50;5184,00;5181,50;5182,00;451523010,00;8712
WDOV26;01/09/2026;14:04:00;5184,00;5184,50;5182,50;5184,00;142493695,00;2749
WDOV26;01/09/2026;14:03:00;5183,50;5184,50;5183,50;5184,00;34732615,00;670
WDOV26;01/09/2026;14:02:00;5184,00;5184,50;5183,00;5184,00;100360050,00;1936
WDOV26;01/09/2026;14:01:00;5183,50;5184,50;5183,00;5184,50;52772670,00;1018
WDOV26;01/09/2026;14:00:00;5183,00;5184,50;5183,00;5183,00;142348650,00;2746
WDOV26;01/09/2026;13:59:00;5182,50;5183,50;5182,50;5183,50;117144315,00;2260
WDOV26;01/09/2026;13:58:00;5183,00;5183,50;5182,50;5183,00;43122700,00;832
WDOV26;01/09/2026;13:57:00;5183,50;5183,50;5182,50;5183,50;135856230,00;2621
WDOV26;01/09/2026;13:56:00;5183,50;5184,00;5183,00;5183,00;256276180,00;4944
WDOV26;01/09/2026;13:55:00;5182,00;5184,00;5182,00;5183,50;141608200,00;2732
WDOV26;01/09/2026;13:54:00;5182,50;5183,00;5182,00;5182,00;91730860,00;1770
WDOV26;01/09/2026;13:53:00;5182,00;5183,00;5182,00;5183,00;90899430,00;1754
WDOV26;01/09/2026;13:52:00;5182,00;5182,50;5181,00;5182,00;116540285,00;2249
WDOV26;01/09/2026;13:51:00;5181,50;5182,00;5180,50;5181,50;160615360,00;3100
WDOV26;01/09/2026;13:50:00;5183,00;5183,50;5181,50;5181,50;146397620,00;2825
WDOV26;01/09/2026;13:49:00;5184,50;5184,50;5183,00;5183,00;45256050,00;873
WDOV26;01/09/2026;13:48:00;5184,50;5184,50;5184,00;5184,50;23433130,00;452
WDOV26;01/09/2026;13:47:00;5183,50;5184,00;5183,50;5184,00;67390540,00;1300
WDOV26;01/09/2026;13:46:00;5184,00;5184,50;5183,50;5183,50;117779050,00;2272
WDOV26;01/09/2026;13:45:00;5183,50;5184,50;5183,00;5184,00;41419350,00;799
WDOV26;01/09/2026;13:44:00;5183,50;5184,50;5183,00;5184,00;63396465,00;1223
WDOV26;01/09/2026;13:43:00;5184,00;5184,00;5182,50;5183,00;110349180,00;2129
WDOV26;01/09/2026;13:42:00;5183,00;5184,00;5182,50;5183,50;157568480,00;3040
WDOV26;01/09/2026;13:41:00;5182,50;5183,00;5182,50;5182,50;100390395,00;1937
WDOV26;01/09/2026;13:40:00;5183,50;5183,50;5180,50;5182,50;548621480,00;10587
WDOV26;01/09/2026;13:39:00;5184,50;5185,00;5182,50;5183,00;169806635,00;3276
WDOV26;01/09/2026;13:38:00;5187,00;5187,50;5183,50;5184,50;393851710,00;7596
WDOV26;01/09/2026;13:37:00;5186,50;5188,00;5186,50;5187,00;281205870,00;5421
WDOV26;01/09/2026;13:36:00;5186,00;5187,50;5186,00;5186,50;155964075,00;3007
WDOV26;01/09/2026;13:35:00;5186,50;5187,50;5185,50;5186,50;172298755,00;3322
WDOV26;01/09/2026;13:34:00;5186,00;5187,00;5185,50;5186,00;137754315,00;2656
WDOV26;01/09/2026;13:33:00;5185,50;5186,00;5184,50;5185,50;110609395,00;2133
WDOV26;01/09/2026;13:32:00;5185,00;5185,50;5184,50;5185,00;65643595,00;1266
WDOV26;01/09/2026;13:31:00;5185,00;5185,50;5184,50;5185,00;37228660,00;718
WDOV26;01/09/2026;13:30:00;5185,00;5186,00;5184,50;5185,50;153118940,00;2953
WDOV26;01/09/2026;13:29:00;5185,00;5185,50;5184,50;5185,00;251375235,00;4848
WDOV26;01/09/2026;13:28:00;5184,50;5185,50;5183,50;5185,50;145585085,00;2808
WDOV26;01/09/2026;13:27:00;5184,50;5185,50;5183,50;5185,00;215679415,00;4160
WDOV26;01/09/2026;13:26:00;5183,00;5184,50;5183,00;5184,50;135819630,00;2620
WDOV26;01/09/2026;13:25:00;5182,50;5183,50;5182,50;5183,50;68830795,00;1328
WDOV26;01/09/2026;13:24:00;5183,00;5184,00;5182,00;5183,00;90131260,00;1739
WDOV26;01/09/2026;13:23:00;5182,50;5183,50;5182,00;5183,00;340876120,00;6577
WDOV26;01/09/2026;13:22:00;5183,50;5185,00;5182,00;5183,00;660336490,00;12738
WDOV26;01/09/2026;13:21:00;5183,00;5184,00;5182,00;5184,00;508302405,00;9806
WDOV26;01/09/2026;13:20:00;5181,00;5184,00;5181,00;5183,50;490899500,00;9472
WDOV26;01/09/2026;13:19:00;5180,50;5181,50;5180,50;5181,00;80253400,00;1549
WDOV26;01/09/2026;13:18:00;5181,00;5182,00;5180,50;5180,50;184091170,00;3553
WDOV26;01/09/2026;13:17:00;5179,00;5181,50;5178,50;5181,00;320247745,00;6182
WDOV26;01/09/2026;13:16:00;5178,50;5180,00;5178,00;5179,00;136932240,00;2644
WDOV26;01/09/2026;13:15:00;5178,50;5179,00;5177,00;5178,50;179109315,00;3459
WDOV26;01/09/2026;13:14:00;5178,00;5179,50;5177,50;5179,00;257329965,00;4969
WDOV26;01/09/2026;13:13:00;5179,00;5179,00;5177,50;5178,00;117746465,00;2274
WDOV26;01/09/2026;13:12:00;5178,50;5179,00;5178,00;5179,00;259597775,00;5013
WDOV26;01/09/2026;13:11:00;5178,00;5179,00;5178,00;5179,00;58830940,00;1136
WDOV26;01/09/2026;13:10:00;5178,50;5179,50;5178,00;5178,50;31589865,00;610
WDOV26;01/09/2026;13:09:00;5178,50;5179,00;5178,00;5178,50;85597590,00;1653
WDOV26;01/09/2026;13:08:00;5177,50;5179,00;5177,50;5178,50;158863005,00;3068
WDOV26;01/09/2026;13:07:00;5179,00;5179,50;5177,50;5177,50;225962795,00;4364
WDOV26;01/09/2026;13:06:00;5179,00;5179,50;5178,50;5179,00;69812530,00;1348
WDOV26;01/09/2026;13:05:00;5179,50;5180,00;5179,00;5179,50;43974595,00;849
WDOV26;01/09/2026;13:04:00;5179,50;5180,00;5178,50;5179,00;108090320,00;2087
WDOV26;01/09/2026;13:03:00;5179,00;5180,00;5179,00;5179,50;89811235,00;1734
WDOV26;01/09/2026;13:02:00;5179,50;5179,50;5179,00;5179,00;98202175,00;1896
WDOV26;01/09/2026;13:01:00;5179,00;5179,50;5178,50;5179,50;220255655,00;4253
WDOV26;01/09/2026;13:00:00;5179,00;5179,50;5178,50;5179,00;63285885,00;1222
WDOV26;01/09/2026;12:59:00;5178,00;5179,50;5178,00;5179,50;120552350,00;2328
WDOV26;01/09/2026;12:58:00;5180,00;5180,50;5178,00;5178,50;180069945,00;3477
WDOV26;01/09/2026;12:57:00;5179,50;5180,50;5179,50;5180,50;158566755,00;3061
WDOV26;01/09/2026;12:56:00;5180,00;5180,50;5179,00;5179,50;127935535,00;2470
WDOV26;01/09/2026;12:55:00;5179,00;5180,00;5179,00;5179,50;27296520,00;527
WDOV26;01/09/2026;12:54:00;5179,50;5180,50;5179,00;5179,00;42474625,00;820
WDOV26;01/09/2026;12:53:00;5180,50;5181,00;5179,50;5179,50;31908140,00;616
WDOV26;01/09/2026;12:52:00;5180,50;5181,00;5180,00;5181,00;44085330,00;851
WDOV26;01/09/2026;12:51:00;5180,00;5180,50;5179,00;5180,00;147044375,00;2839
WDOV26;01/09/2026;12:50:00;5179,50;5180,00;5179,00;5179,50;71894255,00;1388
WDOV26;01/09/2026;12:49:00;5180,50;5181,00;5179,50;5179,50;255013160,00;4923
WDOV26;01/09/2026;12:48:00;5179,50;5181,00;5179,50;5180,00;131884135,00;2546
WDOV26;01/09/2026;12:47:00;5180,50;5180,50;5179,50;5180,00;235541050,00;4547
WDOV26;01/09/2026;12:46:00;5181,00;5182,00;5180,50;5180,50;113368560,00;2188
WDOV26;01/09/2026;12:45:00;5181,50;5182,00;5181,00;5181,00;92699170,00;1789
WDOV26;01/09/2026;12:44:00;5182,00;5182,50;5181,50;5181,50;56120425,00;1083
WDOV26;01/09/2026;12:43:00;5181,50;5182,50;5181,00;5182,00;119910530,00;2314
WDOV26;01/09/2026;12:42:00;5182,00;5183,00;5181,50;5182,00;118102210,00;2279
WDOV26;01/09/2026;12:41:00;5180,50;5182,50;5180,50;5182,50;196753950,00;3797
WDOV26;01/09/2026;12:40:00;5180,00;5181,00;5180,00;5181,00;138476990,00;2673
WDOV26;01/09/2026;12:39:00;5179,50;5180,50;5179,50;5180,00;112718070,00;2176
WDOV26;01/09/2026;12:38:00;5179,00;5180,00;5179,00;5179,50;93849510,00;1812
WDOV26;01/09/2026;12:37:00;5180,00;5180,50;5179,00;5179,50;47861300,00;924
WDOV26;01/09/2026;12:36:00;5181,00;5181,00;5180,00;5180,00;105266000,00;2032
WDOV26;01/09/2026;12:35:00;5180,50;5181,50;5180,00;5181,00;76671135,00;1480
WDOV26;01/09/2026;12:34:00;5180,00;5180,50;5179,00;5180,50;209311235,00;4041
WDOV26;01/09/2026;12:33:00;5181,00;5181,50;5179,50;5180,00;104229730,00;2012
WDOV26;01/09/2026;12:32:00;5181,50;5182,00;5181,00;5181,50;96324185,00;1859
WDOV26;01/09/2026;12:31:00;5181,00;5181,50;5180,50;5181,50;70980380,00;1370
WDOV26;01/09/2026;12:30:00;5180,50;5181,00;5180,00;5180,50;55432185,00;1070
WDOV26;01/09/2026;12:29:00;5181,50;5181,50;5180,00;5180,50;251005095,00;4845
WDOV26;01/09/2026;12:28:00;5182,00;5182,00;5181,00;5181,50;100519585,00;1940
WDOV26;01/09/2026;12:27:00;5182,00;5183,00;5181,50;5182,00;65193785,00;1258
WDOV26;01/09/2026;12:26:00;5182,50;5183,00;5181,50;5182,50;153597740,00;2964
WDOV26;01/09/2026;12:25:00;5181,00;5183,00;5180,50;5182,50;235822045,00;4551
WDOV26;01/09/2026;12:24:00;5180,00;5181,00;5179,50;5181,00;67083275,00;1295
WDOV26;01/09/2026;12:23:00;5180,00;5180,00;5179,00;5180,00;88311715,00;1705
WDOV26;01/09/2026;12:22:00;5180,00;5180,00;5179,50;5179,50;53195670,00;1027
WDOV26;01/09/2026;12:21:00;5179,50;5180,50;5179,50;5179,50;54596495,00;1054
WDOV26;01/09/2026;12:20:00;5179,00;5179,50;5179,00;5179,50;17091620,00;330
WDOV26;01/09/2026;12:19:00;5179,50;5181,00;5178,50;5179,50;262455010,00;5067
WDOV26;01/09/2026;12:18:00;5179,50;5180,00;5179,00;5179,50;115399455,00;2228
WDOV26;01/09/2026;12:17:00;5180,00;5180,00;5179,00;5179,50;55937890,00;1080
WDOV26;01/09/2026;12:16:00;5179,50;5180,50;5178,50;5179,50;265255065,00;5121
WDOV26;01/09/2026;12:15:00;5179,50;5180,00;5179,00;5179,00;63550755,00;1227
WDOV26;01/09/2026;12:14:00;5179,00;5179,50;5178,50;5179,50;45937675,00;887
WDOV26;01/09/2026;12:13:00;5177,50;5179,00;5177,00;5179,00;173455535,00;3350
WDOV26;01/09/2026;12:12:00;5179,00;5179,50;5177,50;5177,50;179495190,00;3466
WDOV26;01/09/2026;12:11:00;5177,00;5179,00;5176,50;5178,50;119921120,00;2316
WDOV26;01/09/2026;12:10:00;5178,00;5179,00;5176,00;5177,00;273315135,00;5279
WDOV26;01/09/2026;12:09:00;5180,50;5181,00;5175,50;5178,00;1205480215,00;23282
WDOV26;01/09/2026;12:08:00;5180,50;5181,50;5180,00;5180,50;231933885,00;4477
WDOV26;01/09/2026;12:07:00;5180,00;5181,00;5179,50;5181,00;203420885,00;3927
WDOV26;01/09/2026;12:06:00;5180,50;5181,50;5180,00;5180,00;188052510,00;3630
WDOV26;01/09/2026;12:05:00;5182,00;5182,50;5180,50;5180,50;274237820,00;5293
WDOV26;01/09/2026;12:04:00;5182,00;5183,50;5181,50;5182,00;318687005,00;6149
WDOV26;01/09/2026;12:03:00;5181,50;5183,00;5180,50;5182,50;392416250,00;7573
WDOV26;01/09/2026;12:02:00;5179,50;5181,50;5179,00;5181,50;620520370,00;11979
WDOV26;01/09/2026;12:01:00;5177,50;5180,00;5177,50;5180,00;553531290,00;10688
WDOV26;01/09/2026;12:00:00;5178,00;5179,00;5177,00;5177,50;655937230,00;12668
WDOV26;01/09/2026;11:59:00;5177,50;5179,00;5177,00;5178,00;705989290,00;13634
WDOV26;01/09/2026;11:58:00;5177,50;5179,50;5177,00;5177,50;687619265,00;13279
WDOV26;01/09/2026;11:57:00;5179,00;5179,00;5177,50;5177,50;556177585,00;10740
WDOV26;01/09/2026;11:56:00;5178,50;5179,50;5178,00;5179,00;197409230,00;3812
WDOV26;01/09/2026;11:55:00;5178,50;5179,00;5177,50;5178,50;127796835,00;2468
WDOV26;01/09/2026;11:54:00;5178,00;5179,00;5177,50;5178,50;128373665,00;2479
WDOV26;01/09/2026;11:53:00;5177,50;5179,00;5176,50;5178,50;195256710,00;3771
WDOV26;01/09/2026;11:52:00;5177,00;5178,50;5176,50;5177,50;203901585,00;3938
WDOV26;01/09/2026;11:51:00;5176,50;5177,50;5176,00;5176,50;196046735,00;3787
WDOV26;01/09/2026;11:50:00;5174,50;5177,00;5174,00;5176,50;302431800,00;5843
WDOV26;01/09/2026;11:49:00;5173,00;5175,00;5172,50;5174,50;367219365,00;7098
WDOV26;01/09/2026;11:48:00;5175,00;5175,00;5173,00;5173,50;228640410,00;4419
WDOV26;01/09/2026;11:47:00;5174,50;5176,00;5174,00;5175,00;256775285,00;4962
WDOV26;01/09/2026;11:46:00;5174,50;5175,50;5174,00;5175,00;255159545,00;4931
WDOV26;01/09/2026;11:45:00;5175,00;5175,50;5174,00;5174,50;210410935,00;4066
WDOV26;01/09/2026;11:44:00;5175,00;5176,00;5174,50;5175,00;173893720,00;3360
WDOV26;01/09/2026;11:43:00;5173,50;5176,00;5173,00;5175,50;392805580,00;7592
WDOV26;01/09/2026;11:42:00;5177,00;5177,00;5173,50;5174,00;425991260,00;8232
WDOV26;01/09/2026;11:41:00;5177,00;5177,00;5175,50;5177,00;208301960,00;4024
WDOV26;01/09/2026;11:40:00;5177,50;5177,50;5176,00;5177,00;185120945,00;3576
WDOV26;01/09/2026;11:39:00;5176,50;5178,50;5176,50;5177,00;262297320,00;5066
WDOV26;01/09/2026;11:38:00;5177,00;5178,00;5176,50;5176,50;161216650,00;3114
WDOV26;01/09/2026;11:37:00;5178,00;5178,50;5176,00;5177,00;695869405,00;13441
WDOV26;01/09/2026;11:36:00;5177,50;5178,50;5177,50;5178,00;251652845,00;4860
WDOV26;01/09/2026;11:35:00;5179,50;5181,00;5177,50;5177,50;704896305,00;13611
WDOV26;01/09/2026;11:34:00;5180,50;5181,00;5179,00;5179,00;182067500,00;3515
WDOV26;01/09/2026;11:33:00;5180,50;5181,50;5180,00;5181,00;152682015,00;2947
WDOV26;01/09/2026;11:32:00;5181,00;5181,00;5179,50;5180,50;96251805,00;1858
WDOV26;01/09/2026;11:31:00;5180,00;5181,00;5179,00;5180,50;157213925,00;3035
WDOV26;01/09/2026;11:30:00;5182,00;5182,50;5179,00;5179,50;471567070,00;9103
WDOV26;01/09/2026;11:29:00;5182,50;5183,00;5182,00;5182,50;86599730,00;1671
WDOV26;01/09/2026;11:28:00;5183,00;5183,00;5182,00;5182,50;124850710,00;2409
WDOV26;01/09/2026;11:27:00;5183,00;5183,50;5182,00;5183,00;228780180,00;4414
WDOV26;01/09/2026;11:26:00;5182,00;5183,00;5181,50;5182,50;198429765,00;3829
WDOV26;01/09/2026;11:25:00;5182,50;5183,50;5181,50;5181,50;378633700,00;7306
WDOV26;01/09/2026;11:24:00;5183,50;5183,50;5182,50;5183,00;153106655,00;2954
WDOV26;01/09/2026;11:23:00;5184,00;5184,00;5183,00;5183,00;236528915,00;4563
WDOV26;01/09/2026;11:22:00;5182,50;5184,00;5182,50;5184,00;408023495,00;7872
WDOV26;01/09/2026;11:21:00;5184,00;5184,00;5182,50;5183,00;157997955,00;3048
WDOV26;01/09/2026;11:20:00;5183,00;5184,00;5182,50;5184,00;213608265,00;4121
WDOV26;01/09/2026;11:19:00;5183,50;5184,00;5182,00;5183,50;269621115,00;5202
WDOV26;01/09/2026;11:18:00;5183,00;5184,00;5182,50;5183,50;201471720,00;3887
WDOV26;01/09/2026;11:17:00;5182,50;5184,00;5182,00;5183,50;187625535,00;3620
WDOV26;01/09/2026;11:16:00;5183,50;5184,00;5181,50;5182,50;261890990,00;5053
WDOV26;01/09/2026;11:15:00;5180,50;5184,50;5180,00;5183,50;540036825,00;10420
WDOV26;01/09/2026;11:14:00;5180,00;5181,00;5178,50;5180,50;381784115,00;7371
WDOV26;01/09/2026;11:13:00;5180,50;5182,50;5180,00;5180,00;1066175580,00;20578
WDOV26;01/09/2026;11:12:00;5182,00;5182,00;5180,00;5180,00;483529890,00;9333
WDOV26;01/09/2026;11:11:00;5181,50;5183,00;5181,50;5182,00;409616110,00;7904
WDOV26;01/09/2026;11:10:00;5180,50;5182,50;5180,50;5181,50;455747200,00;8795
WDOV26;01/09/2026;11:09:00;5182,50;5183,00;5180,00;5181,00;558518620,00;10779
WDOV26;01/09/2026;11:08:00;5182,50;5184,00;5182,00;5183,00;536778655,00;10356
WDOV26;01/09/2026;11:07:00;5183,00;5184,00;5182,00;5183,00;408381025,00;7879
WDOV26;01/09/2026;11:06:00;5183,50;5183,50;5181,00;5183,00;358675055,00;6921
WDOV26;01/09/2026;11:05:00;5182,50;5184,50;5181,50;5183,50;435433295,00;8401
WDOV26;01/09/2026;11:04:00;5181,00;5182,50;5180,00;5182,50;454847820,00;8778
WDOV26;01/09/2026;11:03:00;5183,00;5184,00;5179,00;5181,00;1094055690,00;21117
WDOV26;01/09/2026;11:02:00;5184,50;5184,50;5182,50;5183,00;375789765,00;7250
WDOV26;01/09/2026;11:01:00;5187,00;5187,00;5183,00;5184,50;606264360,00;11694
WDOV26;01/09/2026;11:00:00;5186,50;5187,00;5183,00;5187,00;927922995,00;17895
WDOV26;01/09/2026;10:59:00;5190,00;5190,00;5186,00;5186,00;306104125,00;5901
WDOV26;01/09/2026;10:58:00;5189,50;5190,00;5188,00;5189,50;396086500,00;7633
WDOV26;01/09/2026;10:57:00;5187,00;5190,00;5186,50;5189,50;664670640,00;12811
WDOV26;01/09/2026;10:56:00;5186,50;5187,00;5185,00;5187,00;1097026890,00;21155
WDOV26;01/09/2026;10:55:00;5189,00;5189,50;5186,00;5186,50;631256660,00;12169
WDOV26;01/09/2026;10:54:00;5188,50;5191,00;5188,50;5189,00;387841750,00;7473
WDOV26;01/09/2026;10:53:00;5190,00;5190,50;5188,00;5189,00;949967855,00;18306
WDOV26;01/09/2026;10:52:00;5193,00;5193,50;5190,00;5190,00;800056555,00;15411
WDOV26;01/09/2026;10:51:00;5194,00;5194,50;5193,00;5193,00;401516925,00;7731
WDOV26;01/09/2026;10:50:00;5194,50;5196,00;5193,50;5194,00;365483040,00;7036
WDOV26;01/09/2026;10:49:00;5195,00;5196,50;5194,50;5194,50;176959380,00;3406
WDOV26;01/09/2026;10:48:00;5196,00;5196,00;5194,50;5195,00;257425460,00;4955
WDOV26;01/09/2026;10:47:00;5194,50;5196,00;5193,50;5196,00;340824565,00;6561
WDOV26;01/09/2026;10:46:00;5195,00;5196,50;5192,50;5194,00;1023534790,00;19706
WDOV26;01/09/2026;10:45:00;5196,50;5197,50;5195,00;5195,50;413410070,00;7956
WDOV26;01/09/2026;10:44:00;5197,00;5197,50;5196,00;5196,00;177413670,00;3414
WDOV26;01/09/2026;10:43:00;5196,50;5198,00;5196,50;5197,50;159295155,00;3065
WDOV26;01/09/2026;10:42:00;5197,50;5197,50;5195,50;5197,00;525726870,00;10117
WDOV26;01/09/2026;10:41:00;5199,50;5199,50;5197,00;5197,00;229202580,00;4409
WDOV26;01/09/2026;10:40:00;5199,50;5200,50;5198,50;5199,00;582759210,00;11208
WDOV26;01/09/2026;10:39:00;5197,50;5199,50;5197,00;5199,50;281796375,00;5421
WDOV26;01/09/2026;10:38:00;5198,50;5199,00;5197,50;5197,50;211722215,00;4073
WDOV26;01/09/2026;10:37:00;5199,00;5199,00;5197,00;5198,50;542556300,00;10438
WDOV26;01/09/2026;10:36:00;5199,50;5200,50;5198,00;5198,50;539418730,00;10375
WDOV26;01/09/2026;10:35:00;5201,00;5201,00;5198,00;5199,50;654010875,00;12580
WDOV26;01/09/2026;10:34:00;5202,00;5202,50;5200,00;5201,00;360123450,00;6924
WDOV26;01/09/2026;10:33:00;5204,00;5204,00;5201,00;5202,00;304888865,00;5861
WDOV26;01/09/2026;10:32:00;5204,00;5204,00;5201,50;5204,00;330947250,00;6361
WDOV26;01/09/2026;10:31:00;5202,50;5204,00;5202,00;5204,00;539920700,00;10378
WDOV26;01/09/2026;10:30:00;5204,50;5205,00;5202,50;5202,50;572043845,00;10993
WDOV26;01/09/2026;10:29:00;5205,50;5206,50;5204,00;5205,00;308354270,00;5924
WDOV26;01/09/2026;10:28:00;5206,00;5207,00;5205,00;5206,00;276244080,00;5306
WDOV26;01/09/2026;10:27:00;5204,50;5206,50;5204,00;5206,00;168349310,00;3234
WDOV26;01/09/2026;10:26:00;5206,00;5206,50;5203,50;5204,50;575129250,00;11050
WDOV26;01/09/2026;10:25:00;5207,00;5207,50;5206,00;5206,00;224527770,00;4312
WDOV26;01/09/2026;10:24:00;5207,00;5208,00;5206,50;5207,00;175374115,00;3368
WDOV26;01/09/2026;10:23:00;5208,00;5208,00;5206,50;5206,50;316968630,00;6087
WDOV26;01/09/2026;10:22:00;5207,50;5209,00;5206,50;5208,00;456609630,00;8768
WDOV26;01/09/2026;10:21:00;5210,00;5210,50;5207,50;5207,50;351782905,00;6753
WDOV26;01/09/2026;10:20:00;5210,50;5211,00;5210,00;5210,00;137086920,00;2631
WDOV26;01/09/2026;10:19:00;5211,00;5212,00;5209,50;5210,00;259127165,00;4973
WDOV26;01/09/2026;10:18:00;5209,00;5211,00;5209,00;5211,00;234407760,00;4499
WDOV26;01/09/2026;10:17:00;5209,50;5210,50;5209,00;5209,50;181138275,00;3477
WDOV26;01/09/2026;10:16:00;5211,00;5212,00;5209,00;5209,50;461182865,00;8852
WDOV26;01/09/2026;10:15:00;5213,00;5213,50;5210,50;5211,50;373428215,00;7165
WDOV26;01/09/2026;10:14:00;5213,50;5215,00;5211,00;5213,00;596205465,00;11437
WDOV26;01/09/2026;10:13:00;5211,50;5213,50;5211,50;5213,50;331134775,00;6353
WDOV26;01/09/2026;10:12:00;5213,50;5214,00;5211,50;5211,50;712878710,00;13676
WDOV26;01/09/2026;10:11:00;5215,50;5216,00;5213,50;5213,50;233517955,00;4478
WDOV26;01/09/2026;10:10:00;5215,00;5215,50;5214,00;5215,50;308760065,00;5921
WDOV26;01/09/2026;10:09:00;5215,00;5216,50;5214,00;5214,50;305813400,00;5864
WDOV26;01/09/2026;10:08:00;5217,50;5218,00;5214,00;5215,50;650023510,00;12463
WDOV26;01/09/2026;10:07:00;5217,50;5219,00;5216,50;5217,00;319794245,00;6129
WDOV26;01/09/2026;10:06:00;5216,50;5218,00;5216,00;5217,00;249110405,00;4775
WDOV26;01/09/2026;10:05:00;5217,50;5218,00;5216,00;5217,00;453310705,00;8689
WDOV26;01/09/2026;10:04:00;5217,50;5217,50;5216,50;5217,50;172946800,00;3315
WDOV26;01/09/2026;10:03:00;5216,50;5217,50;5216,00;5217,00;154626880,00;2964
WDOV26;01/09/2026;10:02:00;5216,50;5217,50;5215,50;5216,00;294729175,00;5650
WDOV26;01/09/2026;10:01:00;5215,00;5216,50;5214,50;5216,50;384578625,00;7374
WDOV26;01/09/2026;10:00:00;5218,50;5219,00;5215,00;5215,00;941121480,00;18040
WDOV26;01/09/2026;09:59:00;5218,00;5219,00;5217,50;5218,50;221717115,00;4249
WDOV26;01/09/2026;09:58:00;5221,50;5221,50;5218,00;5218,50;473026075,00;9063
WDOV26;01/09/2026;09:57:00;5221,00;5222,00;5221,00;5221,50;67619245,00;1295
WDOV26;01/09/2026;09:56:00;5221,00;5222,50;5220,50;5221,00;139576160,00;2673
WDOV26;01/09/2026;09:55:00;5220,00;5221,50;5219,00;5220,50;225455665,00;4319
WDOV26;01/09/2026;09:54:00;5218,50;5221,00;5218,50;5220,50;217719915,00;4171
WDOV26;01/09/2026;09:53:00;5222,50;5222,50;5218,00;5219,00;477687965,00;9152
WDOV26;01/09/2026;09:52:00;5222,50;5223,00;5222,00;5222,50;138340635,00;2649
WDOV26;01/09/2026;09:51:00;5222,50;5223,00;5221,00;5223,00;137438325,00;2632
WDOV26;01/09/2026;09:50:00;5223,00;5223,50;5221,50;5222,00;102414310,00;1961
WDOV26;01/09/2026;09:49:00;5222,00;5223,50;5221,50;5223,00;258585390,00;4951
WDOV26;01/09/2026;09:48:00;5220,00;5222,50;5220,00;5222,00;197103655,00;3775
WDOV26;01/09/2026;09:47:00;5223,50;5223,50;5219,50;5220,50;730709110,00;13996
WDOV26;01/09/2026;09:46:00;5225,00;5225,00;5223,00;5223,50;114722730,00;2196
WDOV26;01/09/2026;09:45:00;5223,50;5225,00;5223,00;5225,00;116234525,00;2225
WDOV26;01/09/2026;09:44:00;5224,00;5224,00;5222,50;5224,00;118569075,00;2270
WDOV26;01/09/2026;09:43:00;5224,00;5225,50;5223,50;5223,50;234128190,00;4481
WDOV26;01/09/2026;09:42:00;5222,00;5224,50;5221,50;5223,50;351342775,00;6727
WDOV26;01/09/2026;09:41:00;5226,50;5227,00;5221,50;5222,50;628138365,00;12025
WDOV26;01/09/2026;09:40:00;5226,00;5228,00;5225,00;5226,50;218207865,00;4175
WDOV26;01/09/2026;09:39:00;5228,00;5228,50;5224,50;5226,00;405548750,00;7760
WDOV26;01/09/2026;09:38:00;5228,50;5229,50;5228,00;5228,00;137398970,00;2628
WDOV26;01/09/2026;09:37:00;5228,00;5230,00;5226,50;5229,00;240557095,00;4601
WDOV26;01/09/2026;09:36:00;5228,50;5229,00;5226,00;5228,50;395583070,00;7568
WDOV26;01/09/2026;09:35:00;5229,00;5229,50;5227,50;5228,00;242924265,00;4646
WDOV26;01/09/2026;09:34:00;5228,50;5229,50;5227,50;5229,00;181687005,00;3475
WDOV26;01/09/2026;09:33:00;5230,50;5230,50;5228,00;5228,50;271747840,00;5197
WDOV26;01/09/2026;09:32:00;5232,00;5232,50;5230,50;5230,50;285852095,00;5464
WDOV26;01/09/2026;09:31:00;5229,00;5232,00;5228,50;5232,00;516677110,00;9878
WDOV26;01/09/2026;09:30:00;5227,00;5229,00;5226,50;5229,00;234936315,00;4494
WDOV26;01/09/2026;09:29:00;5225,50;5228,00;5225,00;5227,50;214963820,00;4113
WDOV26;01/09/2026;09:28:00;5224,00;5225,50;5223,50;5225,00;163006410,00;3120
WDOV26;01/09/2026;09:27:00;5224,50;5225,00;5223,50;5224,00;116085450,00;2222
WDOV26;01/09/2026;09:26:00;5224,50;5226,50;5223,50;5224,50;297189380,00;5688
WDOV26;01/09/2026;09:25:00;5224,50;5225,50;5224,00;5225,00;180722190,00;3459
WDOV26;01/09/2026;09:24:00;5225,50;5225,50;5223,50;5224,00;904824880,00;17318
WDOV26;01/09/2026;09:23:00;5226,00;5226,50;5224,50;5225,50;327854250,00;6274
WDOV26;01/09/2026;09:22:00;5225,50;5228,00;5225,00;5226,50;252708115,00;4835
WDOV26;01/09/2026;09:21:00;5226,50;5227,00;5225,00;5225,00;141562535,00;2709
WDOV26;01/09/2026;09:20:00;5225,50;5227,50;5225,00;5226,50;402907820,00;7709
WDOV26;01/09/2026;09:19:00;5225,00;5226,50;5224,50;5226,00;505475060,00;9673
WDOV26;01/09/2026;09:18:00;5228,00;5228,50;5225,00;5225,00;544176695,00;10411
WDOV26;01/09/2026;09:17:00;5228,50;5230,00;5227,50;5228,00;467808335,00;8947
WDOV26;01/09/2026;09:16:00;5232,00;5232,50;5227,50;5228,00;852653630,00;16303
WDOV26;01/09/2026;09:15:00;5233,50;5234,00;5231,50;5232,50;245824005,00;4698
WDOV26;01/09/2026;09:14:00;5234,00;5235,50;5230,50;5233,50;673441890,00;12868
WDOV26;01/09/2026;09:13:00;5232,50;5234,50;5232,00;5234,00;363638130,00;6948
WDOV26;01/09/2026;09:12:00;5234,00;5234,00;5231,00;5232,50;341921235,00;6535
WDOV26;01/09/2026;09:11:00;5233,00;5234,50;5232,00;5233,50;314065695,00;6001
WDOV26;01/09/2026;09:10:00;5233,00;5234,00;5231,00;5233,00;447116385,00;8545
WDOV26;01/09/2026;09:09:00;5230,50;5233,00;5229,00;5232,50;466937445,00;8927
WDOV26;01/09/2026;09:08:00;5230,00;5232,00;5229,50;5230,50;245493785,00;4693
WDOV26;01/09/2026;09:07:00;5230,00;5231,50;5228,50;5230,00;374743805,00;7165
WDOV26;01/09/2026;09:06:00;5228,00;5229,50;5227,00;5229,50;278098745,00;5319
WDOV26;01/09/2026;09:05:00;5227,00;5228,00;5226,00;5228,00;136423975,00;2610
WDOV26;01/09/2026;09:04:00;5226,00;5228,00;5225,00;5227,50;259491100,00;4965
WDOV26;01/09/2026;09:03:00;5226,00;5227,00;5225,00;5226,00;314969980,00;6027
WDOV26;01/09/2026;09:02:00;5229,00;5230,00;5226,00;5226,50;425757240,00;8143
WDOV26;01/09/2026;09:01:00;5226,50;5229,50;5222,50;5229,00;818681595,00;15667
WDOV26;01/09/2026;09:00:00;5224,00;5227,00;5223,00;5226,50;408663695,00;7822
WDOV26;31/08/2026;18:29:00;5219,50;5220,00;5218,50;5218,50;33613035,00;644
WDOV26;31/08/2026;18:28:00;5219,00;5220,00;5219,00;5219,50;18320815,00;351
WDOV26;31/08/2026;18:27:00;5219,00;5219,50;5219,00;5219,50;7150570,00;137
WDOV26;31/08/2026;18:26:00;5218,00;5220,00;5218,00;5219,00;93842335,00;1798
WDOV26;31/08/2026;18:25:00;5217,00;5218,50;5216,50;5218,50;63808800,00;1223
WDOV26;31/08/2026;18:24:00;5217,00;5217,50;5217,00;5217,00;4017145,00;77
WDOV26;31/08/2026;18:23:00;5217,50;5218,00;5217,00;5217,00;14243080,00;273
WDOV26;31/08/2026;18:22:00;5218,00;5218,00;5217,50;5217,50;3756695,00;72
WDOV26;31/08/2026;18:21:00;5217,00;5218,50;5217,00;5217,50;72101185,00;1382
WDOV26;31/08/2026;18:20:00;5217,50;5218,00;5217,00;5217,00;34695735,00;665
WDOV26;31/08/2026;18:19:00;5218,00;5218,00;5217,00;5217,50;38242795,00;733
WDOV26;31/08/2026;18:18:00;5218,00;5218,00;5217,50;5217,50;53429210,00;1024
WDOV26;31/08/2026;18:17:00;5217,50;5218,00;5217,00;5217,50;16070005,00;308
WDOV26;31/08/2026;18:16:00;5217,50;5219,00;5217,50;5217,50;44874305,00;860
WDOV26;31/08/2026;18:15:00;5218,50;5218,50;5217,50;5218,00;33655615,00;645
WDOV26;31/08/2026;18:14:00;5218,50;5219,50;5217,50;5218,50;59229655,00;1135
WDOV26;31/08/2026;18:13:00;5219,00;5219,50;5218,50;5218,50;15708860,00;301
WDOV26;31/08/2026;18:12:00;5219,00;5220,50;5218,00;5219,00;89922370,00;1723
WDOV26;31/08/2026;18:11:00;5218,50;5219,00;5218,50;5218,50;7045185,00;135
WDOV26;31/08/2026;18:10:00;5219,00;5219,00;5218,00;5219,00;18734815,00;359
WDOV26;31/08/2026;18:09:00;5219,00;5219,00;5218,50;5219,00;21554065,00;413
WDOV26;31/08/2026;18:08:00;5219,00;5219,00;5218,50;5219,00;22127090,00;424
WDOV26;31/08/2026;18:07:00;5219,00;5219,00;5218,50;5219,00;49736090,00;953
WDOV26;31/08/2026;18:06:00;5219,50;5220,00;5219,00;5219,50;10543330,00;202
WDOV26;31/08/2026;18:05:00;5219,50;5220,00;5219,00;5219,50;29227595,00;560
WDOV26;31/08/2026;18:04:00;5219,50;5220,00;5219,00;5219,50;12370155,00;237
WDOV26;31/08/2026;18:03:00;5219,50;5220,00;5219,00;5219,00;24635190,00;472
WDOV26;31/08/2026;18:02:00;5220,50;5220,50;5219,50;5219,50;12267280,00;235
WDOV26;31/08/2026;18:01:00;5220,50;5220,50;5220,00;5220,00;6525225,00;125
WDOV26;31/08/2026;18:00:00;5220,00;5221,00;5219,50;5220,50;36488800,00;699
WDOV26;31/08/2026;17:59:00;5221,00;5221,00;5219,50;5220,00;109620760,00;2100
WDOV26;31/08/2026;17:58:00;5221,00;5221,00;5220,50;5220,50;13835315,00;265
WDOV26;31/08/2026;17:57:00;5221,00;5221,00;5220,50;5221,00;6630470,00;127
WDOV26;31/08/2026;17:56:00;5221,00;5221,00;5220,50;5221,00;31273240,00;599
WDOV26;31/08/2026;17:55:00;5220,50;5221,00;5220,00;5221,00;35444635,00;679
WDOV26;31/08/2026;17:54:00;5221,00;5221,00;5220,00;5220,00;27355195,00;524
WDOV26;31/08/2026;17:53:00;5221,50;5221,50;5220,50;5220,50;28140445,00;539
WDOV26;31/08/2026;17:52:00;5220,50;5221,50;5220,50;5221,50;42240735,00;809
WDOV26;31/08/2026;17:51:00;5221,50;5221,50;5220,50;5221,00;29603325,00;567
WDOV26;31/08/2026;17:50:00;5221,00;5221,50;5220,50;5221,50;30542170,00;585
WDOV26;31/08/2026;17:49:00;5221,00;5221,50;5220,50;5220,50;30542730,00;585
WDOV26;31/08/2026;17:48:00;5221,50;5222,00;5221,00;5221,00;60153460,00;1152
WDOV26;31/08/2026;17:47:00;5221,50;5221,50;5221,00;5221,50;62081025,00;1189
WDOV26;31/08/2026;17:46:00;5221,50;5222,50;5221,50;5222,00;123343370,00;2362
WDOV26;31/08/2026;17:45:00;5221,50;5222,00;5221,00;5221,50;65166815,00;1248
WDOV26;31/08/2026;17:44:00;5221,50;5222,00;5221,50;5221,50;15352070,00;294
WDOV26;31/08/2026;17:43:00;5221,00;5222,00;5221,00;5221,50;30652800,00;587
WDOV26;31/08/2026;17:42:00;5221,50;5221,50;5221,00;5221,00;11173730,00;214
WDOV26;31/08/2026;17:41:00;5221,00;5221,50;5220,50;5221,00;98369945,00;1884
WDOV26;31/08/2026;17:40:00;5220,00;5220,50;5220,00;5220,50;37638710,00;721
WDOV26;31/08/2026;17:39:00;5220,00;5220,50;5220,00;5220,00;36070740,00;691
WDOV26;31/08/2026;17:38:00;5219,50;5220,00;5219,50;5220,00;1826850,00;35
WDOV26;31/08/2026;17:37:00;5220,00;5220,00;5219,50;5219,50;6472350,00;124
WDOV26;31/08/2026;17:36:00;5219,50;5220,00;5219,00;5219,50;33562510,00;643
WDOV26;31/08/2026;17:35:00;5219,50;5219,50;5219,00;5219,50;4540610,00;87
WDOV26;31/08/2026;17:34:00;5219,50;5220,00;5219,00;5219,50;14927660,00;286
WDOV26;31/08/2026;17:33:00;5219,00;5220,00;5219,00;5220,00;76415770,00;1464
WDOV26;31/08/2026;17:32:00;5219,50;5220,00;5219,00;5219,00;23226685,00;445
WDOV26;31/08/2026;17:31:00;5219,00;5220,00;5219,00;5220,00;9760650,00;187
WDOV26;31/08/2026;17:30:00;5219,00;5219,50;5219,00;5219,00;11900165,00;228
WDOV26;31/08/2026;17:29:00;5219,00;5219,50;5218,50;5219,50;33925040,00;650
WDOV26;31/08/2026;17:28:00;5218,50;5219,50;5218,50;5219,00;19102110,00;366
WDOV26;31/08/2026;17:27:00;5218,50;5219,50;5217,50;5218,50;95867650,00;1837
WDOV26;31/08/2026;17:26:00;5218,00;5218,50;5217,50;5218,50;38976490,00;747
WDOV26;31/08/2026;17:25:00;5218,00;5218,50;5217,50;5218,00;75136730,00;1440
WDOV26;31/08/2026;17:24:00;5219,00;5219,00;5217,00;5218,00;186797350,00;3580
WDOV26;31/08/2026;17:23:00;5219,50;5219,50;5218,50;5219,00;39142390,00;750
WDOV26;31/08/2026;17:22:00;5219,00;5219,50;5219,00;5219,50;6054170,00;116
WDOV26;31/08/2026;17:21:00;5219,00;5219,50;5218,50;5219,00;91956735,00;1762
WDOV26;31/08/2026;17:20:00;5220,00;5220,00;5219,00;5219,00;36692395,00;703
WDOV26;31/08/2026;17:19:00;5220,50;5220,50;5219,50;5219,50;95681945,00;1833
WDOV26;31/08/2026;17:18:00;5220,00;5221,00;5220,00;5220,00;108845080,00;2085
WDOV26;31/08/2026;17:17:00;5218,50;5220,50;5218,50;5220,00;402541490,00;7712
WDOV26;31/08/2026;17:16:00;5219,00;5219,50;5218,50;5219,00;101247170,00;1940
WDOV26;31/08/2026;17:15:00;5218,00;5219,50;5217,50;5218,50;531296690,00;10180
WDOV26;31/08/2026;17:14:00;5217,50;5218,50;5217,50;5218,00;90479960,00;1734
WDOV26;31/08/2026;17:13:00;5216,50;5218,00;5216,50;5217,50;215635190,00;4133
WDOV26;31/08/2026;17:12:00;5217,50;5217,50;5216,00;5217,00;51177890,00;981
WDOV26;31/08/2026;17:11:00;5217,00;5217,50;5216,50;5217,00;176289060,00;3379
WDOV26;31/08/2026;17:10:00;5216,50;5217,50;5215,50;5217,00;206157510,00;3952
WDOV26;31/08/2026;17:09:00;5217,50;5217,50;5216,50;5216,50;33963380,00;651
WDOV26;31/08/2026;17:08:00;5217,50;5217,50;5216,50;5217,00;64534245,00;1237
WDOV26;31/08/2026;17:07:00;5217,00;5217,50;5217,00;5217,50;20973985,00;402
WDOV26;31/08/2026;17:06:00;5216,50;5217,50;5216,50;5217,00;40120325,00;769
WDOV26;31/08/2026;17:05:00;5217,00;5217,50;5216,50;5216,50;65838730,00;1262
WDOV26;31/08/2026;17:04:00;5217,00;5217,00;5216,50;5217,00;15493900,00;297
WDOV26;31/08/2026;17:03:00;5216,50;5217,50;5216,00;5216,50;108510830,00;2080
WDOV26;31/08/2026;17:02:00;5215,50;5216,50;5215,50;5216,50;84396285,00;1618
WDOV26;31/08/2026;17:01:00;5215,00;5216,00;5214,50;5215,50;161833715,00;3103
WDOV26;31/08/2026;17:00:00;5216,50;5216,50;5214,50;5215,00;348282175,00;6678
WDOV26;31/08/2026;16:59:00;5217,00;5217,00;5216,00;5216,50;59833135,00;1147
WDOV26;31/08/2026;16:58:00;5216,50;5217,00;5216,50;5217,00;17684985,00;339
WDOV26;31/08/2026;16:57:00;5217,00;5217,00;5216,50;5216,50;7773105,00;149
WDOV26;31/08/2026;16:56:00;5217,00;5217,00;5216,50;5217,00;96618460,00;1852
WDOV26;31/08/2026;16:55:00;5216,50;5217,00;5216,50;5216,50;23578730,00;452
WDOV26;31/08/2026;16:54:00;5217,00;5217,00;5216,50;5216,50;8138385,00;156
WDOV26;31/08/2026;16:53:00;5216,00;5217,00;5215,50;5217,00;78553315,00;1506
WDOV26;31/08/2026;16:52:00;5216,50;5216,50;5215,50;5216,00;83250105,00;1596
WDOV26;31/08/2026;16:51:00;5216,50;5217,00;5216,00;5217,00;92540730,00;1774
WDOV26;31/08/2026;16:50:00;5216,00;5216,50;5215,50;5216,50;184914410,00;3545
WDOV26;31/08/2026;16:49:00;5216,50;5216,50;5216,00;5216,50;67605660,00;1296
WDOV26;31/08/2026;16:48:00;5216,50;5217,00;5216,00;5216,50;125560400,00;2407
WDOV26;31/08/2026;16:47:00;5216,50;5217,00;5216,00;5217,00;172347785,00;3304
WDOV26;31/08/2026;16:46:00;5216,50;5216,50;5216,00;5216,50;39593140,00;759
WDOV26;31/08/2026;16:45:00;5217,00;5217,00;5216,00;5216,00;75170075,00;1441
WDOV26;31/08/2026;16:44:00;5216,50;5217,00;5216,00;5217,00;17527580,00;336
WDOV26;31/08/2026;16:43:00;5216,00;5217,00;5216,00;5216,00;33281295,00;638
WDOV26;31/08/2026;16:42:00;5216,50;5217,00;5216,00;5216,00;43766030,00;839
WDOV26;31/08/2026;16:41:00;5216,50;5217,00;5216,00;5216,50;364006830,00;6978
WDOV26;31/08/2026;16:40:00;5217,00;5217,00;5216,00;5216,00;57330755,00;1099
WDOV26;31/08/2026;16:39:00;5215,50;5217,00;5215,50;5217,00;119805970,00;2297
WDOV26;31/08/2026;16:38:00;5217,00;5217,00;5215,00;5215,50;272944610,00;5233
WDOV26;31/08/2026;16:37:00;5216,00;5217,50;5216,00;5217,00;146907975,00;2816
WDOV26;31/08/2026;16:36:00;5216,00;5216,50;5215,50;5216,50;184542500,00;3538
WDOV26;31/08/2026;16:35:00;5216,50;5216,50;5215,50;5216,00;61441975,00;1178
WDOV26;31/08/2026;16:34:00;5216,50;5217,00;5216,00;5216,00;147252610,00;2823
WDOV26;31/08/2026;16:33:00;5216,00;5217,00;5216,00;5217,00;37714045,00;723
WDOV26;31/08/2026;16:32:00;5216,50;5216,50;5216,00;5216,50;10275750,00;197
WDOV26;31/08/2026;16:31:00;5216,00;5216,50;5216,00;5216,00;34584865,00;663
WDOV26;31/08/2026;16:30:00;5216,50;5217,00;5216,00;5216,50;86799600,00;1664
WDOV26;31/08/2026;16:29:00;5217,00;5217,00;5215,50;5216,50;208855480,00;4004
WDOV26;31/08/2026;16:28:00;5217,00;5217,00;5216,50;5217,00;52951505,00;1015
WDOV26;31/08/2026;16:27:00;5217,00;5217,50;5216,50;5217,50;142683650,00;2735
WDOV26;31/08/2026;16:26:00;5216,50;5217,00;5216,50;5217,00;22745595,00;436
WDOV26;31/08/2026;16:25:00;5217,00;5217,50;5216,00;5216,50;187380600,00;3592
WDOV26;31/08/2026;16:24:00;5218,00;5218,50;5217,00;5217,00;98400510,00;1886
WDOV26;31/08/2026;16:23:00;5219,00;5219,00;5217,50;5218,50;73993515,00;1418
WDOV26;31/08/2026;16:22:00;5218,50;5219,00;5218,00;5218,50;23170660,00;444
WDOV26;31/08/2026;16:21:00;5218,00;5219,00;5218,00;5218,50;59232890,00;1135
WDOV26;31/08/2026;16:20:00;5219,50;5219,50;5218,00;5218,00;82090450,00;1573
WDOV26;31/08/2026;16:19:00;5219,00;5219,50;5219,00;5219,00;8402970,00;161
WDOV26;31/08/2026;16:18:00;5219,00;5219,50;5218,50;5219,00;36689380,00;703
WDOV26;31/08/2026;16:17:00;5219,00;5219,50;5218,50;5219,00;70717330,00;1355
WDOV26;31/08/2026;16:16:00;5218,50;5219,00;5218,00;5219,00;87041385,00;1668
WDOV26;31/08/2026;16:15:00;5217,50;5218,50;5217,50;5218,50;235227635,00;4508
WDOV26;31/08/2026;16:14:00;5218,00;5218,50;5217,50;5218,00;33081795,00;634
WDOV26;31/08/2026;16:13:00;5218,00;5218,50;5217,50;5218,50;65693815,00;1259
WDOV26;31/08/2026;16:12:00;5218,00;5218,50;5217,50;5217,50;123929245,00;2375
WDOV26;31/08/2026;16:11:00;5218,00;5218,00;5217,00;5218,00;93756230,00;1797
WDOV26;31/08/2026;16:10:00;5218,50;5219,00;5217,50;5218,00;147827710,00;2833
WDOV26;31/08/2026;16:09:00;5218,00;5220,00;5216,00;5219,00;789418685,00;15129
WDOV26;31/08/2026;16:08:00;5219,50;5219,50;5217,50;5218,00;232370590,00;4453
WDOV26;31/08/2026;16:07:00;5219,00;5219,50;5219,00;5219,50;132314105,00;2535
WDOV26;31/08/2026;16:06:00;5219,50;5219,50;5218,50;5219,50;58298250,00;1117
WDOV26;31/08/2026;16:05:00;5219,50;5220,00;5219,00;5219,50;134034500,00;2568
WDOV26;31/08/2026;16:04:00;5219,00;5219,50;5219,00;5219,50;16284710,00;312
WDOV26;31/08/2026;16:03:00;5219,00;5219,50;5218,50;5219,50;180471955,00;3458
WDOV26;31/08/2026;16:02:00;5219,50;5219,50;5217,50;5219,50;239364765,00;4587
WDOV26;31/08/2026;16:01:00;5219,50;5219,50;5219,00;5219,00;78915135,00;1512
WDOV26;31/08/2026;16:00:00;5219,50;5220,00;5219,00;5219,50;68166175,00;1306
WDOV26;31/08/2026;15:59:00;5219,50;5220,00;5219,00;5219,50;110439650,00;2116
WDOV26;31/08/2026;15:58:00;5219,50;5220,00;5219,00;5219,50;113471495,00;2174
WDOV26;31/08/2026;15:57:00;5219,00;5220,50;5218,50;5219,50;328579300,00;6295
WDOV26;31/08/2026;15:56:00;5219,50;5219,50;5218,50;5218,50;95660740,00;1833
WDOV26;31/08/2026;15:55:00;5219,50;5220,00;5218,50;5219,50;90863895,00;1741
WDOV26;31/08/2026;15:54:00;5219,50;5220,00;5219,00;5220,00;178302100,00;3416
WDOV26;31/08/2026;15:53:00;5220,00;5220,00;5218,50;5219,50;155892150,00;2987
WDOV26;31/08/2026;15:52:00;5220,00;5220,00;5219,50;5220,00;61123545,00;1171
WDOV26;31/08/2026;15:51:00;5219,50;5220,00;5219,00;5219,50;96038575,00;1840
WDOV26;31/08/2026;15:50:00;5219,00;5220,00;5219,00;5219,50;108723095,00;2083
WDOV26;31/08/2026;15:49:00;5219,50;5220,00;5219,00;5219,00;75006380,00;1437
WDOV26;31/08/2026;15:48:00;5219,50;5220,50;5219,00;5220,00;66241780,00;1269
WDOV26;31/08/2026;15:47:00;5219,50;5220,00;5219,00;5219,50;54179835,00;1038
WDOV26;31/08/2026;15:46:00;5220,00;5220,00;5219,50;5220,00;41548270,00;796
WDOV26;31/08/2026;15:45:00;5219,50;5220,50;5219,00;5220,00;107530275,00;2060
WDOV26;31/08/2026;15:44:00;5219,00;5219,50;5218,50;5219,00;118786020,00;2276
WDOV26;31/08/2026;15:43:00;5218,00;5220,50;5218,00;5219,00;433681605,00;8309
WDOV26;31/08/2026;15:42:00;5223,00;5223,00;5217,50;5218,00;1102290225,00;21118
WDOV26;31/08/2026;15:41:00;5223,00;5223,50;5222,00;5222,50;84031810,00;1609
WDOV26;31/08/2026;15:40:00;5224,50;5224,50;5222,50;5223,00;207268500,00;3968
WDOV26;31/08/2026;15:39:00;5223,00;5224,50;5223,00;5224,00;298537185,00;5715
WDOV26;31/08/2026;15:38:00;5222,00;5223,50;5222,00;5223,00;158305775,00;3031
WDOV26;31/08/2026;15:37:00;5222,00;5222,50;5222,00;5222,00;18225685,00;349
WDOV26;31/08/2026;15:36:00;5222,00;5223,00;5222,00;5222,00;24859490,00;476
WDOV26;31/08/2026;15:35:00;5223,00;5223,00;5222,00;5222,50;35981165,00;689
WDOV26;31/08/2026;15:34:00;5223,00;5223,00;5222,50;5223,00;25799465,00;494
WDOV26;31/08/2026;15:33:00;5222,50;5223,00;5222,00;5222,50;69981240,00;1340
WDOV26;31/08/2026;15:32:00;5222,50;5223,00;5222,50;5222,50;6894080,00;132
WDOV26;31/08/2026;15:31:00;5223,00;5223,50;5222,50;5223,00;170273055,00;3260
WDOV26;31/08/2026;15:30:00;5223,00;5223,00;5222,50;5222,50;53273265,00;1020
WDOV26;31/08/2026;15:29:00;5222,00;5223,00;5221,50;5223,00;45015630,00;862
WDOV26;31/08/2026;15:28:00;5221,50;5222,50;5221,50;5222,50;30601930,00;586
WDOV26;31/08/2026;15:27:00;5222,50;5223,00;5221,50;5221,50;65173935,00;1248
WDOV26;31/08/2026;15:26:00;5222,50;5222,50;5222,00;5222,50;66218335,00;1268
WDOV26;31/08/2026;15:25:00;5221,00;5223,00;5221,00;5222,50;263244860,00;5041
WDOV26;31/08/2026;15:24:00;5220,50;5221,50;5220,00;5221,50;68286455,00;1308
WDOV26;31/08/2026;15:23:00;5220,00;5221,50;5220,00;5220,00;122737685,00;2351
WDOV26;31/08/2026;15:22:00;5220,00;5220,50;5219,50;5220,50;53923385,00;1033
WDOV26;31/08/2026;15:21:00;5219,50;5220,00;5219,00;5219,50;93015750,00;1782
WDOV26;31/08/2026;15:20:00;5219,50;5220,50;5219,00;5219,50;87427855,00;1675
WDOV26;31/08/2026;15:19:00;5220,50;5221,00;5219,50;5220,00;110088400,00;2109
WDOV26;31/08/2026;15:18:00;5220,00;5220,50;5219,50;5220,00;82269315,00;1576
WDOV26;31/08/2026;15:17:00;5220,00;5220,50;5219,50;5220,50;39463060,00;756
WDOV26;31/08/2026;15:16:00;5219,50;5220,50;5219,50;5220,00;25421035,00;487
WDOV26;31/08/2026;15:15:00;5220,50;5220,50;5219,50;5220,00;116092605,00;2224
WDOV26;31/08/2026;15:14:00;5221,00;5221,00;5220,00;5220,50;38215225,00;732
WDOV26;31/08/2026;15:13:00;5220,50;5221,00;5219,50;5220,50;44422445,00;851
WDOV26;31/08/2026;15:12:00;5220,00;5220,50;5220,00;5220,00;102056240,00;1955
WDOV26;31/08/2026;15:11:00;5221,50;5221,50;5220,00;5220,50;115330105,00;2209
WDOV26;31/08/2026;15:10:00;5221,00;5221,50;5220,50;5221,50;79778775,00;1528
WDOV26;31/08/2026;15:09:00;5221,00;5221,00;5220,00;5220,50;39570485,00;758
WDOV26;31/08/2026;15:08:00;5220,50;5221,00;5220,00;5221,00;49071980,00;940
WDOV26;31/08/2026;15:07:00;5220,00;5220,50;5219,50;5220,50;32832355,00;629
WDOV26;31/08/2026;15:06:00;5220,50;5220,50;5219,50;5220,00;81067940,00;1553
WDOV26;31/08/2026;15:05:00;5220,50;5221,00;5219,50;5220,50;107851945,00;2066
WDOV26;31/08/2026;15:04:00;5221,00;5221,00;5219,50;5220,50;162960970,00;3122
WDOV26;31/08/2026;15:03:00;5221,50;5222,00;5220,50;5221,00;58998790,00;1130
WDOV26;31/08/2026;15:02:00;5221,00;5222,00;5220,50;5221,00;81765460,00;1566
WDOV26;31/08/2026;15:01:00;5221,00;5221,50;5220,00;5220,50;101911865,00;1952
WDOV26;31/08/2026;15:00:00;5220,50;5221,50;5220,00;5221,00;89384080,00;1712
WDOV26;31/08/2026;14:59:00;5219,00;5221,00;5219,00;5220,00;191571255,00;3670
WDOV26;31/08/2026;14:58:00;5220,00;5220,00;5219,00;5219,50;138420365,00;2652
WDOV26;31/08/2026;14:57:00;5219,00;5220,00;5218,00;5220,00;328000660,00;6285
WDOV26;31/08/2026;14:56:00;5220,00;5221,00;5219,00;5219,50;113218825,00;2169
WDOV26;31/08/2026;14:55:00;5220,50;5221,00;5220,00;5220,00;68649725,00;1315
WDOV26;31/08/2026;14:54:00;5220,50;5221,00;5219,00;5220,50;221368345,00;4241
WDOV26;31/08/2026;14:53:00;5220,50;5220,50;5220,00;5220,50;55858765,00;1070
WDOV26;31/08/2026;14:52:00;5221,00;5221,00;5219,50;5220,00;127108170,00;2435
WDOV26;31/08/2026;14:51:00;5219,00;5221,00;5219,00;5221,00;218712050,00;4190
WDOV26;31/08/2026;14:50:00;5218,50;5219,50;5218,50;5219,00;125929070,00;2413
WDOV26;31/08/2026;14:49:00;5219,50;5219,50;5218,00;5218,50;369179970,00;7074
WDOV26;31/08/2026;14:48:00;5219,50;5220,00;5219,00;5219,00;129441415,00;2480
WDOV26;31/08/2026;14:47:00;5221,00;5221,50;5219,50;5220,00;102322460,00;1960
WDOV26;31/08/2026;14:46:00;5222,00;5222,00;5221,00;5221,00;37648455,00;721
WDOV26;31/08/2026;14:45:00;5221,50;5223,00;5221,00;5222,00;201470330,00;3858
WDOV26;31/08/2026;14:44:00;5221,00;5221,50;5220,50;5221,50;117267980,00;2246
WDOV26;31/08/2026;14:43:00;5221,50;5222,00;5220,50;5221,00;47878970,00;917
WDOV26;31/08/2026;14:42:00;5221,00;5221,50;5220,00;5221,50;46778465,00;896
WDOV26;31/08/2026;14:41:00;5221,00;5221,50;5220,00;5221,00;77994900,00;1494
WDOV26;31/08/2026;14:40:00;5221,00;5221,50;5221,00;5221,50;54249695,00;1039
WDOV26;31/08/2026;14:39:00;5222,00;5222,50;5220,50;5221,00;141395155,00;2708
WDOV26;31/08/2026;14:38:00;5222,50;5223,00;5221,50;5222,00;168250800,00;3222
WDOV26;31/08/2026;14:37:00;5220,50;5223,00;5220,50;5222,50;452612110,00;8667
WDOV26;31/08/2026;14:36:00;5220,00;5221,00;5220,00;5220,50;66771510,00;1279
WDOV26;31/08/2026;14:35:00;5221,00;5221,00;5219,50;5220,00;75691885,00;1450
WDOV26;31/08/2026;14:34:00;5221,00;5221,50;5219,50;5221,00;153799355,00;2946
WDOV26;31/08/2026;14:33:00;5221,00;5221,50;5220,50;5220,50;65629025,00;1257
WDOV26;31/08/2026;14:32:00;5219,50;5222,00;5219,00;5220,50;279673860,00;5357
WDOV26;31/08/2026;14:31:00;5220,50;5220,50;5219,50;5219,50;97142005,00;1861
WDOV26;31/08/2026;14:30:00;5220,50;5221,00;5219,00;5220,50;227328890,00;4355
WDOV26;31/08/2026;14:29:00;5220,50;5221,50;5219,00;5221,00;290883650,00;5572
WDOV26;31/08/2026;14:28:00;5219,50;5220,50;5219,00;5220,50;108257770,00;2074
WDOV26;31/08/2026;14:27:00;5220,00;5220,50;5219,50;5220,00;127941595,00;2451
WDOV26;31/08/2026;14:26:00;5219,00;5220,00;5218,50;5220,00;200471190,00;3841
WDOV26;31/08/2026;14:25:00;5217,50;5219,00;5217,00;5219,00;75036065,00;1438
WDOV26;31/08/2026;14:24:00;5216,50;5217,00;5216,00;5217,00;71414420,00;1369
WDOV26;31/08/2026;14:23:00;5216,50;5217,00;5216,00;5216,00;43192930,00;828
WDOV26;31/08/2026;14:22:00;5216,50;5218,00;5216,50;5217,00;150103410,00;2877
WDOV26;31/08/2026;14:21:00;5216,00;5217,00;5216,00;5217,00;47836240,00;917
WDOV26;31/08/2026;14:20:00;5216,00;5216,50;5216,00;5216,00;46059680,00;883
WDOV26;31/08/2026;14:19:00;5216,50;5217,00;5216,00;5216,00;84610965,00;1622
WDOV26;31/08/2026;14:18:00;5217,00;5217,00;5216,00;5216,50;106466920,00;2041
WDOV26;31/08/2026;14:17:00;5216,50;5217,00;5216,50;5216,50;39492185,00;757
WDOV26;31/08/2026;14:16:00;5218,00;5218,00;5216,50;5216,50;56395925,00;1081
WDOV26;31/08/2026;14:15:00;5218,00;5218,50;5217,50;5218,00;61101305,00;1171
WDOV26;31/08/2026;14:14:00;5217,50;5218,00;5217,50;5218,00;12887415,00;247
WDOV26;31/08/2026;14:13:00;5217,50;5218,00;5217,50;5218,00;22070525,00;423
WDOV26;31/08/2026;14:12:00;5217,50;5218,00;5217,00;5217,50;84370430,00;1617
WDOV26;31/08/2026;14:11:00;5219,00;5219,00;5217,50;5217,50;71798545,00;1376
WDOV26;31/08/2026;14:10:00;5218,00;5219,00;5218,00;5219,00;30788340,00;590
WDOV26;31/08/2026;14:09:00;5218,50;5219,00;5217,50;5218,50;229296095,00;4394
WDOV26;31/08/2026;14:08:00;5217,00;5218,50;5217,00;5218,00;135662840,00;2600
WDOV26;31/08/2026;14:07:00;5216,50;5217,00;5216,50;5217,00;22379430,00;429
WDOV26;31/08/2026;14:06:00;5216,50;5218,00;5216,50;5217,00;125944795,00;2414
WDOV26;31/08/2026;14:05:00;5216,00;5217,00;5215,50;5217,00;145908510,00;2797
WDOV26;31/08/2026;14:04:00;5216,00;5216,00;5215,50;5216,00;15907720,00;305
WDOV26;31/08/2026;14:03:00;5215,00;5216,00;5215,00;5216,00;80891335,00;1551
WDOV26;31/08/2026;14:02:00;5215,00;5216,00;5215,00;5215,50;64255070,00;1232
WDOV26;31/08/2026;14:01:00;5214,50;5215,50;5214,50;5215,50;102942970,00;1974
WDOV26;31/08/2026;14:00:00;5215,00;5215,50;5214,00;5214,50;90369560,00;1733
WDOV26;31/08/2026;13:59:00;5216,00;5216,50;5215,00;5215,00;80584450,00;1545
WDOV26;31/08/2026;13:58:00;5216,00;5217,00;5215,50;5216,00;182314905,00;3495
WDOV26;31/08/2026;13:57:00;5215,50;5216,50;5215,00;5216,00;135711675,00;2602
WDOV26;31/08/2026;13:56:00;5216,00;5216,50;5215,50;5215,50;136810540,00;2623
WDOV26;31/08/2026;13:55:00;5214,50;5216,00;5214,00;5216,00;119741055,00;2296
WDOV26;31/08/2026;13:54:00;5213,50;5214,50;5213,50;5214,50;104072980,00;1996
WDOV26;31/08/2026;13:53:00;5214,00;5214,00;5213,00;5213,50;23512060,00;451
WDOV26;31/08/2026;13:52:00;5213,00;5214,00;5213,00;5214,00;58391605,00;1120
WDOV26;31/08/2026;13:51:00;5213,50;5214,00;5213,00;5213,00;48378870,00;928
WDOV26;31/08/2026;13:50:00;5214,00;5215,00;5213,50;5213,50;60226055,00;1155
WDOV26;31/08/2026;13:49:00;5214,50;5215,00;5214,00;5214,00;91932765,00;1763
WDOV26;31/08/2026;13:48:00;5215,00;5215,00;5214,50;5214,50;42342920,00;812
WDOV26;31/08/2026;13:47:00;5215,00;5215,00;5214,50;5214,50;7196375,00;138
WDOV26;31/08/2026;13:46:00;5214,00;5215,00;5214,00;5214,50;36240500,00;695
WDOV26;31/08/2026;13:45:00;5213,50;5214,50;5213,00;5214,00;95151270,00;1825
WDOV26;31/08/2026;13:44:00;5213,00;5214,00;5213,00;5213,50;39412890,00;756
WDOV26;31/08/2026;13:43:00;5213,00;5214,00;5213,00;5213,50;74868315,00;1436
WDOV26;31/08/2026;13:42:00;5213,50;5214,00;5212,50;5213,00;81064705,00;1555
WDOV26;31/08/2026;13:41:00;5213,50;5214,00;5213,00;5213,00;78721825,00;1510
WDOV26;31/08/2026;13:40:00;5214,00;5214,50;5213,50;5214,00;27166470,00;521
WDOV26;31/08/2026;13:39:00;5214,00;5214,50;5214,00;5214,50;28782805,00;552
WDOV26;31/08/2026;13:38:00;5214,00;5214,50;5213,50;5213,50;42026255,00;806
WDOV26;31/08/2026;13:37:00;5213,50;5214,00;5213,00;5213,50;53594090,00;1028
WDOV26;31/08/2026;13:36:00;5213,50;5214,00;5213,00;5213,50;47026340,00;902
WDOV26;31/08/2026;13:35:00;5213,00;5213,50;5213,00;5213,50;44001840,00;844
WDOV26;31/08/2026;13:34:00;5213,50;5214,00;5213,00;5213,00;59487625,00;1141
WDOV26;31/08/2026;13:33:00;5213,50;5214,50;5213,50;5214,00;43172285,00;828
WDOV26;31/08/2026;13:32:00;5214,00;5214,50;5213,50;5213,50;61471505,00;1179
WDOV26;31/08/2026;13:31:00;5213,50;5214,50;5213,50;5214,00;63189950,00;1212
WDOV26;31/08/2026;13:30:00;5213,50;5214,50;5213,00;5213,50;95154990,00;1825
WDOV26;31/08/2026;13:29:00;5214,00;5214,50;5213,00;5214,00;111888300,00;2146
WDOV26;31/08/2026;13:28:00;5214,50;5214,50;5214,00;5214,50;7404490,00;142
WDOV26;31/08/2026;13:27:00;5214,00;5215,00;5214,00;5214,50;129841675,00;2490
WDOV26;31/08/2026;13:26:00;5214,00;5214,50;5213,50;5214,00;49378690,00;947
WDOV26;31/08/2026;13:25:00;5213,00;5214,50;5213,00;5214,00;109492000,00;2100
WDOV26;31/08/2026;13:24:00;5213,00;5213,50;5213,00;5213,00;45878350,00;880
WDOV26;31/08/2026;13:23:00;5213,50;5213,50;5213,00;5213,50;28984940,00;556
WDOV26;31/08/2026;13:22:00;5212,00;5213,50;5212,00;5213,50;130270030,00;2499
WDOV26;31/08/2026;13:21:00;5212,50;5213,00;5212,00;5212,50;83552640,00;1603
WDOV26;31/08/2026;13:20:00;5213,00;5213,50;5212,50;5212,50;82731695,00;1587
WDOV26;31/08/2026;13:19:00;5213,00;5214,00;5213,00;5213,50;66051070,00;1267
WDOV26;31/08/2026;13:18:00;5214,00;5214,00;5213,00;5213,50;45462140,00;872
WDOV26;31/08/2026;13:17:00;5213,50;5214,00;5213,00;5214,00;57142015,00;1096
WDOV26;31/08/2026;13:16:00;5214,00;5214,50;5213,00;5213,50;82009775,00;1573
WDOV26;31/08/2026;13:15:00;5213,50;5214,50;5213,50;5214,00;69293740,00;1329
WDOV26;31/08/2026;13:14:00;5213,50;5214,00;5213,50;5214,00;39937645,00;766
WDOV26;31/08/2026;13:13:00;5213,00;5214,50;5213,00;5214,00;38112580,00;731
WDOV26;31/08/2026;13:12:00;5214,00;5214,50;5213,00;5213,50;98539980,00;1890
WDOV26;31/08/2026;13:11:00;5214,50;5214,50;5213,50;5213,50;27425380,00;526
WDOV26;31/08/2026;13:10:00;5215,00;5215,50;5214,00;5214,50;117227575,00;2248
WDOV26;31/08/2026;13:09:00;5215,00;5215,50;5214,50;5215,00;64357015,00;1234
WDOV26;31/08/2026;13:08:00;5215,00;5215,50;5214,50;5215,00;45839690,00;879
WDOV26;31/08/2026;13:07:00;5214,00;5215,50;5214,00;5215,00;122288490,00;2345
WDOV26;31/08/2026;13:06:00;5216,00;5216,50;5213,50;5214,00;305949050,00;5867
WDOV26;31/08/2026;13:05:00;5216,00;5216,50;5215,50;5215,50;56541085,00;1084
WDOV26;31/08/2026;13:04:00;5215,50;5216,00;5215,00;5216,00;40473645,00;776
WDOV26;31/08/2026;13:03:00;5215,00;5215,50;5214,50;5215,50;117868955,00;2260
WDOV26;31/08/2026;13:02:00;5215,00;5215,50;5214,00;5215,00;256756785,00;4924
WDOV26;31/08/2026;13:01:00;5216,00;5216,50;5214,50;5215,00;207357795,00;3976
WDOV26;31/08/2026;13:00:00;5216,50;5217,00;5215,50;5216,00;200247305,00;3839
WDOV26;31/08/2026;12:59:00;5215,50;5217,00;5215,50;5216,50;100307660,00;1923
WDOV26;31/08/2026;12:58:00;5215,50;5216,50;5215,00;5215,50;157567830,00;3021
WDOV26;31/08/2026;12:57:00;5216,00;5216,00;5215,00;5215,50;78179025,00;1499
WDOV26;31/08/2026;12:56:00;5213,50;5217,00;5213,00;5216,00;432236965,00;8288
WDOV26;31/08/2026;12:55:00;5212,50;5214,00;5212,50;5213,50;120742325,00;2316
WDOV26;31/08/2026;12:54:00;5211,50;5213,00;5211,00;5212,50;141197645,00;2709
WDOV26;31/08/2026;12:53:00;5211,50;5211,50;5211,00;5211,50;55971435,00;1074
WDOV26;31/08/2026;12:52:00;5211,50;5211,50;5211,00;5211,00;30746320,00;590
WDOV26;31/08/2026;12:51:00;5212,00;5212,00;5211,50;5211,50;14227520,00;273
WDOV26;31/08/2026;12:50:00;5212,00;5212,50;5211,00;5212,00;80210085,00;1539
WDOV26;31/08/2026;12:49:00;5211,50;5212,00;5211,00;5211,50;24025555,00;461
WDOV26;31/08/2026;12:48:00;5211,50;5211,50;5210,50;5211,50;35746870,00;686
WDOV26;31/08/2026;12:47:00;5211,50;5211,50;5211,00;5211,50;73165455,00;1404
WDOV26;31/08/2026;12:46:00;5211,50;5212,00;5211,00;5211,00;94958935,00;1822
WDOV26;31/08/2026;12:45:00;5211,50;5212,00;5211,00;5211,50;23816110,00;457
WDOV26;31/08/2026;12:44:00;5211,50;5212,00;5211,00;5212,00;60766570,00;1166
WDOV26;31/08/2026;12:43:00;5210,50;5212,00;5210,50;5212,00;97763935,00;1876
WDOV26;31/08/2026;12:42:00;5211,50;5211,50;5210,00;5210,50;293932285,00;5641
WDOV26;31/08/2026;12:41:00;5213,00;5213,00;5211,00;5211,50;62023225,00;1190
WDOV26;31/08/2026;12:40:00;5211,50;5213,00;5211,50;5213,00;74744900,00;1434
WDOV26;31/08/2026;12:39:00;5213,50;5213,50;5211,00;5211,50;272163060,00;5222
WDOV26;31/08/2026;12:38:00;5212,00;5213,50;5212,00;5213,50;95236915,00;1827
WDOV26;31/08/2026;12:37:00;5212,50;5212,50;5212,00;5212,00;34244430,00;657
WDOV26;31/08/2026;12:36:00;5211,50;5213,00;5211,50;5212,50;167682490,00;3217
WDOV26;31/08/2026;12:35:00;5212,50;5213,00;5211,50;5211,50;82668590,00;1586
WDOV26;31/08/2026;12:34:00;5212,50;5212,50;5211,50;5212,00;62233155,00;1194
WDOV26;31/08/2026;12:33:00;5212,00;5213,50;5211,50;5212,00;197601940,00;3791
WDOV26;31/08/2026;12:32:00;5211,00;5212,00;5210,50;5211,50;94791820,00;1819
WDOV26;31/08/2026;12:31:00;5212,00;5212,00;5210,50;5211,00;181137130,00;3476
WDOV26;31/08/2026;12:30:00;5211,50;5212,00;5210,50;5212,00;256505780,00;4922
WDOV26;31/08/2026;12:29:00;5213,00;5213,50;5211,00;5211,50;433081785,00;8309
WDOV26;31/08/2026;12:28:00;5213,00;5214,00;5213,00;5213,00;42957125,00;824
WDOV26;31/08/2026;12:27:00;5214,50;5214,50;5213,00;5213,00;113548960,00;2178
WDOV26;31/08/2026;12:26:00;5214,50;5215,00;5214,00;5214,50;77644160,00;1489
WDOV26;31/08/2026;12:25:00;5214,00;5215,00;5213,50;5214,50;89113970,00;1709
WDOV26;31/08/2026;12:24:00;5216,00;5216,50;5214,50;5214,50;79797905,00;1530
WDOV26;31/08/2026;12:23:00;5215,50;5216,00;5215,00;5216,00;49807865,00;955
WDOV26;31/08/2026;12:22:00;5215,00;5215,50;5214,50;5215,50;25137655,00;482
WDOV26;31/08/2026;12:21:00;5214,00;5215,00;5214,00;5214,50;37492040,00;719
WDOV26;31/08/2026;12:20:00;5215,50;5216,00;5214,00;5214,00;121457370,00;2329
WDOV26;31/08/2026;12:19:00;5215,50;5216,00;5215,00;5215,50;95652625,00;1834
WDOV26;31/08/2026;12:18:00;5215,00;5216,00;5214,50;5215,00;169079570,00;3242
WDOV26;31/08/2026;12:17:00;5214,50;5215,50;5214,50;5214,50;83751275,00;1606
WDOV26;31/08/2026;12:16:00;5215,00;5215,00;5213,50;5214,50;40932670,00;785
WDOV26;31/08/2026;12:15:00;5215,00;5216,00;5214,00;5214,50;205469290,00;3940
WDOV26;31/08/2026;12:14:00;5215,00;5215,50;5214,50;5214,50;73218565,00;1404
WDOV26;31/08/2026;12:13:00;5214,00;5214,50;5213,00;5214,50;111678605,00;2142
WDOV26;31/08/2026;12:12:00;5214,50;5215,00;5213,00;5214,00;275090295,00;5276
WDOV26;31/08/2026;12:11:00;5215,00;5215,00;5213,50;5215,00;206427775,00;3959
WDOV26;31/08/2026;12:10:00;5216,00;5216,50;5215,00;5215,50;125804735,00;2412
WDOV26;31/08/2026;12:09:00;5217,50;5218,00;5215,00;5216,00;226168270,00;4336
WDOV26;31/08/2026;12:08:00;5216,50;5218,00;5216,00;5217,50;161313070,00;3092
WDOV26;31/08/2026;12:07:00;5215,50;5217,00;5215,50;5216,50;86588150,00;1660
WDOV26;31/08/2026;12:06:00;5218,00;5218,00;5215,50;5215,50;281479240,00;5396
WDOV26;31/08/2026;12:05:00;5217,00;5218,00;5216,50;5218,00;101738815,00;1950
WDOV26;31/08/2026;12:04:00;5217,50;5218,00;5216,00;5216,50;265344085,00;5086
WDOV26;31/08/2026;12:03:00;5217,00;5217,50;5216,00;5217,50;321310905,00;6159
WDOV26;31/08/2026;12:02:00;5216,00;5217,00;5215,00;5216,50;223089775,00;4277
WDOV26;31/08/2026;12:01:00;5215,00;5217,00;5215,00;5216,00;555809430,00;10656
WDOV26;31/08/2026;12:00:00;5215,50;5216,00;5214,00;5214,50;410419460,00;7870
WDOV26;31/08/2026;11:59:00;5216,00;5216,50;5215,50;5216,00;387546910,00;7430
WDOV26;31/08/2026;11:58:00;5216,00;5217,00;5215,00;5216,50;377167910,00;7231
WDOV26;31/08/2026;11:57:00;5216,50;5217,50;5215,50;5216,00;342622395,00;6568
WDOV26;31/08/2026;11:56:00;5216,00;5217,50;5216,00;5216,50;117113605,00;2245
WDOV26;31/08/2026;11:55:00;5216,00;5216,50;5215,00;5216,00;443051385,00;8494
WDOV26;31/08/2026;11:54:00;5215,50;5216,00;5214,50;5216,00;196157230,00;3761
WDOV26;31/08/2026;11:53:00;5217,00;5217,00;5215,00;5215,50;207642695,00;3981
WDOV26;31/08/2026;11:52:00;5216,00;5218,00;5214,00;5216,50;592882295,00;11367
WDOV26;31/08/2026;11:51:00;5219,00;5219,50;5215,00;5215,50;1135537775,00;21770
WDOV26;31/08/2026;11:50:00;5220,00;5221,00;5218,50;5218,50;296458385,00;5679
WDOV26;31/08/2026;11:49:00;5218,50;5220,50;5218,00;5220,00;188153460,00;3605
WDOV26;31/08/2026;11:48:00;5217,00;5219,00;5216,00;5218,50;173001930,00;3316
WDOV26;31/08/2026;11:47:00;5215,50;5218,00;5215,50;5217,00;228307830,00;4376
WDOV26;31/08/2026;11:46:00;5217,00;5218,00;5215,00;5215,50;281896815,00;5404
WDOV26;31/08/2026;11:45:00;5217,00;5217,00;5215,50;5217,00;277354845,00;5317
WDOV26;31/08/2026;11:44:00;5217,00;5218,00;5217,00;5217,00;85723765,00;1643
WDOV26;31/08/2026;11:43:00;5217,00;5218,50;5217,00;5217,50;87501325,00;1677
WDOV26;31/08/2026;11:42:00;5218,50;5218,50;5217,00;5217,00;69919775,00;1340
WDOV26;31/08/2026;11:41:00;5220,00;5220,00;5217,50;5218,00;116324345,00;2229
WDOV26;31/08/2026;11:40:00;5219,00;5221,00;5219,00;5220,00;151697465,00;2906
WDOV26;31/08/2026;11:39:00;5217,50;5219,50;5216,50;5219,00;191341455,00;3667
WDOV26;31/08/2026;11:38:00;5219,50;5219,50;5216,50;5217,50;294107280,00;5637
WDOV26;31/08/2026;11:37:00;5218,00;5219,50;5217,50;5219,50;205549940,00;3939
WDOV26;31/08/2026;11:36:00;5219,00;5219,00;5217,00;5217,50;164573065,00;3154
WDOV26;31/08/2026;11:35:00;5220,50;5220,50;5218,50;5219,00;264364030,00;5065
WDOV26;31/08/2026;11:34:00;5219,50;5221,00;5219,00;5220,50;491361160,00;9413
WDOV26;31/08/2026;11:33:00;5219,00;5219,50;5218,50;5219,00;105736380,00;2026
WDOV26;31/08/2026;11:32:00;5218,00;5219,50;5218,00;5219,50;130786015,00;2506
WDOV26;31/08/2026;11:31:00;5219,50;5219,50;5216,50;5218,50;211429245,00;4052
WDOV26;31/08/2026;11:30:00;5218,50;5219,50;5217,50;5219,50;140379095,00;2690
WDOV26;31/08/2026;11:29:00;5217,00;5219,50;5217,00;5218,00;408213650,00;7822
WDOV26;31/08/2026;11:28:00;5218,00;5219,00;5216,50;5217,50;497118905,00;9527
WDOV26;31/08/2026;11:27:00;5217,50;5218,50;5216,50;5218,00;75601355,00;1449
WDOV26;31/08/2026;11:26:00;5215,00;5217,50;5214,50;5217,50;173591565,00;3328
WDOV26;31/08/2026;11:25:00;5214,00;5215,00;5214,00;5215,00;60539035,00;1161
WDOV26;31/08/2026;11:24:00;5214,50;5215,00;5214,00;5214,00;103975025,00;1994
WDOV26;31/08/2026;11:23:00;5214,50;5215,50;5214,00;5214,50;173651975,00;3330
WDOV26;31/08/2026;11:22:00;5216,00;5216,00;5214,00;5214,50;300840510,00;5769
WDOV26;31/08/2026;11:21:00;5217,00;5217,50;5215,50;5216,00;108136015,00;2073
WDOV26;31/08/2026;11:20:00;5215,50;5217,50;5215,50;5217,00;123011950,00;2358
WDOV26;31/08/2026;11:19:00;5215,50;5216,00;5214,50;5216,00;162766465,00;3121
WDOV26;31/08/2026;11:18:00;5216,50;5216,50;5215,00;5215,50;55809575,00;1070
WDOV26;31/08/2026;11:17:00;5216,50;5216,50;5214,50;5216,00;220093210,00;4220
WDOV26;31/08/2026;11:16:00;5218,00;5218,50;5216,00;5216,50;116337315,00;2230
WDOV26;31/08/2026;11:15:00;5217,00;5219,00;5216,50;5218,50;361563530,00;6929
WDOV26;31/08/2026;11:14:00;5215,50;5218,00;5215,00;5217,00;176127025,00;3376
WDOV26;31/08/2026;11:13:00;5216,50;5217,00;5215,00;5215,50;128103975,00;2456
WDOV26;31/08/2026;11:12:00;5218,00;5218,00;5216,00;5216,00;128770705,00;2468
WDOV26;31/08/2026;11:11:00;5215,50;5218,00;5215,00;5218,00;206168845,00;3952
WDOV26;31/08/2026;11:10:00;5216,00;5216,00;5214,50;5215,00;172726640,00;3312
WDOV26;31/08/2026;11:09:00;5216,00;5216,50;5215,00;5215,50;107078395,00;2053
WDOV26;31/08/2026;11:08:00;5217,50;5217,50;5215,50;5215,50;103904550,00;1992
WDOV26;31/08/2026;11:07:00;5216,00;5217,50;5216,00;5217,50;101673780,00;1949
WDOV26;31/08/2026;11:06:00;5215,00;5217,00;5215,00;5216,00;251880640,00;4829
WDOV26;31/08/2026;11:05:00;5215,50;5216,00;5214,50;5215,00;184052090,00;3529
WDOV26;31/08/2026;11:04:00;5215,50;5216,00;5212,50;5215,00;607624690,00;11654
WDOV26;31/08/2026;11:03:00;5216,00;5216,50;5214,00;5215,00;450950665,00;8647
WDOV26;31/08/2026;11:02:00;5216,50;5216,50;5215,00;5216,00;179007725,00;3432
WDOV26;31/08/2026;11:01:00;5217,50;5218,50;5216,00;5216,00;408262395,00;7825
WDOV26;31/08/2026;11:00:00;5214,00;5218,00;5213,50;5217,00;804520110,00;15424
WDOV26;31/08/2026;10:59:00;5212,50;5214,00;5211,00;5213,50;286012640,00;5487
WDOV26;31/08/2026;10:58:00;5212,00;5214,00;5212,00;5212,00;390807690,00;7497
WDOV26;31/08/2026;10:57:00;5210,50;5213,00;5209,50;5212,00;509367415,00;9774
WDOV26;31/08/2026;10:56:00;5209,50;5210,50;5208,50;5210,50;302934630,00;5815
WDOV26;31/08/2026;10:55:00;5209,50;5210,00;5209,00;5209,00;159979115,00;3071
WDOV26;31/08/2026;10:54:00;5209,00;5209,50;5208,50;5209,50;259714585,00;4986
WDOV26;31/08/2026;10:53:00;5208,50;5209,50;5207,50;5209,00;160323140,00;3078
WDOV26;31/08/2026;10:52:00;5206,50;5209,00;5206,00;5208,00;255751040,00;4911
WDOV26;31/08/2026;10:51:00;5206,50;5207,50;5205,50;5206,50;215708435,00;4143
WDOV26;31/08/2026;10:50:00;5204,50;5206,50;5204,50;5206,50;362357805,00;6961
WDOV26;31/08/2026;10:49:00;5204,00;5204,50;5202,00;5204,50;189712425,00;3646
WDOV26;31/08/2026;10:48:00;5202,00;5204,50;5202,00;5204,00;171231195,00;3291
WDOV26;31/08/2026;10:47:00;5203,50;5204,50;5202,00;5202,00;250808740,00;4820
WDOV26;31/08/2026;10:46:00;5203,50;5206,00;5203,00;5204,00;393707295,00;7565
WDOV26;31/08/2026;10:45:00;5201,00;5204,00;5200,00;5203,50;666746135,00;12817
WDOV26;31/08/2026;10:44:00;5200,00;5201,50;5199,00;5201,00;352933755,00;6787
WDOV26;31/08/2026;10:43:00;5199,50;5200,00;5199,00;5199,50;164249000,00;3159
WDOV26;31/08/2026;10:42:00;5197,00;5200,00;5194,50;5200,00;920583120,00;17715
WDOV26;31/08/2026;10:41:00;5198,00;5199,00;5195,50;5196,50;639986435,00;12315
WDOV26;31/08/2026;10:40:00;5198,50;5199,50;5197,00;5198,00;371316210,00;7143
WDOV26;31/08/2026;10:39:00;5197,00;5199,00;5196,00;5198,50;347433640,00;6685
WDOV26;31/08/2026;10:38:00;5198,00;5198,50;5196,00;5196,50;444585710,00;8554
WDOV26;31/08/2026;10:37:00;5198,00;5200,00;5197,50;5198,00;286395150,00;5509
WDOV26;31/08/2026;10:36:00;5199,50;5199,50;5197,50;5198,50;132868635,00;2556
WDOV26;31/08/2026;10:35:00;5200,50;5201,00;5196,00;5199,50;716976130,00;13793
WDOV26;31/08/2026;10:34:00;5199,50;5201,00;5199,00;5201,00;226142840,00;4349
WDOV26;31/08/2026;10:33:00;5202,00;5202,00;5198,50;5199,00;328171530,00;6311
WDOV26;31/08/2026;10:32:00;5201,00;5203,50;5200,50;5202,50;393112030,00;7557
WDOV26;31/08/2026;10:31:00;5199,00;5202,00;5198,50;5201,00;285605805,00;5492
WDOV26;31/08/2026;10:30:00;5202,50;5202,50;5198,00;5199,00;954128520,00;18349
WDOV26;31/08/2026;10:29:00;5203,00;5203,50;5201,00;5202,00;298544315,00;5739
WDOV26;31/08/2026;10:28:00;5203,50;5204,50;5202,50;5203,00;445985720,00;8571
WDOV26;31/08/2026;10:27:00;5206,50;5207,00;5203,50;5203,50;505833265,00;9718
WDOV26;31/08/2026;10:26:00;5209,50;5209,50;5205,50;5206,50;459740500,00;8830
WDOV26;31/08/2026;10:25:00;5210,00;5210,00;5209,00;5209,00;53709050,00;1031
WDOV26;31/08/2026;10:24:00;5209,50;5210,50;5209,00;5210,00;95704665,00;1837
WDOV26;31/08/2026;10:23:00;5210,50;5211,00;5209,00;5209,50;147806685,00;2837
WDOV26;31/08/2026;10:22:00;5209,50;5211,00;5209,50;5210,50;234981570,00;4510
WDOV26;31/08/2026;10:21:00;5209,50;5210,00;5209,00;5209,00;104862730,00;2013
WDOV26;31/08/2026;10:20:00;5209,00;5210,00;5208,50;5209,00;80119095,00;1538
WDOV26;31/08/2026;10:19:00;5209,50;5210,50;5209,00;5209,00;159674685,00;3065
WDOV26;31/08/2026;10:18:00;5211,00;5211,00;5209,00;5209,50;162659095,00;3122
WDOV26;31/08/2026;10:17:00;5211,50;5211,50;5209,50;5210,50;275704475,00;5291
WDOV26;31/08/2026;10:16:00;5208,50;5211,50;5208,50;5211,50;391288885,00;7510
WDOV26;31/08/2026;10:15:00;5209,00;5210,00;5208,50;5208,50;83506790,00;1603
WDOV26;31/08/2026;10:14:00;5208,50;5210,00;5208,50;5209,50;183575695,00;3524
WDOV26;31/08/2026;10:13:00;5209,00;5209,50;5208,50;5208,50;204445350,00;3925
WDOV26;31/08/2026;10:12:00;5209,50;5210,00;5208,00;5209,00;282833590,00;5430
WDOV26;31/08/2026;10:11:00;5210,50;5211,50;5209,00;5209,50;209813800,00;4027
WDOV26;31/08/2026;10:10:00;5209,50;5210,50;5207,00;5210,50;582311085,00;11179
WDOV26;31/08/2026;10:09:00;5208,00;5210,50;5208,00;5210,00;424962225,00;8158
WDOV26;31/08/2026;10:08:00;5216,00;5216,00;5208,00;5208,50;1140275140,00;21881
WDOV26;31/08/2026;10:07:00;5213,50;5216,00;5213,50;5216,00;380409820,00;7295
WDOV26;31/08/2026;10:06:00;5215,00;5215,50;5213,50;5213,50;337543595,00;6473
WDOV26;31/08/2026;10:05:00;5213,50;5215,00;5213,50;5215,00;91817500,00;1761
WDOV26;31/08/2026;10:04:00;5213,50;5214,50;5213,00;5213,00;233361955,00;4476
WDOV26;31/08/2026;10:03:00;5213,50;5215,00;5212,50;5213,50;223045475,00;4278
WDOV26;31/08/2026;10:02:00;5214,50;5215,50;5212,00;5214,00;377430095,00;7240
WDOV26;31/08/2026;10:01:00;5215,00;5217,00;5214,50;5214,50;327648650,00;6282
WDOV26;31/08/2026;10:00:00;5214,50;5215,00;5213,50;5215,00;311616775,00;5976
WDOV26;31/08/2026;09:59:00;5212,50;5215,50;5212,00;5214,50;466601685,00;8949
WDOV26;31/08/2026;09:58:00;5211,50;5212,50;5210,00;5212,50;167114965,00;3207
WDOV26;31/08/2026;09:57:00;5211,00;5211,50;5210,00;5211,50;91084905,00;1748
WDOV26;31/08/2026;09:56:00;5209,00;5211,50;5209,00;5211,00;300295190,00;5763
WDOV26;31/08/2026;09:55:00;5210,00;5210,00;5208,50;5209,00;173358170,00;3328
WDOV26;31/08/2026;09:54:00;5210,00;5210,00;5209,00;5210,00;285068070,00;5472
WDOV26;31/08/2026;09:53:00;5209,50;5210,00;5207,00;5210,00;312927575,00;6008
WDOV26;31/08/2026;09:52:00;5209,50;5210,00;5209,00;5209,00;43445340,00;834
WDOV26;31/08/2026;09:51:00;5209,50;5210,00;5208,00;5209,50;300882615,00;5776
WDOV26;31/08/2026;09:50:00;5212,00;5212,50;5209,50;5209,50;239909320,00;4604
WDOV26;31/08/2026;09:49:00;5215,00;5215,00;5211,50;5212,00;303071285,00;5814
WDOV26;31/08/2026;09:48:00;5214,00;5215,00;5213,00;5214,50;221443420,00;4247
WDOV26;31/08/2026;09:47:00;5211,00;5215,00;5211,00;5214,50;409472885,00;7854
WDOV26;31/08/2026;09:46:00;5211,00;5213,00;5211,00;5211,00;349660685,00;6709
WDOV26;31/08/2026;09:45:00;5212,00;5212,50;5210,00;5211,50;212451840,00;4077
WDOV26;31/08/2026;09:44:00;5212,00;5212,50;5210,50;5212,00;173954675,00;3338
WDOV26;31/08/2026;09:43:00;5209,00;5212,50;5209,00;5211,50;279608655,00;5366
WDOV26;31/08/2026;09:42:00;5210,00;5211,00;5209,00;5209,50;170719605,00;3277
WDOV26;31/08/2026;09:41:00;5211,00;5211,00;5207,50;5210,00;485664780,00;9324
WDOV26;31/08/2026;09:40:00;5209,00;5212,50;5208,50;5211,00;575949430,00;11053
WDOV26;31/08/2026;09:39:00;5206,50;5210,00;5206,50;5209,50;650470265,00;12488
WDOV26;31/08/2026;09:38:00;5205,00;5208,00;5203,50;5207,00;894506395,00;17182
WDOV26;31/08/2026;09:37:00;5203,50;5205,00;5203,00;5205,00;321935735,00;6186
WDOV26;31/08/2026;09:36:00;5202,50;5204,00;5202,00;5203,00;165454465,00;3180
WDOV26;31/08/2026;09:35:00;5200,00;5202,50;5200,00;5202,50;164261450,00;3158
WDOV26;31/08/2026;09:34:00;5203,00;5203,50;5200,00;5200,00;294060855,00;5653
WDOV26;31/08/2026;09:33:00;5201,00;5203,50;5201,00;5203,00;133438225,00;2565
WDOV26;31/08/2026;09:32:00;5203,50;5203,50;5201,00;5201,50;144357920,00;2775
WDOV26;31/08/2026;09:31:00;5202,00;5203,50;5202,00;5203,50;193718965,00;3723
WDOV26;31/08/2026;09:30:00;5203,50;5206,00;5202,00;5202,00;568605475,00;10926
WDOV26;31/08/2026;09:29:00;5204,00;5204,50;5203,00;5203,50;155696635,00;2992
WDOV26;31/08/2026;09:28:00;5203,00;5204,50;5202,50;5203,50;162600740,00;3125
WDOV26;31/08/2026;09:27:00;5204,00;5205,00;5202,50;5203,00;340270640,00;6539
WDOV26;31/08/2026;09:26:00;5204,50;5205,00;5202,00;5204,50;506403975,00;9732
WDOV26;31/08/2026;09:25:00;5199,50;5204,50;5199,00;5204,50;614633870,00;11816
WDOV26;31/08/2026;09:24:00;5201,00;5201,00;5199,00;5199,50;179768785,00;3457
WDOV26;31/08/2026;09:23:00;5199,50;5201,00;5199,00;5200,50;234820950,00;4516
WDOV26;31/08/2026;09:22:00;5201,00;5201,50;5199,50;5199,50;318624230,00;6127
WDOV26;31/08/2026;09:21:00;5201,50;5202,00;5200,50;5201,00;126441725,00;2431
WDOV26;31/08/2026;09:20:00;5202,00;5203,00;5200,00;5201,50;220388815,00;4237
WDOV26;31/08/2026;09:19:00;5201,00;5204,00;5200,50;5202,50;238074670,00;4576
WDOV26;31/08/2026;09:18:00;5202,50;5203,50;5200,00;5201,00;218910400,00;4208
WDOV26;31/08/2026;09:17:00;5202,50;5203,00;5199,50;5202,50;277966920,00;5344
WDOV26;31/08/2026;09:16:00;5201,00;5203,00;5200,50;5202,50;330451230,00;6353
WDOV26;31/08/2026;09:15:00;5201,50;5201,50;5199,00;5201,00;385320040,00;7410
WDOV26;31/08/2026;09:14:00;5200,50;5203,00;5200,50;5201,00;337903415,00;6496
WDOV26;31/08/2026;09:13:00;5202,00;5202,50;5200,50;5200,50;268298115,00;5158
WDOV26;31/08/2026;09:12:00;5203,50;5204,00;5201,50;5202,00;411883720,00;7917
WDOV26;31/08/2026;09:11:00;5207,00;5207,50;5203,50;5203,50;465667845,00;8946
WDOV26;31/08/2026;09:10:00;5206,50;5208,00;5206,00;5207,00;325024535,00;6242
WDOV26;31/08/2026;09:09:00;5207,50;5213,00;5206,00;5207,00;854300710,00;16398
WDOV26;31/08/2026;09:08:00;5207,50;5207,50;5205,00;5207,50;147755745,00;2838
WDOV26;31/08/2026;09:07:00;5206,00;5208,50;5205,50;5207,00;390302850,00;7495
WDOV26;31/08/2026;09:06:00;5206,00;5208,00;5204,00;5206,00;334259665,00;6421
WDOV26;31/08/2026;09:05:00;5206,00;5208,00;5205,00;5205,50;415439140,00;7979
WDOV26;31/08/2026;09:04:00;5211,00;5211,00;5205,00;5206,00;822611340,00;15798
WDOV26;31/08/2026;09:03:00;5212,00;5213,00;5209,50;5211,00;602833095,00;11568
WDOV26;31/08/2026;09:02:00;5211,00;5213,00;5210,00;5211,50;397531380,00;7628
WDOV26;31/08/2026;09:01:00;5217,50;5219,50;5210,50;5210,50;1188315885,00;22787
WDOV26;31/08/2026;09:00:00;5219,50;5221,00;5217,00;5217,50;238559740,00;4571
WDOV26;28/08/2026;18:29:00;5222,50;5225,50;5222,00;5222,50;16820900,00;322
WDOV26;28/08/2026;18:28:00;5222,50;5222,50;5222,50;5222,50;3133500,00;60
WDOV26;28/08/2026;18:27:00;5223,50;5223,50;5222,50;5222,50;3708120,00;71
WDOV26;28/08/2026;18:26:00;5223,00;5223,00;5222,50;5223,00;626720,00;12
WDOV26;28/08/2026;18:25:00;5223,00;5224,00;5222,50;5223,00;38235120,00;732
WDOV26;28/08/2026;18:24:00;5224,00;5224,00;5223,50;5223,50;5537305,00;106
WDOV26;28/08/2026;18:23:00;5223,00;5223,50;5223,00;5223,50;4074195,00;78
WDOV26;28/08/2026;18:22:00;5222,50;5224,00;5222,50;5224,00;2768380,00;53
WDOV26;28/08/2026;18:21:00;5224,00;5224,00;5222,50;5223,00;4022045,00;77
WDOV26;28/08/2026;18:20:00;5225,00;5225,00;5224,00;5225,00;4911095,00;94
WDOV26;28/08/2026;18:19:00;5225,00;5225,00;5225,00;5225,00;209000,00;4
WDOV26;28/08/2026;18:18:00;5225,50;5225,50;5224,00;5224,50;2142150,00;41
WDOV26;28/08/2026;18:17:00;5225,00;5226,50;5225,00;5225,00;17923870,00;343
WDOV26;28/08/2026;18:16:00;5226,00;5226,00;5225,00;5225,00;4703070,00;90
WDOV26;28/08/2026;18:15:00;5225,50;5227,00;5225,50;5226,50;8048275,00;154
WDOV26;28/08/2026;18:14:00;5227,00;5227,00;5225,00;5226,00;6688690,00;128
WDOV26;28/08/2026;18:13:00;5227,00;5227,00;5227,00;5227,00;365890,00;7
WDOV26;28/08/2026;18:12:00;5227,00;5227,00;5226,50;5227,00;3972230,00;76
WDOV26;28/08/2026;18:11:00;5228,50;5228,50;5226,50;5227,00;5018425,00;96
WDOV26;28/08/2026;18:10:00;5230,50;5230,50;5227,00;5228,00;20706065,00;396
WDOV26;28/08/2026;18:09:00;5231,50;5231,50;5231,50;5231,50;261575,00;5
WDOV26;28/08/2026;18:08:00;5232,00;5232,00;5231,50;5231,50;5493080,00;105
WDOV26;28/08/2026;18:07:00;5231,50;5231,50;5231,50;5231,50;261575,00;5
WDOV26;28/08/2026;18:06:00;5230,50;5231,50;5230,50;5231,50;8997675,00;172
WDOV26;28/08/2026;18:05:00;5230,50;5230,50;5230,50;5230,50;104610,00;2
WDOV26;28/08/2026;18:04:00;5230,50;5231,00;5230,50;5231,00;941500,00;18
WDOV26;28/08/2026;18:03:00;5231,50;5232,00;5231,00;5231,00;2458725,00;47
WDOV26;28/08/2026;18:02:00;5230,50;5232,00;5230,50;5232,00;10462765,00;200
WDOV26;28/08/2026;18:01:00;5231,00;5231,50;5230,50;5230,50;11089720,00;212
WDOV26;28/08/2026;18:00:00;5231,50;5232,00;5231,00;5231,00;2040205,00;39
WDOV26;28/08/2026;17:59:00;5231,00;5232,00;5231,00;5231,50;6592160,00;126
WDOV26;28/08/2026;17:58:00;5230,50;5232,00;5230,50;5232,00;4341985,00;83
WDOV26;28/08/2026;17:57:00;5232,00;5232,00;5231,00;5231,00;5388080,00;103
WDOV26;28/08/2026;17:56:00;5232,50;5233,00;5231,50;5231,50;30242995,00;578
WDOV26;28/08/2026;17:55:00;5232,00;5233,00;5232,00;5232,50;22289250,00;426
WDOV26;28/08/2026;17:54:00;5232,00;5232,50;5232,00;5232,00;21189615,00;405
WDOV26;28/08/2026;17:53:00;5232,00;5232,00;5231,50;5232,00;4761110,00;91
WDOV26;28/08/2026;17:52:00;5232,00;5232,00;5232,00;5232,00;104640,00;2
WDOV26;28/08/2026;17:51:00;5232,50;5232,50;5232,00;5232,50;209295,00;4
WDOV26;28/08/2026;17:50:00;5231,50;5232,00;5231,50;5232,00;1360270,00;26
WDOV26;28/08/2026;17:49:00;5231,50;5232,00;5231,50;5232,00;1412515,00;27
WDOV26;28/08/2026;17:48:00;5232,00;5232,00;5231,50;5231,50;1674105,00;32
WDOV26;28/08/2026;17:47:00;5232,50;5232,50;5232,00;5232,00;837125,00;16
WDOV26;28/08/2026;17:46:00;5233,00;5233,00;5232,00;5232,00;627900,00;12
WDOV26;28/08/2026;17:45:00;5233,00;5233,00;5232,50;5232,50;7744350,00;148
WDOV26;28/08/2026;17:44:00;5233,50;5233,50;5233,00;5233,00;3506375,00;67
WDOV26;28/08/2026;17:43:00;5232,50;5234,00;5232,00;5234,00;7797925,00;149
WDOV26;28/08/2026;17:42:00;5232,50;5232,50;5232,00;5232,50;8528435,00;163
WDOV26;28/08/2026;17:41:00;5232,00;5232,00;5232,00;5232,00;313920,00;6
WDOV26;28/08/2026;17:40:00;5232,00;5232,00;5231,00;5232,00;2720335,00;52
WDOV26;28/08/2026;17:39:00;5231,50;5232,00;5231,50;5231,50;1360205,00;26
WDOV26;28/08/2026;17:38:00;5231,00;5232,00;5230,50;5231,50;7690200,00;147
WDOV26;28/08/2026;17:37:00;5230,50;5231,50;5230,50;5231,50;3452610,00;66
WDOV26;28/08/2026;17:36:00;5231,50;5231,50;5230,50;5231,50;1255415,00;24
WDOV26;28/08/2026;17:35:00;5231,50;5232,00;5231,00;5231,50;5231470,00;100
WDOV26;28/08/2026;17:34:00;5232,00;5232,00;5231,00;5231,00;627795,00;12
WDOV26;28/08/2026;17:33:00;5232,00;5232,50;5231,50;5231,50;1412655,00;27
WDOV26;28/08/2026;17:32:00;5231,50;5232,00;5231,50;5232,00;2302055,00;44
WDOV26;28/08/2026;17:31:00;5231,50;5232,50;5231,50;5231,50;27675870,00;529
WDOV26;28/08/2026;17:30:00;5233,00;5233,00;5231,50;5231,50;35731460,00;683
WDOV26;28/08/2026;17:29:00;5235,00;5235,00;5233,50;5233,50;7955600,00;152
WDOV26;28/08/2026;17:28:00;5234,50;5235,00;5234,00;5235,00;12772020,00;244
WDOV26;28/08/2026;17:27:00;5234,50;5235,00;5234,00;5234,50;9317080,00;178
WDOV26;28/08/2026;17:26:00;5234,50;5234,50;5234,50;5234,50;11097140,00;212
WDOV26;28/08/2026;17:25:00;5234,50;5234,50;5234,00;5234,50;418755,00;8
WDOV26;28/08/2026;17:24:00;5234,00;5234,50;5234,00;5234,50;2669590,00;51
WDOV26;28/08/2026;17:23:00;5234,00;5234,00;5234,00;5234,00;5914420,00;113
WDOV26;28/08/2026;17:22:00;5234,50;5235,50;5234,00;5234,00;16592935,00;317
WDOV26;28/08/2026;17:21:00;5235,00;5235,00;5234,50;5234,50;3140855,00;60
WDOV26;28/08/2026;17:20:00;5233,50;5234,50;5233,50;5234,50;7693575,00;147
WDOV26;28/08/2026;17:19:00;5233,50;5233,50;5233,50;5233,50;52335,00;1
WDOV26;28/08/2026;17:18:00;5233,50;5234,50;5233,00;5233,00;6803585,00;130
WDOV26;28/08/2026;17:17:00;5233,50;5234,00;5233,50;5234,00;3715915,00;71
WDOV26;28/08/2026;17:16:00;5232,50;5233,50;5232,50;5233,50;18943150,00;362
WDOV26;28/08/2026;17:15:00;5234,00;5234,00;5232,50;5233,00;4709910,00;90
WDOV26;28/08/2026;17:14:00;5234,00;5234,00;5233,50;5234,00;2302910,00;44
WDOV26;28/08/2026;17:13:00;5234,00;5234,00;5234,00;5234,00;1046800,00;20
WDOV26;28/08/2026;17:12:00;5234,00;5234,00;5233,50;5233,50;785060,00;15
WDOV26;28/08/2026;17:11:00;5234,00;5234,00;5233,50;5234,00;9839900,00;188
WDOV26;28/08/2026;17:10:00;5234,00;5234,00;5233,50;5234,00;40825140,00;780
WDOV26;28/08/2026;17:09:00;5236,50;5236,50;5234,50;5234,50;1989470,00;38
WDOV26;28/08/2026;17:08:00;5236,00;5236,50;5235,00;5236,00;5549835,00;106
WDOV26;28/08/2026;17:07:00;5235,00;5236,50;5235,00;5235,50;3979465,00;76
WDOV26;28/08/2026;17:06:00;5236,00;5236,50;5235,00;5235,50;1204140,00;23
WDOV26;28/08/2026;17:05:00;5236,00;5236,50;5236,00;5236,00;418895,00;8
WDOV26;28/08/2026;17:04:00;5235,00;5236,00;5235,00;5236,00;2198900,00;42
WDOV26;28/08/2026;17:03:00;5233,50;5236,00;5233,50;5235,50;2460535,00;47
WDOV26;28/08/2026;17:02:00;5233,00;5234,50;5233,00;5234,50;4448460,00;85
WDOV26;28/08/2026;17:01:00;5233,00;5234,00;5233,00;5233,00;40138970,00;767
WDOV26;28/08/2026;17:00:00;5233,00;5233,50;5232,50;5233,00;39038970,00;746
WDOV26;28/08/2026;16:59:00;5233,50;5233,50;5232,00;5233,00;7221315,00;138
WDOV26;28/08/2026;16:58:00;5234,00;5234,00;5233,00;5233,50;2250430,00;43
WDOV26;28/08/2026;16:57:00;5233,00;5234,00;5232,50;5234,00;28730775,00;549
WDOV26;28/08/2026;16:56:00;5234,00;5234,00;5233,00;5233,00;2930800,00;56
WDOV26;28/08/2026;16:55:00;5234,00;5234,50;5233,00;5234,00;30410100,00;581
WDOV26;28/08/2026;16:54:00;5234,50;5235,00;5234,00;5235,00;6280960,00;120
WDOV26;28/08/2026;16:53:00;5235,00;5235,00;5234,50;5234,50;22979505,00;439
WDOV26;28/08/2026;16:52:00;5235,50;5235,50;5235,00;5235,00;14291720,00;273
WDOV26;28/08/2026;16:51:00;5235,00;5235,50;5235,00;5235,50;1047080,00;20
WDOV26;28/08/2026;16:50:00;5236,00;5236,00;5235,00;5235,00;10156040,00;194
WDOV26;28/08/2026;16:49:00;5237,00;5237,00;5235,50;5236,00;4450910,00;85
WDOV26;28/08/2026;16:48:00;5236,50;5237,00;5236,00;5237,00;5655480,00;108
WDOV26;28/08/2026;16:47:00;5235,50;5236,00;5235,50;5235,50;7120475,00;136
WDOV26;28/08/2026;16:46:00;5235,00;5235,50;5234,50;5235,50;4973305,00;95
WDOV26;28/08/2026;16:45:00;5235,50;5235,50;5234,50;5234,50;3978755,00;76
WDOV26;28/08/2026;16:44:00;5235,00;5235,50;5235,00;5235,50;3193385,00;61
WDOV26;28/08/2026;16:43:00;5236,00;5236,00;5235,00;5235,00;1047090,00;20
WDOV26;28/08/2026;16:42:00;5234,00;5237,00;5233,50;5236,50;21566515,00;412
WDOV26;28/08/2026;16:41:00;5236,00;5236,00;5234,00;5234,50;9423165,00;180
WDOV26;28/08/2026;16:40:00;5237,50;5237,50;5235,50;5235,50;21574805,00;412
WDOV26;28/08/2026;16:39:00;5238,00;5238,00;5237,50;5237,50;3980735,00;76
WDOV26;28/08/2026;16:38:00;5238,50;5238,50;5238,00;5238,00;1047685,00;20
WDOV26;28/08/2026;16:37:00;5239,00;5239,50;5238,50;5238,50;3719630,00;71
WDOV26;28/08/2026;16:36:00;5239,00;5239,00;5238,00;5238,50;6128960,00;117
WDOV26;28/08/2026;16:35:00;5238,00;5239,00;5238,00;5238,50;4557465,00;87
WDOV26;28/08/2026;16:34:00;5238,00;5238,50;5237,50;5237,50;2304890,00;44
WDOV26;28/08/2026;16:33:00;5239,00;5239,00;5238,00;5238,00;942885,00;18
WDOV26;28/08/2026;16:32:00;5239,00;5239,00;5239,00;5239,00;1100190,00;21
WDOV26;28/08/2026;16:31:00;5239,00;5239,00;5239,00;5239,00;3091010,00;59
WDOV26;28/08/2026;16:30:00;5238,50;5239,50;5238,50;5239,00;19331755,00;369
WDOV26;28/08/2026;16:29:00;5239,00;5239,00;5238,00;5238,00;1257140,00;24
WDOV26;28/08/2026;16:28:00;5239,00;5239,50;5238,50;5238,50;8434910,00;161
WDOV26;28/08/2026;16:27:00;5239,50;5239,50;5239,00;5239,50;9745405,00;186
WDOV26;28/08/2026;16:26:00;5239,50;5240,00;5239,50;5239,50;2252995,00;43
WDOV26;28/08/2026;16:25:00;5240,00;5240,00;5239,00;5240,00;2934320,00;56
WDOV26;28/08/2026;16:24:00;5241,00;5241,00;5240,00;5240,50;2305705,00;44
WDOV26;28/08/2026;16:23:00;5241,00;5241,00;5240,50;5240,50;4087890,00;78
WDOV26;28/08/2026;16:22:00;5241,00;5241,50;5240,50;5241,00;1048185,00;20
WDOV26;28/08/2026;16:21:00;5240,50;5241,50;5239,50;5241,00;3982545,00;76
WDOV26;28/08/2026;16:20:00;5241,50;5241,50;5240,00;5241,00;5397815,00;103
WDOV26;28/08/2026;16:19:00;5241,50;5241,50;5241,00;5241,00;3197280,00;61
WDOV26;28/08/2026;16:18:00;5240,50;5242,00;5240,00;5242,00;9957850,00;190
WDOV26;28/08/2026;16:17:00;5241,00;5241,50;5241,00;5241,00;3878370,00;74
WDOV26;28/08/2026;16:16:00;5241,50;5242,00;5240,50;5240,50;7128685,00;136
WDOV26;28/08/2026;16:15:00;5242,50;5242,50;5241,50;5241,50;32290140,00;616
WDOV26;28/08/2026;16:14:00;5242,00;5242,50;5242,00;5242,00;23799440,00;454
WDOV26;28/08/2026;16:13:00;5243,00;5243,00;5242,00;5242,00;9803455,00;187
WDOV26;28/08/2026;16:12:00;5242,00;5243,50;5242,00;5243,00;4613140,00;88
WDOV26;28/08/2026;16:11:00;5241,50;5241,50;5241,50;5241,50;11636130,00;222
WDOV26;28/08/2026;16:10:00;5241,50;5241,50;5241,00;5241,00;1362770,00;26
WDOV26;28/08/2026;16:09:00;5242,00;5242,00;5241,00;5241,00;733820,00;14
WDOV26;28/08/2026;16:08:00;5243,00;5243,00;5241,50;5241,50;1048460,00;20
WDOV26;28/08/2026;16:07:00;5243,00;5243,00;5243,00;5243,00;471870,00;9
WDOV26;28/08/2026;16:06:00;5242,00;5243,50;5242,00;5242,50;41469885,00;791
WDOV26;28/08/2026;16:05:00;5242,50;5242,50;5241,50;5242,00;13628770,00;260
WDOV26;28/08/2026;16:04:00;5243,00;5243,00;5242,00;5243,00;7654175,00;146
WDOV26;28/08/2026;16:03:00;5242,50;5243,00;5242,50;5243,00;4875695,00;93
WDOV26;28/08/2026;16:02:00;5241,50;5243,50;5241,50;5243,00;18191195,00;347
WDOV26;28/08/2026;16:01:00;5241,50;5242,50;5240,50;5242,00;25999950,00;496
WDOV26;28/08/2026;16:00:00;5242,00;5242,50;5240,50;5241,50;24214245,00;462
WDOV26;28/08/2026;15:59:00;5243,00;5243,00;5241,00;5242,00;124956360,00;2384
WDOV26;28/08/2026;15:58:00;5243,50;5244,50;5241,50;5243,00;52953610,00;1010
WDOV26;28/08/2026;15:57:00;5242,50;5244,00;5242,50;5243,50;51281495,00;978
WDOV26;28/08/2026;15:56:00;5244,00;5244,00;5242,50;5243,00;70257465,00;1340
WDOV26;28/08/2026;15:55:00;5244,00;5245,00;5243,00;5244,00;26744340,00;510
WDOV26;28/08/2026;15:54:00;5244,00;5244,50;5243,50;5244,50;10330300,00;197
WDOV26;28/08/2026;15:53:00;5244,00;5244,00;5243,50;5244,00;23439285,00;447
WDOV26;28/08/2026;15:52:00;5243,50;5245,00;5243,00;5244,00;64496480,00;1230
WDOV26;28/08/2026;15:51:00;5244,00;5244,50;5243,00;5243,50;17776395,00;339
WDOV26;28/08/2026;15:50:00;5244,00;5245,00;5243,50;5244,00;10540780,00;201
WDOV26;28/08/2026;15:49:00;5245,50;5245,50;5244,50;5244,50;1625950,00;31
WDOV26;28/08/2026;15:48:00;5245,00;5246,00;5245,00;5245,50;839315,00;16
WDOV26;28/08/2026;15:47:00;5244,00;5245,50;5244,00;5244,50;8705975,00;166
WDOV26;28/08/2026;15:46:00;5243,50;5244,00;5243,00;5243,50;11797870,00;225
WDOV26;28/08/2026;15:45:00;5243,50;5244,00;5243,00;5243,00;6763895,00;129
WDOV26;28/08/2026;15:44:00;5244,50;5244,50;5243,00;5243,50;2307330,00;44
WDOV26;28/08/2026;15:43:00;5245,00;5245,00;5244,50;5244,50;5139970,00;98
WDOV26;28/08/2026;15:42:00;5245,00;5245,50;5244,00;5245,00;53968280,00;1029
WDOV26;28/08/2026;15:41:00;5243,00;5244,50;5243,00;5244,50;2359690,00;45
WDOV26;28/08/2026;15:40:00;5244,00;5245,00;5243,50;5243,50;1730490,00;33
WDOV26;28/08/2026;15:39:00;5243,00;5243,50;5241,50;5243,50;8387900,00;160
WDOV26;28/08/2026;15:38:00;5244,00;5244,00;5243,00;5243,00;3513040,00;67
WDOV26;28/08/2026;15:37:00;5244,00;5244,50;5243,50;5244,00;2726925,00;52
WDOV26;28/08/2026;15:36:00;5244,00;5244,00;5243,00;5244,00;16726530,00;319
WDOV26;28/08/2026;15:35:00;5243,50;5244,00;5242,50;5243,50;2936355,00;56
WDOV26;28/08/2026;15:34:00;5243,50;5243,50;5242,50;5243,50;66848270,00;1275
WDOV26;28/08/2026;15:33:00;5245,50;5246,00;5242,50;5243,50;33565960,00;640
WDOV26;28/08/2026;15:32:00;5246,50;5247,00;5244,50;5245,00;38083375,00;726
WDOV26;28/08/2026;15:31:00;5248,00;5248,00;5246,50;5246,50;1889040,00;36
WDOV26;28/08/2026;15:30:00;5249,50;5249,50;5248,00;5248,00;11443145,00;218
WDOV26;28/08/2026;15:29:00;5248,00;5249,50;5248,00;5249,00;57000690,00;1086
WDOV26;28/08/2026;15:28:00;5247,50;5248,00;5247,00;5247,50;1731710,00;33
WDOV26;28/08/2026;15:27:00;5246,50;5247,00;5246,00;5247,00;6347900,00;121
WDOV26;28/08/2026;15:26:00;5249,00;5249,00;5246,00;5246,50;9498495,00;181
WDOV26;28/08/2026;15:25:00;5250,50;5250,50;5249,00;5249,00;8976140,00;171
WDOV26;28/08/2026;15:24:00;5250,50;5250,50;5250,50;5250,50;630060,00;12
WDOV26;28/08/2026;15:23:00;5250,00;5250,50;5249,50;5250,00;4252330,00;81
WDOV26;28/08/2026;15:22:00;5249,50;5250,50;5249,50;5250,00;3622735,00;69
WDOV26;28/08/2026;15:21:00;5250,50;5250,50;5250,00;5250,50;945045,00;18
WDOV26;28/08/2026;15:20:00;5250,50;5251,00;5250,00;5250,00;420045,00;8
WDOV26;28/08/2026;15:19:00;5250,00;5251,50;5250,00;5251,00;6721115,00;128
WDOV26;28/08/2026;15:18:00;5250,00;5250,00;5248,50;5249,50;10971170,00;209
WDOV26;28/08/2026;15:17:00;5250,50;5250,50;5249,50;5249,50;3255230,00;62
WDOV26;28/08/2026;15:16:00;5250,50;5251,00;5249,00;5250,00;4304680,00;82
WDOV26;28/08/2026;15:14:00;5251,50;5252,50;5250,50;5251,00;20005820,00;381
WDOV26;28/08/2026;15:13:00;5250,50;5251,50;5250,50;5251,50;2205330,00;42
WDOV26;28/08/2026;15:12:00;5250,50;5251,00;5250,00;5250,50;1470100,00;28
WDOV26;28/08/2026;15:11:00;5251,00;5251,00;5250,00;5250,50;5565605,00;106
WDOV26;28/08/2026;15:10:00;5251,50;5252,00;5251,50;5251,50;11658425,00;222
WDOV26;28/08/2026;15:09:00;5253,00;5253,50;5252,00;5252,00;3099440,00;59
WDOV26;28/08/2026;15:08:00;5253,50;5253,50;5253,50;5253,50;157605,00;3
WDOV26;28/08/2026;15:07:00;5252,50;5252,50;5251,50;5252,50;5672240,00;108
WDOV26;28/08/2026;15:06:00;5253,00;5254,00;5253,00;5253,50;2731725,00;52
WDOV26;28/08/2026;15:05:00;5252,50;5254,00;5250,00;5253,50;10503580,00;200
WDOV26;28/08/2026;15:04:00;5251,50;5253,00;5251,00;5252,50;60775850,00;1157
WDOV26;28/08/2026;15:03:00;5250,00;5252,00;5249,50;5251,00;64800340,00;1234
WDOV26;28/08/2026;15:02:00;5250,00;5250,50;5249,50;5250,00;4147525,00;79
WDOV26;28/08/2026;15:01:00;5251,00;5251,00;5249,50;5250,00;4515310,00;86
WDOV26;28/08/2026;15:00:00;5250,50;5251,00;5250,50;5251,00;892600,00;17
WDOV26;28/08/2026;14:59:00;5251,00;5251,00;5250,50;5250,50;1732720,00;33
WDOV26;28/08/2026;14:58:00;5251,50;5251,50;5251,00;5251,00;420110,00;8
WDOV26;28/08/2026;14:57:00;5252,50;5252,50;5251,00;5251,00;3256210,00;62
WDOV26;28/08/2026;14:56:00;5252,00;5252,00;5251,50;5251,50;2678315,00;51
WDOV26;28/08/2026;14:55:00;5251,00;5252,00;5251,00;5252,00;14704425,00;280
WDOV26;28/08/2026;14:54:00;5250,00;5251,00;5250,00;5250,50;27667790,00;527
WDOV26;28/08/2026;14:53:00;5249,50;5250,00;5249,00;5249,00;3149635,00;60
WDOV26;28/08/2026;14:52:00;5251,00;5251,00;5248,50;5249,50;44623455,00;850
WDOV26;28/08/2026;14:51:00;5251,50;5251,50;5251,00;5251,00;5986255,00;114
WDOV26;28/08/2026;14:50:00;5252,00;5252,50;5250,50;5250,50;8874780,00;169
WDOV26;28/08/2026;14:49:00;5253,00;5253,00;5251,50;5251,50;1260510,00;24
WDOV26;28/08/2026;14:48:00;5253,00;5253,00;5252,00;5252,00;10294895,00;196
WDOV26;28/08/2026;14:47:00;5253,50;5253,50;5252,00;5252,50;1838340,00;35
WDOV26;28/08/2026;14:46:00;5254,00;5254,50;5253,00;5253,00;3782900,00;72
WDOV26;28/08/2026;14:45:00;5254,50;5254,50;5254,00;5254,00;630510,00;12
WDOV26;28/08/2026;14:44:00;5255,00;5255,00;5254,00;5254,00;1313655,00;25
WDOV26;28/08/2026;14:43:00;5254,50;5255,00;5254,50;5255,00;4151405,00;79
WDOV26;28/08/2026;14:42:00;5256,00;5256,00;5254,50;5254,50;2627725,00;50
WDOV26;28/08/2026;14:41:00;5258,50;5259,00;5256,00;5256,00;9095585,00;173
WDOV26;28/08/2026;14:40:00;5257,00;5258,00;5256,50;5258,00;1261710,00;24
WDOV26;28/08/2026;14:39:00;5255,00;5256,50;5255,00;5256,50;6727600,00;128
WDOV26;28/08/2026;14:38:00;5255,00;5255,50;5255,00;5255,50;3836210,00;73
WDOV26;28/08/2026;14:37:00;5255,00;5255,50;5254,50;5255,00;5885680,00;112
WDOV26;28/08/2026;14:36:00;5253,50;5254,50;5253,50;5254,50;4150835,00;79
WDOV26;28/08/2026;14:35:00;5254,00;5254,00;5253,00;5253,50;1050715,00;20
WDOV26;28/08/2026;14:34:00;5253,50;5255,00;5253,00;5254,00;2574405,00;49
WDOV26;28/08/2026;14:33:00;5253,00;5253,50;5253,00;5253,50;735480,00;14
WDOV26;28/08/2026;14:32:00;5251,00;5254,00;5251,00;5254,00;15074390,00;287
WDOV26;28/08/2026;14:31:00;5251,00;5251,00;5250,00;5250,50;6878540,00;131
WDOV26;28/08/2026;14:30:00;5250,50;5251,00;5250,00;5250,00;8821100,00;168
WDOV26;28/08/2026;14:29:00;5251,50;5252,00;5251,00;5251,00;12237120,00;233
WDOV26;28/08/2026;14:28:00;5252,50;5252,50;5250,50;5251,00;37544790,00;715
WDOV26;28/08/2026;14:27:00;5251,50;5252,00;5251,50;5252,00;630220,00;12
WDOV26;28/08/2026;14:26:00;5252,00;5252,50;5251,50;5251,50;315120,00;6
WDOV26;28/08/2026;14:25:00;5251,00;5252,00;5251,00;5252,00;1680590,00;32
WDOV26;28/08/2026;14:24:00;5251,50;5251,50;5251,00;5251,50;1312850,00;25
WDOV26;28/08/2026;14:23:00;5252,00;5252,50;5251,00;5252,00;2363270,00;45
WDOV26;28/08/2026;14:22:00;5250,50;5252,00;5250,50;5252,00;3466070,00;66
WDOV26;28/08/2026;14:21:00;5250,50;5251,50;5250,00;5250,50;2625375,00;50
WDOV26;28/08/2026;14:20:00;5251,50;5251,50;5250,50;5250,50;840145,00;16
WDOV26;28/08/2026;14:19:00;5252,00;5252,00;5251,50;5252,00;8087870,00;154
WDOV26;28/08/2026;14:18:00;5252,00;5253,00;5252,00;5252,00;4201870,00;80
WDOV26;28/08/2026;14:17:00;5251,50;5252,00;5251,00;5251,50;13127825,00;250
WDOV26;28/08/2026;14:16:00;5252,00;5252,50;5251,50;5251,50;1523065,00;29
WDOV26;28/08/2026;14:15:00;5252,50;5252,50;5252,00;5252,50;840390,00;16
WDOV26;28/08/2026;14:14:00;5252,50;5252,50;5252,50;5252,50;630300,00;12
WDOV26;28/08/2026;14:13:00;5253,00;5253,50;5253,00;5253,50;577865,00;11
WDOV26;28/08/2026;14:12:00;5253,50;5253,50;5253,00;5253,00;1208300,00;23
WDOV26;28/08/2026;14:11:00;5253,50;5254,50;5253,00;5254,00;3204860,00;61
WDOV26;28/08/2026;14:10:00;5253,00;5253,50;5252,50;5253,50;577815,00;11
WDOV26;28/08/2026;14:09:00;5251,00;5253,00;5251,00;5253,00;3465775,00;66
WDOV26;28/08/2026;14:08:00;5251,00;5251,00;5250,50;5250,50;8874020,00;169
WDOV26;28/08/2026;14:07:00;5252,00;5252,50;5251,50;5252,00;11817040,00;225
WDOV26;28/08/2026;14:06:00;5251,00;5252,00;5251,00;5251,50;17172255,00;327
WDOV26;28/08/2026;14:05:00;5251,50;5252,00;5251,00;5252,00;3518660,00;67
WDOV26;28/08/2026;14:04:00;5251,50;5251,50;5250,50;5251,00;1942810,00;37
WDOV26;28/08/2026;14:03:00;5251,50;5252,00;5251,00;5251,00;1785420,00;34
WDOV26;28/08/2026;14:02:00;5253,00;5253,50;5251,50;5251,50;10873325,00;207
WDOV26;28/08/2026;14:01:00;5252,50;5252,50;5252,50;5252,50;735350,00;14
WDOV26;28/08/2026;14:00:00;5251,50;5253,00;5251,50;5252,00;1313030,00;25
WDOV26;28/08/2026;13:59:00;5251,50;5252,00;5251,00;5252,00;1050300,00;20
WDOV26;28/08/2026;13:58:00;5250,50;5251,00;5250,50;5251,00;1627720,00;31
WDOV26;28/08/2026;13:57:00;5251,50;5251,50;5250,50;5250,50;105020,00;2
WDOV26;28/08/2026;13:56:00;5251,50;5251,50;5250,50;5251,00;5671495,00;108
WDOV26;28/08/2026;13:55:00;5250,00;5252,00;5250,00;5252,00;5670990,00;108
WDOV26;28/08/2026;13:54:00;5249,00;5250,00;5249,00;5250,00;2414840,00;46
WDOV26;28/08/2026;13:53:00;5248,50;5249,00;5248,50;5248,50;997270,00;19
WDOV26;28/08/2026;13:52:00;5248,50;5249,00;5248,50;5249,00;629865,00;12
WDOV26;28/08/2026;13:51:00;5249,00;5249,00;5247,50;5248,50;2414305,00;46
WDOV26;28/08/2026;13:50:00;5248,50;5249,00;5248,50;5249,00;42464365,00;809
WDOV26;28/08/2026;13:49:00;5250,00;5250,50;5248,50;5249,00;2834660,00;54
WDOV26;28/08/2026;13:48:00;5250,50;5250,50;5249,50;5250,00;3307445,00;63
WDOV26;28/08/2026;13:47:00;5250,00;5251,00;5249,50;5251,00;8032885,00;153
WDOV26;28/08/2026;13:46:00;5251,00;5251,50;5249,50;5250,00;23311045,00;444
WDOV26;28/08/2026;13:45:00;5254,50;5255,00;5250,50;5250,50;11398765,00;217
WDOV26;28/08/2026;13:44:00;5255,50;5256,00;5255,00;5255,00;8881995,00;169
WDOV26;28/08/2026;13:43:00;5255,50;5255,50;5255,00;5255,50;735765,00;14
WDOV26;28/08/2026;13:42:00;5255,50;5256,50;5255,50;5255,50;1944630,00;37
WDOV26;28/08/2026;13:41:00;5254,00;5256,00;5254,00;5256,00;8092160,00;154
WDOV26;28/08/2026;13:40:00;5252,00;5254,00;5251,50;5254,00;2416560,00;46
WDOV26;28/08/2026;13:39:00;5251,00;5253,50;5251,00;5252,50;1575805,00;30
WDOV26;28/08/2026;13:38:00;5252,00;5252,50;5250,00;5250,50;29983870,00;571
WDOV26;28/08/2026;13:37:00;5253,50;5253,50;5251,00;5252,00;33455710,00;637
WDOV26;28/08/2026;13:36:00;5254,00;5254,00;5252,50;5253,50;4044890,00;77
WDOV26;28/08/2026;13:35:00;5255,00;5255,00;5253,50;5254,50;10088730,00;192
WDOV26;28/08/2026;13:34:00;5254,00;5255,50;5254,00;5255,50;6200620,00;118
WDOV26;28/08/2026;13:33:00;5254,50;5255,50;5254,00;5254,50;3047855,00;58
WDOV26;28/08/2026;13:32:00;5254,00;5255,50;5253,50;5254,50;5044330,00;96
WDOV26;28/08/2026;13:31:00;5253,50;5254,50;5253,50;5254,00;11979170,00;228
WDOV26;28/08/2026;13:30:00;5256,50;5256,50;5253,50;5253,50;15448945,00;294
WDOV26;28/08/2026;13:29:00;5257,00;5257,00;5255,50;5256,50;16400480,00;312
WDOV26;28/08/2026;13:28:00;5258,00;5259,50;5257,00;5257,00;20189985,00;384
WDOV26;28/08/2026;13:27:00;5262,00;5262,00;5257,50;5257,50;18459530,00;351
WDOV26;28/08/2026;13:26:00;5264,50;5264,50;5261,50;5261,50;2684205,00;51
WDOV26;28/08/2026;13:25:00;5265,00;5265,00;5264,00;5264,50;1632035,00;31
WDOV26;28/08/2026;13:24:00;5263,50;5265,00;5263,00;5264,50;5421820,00;103
WDOV26;28/08/2026;13:23:00;5263,50;5264,00;5262,50;5263,00;6158155,00;117
WDOV26;28/08/2026;13:22:00;5263,50;5264,00;5263,50;5263,50;2052855,00;39
WDOV26;28/08/2026;13:21:00;5264,00;5265,00;5263,50;5264,00;3526955,00;67
WDOV26;28/08/2026;13:20:00;5265,00;5265,50;5264,00;5264,50;4685405,00;89
WDOV26;28/08/2026;13:19:00;5265,50;5266,00;5264,00;5264,50;11635390,00;221
WDOV26;28/08/2026;13:18:00;5263,50;5267,50;5263,50;5265,50;34172670,00;649
WDOV26;28/08/2026;13:17:00;5263,00;5264,50;5263,00;5263,50;2315960,00;44
WDOV26;28/08/2026;13:16:00;5262,50;5264,00;5262,00;5264,00;6105510,00;116
WDOV26;28/08/2026;13:15:00;5264,00;5264,00;5262,00;5262,00;19315485,00;367
WDOV26;28/08/2026;13:14:00;5264,50;5264,50;5263,00;5264,00;29793295,00;566
WDOV26;28/08/2026;13:13:00;5262,50;5264,00;5262,50;5264,00;5473765,00;104
WDOV26;28/08/2026;13:12:00;5261,50;5262,00;5260,50;5262,00;7681525,00;146
WDOV26;28/08/2026;13:11:00;5261,00;5262,00;5261,00;5262,00;1683710,00;32
WDOV26;28/08/2026;13:10:00;5262,00;5262,00;5260,50;5261,00;2999030,00;57
WDOV26;28/08/2026;13:09:00;5261,50;5263,00;5261,00;5261,50;2999520,00;57
WDOV26;28/08/2026;13:08:00;5261,00;5262,00;5260,50;5261,00;1473110,00;28
WDOV26;28/08/2026;13:07:00;5259,50;5261,00;5259,50;5261,00;4418405,00;84
WDOV26;28/08/2026;13:06:00;5261,00;5261,00;5259,50;5260,00;16254010,00;309
WDOV26;28/08/2026;13:05:00;5260,50;5262,50;5260,00;5261,00;10364790,00;197
WDOV26;28/08/2026;13:04:00;5257,50;5261,00;5256,50;5260,50;28815130,00;548
WDOV26;28/08/2026;13:03:00;5256,50;5258,00;5256,00;5258,00;7990985,00;152
WDOV26;28/08/2026;13:02:00;5255,50;5256,50;5254,50;5256,00;31954155,00;608
WDOV26;28/08/2026;13:01:00;5253,50;5256,50;5253,50;5255,50;12824255,00;244
WDOV26;28/08/2026;13:00:00;5254,00;5254,00;5253,00;5253,00;3940350,00;75
WDOV26;28/08/2026;12:59:00;5252,00;5254,50;5252,00;5254,50;5095340,00;97
WDOV26;28/08/2026;12:58:00;5252,00;5252,50;5251,50;5251,50;2100695,00;40
WDOV26;28/08/2026;12:57:00;5252,00;5252,00;5251,00;5251,50;3676145,00;70
WDOV26;28/08/2026;12:56:00;5249,50;5251,50;5249,50;5251,50;892595,00;17
WDOV26;28/08/2026;12:55:00;5249,50;5250,00;5249,00;5249,50;5721995,00;109
WDOV26;28/08/2026;12:54:00;5251,50;5251,50;5250,00;5250,00;3360610,00;64
WDOV26;28/08/2026;12:53:00;5250,00;5251,50;5250,00;5251,50;735095,00;14
WDOV26;28/08/2026;12:52:00;5249,50;5250,00;5249,50;5249,50;2257450,00;43
WDOV26;28/08/2026;12:51:00;5250,50;5250,50;5249,50;5249,50;9239590,00;176
WDOV26;28/08/2026;12:50:00;5252,00;5252,00;5251,00;5251,50;8297105,00;158
WDOV26;28/08/2026;12:49:00;5251,50;5252,00;5251,50;5251,50;5461680,00;104
WDOV26;28/08/2026;12:48:00;5250,50;5252,00;5250,50;5252,00;31714200,00;604
WDOV26;28/08/2026;12:47:00;5250,00;5250,00;5248,50;5250,00;5249690,00;100
WDOV26;28/08/2026;12:46:00;5251,50;5251,50;5250,00;5250,00;45888305,00;874
WDOV26;28/08/2026;12:45:00;5251,50;5252,00;5251,00;5251,00;1102830,00;21
WDOV26;28/08/2026;12:44:00;5250,50;5252,00;5250,50;5251,50;10976065,00;209
WDOV26;28/08/2026;12:43:00;5251,00;5251,50;5250,50;5250,50;2047835,00;39
WDOV26;28/08/2026;12:42:00;5251,00;5251,50;5250,50;5251,00;10345020,00;197
WDOV26;28/08/2026;12:41:00;5252,00;5252,50;5250,50;5251,00;31719510,00;604
WDOV26;28/08/2026;12:40:00;5252,50;5252,50;5249,50;5252,00;293288870,00;5586
WDOV26;28/08/2026;12:39:00;5248,50;5252,50;5248,50;5252,50;21003135,00;400
WDOV26;28/08/2026;12:38:00;5247,00;5249,00;5247,00;5248,00;11597370,00;221
WDOV26;28/08/2026;12:37:00;5246,50;5247,00;5246,50;5246,50;1521595,00;29
WDOV26;28/08/2026;12:36:00;5246,50;5246,50;5246,00;5246,50;682020,00;13
WDOV26;28/08/2026;12:35:00;5247,00;5247,00;5246,00;5246,50;577115,00;11
WDOV26;28/08/2026;12:34:00;5246,50;5247,00;5246,00;5246,50;1836235,00;35
WDOV26;28/08/2026;12:33:00;5247,00;5247,00;5246,00;5246,50;2256105,00;43
WDOV26;28/08/2026;12:32:00;5247,00;5248,00;5247,00;5247,50;8396525,00;160
WDOV26;28/08/2026;12:31:00;5245,50;5246,50;5245,50;5246,50;1468805,00;28
WDOV26;28/08/2026;12:30:00;5245,50;5245,50;5244,00;5245,00;3618880,00;69
WDOV26;28/08/2026;12:29:00;5246,00;5246,00;5245,50;5245,50;1416400,00;27
WDOV26;28/08/2026;12:28:00;5246,00;5246,50;5246,00;5246,00;3042720,00;58
WDOV26;28/08/2026;12:27:00;5246,50;5248,00;5246,50;5247,00;1101905,00;21
WDOV26;28/08/2026;12:26:00;5244,50;5246,00;5244,00;5246,00;3881475,00;74
WDOV26;28/08/2026;12:25:00;5245,50;5246,00;5244,50;5244,50;1048995,00;20
WDOV26;28/08/2026;12:24:00;5244,50;5245,50;5244,00;5245,50;2727150,00;52
WDOV26;28/08/2026;12:23:00;5245,50;5246,50;5245,00;5245,00;6976770,00;133
WDOV26;28/08/2026;12:22:00;5246,00;5246,50;5245,00;5245,00;2465440,00;47
WDOV26;28/08/2026;12:21:00;5245,50;5247,00;5245,00;5246,50;12381445,00;236
WDOV26;28/08/2026;12:20:00;5246,50;5247,00;5245,50;5245,50;21351990,00;407
WDOV26;28/08/2026;12:19:00;5245,50;5246,50;5245,00;5246,50;7134460,00;136
WDOV26;28/08/2026;12:18:00;5246,50;5249,00;5244,50;5245,00;10806270,00;206
WDOV26;28/08/2026;12:17:00;5249,00;5249,50;5246,00;5246,50;20731525,00;395
WDOV26;28/08/2026;12:16:00;5250,50;5250,50;5248,00;5249,00;7558710,00;144
WDOV26;28/08/2026;12:15:00;5248,00;5250,00;5248,00;5250,00;32810940,00;625
WDOV26;28/08/2026;12:14:00;5245,00;5248,00;5245,00;5248,00;35630060,00;679
WDOV26;28/08/2026;12:13:00;5244,50;5246,50;5244,50;5245,00;52870775,00;1008
WDOV26;28/08/2026;12:12:00;5245,00;5246,00;5244,00;5244,00;15840375,00;302
WDOV26;28/08/2026;12:11:00;5245,50;5246,00;5244,00;5245,00;14841535,00;283
WDOV26;28/08/2026;12:10:00;5246,50;5247,00;5243,50;5246,00;12171035,00;232
WDOV26;28/08/2026;12:09:00;5244,00;5247,50;5244,00;5246,00;19357940,00;369
WDOV26;28/08/2026;12:08:00;5242,50;5246,00;5242,50;5244,50;25432730,00;485
WDOV26;28/08/2026;12:07:00;5241,50;5243,00;5241,50;5242,00;4036685,00;77
WDOV26;28/08/2026;12:06:00;5241,00;5242,00;5241,00;5241,50;7757265,00;148
WDOV26;28/08/2026;12:05:00;5243,00;5243,50;5240,50;5242,00;24743610,00;472
WDOV26;28/08/2026;12:04:00;5244,50;5244,50;5242,50;5243,50;16568705,00;316
WDOV26;28/08/2026;12:03:00;5242,50;5245,00;5242,50;5244,50;12740220,00;243
WDOV26;28/08/2026;12:02:00;5240,00;5242,50;5240,00;5242,00;16300185,00;311
WDOV26;28/08/2026;12:01:00;5238,50;5240,00;5238,50;5240,00;2357805,00;45
WDOV26;28/08/2026;12:00:00;5240,00;5240,00;5238,00;5239,00;15297710,00;292
WDOV26;28/08/2026;11:59:00;5239,00;5241,50;5239,00;5240,50;5397945,00;103
WDOV26;28/08/2026;11:58:00;5237,00;5239,50;5237,00;5238,50;14719610,00;281
WDOV26;28/08/2026;11:57:00;5237,00;5237,50;5236,00;5236,50;3246770,00;62
WDOV26;28/08/2026;11:56:00;5237,00;5237,50;5236,00;5237,50;12935175,00;247
WDOV26;28/08/2026;11:55:00;5240,00;5240,00;5237,00;5237,00;7228865,00;138
WDOV26;28/08/2026;11:54:00;5241,50;5241,50;5239,50;5240,00;4297250,00;82
WDOV26;28/08/2026;11:53:00;5241,50;5242,00;5241,00;5242,00;4717530,00;90
WDOV26;28/08/2026;11:52:00;5243,00;5243,00;5240,50;5242,00;13208390,00;252
WDOV26;28/08/2026;11:51:00;5242,50;5244,00;5242,00;5243,00;3512800,00;67
WDOV26;28/08/2026;11:50:00;5244,00;5244,00;5242,50;5243,50;5767655,00;110
WDOV26;28/08/2026;11:49:00;5243,00;5246,00;5243,00;5245,50;13947395,00;266
WDOV26;28/08/2026;11:48:00;5242,50;5243,00;5242,50;5243,00;1205810,00;23
WDOV26;28/08/2026;11:47:00;5243,00;5243,50;5242,50;5243,50;3512715,00;67
WDOV26;28/08/2026;11:46:00;5244,00;5245,00;5243,00;5243,00;9228570,00;176
WDOV26;28/08/2026;11:45:00;5241,00;5244,00;5241,00;5244,00;18082550,00;345
WDOV26;28/08/2026;11:44:00;5241,50;5241,50;5240,00;5240,50;4140350,00;79
WDOV26;28/08/2026;11:43:00;5240,50;5243,00;5240,50;5241,00;1677515,00;32
WDOV26;28/08/2026;11:42:00;5240,00;5240,50;5239,50;5240,00;8646015,00;165
WDOV26;28/08/2026;11:41:00;5239,50;5241,00;5239,50;5239,50;12262505,00;234
WDOV26;28/08/2026;11:40:00;5239,50;5241,00;5238,50;5238,50;11318210,00;216
WDOV26;28/08/2026;11:39:00;5237,00;5239,50;5236,50;5239,50;4975575,00;95
WDOV26;28/08/2026;11:38:00;5237,00;5239,00;5237,00;5237,00;9951835,00;190
WDOV26;28/08/2026;11:37:00;5239,00;5239,00;5237,50;5237,50;2409745,00;46
WDOV26;28/08/2026;11:36:00;5238,00;5239,00;5237,00;5238,50;9061690,00;173
WDOV26;28/08/2026;11:35:00;5238,50;5240,50;5238,00;5238,00;6862555,00;131
WDOV26;28/08/2026;11:34:00;5238,50;5239,00;5237,50;5238,50;14563100,00;278
WDOV26;28/08/2026;11:33:00;5242,50;5243,00;5239,00;5239,00;27618535,00;527
WDOV26;28/08/2026;11:32:00;5240,00;5243,00;5240,00;5242,00;16930465,00;323
WDOV26;28/08/2026;11:31:00;5242,00;5242,00;5239,00;5240,00;37364410,00;713
WDOV26;28/08/2026;11:30:00;5245,50;5245,50;5242,00;5242,00;36176695,00;690
WDOV26;28/08/2026;11:29:00;5248,50;5248,50;5244,00;5246,00;22402130,00;427
WDOV26;28/08/2026;11:28:00;5246,50;5249,00;5246,00;5248,50;27708840,00;528
WDOV26;28/08/2026;11:27:00;5245,50;5247,00;5242,50;5246,50;50195430,00;957
WDOV26;28/08/2026;11:26:00;5246,00;5247,00;5245,00;5246,00;48369230,00;922
WDOV26;28/08/2026;11:25:00;5244,00;5246,00;5242,50;5246,00;22393495,00;427
WDOV26;28/08/2026;11:24:00;5242,50;5244,50;5242,00;5243,50;25692535,00;490
WDOV26;28/08/2026;11:23:00;5238,00;5242,50;5238,00;5242,00;41341570,00;789
WDOV26;28/08/2026;11:22:00;5236,50;5237,50;5235,50;5237,50;11940270,00;228
WDOV26;28/08/2026;11:21:00;5238,00;5238,00;5236,50;5236,50;1518720,00;29
WDOV26;28/08/2026;11:20:00;5238,50;5238,50;5235,50;5237,50;2513755,00;48
WDOV26;28/08/2026;11:19:00;5235,50;5238,50;5235,50;5238,50;12305775,00;235
WDOV26;28/08/2026;11:18:00;5231,50;5235,50;5231,50;5235,50;11410810,00;218
WDOV26;28/08/2026;11:17:00;5232,50;5234,00;5230,50;5231,50;56782460,00;1085
WDOV26;28/08/2026;11:16:00;5231,50;5235,00;5231,50;5232,50;24072705,00;460
WDOV26;28/08/2026;11:15:00;5231,00;5233,00;5231,00;5231,50;5807720,00;111
WDOV26;28/08/2026;11:14:00;5230,00;5232,50;5229,00;5232,50;2876785,00;55
WDOV26;28/08/2026;11:13:00;5229,00;5230,00;5228,50;5230,00;52662450,00;1007
WDOV26;28/08/2026;11:12:00;5227,00;5228,50;5226,50;5228,50;12285930,00;235
WDOV26;28/08/2026;11:11:00;5226,50;5227,50;5226,00;5227,00;17092100,00;327
WDOV26;28/08/2026;11:10:00;5227,00;5228,50;5226,00;5226,50;11291470,00;216
WDOV26;28/08/2026;11:09:00;5227,00;5227,50;5224,50;5227,50;25295520,00;484
WDOV26;28/08/2026;11:08:00;5229,00;5229,00;5227,00;5227,00;14272990,00;273
WDOV26;28/08/2026;11:07:00;5230,50;5230,50;5228,50;5229,00;19611100,00;375
WDOV26;28/08/2026;11:06:00;5230,50;5231,00;5229,50;5231,00;18306855,00;350
WDOV26;28/08/2026;11:05:00;5230,00;5231,00;5229,50;5231,00;11558625,00;221
WDOV26;28/08/2026;11:04:00;5228,50;5230,50;5228,50;5229,50;63804070,00;1220
WDOV26;28/08/2026;11:03:00;5225,50;5228,50;5225,00;5228,50;25298275,00;484
WDOV26;28/08/2026;11:02:00;5223,00;5226,50;5222,00;5225,50;93226485,00;1784
WDOV26;28/08/2026;11:01:00;5218,00;5223,00;5217,50;5223,00;11693750,00;224
WDOV26;28/08/2026;11:00:00;5223,00;5223,50;5213,50;5216,50;24156895,00;463
WDOV26;28/08/2026;10:59:00;5218,00;5225,50;5215,00;5225,00;38766845,00;743
WDOV26;28/08/2026;10:58:00;5219,50;5220,50;5218,00;5218,00;33091360,00;634
WDOV26;28/08/2026;10:57:00;5220,50;5222,50;5219,00;5219,50;12894585,00;247
WDOV26;28/08/2026;10:56:00;5222,00;5222,00;5220,50;5220,50;9867840,00;189
WDOV26;28/08/2026;10:55:00;5224,00;5224,50;5222,00;5222,50;16870555,00;323
WDOV26;28/08/2026;10:54:00;5226,50;5226,50;5223,50;5224,50;58359455,00;1117
WDOV26;28/08/2026;10:53:00;5226,50;5227,50;5226,00;5227,00;9512805,00;182
WDOV26;28/08/2026;10:52:00;5228,00;5228,50;5226,50;5226,50;8259850,00;158
WDOV26;28/08/2026;10:51:00;5227,50;5227,50;5227,00;5227,50;10820670,00;207
WDOV26;28/08/2026;10:50:00;5227,50;5228,00;5227,50;5228,00;575065,00;11
WDOV26;28/08/2026;10:49:00;5228,50;5229,50;5226,50;5227,00;3555250,00;68
WDOV26;28/08/2026;10:48:00;5230,50;5230,50;5228,50;5229,00;18406700,00;352
WDOV26;28/08/2026;10:47:00;5231,50;5232,00;5230,00;5231,00;15745230,00;301
WDOV26;28/08/2026;10:46:00;5231,00;5231,50;5230,50;5231,50;3295540,00;63
WDOV26;28/08/2026;10:45:00;5232,00;5232,50;5230,50;5231,00;8893305,00;170
WDOV26;28/08/2026;10:44:00;5230,50;5232,50;5230,00;5232,50;50175870,00;959
WDOV26;28/08/2026;10:43:00;5230,00;5231,50;5230,00;5231,00;4445960,00;85
WDOV26;28/08/2026;10:42:00;5231,00;5231,00;5229,50;5231,00;19822845,00;379
WDOV26;28/08/2026;10:41:00;5232,50;5232,50;5231,50;5231,50;2616120,00;50
WDOV26;28/08/2026;10:40:00;5231,00;5233,00;5230,50;5233,00;8788570,00;168
WDOV26;28/08/2026;10:39:00;5230,50;5231,00;5230,00;5230,50;3609080,00;69
WDOV26;28/08/2026;10:38:00;5231,50;5231,50;5230,50;5230,50;1778610,00;34
WDOV26;28/08/2026;10:37:00;5230,50;5232,00;5230,00;5231,50;26570310,00;508
WDOV26;28/08/2026;10:36:00;5231,00;5232,00;5230,00;5230,00;36620445,00;700
WDOV26;28/08/2026;10:35:00;5230,00;5231,00;5229,00;5230,50;9309315,00;178
WDOV26;28/08/2026;10:34:00;5229,50;5231,00;5229,50;5231,00;9152600,00;175
WDOV26;28/08/2026;10:33:00;5229,50;5230,00;5229,00;5229,00;20759420,00;397
WDOV26;28/08/2026;10:32:00;5226,50;5229,50;5226,50;5229,50;7842535,00;150
WDOV26;28/08/2026;10:31:00;5226,50;5226,50;5225,50;5226,50;622574185,00;11913
WDOV26;28/08/2026;10:30:00;5225,50;5227,00;5225,00;5227,00;9250960,00;177
WDOV26;28/08/2026;10:29:00;5224,00;5226,00;5224,00;5225,50;1619635,00;31
WDOV26;28/08/2026;10:28:00;5223,50;5225,00;5223,50;5224,50;10709320,00;205
WDOV26;28/08/2026;10:27:00;5225,00;5225,00;5223,00;5224,00;16874500,00;323
WDOV26;28/08/2026;10:26:00;5226,50;5227,50;5224,50;5224,50;10034075,00;192
WDOV26;28/08/2026;10:25:00;5225,50;5228,00;5225,00;5227,00;27542485,00;527
WDOV26;28/08/2026;10:24:00;5223,00;5225,00;5223,00;5225,00;24707990,00;473
WDOV26;28/08/2026;10:23:00;5222,50;5224,00;5222,50;5223,00;41262170,00;790
WDOV26;28/08/2026;10:22:00;5222,00;5223,00;5221,50;5222,50;5431110,00;104
WDOV26;28/08/2026;10:21:00;5221,50;5222,50;5221,50;5222,00;4020785,00;77
WDOV26;28/08/2026;10:20:00;5221,00;5222,00;5220,50;5221,00;14514460,00;278
WDOV26;28/08/2026;10:19:00;5218,50;5221,00;5218,00;5221,00;7934085,00;152
WDOV26;28/08/2026;10:18:00;5219,50;5219,50;5218,00;5218,50;3183305,00;61
WDOV26;28/08/2026;10:17:00;5220,00;5220,00;5218,50;5219,50;6837270,00;131
WDOV26;28/08/2026;10:16:00;5220,00;5221,50;5219,50;5220,00;8717560,00;167
WDOV26;28/08/2026;10:15:00;5216,50;5221,50;5216,50;5220,50;31988820,00;613
WDOV26;28/08/2026;10:14:00;5216,00;5218,00;5216,00;5216,50;11477710,00;220
WDOV26;28/08/2026;10:13:00;5215,50;5217,00;5215,00;5217,00;7511035,00;144
WDOV26;28/08/2026;10:12:00;5214,50;5216,00;5214,50;5215,50;6988530,00;134
WDOV26;28/08/2026;10:11:00;5212,50;5215,00;5212,00;5215,00;26173770,00;502
WDOV26;28/08/2026;10:10:00;5212,50;5212,50;5211,50;5212,50;5472760,00;105
WDOV26;28/08/2026;10:09:00;5212,00;5212,50;5211,50;5212,00;6045985,00;116
WDOV26;28/08/2026;10:08:00;5211,00;5212,50;5211,00;5212,00;3700170,00;71
WDOV26;28/08/2026;10:07:00;5211,50;5212,00;5211,00;5211,50;6306005,00;121
WDOV26;28/08/2026;10:06:00;5211,50;5212,00;5211,00;5211,50;8286230,00;159
WDOV26;28/08/2026;10:05:00;5210,00;5212,00;5210,00;5212,00;7034440,00;135
WDOV26;28/08/2026;10:04:00;5210,00;5210,50;5210,00;5210,00;2553015,00;49
WDOV26;28/08/2026;10:03:00;5210,50;5211,00;5210,00;5210,00;1511030,00;29
WDOV26;28/08/2026;10:02:00;5210,00;5211,50;5210,00;5211,00;16101295,00;309
WDOV26;28/08/2026;10:01:00;5210,50;5211,00;5209,50;5210,50;5210385,00;100
WDOV26;28/08/2026;10:00:00;5207,00;5210,50;5207,00;5210,50;16827145,00;323
WDOV26;28/08/2026;09:59:00;5205,00;5207,00;5205,00;5206,50;2134450,00;41
WDOV26;28/08/2026;09:58:00;5205,50;5206,00;5205,00;5205,50;1665780,00;32
WDOV26;28/08/2026;09:57:00;5206,50;5206,50;5206,00;5206,00;2863415,00;55
WDOV26;28/08/2026;09:56:00;5205,50;5206,50;5205,50;5206,00;8745720,00;168
WDOV26;28/08/2026;09:55:00;5206,50;5207,00;5204,50;5205,50;2290490,00;44
WDOV26;28/08/2026;09:54:00;5208,00;5208,50;5206,50;5206,50;2759795,00;53
WDOV26;28/08/2026;09:53:00;5205,00;5208,00;5205,00;5207,50;6143830,00;118
WDOV26;28/08/2026;09:52:00;5204,00;5205,00;5203,50;5204,00;13322860,00;256
WDOV26;28/08/2026;09:51:00;5202,50;5204,50;5202,50;5204,00;5983755,00;115
WDOV26;28/08/2026;09:50:00;5202,50;5203,50;5202,50;5202,50;16753555,00;322
WDOV26;28/08/2026;09:49:00;5202,00;5203,50;5202,00;5203,50;7439775,00;143
WDOV26;28/08/2026;09:48:00;5201,50;5203,00;5201,00;5202,00;36835450,00;708
WDOV26;28/08/2026;09:47:00;5199,00;5202,00;5199,00;5202,00;29074875,00;559
WDOV26;28/08/2026;09:46:00;5198,50;5199,50;5198,00;5199,00;31089250,00;598
WDOV26;28/08/2026;09:45:00;5198,50;5199,00;5198,50;5198,50;14141105,00;272
WDOV26;28/08/2026;09:44:00;5201,50;5201,50;5199,00;5199,00;2287985,00;44
WDOV26;28/08/2026;09:43:00;5202,00;5202,00;5202,00;5202,00;3485340,00;67
WDOV26;28/08/2026;09:42:00;5201,50;5201,50;5200,00;5201,50;5096830,00;98
WDOV26;28/08/2026;09:41:00;5201,00;5201,50;5200,50;5201,50;3692780,00;71
WDOV26;28/08/2026;09:40:00;5202,00;5202,50;5200,50;5201,00;6814010,00;131
WDOV26;28/08/2026;09:39:00;5200,00;5202,00;5199,50;5202,00;4004400,00;77
WDOV26;28/08/2026;09:38:00;5201,50;5202,50;5200,00;5200,00;9727105,00;187
WDOV26;28/08/2026;09:37:00;5201,00;5202,00;5201,00;5202,00;7074310,00;136
WDOV26;28/08/2026;09:36:00;5200,50;5201,50;5200,00;5201,50;7593415,00;146
WDOV26;28/08/2026;09:35:00;5200,00;5200,50;5199,50;5200,00;2599980,00;50
WDOV26;28/08/2026;09:34:00;5200,00;5200,50;5199,50;5200,50;3692150,00;71
WDOV26;28/08/2026;09:33:00;5199,00;5200,50;5199,00;5200,00;6551850,00;126
WDOV26;28/08/2026;09:32:00;5198,50;5199,50;5198,00;5199,50;2547265,00;49
WDOV26;28/08/2026;09:31:00;5198,00;5198,00;5198,00;5198,00;2858900,00;55
WDOV26;28/08/2026;09:30:00;5198,50;5198,50;5197,00;5197,50;6497135,00;125
WDOV26;28/08/2026;09:29:00;5197,00;5199,50;5196,50;5199,50;5822860,00;112
WDOV26;28/08/2026;09:28:00;5198,00;5198,00;5196,50;5196,50;4209725,00;81
WDOV26;28/08/2026;09:27:00;5198,00;5198,00;5197,00;5197,50;1299380,00;25
WDOV26;28/08/2026;09:26:00;5198,50;5199,50;5196,50;5198,00;4314045,00;83
WDOV26;28/08/2026;09:25:00;5198,50;5199,00;5197,50;5198,50;2651220,00;51
WDOV26;28/08/2026;09:24:00;5198,50;5199,00;5198,50;5199,00;1299645,00;25
WDOV26;28/08/2026;09:23:00;5198,50;5198,50;5198,00;5198,50;1715495,00;33
WDOV26;28/08/2026;09:22:00;5199,00;5200,00;5198,50;5199,00;1507790,00;29
WDOV26;28/08/2026;09:21:00;5199,50;5200,50;5199,00;5199,00;4055695,00;78
WDOV26;28/08/2026;09:20:00;5200,50;5201,00;5199,50;5200,00;6604260,00;127
WDOV26;28/08/2026;09:19:00;5201,50;5201,50;5200,50;5200,50;3484640,00;67
WDOV26;28/08/2026;09:18:00;5202,00;5202,00;5201,00;5201,00;1820640,00;35
WDOV26;28/08/2026;09:17:00;5201,00;5202,50;5201,00;5202,00;6189790,00;119
WDOV26;28/08/2026;09:16:00;5201,00;5202,00;5200,50;5201,00;12275145,00;236
WDOV26;28/08/2026;09:15:00;5202,50;5202,50;5201,50;5201,50;10092205,00;194
WDOV26;28/08/2026;09:14:00;5201,50;5203,00;5201,50;5202,50;5722160,00;110
WDOV26;28/08/2026;09:13:00;5202,00;5202,50;5201,00;5201,00;6294505,00;121
WDOV26;28/08/2026;09:12:00;5202,50;5203,00;5201,50;5202,50;8271440,00;159
WDOV26;28/08/2026;09:11:00;5200,00;5202,50;5200,00;5202,50;8009570,00;154
WDOV26;28/08/2026;09:10:00;5200,50;5200,50;5199,00;5200,00;17785085,00;342
WDOV26;28/08/2026;09:09:00;5198,50;5200,50;5198,50;5200,50;14300285,00;275
WDOV26;28/08/2026;09:08:00;5198,50;5199,00;5198,00;5198,50;8785610,00;169
WDOV26;28/08/2026;09:07:00;5196,50;5199,00;5196,50;5199,00;17048470,00;328
WDOV26;28/08/2026;09:06:00;5198,00;5198,00;5197,00;5197,00;17099380,00;329
WDOV26;28/08/2026;09:05:00;5198,50;5199,50;5197,50;5198,00;31398175,00;604
WDOV26;28/08/2026;09:04:00;5197,00;5199,50;5197,00;5199,00;23547840,00;453
WDOV26;28/08/2026;09:03:00;5194,50;5198,00;5194,00;5197,50;21618320,00;416
WDOV26;28/08/2026;09:02:00;5199,00;5199,00;5194,00;5194,00;39497810,00;760
WDOV26;28/08/2026;09:01:00;5200,50;5203,50;5198,50;5200,00;71144095,00;1368
WDOV26;28/08/2026;09:00:00;5200,00;5201,00;5200,00;5200,50;19812115,00;381
WDOV26;27/08/2026;18:29:00;5200,50;5200,50;5200,00;5200,00;208010,00;4
WDOV26;27/08/2026;18:28:00;5200,50;5200,50;5200,50;5200,50;52005,00;1
WDOV26;27/08/2026;18:25:00;5200,00;5200,00;5200,00;5200,00;52000,00;1
WDOV26;27/08/2026;18:23:00;5200,00;5200,00;5200,00;5200,00;3276000,00;63
WDOV26;27/08/2026;18:22:00;5200,00;5200,00;5200,00;5200,00;4628000,00;89
WDOV26;27/08/2026;18:21:00;5200,00;5200,00;5200,00;5200,00;52000,00;1
WDOV26;27/08/2026;18:20:00;5200,50;5200,50;5200,00;5200,50;23296770,00;448
WDOV26;27/08/2026;18:19:00;5200,00;5200,00;5200,00;5200,00;884000,00;17
WDOV26;27/08/2026;18:17:00;5201,50;5201,50;5201,00;5201,00;6969985,00;134
WDOV26;27/08/2026;18:16:00;5201,50;5201,50;5201,00;5201,50;28969715,00;557
WDOV26;27/08/2026;18:15:00;5201,00;5201,00;5201,00;5201,00;17059280,00;328
WDOV26;27/08/2026;18:14:00;5201,00;5201,00;5201,00;5201,00;5201000,00;100
WDOV26;27/08/2026;18:13:00;5200,50;5201,00;5200,50;5201,00;5772605,00;111
WDOV26;27/08/2026;18:12:00;5200,50;5201,00;5200,50;5201,00;28186715,00;542
WDOV26;27/08/2026;18:11:00;5200,50;5200,50;5200,50;5200,50;28602750,00;550
WDOV26;27/08/2026;18:10:00;5200,00;5200,00;5200,00;5200,00;17004000,00;327
WDOV26;27/08/2026;18:09:00;5200,50;5200,50;5200,50;5200,50;26054505,00;501
WDOV26;27/08/2026;18:08:00;5201,00;5201,00;5200,50;5200,50;13209660,00;254
WDOV26;27/08/2026;18:07:00;5201,50;5201,50;5201,50;5201,50;52015,00;1
WDOV26;27/08/2026;18:06:00;5201,00;5201,50;5201,00;5201,50;1144225,00;22
WDOV26;27/08/2026;18:05:00;5201,00;5201,50;5201,00;5201,50;1872430,00;36
WDOV26;27/08/2026;18:04:00;5201,00;5201,00;5200,50;5201,00;2704395,00;52
WDOV26;27/08/2026;18:03:00;5201,50;5201,50;5201,00;5201,00;2548600,00;49
WDOV26;27/08/2026;18:02:00;5202,00;5202,00;5201,50;5201,50;1300380,00;25
WDOV26;27/08/2026;18:01:00;5201,50;5202,50;5201,50;5202,00;2028675,00;39
WDOV26;27/08/2026;18:00:00;5201,50;5201,50;5201,50;5201,50;1924555,00;37
WDOV26;27/08/2026;17:59:00;5201,00;5201,50;5201,00;5201,00;20492065,00;394
WDOV26;27/08/2026;17:58:00;5201,00;5201,50;5201,00;5201,00;39111580,00;752
WDOV26;27/08/2026;17:57:00;5201,50;5201,50;5201,00;5201,00;29593815,00;569
WDOV26;27/08/2026;17:56:00;5201,50;5201,50;5201,50;5201,50;1092315,00;21
WDOV26;27/08/2026;17:55:00;5201,50;5201,50;5201,50;5201,50;1300375,00;25
WDOV26;27/08/2026;17:54:00;5201,50;5201,50;5201,00;5201,00;3796835,00;73
WDOV26;27/08/2026;17:53:00;5201,50;5201,50;5201,50;5201,50;1144330,00;22
WDOV26;27/08/2026;17:52:00;5201,50;5202,00;5201,50;5201,50;1924615,00;37
WDOV26;27/08/2026;17:51:00;5202,00;5202,00;5202,00;5202,00;1196460,00;23
WDOV26;27/08/2026;17:50:00;5201,50;5201,50;5201,50;5201,50;8062325,00;155
WDOV26;27/08/2026;17:49:00;5201,00;5202,00;5201,00;5202,00;4993470,00;96
WDOV26;27/08/2026;17:48:00;5201,00;5201,50;5201,00;5201,00;25745015,00;495
WDOV26;27/08/2026;17:47:00;5201,00;5201,00;5201,00;5201,00;4212810,00;81
WDOV26;27/08/2026;17:46:00;5201,00;5201,00;5201,00;5201,00;4056780,00;78
WDOV26;27/08/2026;17:45:00;5200,50;5201,00;5200,50;5201,00;6553010,00;126
WDOV26;27/08/2026;17:44:00;5200,50;5200,50;5200,50;5200,50;5148495,00;99
WDOV26;27/08/2026;17:43:00;5201,50;5201,50;5200,50;5200,50;5096500,00;98
WDOV26;27/08/2026;17:42:00;5202,00;5202,00;5202,00;5202,00;52020,00;1
WDOV26;27/08/2026;17:40:00;5201,00;5201,00;5201,00;5201,00;156030,00;3
WDOV26;27/08/2026;17:38:00;5201,00;5201,50;5201,00;5201,50;520115,00;10
WDOV26;27/08/2026;17:37:00;5201,50;5201,50;5201,50;5201,50;52015,00;1
WDOV26;27/08/2026;17:36:00;5201,00;5201,50;5201,00;5201,50;2028400,00;39
WDOV26;27/08/2026;17:35:00;5200,00;5201,50;5200,00;5201,50;50908850,00;979
WDOV26;27/08/2026;17:34:00;5200,50;5200,50;5200,00;5200,50;8060205,00;155
WDOV26;27/08/2026;17:33:00;5201,00;5201,00;5201,00;5201,00;104020,00;2
WDOV26;27/08/2026;17:32:00;5201,00;5201,00;5201,00;5201,00;2236430,00;43
WDOV26;27/08/2026;17:31:00;5200,50;5201,00;5200,50;5201,00;208030,00;4
WDOV26;27/08/2026;17:27:00;5201,50;5201,50;5201,50;5201,50;1872540,00;36
WDOV26;27/08/2026;17:25:00;5201,00;5201,50;5201,00;5201,00;1300285,00;25
WDOV26;27/08/2026;17:24:00;5201,00;5201,00;5201,00;5201,00;7541450,00;145
WDOV26;27/08/2026;17:23:00;5200,50;5201,50;5200,50;5201,50;3744875,00;72
WDOV26;27/08/2026;17:22:00;5200,50;5200,50;5200,50;5200,50;676065,00;13
WDOV26;27/08/2026;17:21:00;5201,00;5201,00;5200,00;5200,00;260015,00;5
WDOV26;27/08/2026;17:20:00;5201,00;5201,00;5201,00;5201,00;156030,00;3
WDOV26;27/08/2026;17:19:00;5201,00;5201,00;5200,50;5201,00;260986160,00;5018
WDOV26;27/08/2026;17:18:00;5201,00;5201,00;5201,00;5201,00;12274360,00;236
WDOV26;27/08/2026;17:17:00;5201,50;5201,50;5201,50;5201,50;3693065,00;71
WDOV26;27/08/2026;17:15:00;5201,50;5201,50;5201,50;5201,50;676195,00;13
WDOV26;27/08/2026;17:14:00;5201,50;5201,50;5201,50;5201,50;312090,00;6
WDOV26;27/08/2026;17:13:00;5201,00;5201,00;5201,00;5201,00;520100,00;10
WDOV26;27/08/2026;17:12:00;5200,50;5200,50;5200,50;5200,50;208020,00;4
WDOV26;27/08/2026;17:11:00;5200,50;5200,50;5200,50;5200,50;156015,00;3
WDOV26;27/08/2026;17:10:00;5200,50;5200,50;5200,50;5200,50;416040,00;8
WDOV26;27/08/2026;17:09:00;5200,00;5200,00;5200,00;5200,00;52000,00;1
WDOV26;27/08/2026;17:08:00;5200,50;5200,50;5199,50;5200,50;35045165,00;674
WDOV26;27/08/2026;17:07:00;5200,50;5200,50;5200,50;5200,50;52005,00;1
WDOV26;27/08/2026;17:06:00;5200,50;5200,50;5200,50;5200,50;52005,00;1
WDOV26;27/08/2026;17:05:00;5201,00;5201,50;5201,00;5201,50;364095,00;7
WDOV26;27/08/2026;17:04:00;5201,00;5201,00;5200,50;5200,50;780145,00;15
WDOV26;27/08/2026;17:03:00;5201,50;5201,50;5201,00;5201,00;1144315,00;22
WDOV26;27/08/2026;17:02:00;5202,00;5202,00;5202,00;5202,00;52020,00;1
WDOV26;27/08/2026;17:01:00;5200,50;5201,50;5200,50;5201,50;1144215,00;22
WDOV26;27/08/2026;17:00:00;5202,00;5202,00;5201,00;5201,00;2236850,00;43
WDOV26;27/08/2026;16:59:00;5203,50;5203,50;5202,50;5202,50;260135,00;5
WDOV26;27/08/2026;16:58:00;5203,50;5204,00;5203,50;5204,00;156110,00;3
WDOV26;27/08/2026;16:57:00;5204,50;5204,50;5203,00;5203,00;884555,00;17
WDOV26;27/08/2026;16:56:00;5204,50;5204,50;5204,50;5204,50;260225,00;5
WDOV26;27/08/2026;16:53:00;5204,50;5204,50;5204,50;5204,50;156135,00;3
WDOV26;27/08/2026;16:52:00;5204,50;5205,00;5204,50;5205,00;780745,00;15
WDOV26;27/08/2026;16:49:00;5204,50;5204,50;5204,50;5204,50;260225,00;5
WDOV26;27/08/2026;16:47:00;5204,50;5204,50;5204,50;5204,50;208180,00;4
WDOV26;27/08/2026;16:46:00;5205,00;5205,00;5205,00;5205,00;416400,00;8
WDOV26;27/08/2026;16:45:00;5204,50;5205,00;5204,50;5205,00;2238145,00;43
WDOV26;27/08/2026;16:44:00;5204,00;5204,00;5204,00;5204,00;260200,00;5
WDOV26;27/08/2026;16:43:00;5204,00;5204,00;5204,00;5204,00;156120,00;3
WDOV26;27/08/2026;16:42:00;5204,50;5204,50;5204,50;5204,50;104090,00;2
WDOV26;27/08/2026;16:41:00;5205,00;5205,00;5204,50;5204,50;1040975,00;20
WDOV26;27/08/2026;16:40:00;5204,00;5205,00;5204,00;5205,00;156140,00;3
WDOV26;27/08/2026;16:38:00;5204,00;5204,50;5204,00;5204,50;104085,00;2
WDOV26;27/08/2026;16:37:00;5204,00;5204,00;5204,00;5204,00;52040,00;1
WDOV26;27/08/2026;16:36:00;5204,00;5204,00;5204,00;5204,00;52040,00;1
WDOV26;27/08/2026;16:35:00;5204,00;5204,00;5204,00;5204,00;156120,00;3
WDOV26;27/08/2026;16:34:00;5204,00;5204,00;5204,00;5204,00;104080,00;2
WDOV26;27/08/2026;16:33:00;5204,00;5204,00;5203,50;5203,50;572390,00;11
WDOV26;27/08/2026;16:32:00;5204,00;5204,00;5204,00;5204,00;208160,00;4
WDOV26;27/08/2026;16:31:00;5204,00;5204,50;5204,00;5204,50;4215640,00;81
WDOV26;27/08/2026;16:30:00;5204,00;5204,00;5204,00;5204,00;52040,00;1
WDOV26;27/08/2026;16:29:00;5204,00;5204,00;5204,00;5204,00;364280,00;7
WDOV26;27/08/2026;16:28:00;5203,50;5203,50;5203,50;5203,50;624420,00;12
WDOV26;27/08/2026;16:26:00;5203,00;5203,50;5203,00;5203,50;156100,00;3
WDOV26;27/08/2026;16:25:00;5203,50;5203,50;5202,50;5203,00;2341325,00;45
WDOV26;27/08/2026;16:24:00;5202,00;5202,00;5202,00;5202,00;260100,00;5
WDOV26;27/08/2026;16:23:00;5203,00;5203,00;5202,50;5202,50;312155,00;6
WDOV26;27/08/2026;16:22:00;5202,00;5202,50;5202,00;5202,50;364155,00;7
WDOV26;27/08/2026;16:21:00;5202,50;5202,50;5202,50;5202,50;884425,00;17
WDOV26;27/08/2026;16:20:00;5202,50;5202,50;5202,50;5202,50;260125,00;5
WDOV26;27/08/2026;16:19:00;5202,00;5202,50;5202,00;5202,50;361122985,00;6942
WDOV26;27/08/2026;16:17:00;5202,00;5202,00;5202,00;5202,00;156060,00;3
WDOV26;27/08/2026;16:16:00;5201,50;5201,50;5201,50;5201,50;156045,00;3
WDOV26;27/08/2026;16:15:00;5202,00;5202,00;5202,00;5202,00;52020,00;1
WDOV26;27/08/2026;16:14:00;5202,50;5202,50;5202,00;5202,00;468215,00;9
WDOV26;27/08/2026;16:13:00;5202,00;5202,50;5200,50;5201,50;6346045,00;122
WDOV26;27/08/2026;16:12:00;5202,00;5202,00;5202,00;5202,00;832320,00;16
WDOV26;27/08/2026;16:11:00;5202,00;5202,00;5202,00;5202,00;52020,00;1
WDOV26;27/08/2026;16:10:00;5201,50;5202,00;5201,50;5202,00;884335,00;17
WDOV26;27/08/2026;16:08:00;5201,50;5201,50;5201,50;5201,50;52015,00;1
WDOV26;27/08/2026;16:07:00;5201,50;5202,00;5201,50;5201,50;1092410,00;21
WDOV26;27/08/2026;16:05:00;5202,00;5202,00;5201,50;5202,00;208075,00;4
WDOV26;27/08/2026;16:04:00;5202,00;5202,00;5202,00;5202,00;52020,00;1
WDOV26;27/08/2026;16:03:00;5201,50;5202,50;5201,50;5202,00;1716655,00;33
WDOV26;27/08/2026;16:02:00;5200,50;5202,00;5200,50;5202,00;1092360,00;21
WDOV26;27/08/2026;16:01:00;5199,50;5199,50;5199,50;5199,50;155985,00;3
WDOV26;27/08/2026;15:59:00;5198,50;5200,00;5198,50;5199,50;12634275,00;243
WDOV26;27/08/2026;15:58:00;5199,00;5200,00;5198,50;5198,50;13310300,00;256
WDOV26;27/08/2026;15:57:00;5199,00;5200,00;5199,00;5199,00;7122995,00;137
WDOV26;27/08/2026;15:56:00;5199,00;5199,50;5199,00;5199,00;8786710,00;169
WDOV26;27/08/2026;15:55:00;5200,50;5201,00;5199,00;5199,00;6759880,00;130
WDOV26;27/08/2026;15:54:00;5200,50;5201,50;5200,50;5200,50;7696995,00;148
WDOV26;27/08/2026;15:53:00;5200,00;5201,00;5200,00;5200,50;6344255,00;122
WDOV26;27/08/2026;15:52:00;5200,00;5201,00;5200,00;5200,00;6812240,00;131
WDOV26;27/08/2026;15:51:00;5200,50;5201,00;5200,00;5200,00;20385755,00;392
WDOV26;27/08/2026;15:50:00;5202,00;5202,00;5200,50;5201,00;8686245,00;167
WDOV26;27/08/2026;15:49:00;5203,50;5203,50;5201,50;5202,00;2133020,00;41
WDOV26;27/08/2026;15:48:00;5202,50;5203,00;5202,50;5203,00;1560835,00;30
WDOV26;27/08/2026;15:47:00;5202,50;5202,50;5202,50;5202,50;364175,00;7
WDOV26;27/08/2026;15:46:00;5202,50;5202,50;5202,50;5202,50;156075,00;3
WDOV26;27/08/2026;15:45:00;5202,50;5202,50;5202,50;5202,50;1040500,00;20
WDOV26;27/08/2026;15:44:00;5202,00;5202,50;5202,00;5202,50;832390,00;16
WDOV26;27/08/2026;15:43:00;5202,00;5202,50;5202,00;5202,00;780305,00;15
WDOV26;27/08/2026;15:42:00;5202,00;5202,50;5202,00;5202,00;364145,00;7
WDOV26;27/08/2026;15:41:00;5201,00;5202,00;5201,00;5202,00;5201500,00;100
WDOV26;27/08/2026;15:40:00;5200,00;5200,50;5199,50;5200,50;7591740,00;146
WDOV26;27/08/2026;15:39:00;5200,00;5200,00;5199,50;5200,00;2287940,00;44
WDOV26;27/08/2026;15:38:00;5201,00;5201,00;5199,50;5200,00;27613475,00;531
WDOV26;27/08/2026;15:37:00;5202,00;5202,50;5200,50;5200,50;3588960,00;69
WDOV26;27/08/2026;15:36:00;5201,50;5201,50;5201,50;5201,50;52015,00;1
WDOV26;27/08/2026;15:35:00;5202,50;5202,50;5202,50;5202,50;104050,00;2
WDOV26;27/08/2026;15:34:00;5203,00;5203,00;5202,00;5202,50;2965180,00;57
WDOV26;27/08/2026;15:33:00;5203,00;5203,50;5203,00;5203,50;3486300,00;67
WDOV26;27/08/2026;15:31:00;5203,50;5203,50;5203,00;5203,00;2601690,00;50
WDOV26;27/08/2026;15:30:00;5203,00;5203,50;5203,00;5203,50;624410,00;12
WDOV26;27/08/2026;15:29:00;5203,50;5203,50;5203,50;5203,50;52035,00;1
WDOV26;27/08/2026;15:28:00;5203,50;5203,50;5203,00;5203,00;260165,00;5
WDOV26;27/08/2026;15:27:00;5202,00;5203,50;5202,00;5203,50;1144620,00;22
WDOV26;27/08/2026;15:26:00;5202,00;5202,00;5201,50;5202,00;624220,00;12
WDOV26;27/08/2026;15:25:00;5201,50;5202,00;5201,50;5202,00;3017005,00;58
WDOV26;27/08/2026;15:24:00;5201,50;5202,00;5201,50;5201,50;4889535,00;94
WDOV26;27/08/2026;15:23:00;5202,50;5202,50;5202,00;5202,00;3017195,00;58
WDOV26;27/08/2026;15:22:00;5203,00;5203,00;5202,50;5202,50;3642090,00;70
WDOV26;27/08/2026;15:21:00;5202,50;5203,00;5202,50;5202,50;6191185,00;119
WDOV26;27/08/2026;15:20:00;5203,00;5203,50;5202,50;5202,50;2861665,00;55
WDOV26;27/08/2026;15:19:00;5202,50;5203,00;5202,50;5202,50;7127780,00;137
WDOV26;27/08/2026;15:18:00;5203,50;5204,00;5202,50;5202,50;3798535,00;73
WDOV26;27/08/2026;15:17:00;5204,00;5204,00;5203,50;5203,50;1769245,00;34
WDOV26;27/08/2026;15:16:00;5203,50;5204,00;5203,50;5204,00;260195,00;5
WDOV26;27/08/2026;15:15:00;5203,00;5203,00;5203,00;5203,00;780450,00;15
WDOV26;27/08/2026;15:14:00;5203,00;5204,00;5203,00;5203,00;3746360,00;72
WDOV26;27/08/2026;15:13:00;5203,50;5203,50;5203,00;5203,00;17691675,00;340
WDOV26;27/08/2026;15:12:00;5203,00;5203,50;5203,00;5203,50;22374560,00;430
WDOV26;27/08/2026;15:11:00;5204,50;5204,50;5203,50;5203,50;624490,00;12
WDOV26;27/08/2026;15:10:00;5204,50;5204,50;5204,50;5204,50;520450,00;10
WDOV26;27/08/2026;15:09:00;5204,50;5204,50;5204,50;5204,50;416360,00;8
WDOV26;27/08/2026;15:08:00;5204,00;5205,00;5204,00;5205,00;5621390,00;108
WDOV26;27/08/2026;15:06:00;5205,00;5205,00;5205,00;5205,00;208200,00;4
WDOV26;27/08/2026;15:05:00;5206,00;5206,00;5206,00;5206,00;104120,00;2
WDOV26;27/08/2026;15:04:00;5205,50;5206,50;5205,00;5206,00;1926230,00;37
WDOV26;27/08/2026;15:03:00;5206,50;5206,50;5205,50;5205,50;3383775,00;65
WDOV26;27/08/2026;15:02:00;5206,50;5207,00;5206,00;5206,00;2759640,00;53
WDOV26;27/08/2026;15:01:00;5205,00;5207,00;5204,50;5206,50;5882100,00;113
WDOV26;27/08/2026;15:00:00;5204,00;5204,50;5204,00;5204,50;312245,00;6
WDOV26;27/08/2026;14:58:00;5204,00;5204,50;5204,00;5204,50;2341830,00;45
WDOV26;27/08/2026;14:57:00;5203,00;5203,50;5203,00;5203,50;104065,00;2
WDOV26;27/08/2026;14:55:00;5204,00;5204,00;5203,00;5203,00;27214315,00;523
WDOV26;27/08/2026;14:54:00;5203,50;5204,00;5203,50;5204,00;364275,00;7
WDOV26;27/08/2026;14:53:00;5204,50;5204,50;5204,00;5204,00;208175,00;4
WDOV26;27/08/2026;14:52:00;5204,50;5205,00;5203,50;5204,00;5464560,00;105
WDOV26;27/08/2026;14:51:00;5205,50;5206,00;5204,50;5204,50;8067900,00;155
WDOV26;27/08/2026;14:50:00;5206,50;5206,50;5205,00;5205,00;11816825,00;227
WDOV26;27/08/2026;14:49:00;5207,00;5207,00;5207,00;5207,00;1301750,00;25
WDOV26;27/08/2026;14:48:00;5207,00;5207,00;5207,00;5207,00;3905250,00;75
WDOV26;27/08/2026;14:47:00;5206,00;5207,00;5206,00;5207,00;260325,00;5
WDOV26;27/08/2026;14:46:00;5206,50;5206,50;5206,50;5206,50;104130,00;2
WDOV26;27/08/2026;14:45:00;5207,00;5207,00;5206,50;5206,50;416555,00;8
WDOV26;27/08/2026;14:44:00;5206,00;5206,00;5206,00;5206,00;104120,00;2
WDOV26;27/08/2026;14:43:00;5204,50;5206,00;5204,50;5206,00;8848705,00;170
WDOV26;27/08/2026;14:42:00;5205,00;5205,00;5205,00;5205,00;1769700,00;34
WDOV26;27/08/2026;14:41:00;5206,00;5206,00;5205,50;5205,50;2342685,00;45
WDOV26;27/08/2026;14:40:00;5206,00;5206,50;5206,00;5206,00;3592460,00;69
WDOV26;27/08/2026;14:39:00;5205,00;5206,00;5204,50;5206,00;936935,00;18
WDOV26;27/08/2026;14:38:00;5205,00;5205,50;5205,00;5205,00;572560,00;11
WDOV26;27/08/2026;14:37:00;5205,00;5205,00;5205,00;5205,00;936900,00;18
WDOV26;27/08/2026;14:36:00;5205,50;5205,50;5205,00;5205,00;5673815,00;109
WDOV26;27/08/2026;14:35:00;5206,00;5206,50;5206,00;5206,50;4685535,00;90
WDOV26;27/08/2026;14:34:00;5206,00;5206,00;5205,50;5206,00;2186480,00;42
WDOV26;27/08/2026;14:33:00;5206,50;5207,00;5205,50;5206,50;3436280,00;66
WDOV26;27/08/2026;14:32:00;5207,50;5207,50;5206,50;5206,50;2447315,00;47
WDOV26;27/08/2026;14:31:00;5208,00;5208,00;5206,00;5207,00;24889555,00;478
WDOV26;27/08/2026;14:30:00;5208,00;5208,00;5208,00;5208,00;1354080,00;26
WDOV26;27/08/2026;14:29:00;5208,00;5208,50;5207,50;5207,50;1718645,00;33
WDOV26;27/08/2026;14:28:00;5209,50;5209,50;5208,00;5208,00;2448030,00;47
WDOV26;27/08/2026;14:27:00;5209,50;5210,00;5209,50;5210,00;833595,00;16
WDOV26;27/08/2026;14:25:00;5209,50;5209,50;5209,50;5209,50;156285,00;3
WDOV26;27/08/2026;14:24:00;5210,00;5210,50;5210,00;5210,50;2709310,00;52
WDOV26;27/08/2026;14:23:00;5210,50;5210,50;5210,00;5210,50;1771425,00;34
WDOV26;27/08/2026;14:22:00;5210,00;5210,00;5210,00;5210,00;1667200,00;32
WDOV26;27/08/2026;14:21:00;5209,50;5209,50;5209,50;5209,50;260475,00;5
WDOV26;27/08/2026;14:19:00;5209,50;5210,00;5209,50;5210,00;1041990,00;20
WDOV26;27/08/2026;14:18:00;5210,00;5210,50;5210,00;5210,50;468940,00;9
WDOV26;27/08/2026;14:17:00;5209,00;5209,50;5209,00;5209,50;156280,00;3
WDOV26;27/08/2026;14:15:00;5209,00;5209,00;5209,00;5209,00;52090,00;1
WDOV26;27/08/2026;14:13:00;5209,50;5209,50;5209,50;5209,50;260475,00;5
WDOV26;27/08/2026;14:12:00;5209,50;5209,50;5209,50;5209,50;52095,00;1
WDOV26;27/08/2026;14:10:00;5209,00;5210,00;5209,00;5210,00;416755,00;8
WDOV26;27/08/2026;14:09:00;5208,50;5208,50;5208,50;5208,50;52085,00;1
WDOV26;27/08/2026;14:08:00;5209,50;5209,50;5209,50;5209,50;2135895,00;41
WDOV26;27/08/2026;14:07:00;5209,50;5210,00;5209,50;5210,00;156290,00;3
WDOV26;27/08/2026;14:06:00;5209,00;5209,50;5209,00;5209,50;677225,00;13
WDOV26;27/08/2026;14:05:00;5209,00;5210,00;5208,50;5208,50;3750780,00;72
WDOV26;27/08/2026;14:04:00;5209,00;5209,50;5209,00;5209,00;156275,00;3
WDOV26;27/08/2026;14:03:00;5209,00;5209,50;5209,00;5209,50;468850,00;9
WDOV26;27/08/2026;14:02:00;5209,00;5209,00;5208,50;5208,50;156260,00;3
WDOV26;27/08/2026;14:01:00;5209,00;5209,00;5209,00;5209,00;364630,00;7
WDOV26;27/08/2026;14:00:00;5209,50;5209,50;5209,00;5209,00;364655,00;7
WDOV26;27/08/2026;13:58:00;5210,00;5210,00;5209,50;5209,50;208395,00;4
WDOV26;27/08/2026;13:57:00;5209,50;5210,00;5209,50;5210,00;104195,00;2
WDOV26;27/08/2026;13:56:00;5209,50;5210,50;5209,50;5210,50;312580,00;6
WDOV26;27/08/2026;13:55:00;5210,00;5210,00;5210,00;5210,00;52100,00;1
WDOV26;27/08/2026;13:54:00;5210,00;5210,00;5210,00;5210,00;52100,00;1
WDOV26;27/08/2026;13:53:00;5209,50;5210,00;5209,50;5210,00;1041980,00;20
WDOV26;27/08/2026;13:52:00;5209,50;5209,50;5209,50;5209,50;729330,00;14
WDOV26;27/08/2026;13:51:00;5210,00;5210,00;5210,00;5210,00;156300,00;3
WDOV26;27/08/2026;13:50:00;5210,00;5210,50;5209,50;5210,50;573140,00;11
WDOV26;27/08/2026;13:48:00;5209,50;5210,00;5209,50;5210,00;208385,00;4
WDOV26;27/08/2026;13:47:00;5210,00;5210,00;5210,00;5210,00;52100,00;1
WDOV26;27/08/2026;13:46:00;5210,00;5210,50;5209,50;5210,50;468900,00;9
WDOV26;27/08/2026;13:45:00;5209,00;5209,00;5208,50;5208,50;156265,00;3
WDOV26;27/08/2026;13:44:00;5209,00;5209,00;5209,00;5209,00;52090,00;1
WDOV26;27/08/2026;13:43:00;5209,00;5209,00;5209,00;5209,00;52090,00;1
WDOV26;27/08/2026;13:42:00;5209,50;5210,00;5209,50;5210,00;416765,00;8
WDOV26;27/08/2026;13:41:00;5209,00;5209,00;5209,00;5209,00;625080,00;12
WDOV26;27/08/2026;13:40:00;5209,00;5209,50;5209,00;5209,50;208370,00;4
WDOV26;27/08/2026;13:39:00;5209,00;5209,00;5209,00;5209,00;208360,00;4
WDOV26;27/08/2026;13:38:00;5209,00;5209,50;5209,00;5209,50;156280,00;3
WDOV26;27/08/2026;13:37:00;5209,00;5209,00;5209,00;5209,00;104180,00;2
WDOV26;27/08/2026;13:36:00;5208,50;5208,50;5208,50;5208,50;104170,00;2
WDOV26;27/08/2026;13:35:00;5209,50;5209,50;5209,00;5209,00;364635,00;7
WDOV26;27/08/2026;13:34:00;5209,50;5209,50;5209,50;5209,50;260475,00;5
WDOV26;27/08/2026;13:33:00;5209,00;5209,50;5209,00;5209,50;1614940,00;31
WDOV26;27/08/2026;13:32:00;5208,50;5208,50;5208,50;5208,50;520850,00;10
WDOV26;27/08/2026;13:31:00;5208,00;5209,00;5208,00;5209,00;572950,00;11
WDOV26;27/08/2026;13:30:00;5209,50;5209,50;5208,50;5208,50;312535,00;6
WDOV26;27/08/2026;13:29:00;5209,50;5210,50;5209,00;5209,50;1979495,00;38
WDOV26;27/08/2026;13:28:00;5209,50;5210,00;5209,50;5210,00;312575,00;6
WDOV26;27/08/2026;13:27:00;5210,00;5210,00;5210,00;5210,00;416800,00;8
WDOV26;27/08/2026;13:26:00;5210,00;5210,00;5210,00;5210,00;2031900,00;39
WDOV26;27/08/2026;13:25:00;5209,50;5210,50;5209,50;5210,50;416770,00;8
WDOV26;27/08/2026;13:24:00;5211,00;5211,00;5210,00;5210,50;625275,00;12
WDOV26;27/08/2026;13:23:00;5211,50;5211,50;5211,50;5211,50;52115,00;1
WDOV26;27/08/2026;13:22:00;5211,50;5212,00;5211,50;5212,00;260595,00;5
WDOV26;27/08/2026;13:21:00;5212,00;5212,00;5212,00;5212,00;364840,00;7
WDOV26;27/08/2026;13:20:00;5211,50;5212,00;5211,50;5212,00;469045,00;9
WDOV26;27/08/2026;13:19:00;5213,00;5213,00;5212,50;5212,50;729790,00;14
WDOV26;27/08/2026;13:18:00;5212,50;5212,50;5212,50;5212,50;1042500,00;20
WDOV26;27/08/2026;13:17:00;5211,50;5212,00;5211,50;5212,00;156355,00;3
WDOV26;27/08/2026;13:16:00;5211,50;5211,50;5211,50;5211,50;625380,00;12
WDOV26;27/08/2026;13:15:00;5211,50;5211,50;5211,50;5211,50;52115,00;1
WDOV26;27/08/2026;13:13:00;5211,50;5211,50;5211,00;5211,00;104225,00;2
WDOV26;27/08/2026;13:12:00;5211,50;5212,00;5211,50;5211,50;573290,00;11
WDOV26;27/08/2026;13:11:00;5211,50;5211,50;5211,00;5211,50;677465,00;13
WDOV26;27/08/2026;13:09:00;5211,00;5211,50;5211,00;5211,50;260565,00;5
WDOV26;27/08/2026;13:08:00;5210,50;5210,50;5209,50;5210,50;1146180,00;22
WDOV26;27/08/2026;13:07:00;5211,00;5211,00;5210,50;5210,50;4845775,00;93
WDOV26;27/08/2026;13:06:00;5211,00;5211,00;5211,00;5211,00;312660,00;6
WDOV26;27/08/2026;13:05:00;5209,50;5210,00;5209,50;5210,00;1562860,00;30
WDOV26;27/08/2026;13:04:00;5209,00;5210,00;5209,00;5210,00;468890,00;9
WDOV26;27/08/2026;13:03:00;5210,50;5210,50;5210,50;5210,50;104210,00;2
WDOV26;27/08/2026;13:02:00;5210,00;5210,00;5210,00;5210,00;364700,00;7
WDOV26;27/08/2026;13:00:00;5208,50;5208,50;5208,50;5208,50;156255,00;3
WDOV26;27/08/2026;12:58:00;5208,50;5209,00;5208,50;5209,00;156260,00;3
WDOV26;27/08/2026;12:57:00;5208,00;5208,00;5208,00;5208,00;833280,00;16
WDOV26;27/08/2026;12:56:00;5208,50;5208,50;5208,00;5208,00;572890,00;11
WDOV26;27/08/2026;12:55:00;5207,50;5208,00;5207,50;5208,00;312465,00;6
WDOV26;27/08/2026;12:54:00;5207,00;5207,50;5206,50;5207,50;2238975,00;43
WDOV26;27/08/2026;12:53:00;5207,50;5207,50;5206,50;5207,50;2811995,00;54
WDOV26;27/08/2026;12:52:00;5208,00;5208,00;5207,50;5207,50;208315,00;4
WDOV26;27/08/2026;12:51:00;5208,00;5208,00;5208,00;5208,00;208320,00;4
WDOV26;27/08/2026;12:50:00;5208,00;5208,00;5207,50;5207,50;416605,00;8
WDOV26;27/08/2026;12:49:00;5208,50;5208,50;5208,50;5208,50;1093785,00;21
WDOV26;27/08/2026;12:48:00;5208,50;5209,50;5208,50;5209,50;4271355,00;82
WDOV26;27/08/2026;12:47:00;5208,00;5208,50;5208,00;5208,50;2864435,00;55
WDOV26;27/08/2026;12:46:00;5208,50;5208,50;5208,50;5208,50;52085,00;1
WDOV26;27/08/2026;12:45:00;5208,00;5208,00;5208,00;5208,00;52080,00;1
WDOV26;27/08/2026;12:44:00;5207,00;5207,50;5207,00;5207,50;312435,00;6
WDOV26;27/08/2026;12:43:00;5207,00;5207,50;5206,50;5206,50;7290055,00;140
WDOV26;27/08/2026;12:42:00;5207,50;5207,50;5207,50;5207,50;416600,00;8
WDOV26;27/08/2026;12:41:00;5208,00;5208,00;5207,50;5207,50;364540,00;7
WDOV26;27/08/2026;12:40:00;5208,50;5208,50;5207,00;5207,50;19944000,00;383
WDOV26;27/08/2026;12:39:00;5208,00;5208,00;5208,00;5208,00;104160,00;2
WDOV26;27/08/2026;12:38:00;5208,00;5209,00;5208,00;5208,50;5104345,00;98
WDOV26;27/08/2026;12:37:00;5210,50;5210,50;5209,00;5209,00;10212495,00;196
WDOV26;27/08/2026;12:36:00;5211,00;5211,00;5210,00;5210,50;8180405,00;157
WDOV26;27/08/2026;12:35:00;5211,00;5211,50;5211,00;5211,00;1250650,00;24
WDOV26;27/08/2026;12:34:00;5211,00;5211,00;5210,00;5211,00;14537645,00;279
WDOV26;27/08/2026;12:33:00;5212,00;5212,00;5211,00;5211,00;729625,00;14
WDOV26;27/08/2026;12:32:00;5213,00;5213,00;5211,50;5212,00;625495,00;12
WDOV26;27/08/2026;12:31:00;5213,00;5213,50;5213,00;5213,00;3023700,00;58
WDOV26;27/08/2026;12:30:00;5211,50;5212,50;5211,50;5212,50;208480,00;4
WDOV26;27/08/2026;12:29:00;5211,50;5213,00;5211,50;5213,00;1719955,00;33
WDOV26;27/08/2026;12:28:00;5211,50;5211,50;5211,50;5211,50;156345,00;3
WDOV26;27/08/2026;12:27:00;5212,50;5213,00;5212,00;5212,00;1146795,00;22
WDOV26;27/08/2026;12:26:00;5211,00;5212,00;5211,00;5212,00;833835,00;16
WDOV26;27/08/2026;12:25:00;5211,50;5211,50;5211,00;5211,00;156340,00;3
WDOV26;27/08/2026;12:24:00;5211,50;5211,50;5211,50;5211,50;416920,00;8
WDOV26;27/08/2026;12:23:00;5213,00;5213,50;5212,00;5212,00;469160,00;9
WDOV26;27/08/2026;12:22:00;5212,00;5213,50;5211,50;5213,00;3909310,00;75
WDOV26;27/08/2026;12:21:00;5212,00;5212,50;5212,00;5212,00;1459370,00;28
WDOV26;27/08/2026;12:20:00;5212,50;5212,50;5211,50;5212,00;21212815,00;407
WDOV26;27/08/2026;12:19:00;5213,00;5213,00;5212,00;5212,00;4900065,00;94
WDOV26;27/08/2026;12:18:00;5211,50;5213,00;5211,00;5212,50;9746390,00;187
WDOV26;27/08/2026;12:17:00;5211,00;5211,50;5211,00;5211,50;521115,00;10
WDOV26;27/08/2026;12:16:00;5210,50;5211,50;5210,50;5211,00;10630590,00;204
WDOV26;27/08/2026;12:15:00;5210,50;5210,50;5210,50;5210,50;3803665,00;73
WDOV26;27/08/2026;12:14:00;5209,00;5209,50;5209,00;5209,50;520915,00;10
WDOV26;27/08/2026;12:13:00;5209,00;5209,00;5209,00;5209,00;52090,00;1
WDOV26;27/08/2026;12:12:00;5208,50;5210,00;5208,50;5209,00;2761115,00;53
WDOV26;27/08/2026;12:11:00;5208,50;5208,50;5208,50;5208,50;52085,00;1
WDOV26;27/08/2026;12:10:00;5209,50;5209,50;5209,00;5209,00;520905,00;10
WDOV26;27/08/2026;12:09:00;5211,00;5211,00;5210,00;5210,00;1042145,00;20
WDOV26;27/08/2026;12:08:00;5210,00;5211,00;5209,50;5211,00;14484075,00;278
WDOV26;27/08/2026;12:07:00;5208,50;5209,50;5208,50;5209,50;3437920,00;66
WDOV26;27/08/2026;12:06:00;5208,50;5208,50;5208,00;5208,50;989595,00;19
WDOV26;27/08/2026;12:05:00;5208,50;5208,50;5208,50;5208,50;104170,00;2
WDOV26;27/08/2026;12:04:00;5209,00;5209,00;5209,00;5209,00;937620,00;18
WDOV26;27/08/2026;12:03:00;5209,00;5209,00;5208,50;5208,50;2552250,00;49
WDOV26;27/08/2026;12:02:00;5208,50;5208,50;5208,00;5208,50;1250000,00;24
WDOV26;27/08/2026;12:01:00;5209,00;5209,00;5208,50;5209,00;5625350,00;108
WDOV26;27/08/2026;12:00:00;5208,50;5208,50;5207,50;5208,50;4166530,00;80
WDOV26;27/08/2026;11:59:00;5208,50;5209,50;5208,50;5209,00;364630,00;7
WDOV26;27/08/2026;11:58:00;5208,50;5209,50;5207,50;5208,50;5833625,00;112
WDOV26;27/08/2026;11:57:00;5205,50;5208,00;5205,50;5208,00;3957110,00;76
WDOV26;27/08/2026;11:56:00;5206,50;5206,50;5206,00;5206,50;416505,00;8
WDOV26;27/08/2026;11:55:00;5203,50;5207,50;5203,50;5206,50;2238345,00;43
WDOV26;27/08/2026;11:54:00;5205,00;5205,00;5204,00;5204,00;1197050,00;23
WDOV26;27/08/2026;11:53:00;5203,50;5205,50;5203,50;5205,50;6609615,00;127
WDOV26;27/08/2026;11:52:00;5203,00;5203,00;5202,00;5202,00;1820760,00;35
WDOV26;27/08/2026;11:51:00;5204,00;5204,50;5203,50;5204,50;3122565,00;60
WDOV26;27/08/2026;11:50:00;5203,50;5204,50;5203,00;5204,00;3174000,00;61
WDOV26;27/08/2026;11:49:00;5202,50;5203,00;5202,00;5203,00;3537735,00;68
WDOV26;27/08/2026;11:48:00;5201,00;5202,50;5201,00;5202,50;1404495,00;27
WDOV26;27/08/2026;11:47:00;5200,50;5201,50;5200,50;5201,50;4628575,00;89
WDOV26;27/08/2026;11:46:00;5199,50;5201,00;5199,00;5201,00;4784560,00;92
WDOV26;27/08/2026;11:45:00;5199,50;5199,50;5198,50;5198,50;675915,00;13
WDOV26;27/08/2026;11:44:00;5200,50;5200,50;5200,50;5200,50;1248120,00;24
WDOV26;27/08/2026;11:43:00;5200,00;5201,00;5200,00;5200,50;4472840,00;86
WDOV26;27/08/2026;11:42:00;5200,00;5201,50;5199,50;5201,50;2704165,00;52
WDOV26;27/08/2026;11:41:00;5200,00;5200,00;5199,50;5200,00;2703900,00;52
WDOV26;27/08/2026;11:40:00;5200,00;5200,50;5199,50;5200,00;2756040,00;53
WDOV26;27/08/2026;11:39:00;5200,00;5201,50;5200,00;5200,50;3276335,00;63
WDOV26;27/08/2026;11:38:00;5200,50;5200,50;5199,50;5200,00;1507895,00;29
WDOV26;27/08/2026;11:37:00;5200,50;5201,00;5199,50;5199,50;1455950,00;28
WDOV26;27/08/2026;11:36:00;5200,00;5201,00;5200,00;5200,50;10504905,00;202
WDOV26;27/08/2026;11:35:00;5201,00;5201,00;5200,50;5201,00;10765900,00;207
WDOV26;27/08/2026;11:34:00;5201,50;5201,50;5200,50;5200,50;416070,00;8
WDOV26;27/08/2026;11:33:00;5201,50;5201,50;5201,00;5201,50;4160900,00;80
WDOV26;27/08/2026;11:32:00;5201,00;5202,00;5200,50;5201,00;5981145,00;115
WDOV26;27/08/2026;11:31:00;5201,50;5201,50;5200,50;5201,00;4576680,00;88
WDOV26;27/08/2026;11:30:00;5202,00;5202,00;5200,50;5201,00;2652660,00;51
WDOV26;27/08/2026;11:29:00;5202,00;5202,00;5201,50;5202,00;5357805,00;103
WDOV26;27/08/2026;11:28:00;5202,00;5202,00;5201,50;5201,50;312105,00;6
WDOV26;27/08/2026;11:27:00;5202,00;5202,00;5202,00;5202,00;104040,00;2
WDOV26;27/08/2026;11:26:00;5202,00;5202,00;5202,00;5202,00;260100,00;5
WDOV26;27/08/2026;11:25:00;5201,00;5202,50;5201,00;5201,50;936310,00;18
WDOV26;27/08/2026;11:24:00;5201,00;5201,00;5200,00;5201,00;832085,00;16
WDOV26;27/08/2026;11:23:00;5200,00;5200,00;5199,50;5200,00;415995,00;8
WDOV26;27/08/2026;11:22:00;5200,00;5200,00;5199,00;5199,50;4107290,00;79
WDOV26;27/08/2026;11:21:00;5200,00;5200,50;5199,50;5200,00;5928400,00;114
WDOV26;27/08/2026;11:20:00;5200,00;5200,00;5199,00;5199,50;2651530,00;51
WDOV26;27/08/2026;11:19:00;5200,50;5200,50;5199,00;5199,00;779945,00;15
WDOV26;27/08/2026;11:18:00;5200,50;5200,50;5200,00;5200,00;260015,00;5
WDOV26;27/08/2026;11:17:00;5201,50;5201,50;5199,50;5199,50;312040,00;6
WDOV26;27/08/2026;11:16:00;5202,00;5202,00;5201,00;5201,00;156050,00;3
WDOV26;27/08/2026;11:15:00;5201,00;5203,00;5201,00;5201,50;13473420,00;259
WDOV26;27/08/2026;11:14:00;5201,50;5201,50;5201,50;5201,50;156045,00;3
WDOV26;27/08/2026;11:13:00;5201,50;5202,00;5200,50;5201,00;2080455,00;40
WDOV26;27/08/2026;11:12:00;5200,50;5201,50;5200,50;5201,50;1872405,00;36
WDOV26;27/08/2026;11:11:00;5200,50;5201,50;5200,00;5200,50;2288285,00;44
WDOV26;27/08/2026;11:10:00;5199,50;5200,50;5199,00;5200,00;7695825,00;148
WDOV26;27/08/2026;11:09:00;5197,50;5199,00;5197,00;5199,00;2442915,00;47
WDOV26;27/08/2026;11:08:00;5198,00;5198,50;5197,00;5197,50;2754830,00;53
WDOV26;27/08/2026;11:07:00;5198,50;5199,00;5197,50;5197,50;1455470,00;28
WDOV26;27/08/2026;11:06:00;5197,50;5198,50;5197,50;5197,50;1455425,00;28
WDOV26;27/08/2026;11:05:00;5196,00;5197,00;5195,50;5197,00;2390355,00;46
WDOV26;27/08/2026;11:04:00;5194,50;5196,50;5194,50;5196,00;3065390,00;59
WDOV26;27/08/2026;11:03:00;5195,50;5195,50;5194,00;5194,50;4623520,00;89
WDOV26;27/08/2026;11:02:00;5196,00;5196,00;5195,00;5195,00;467605,00;9
WDOV26;27/08/2026;11:01:00;5195,00;5195,50;5194,00;5195,50;1558405,00;30
WDOV26;27/08/2026;11:00:00;5194,50;5194,50;5194,50;5194,50;207780,00;4
WDOV26;27/08/2026;10:59:00;5193,50;5195,00;5193,50;5194,50;1818000,00;35
WDOV26;27/08/2026;10:58:00;5194,00;5194,00;5193,50;5193,50;3323990,00;64
WDOV26;27/08/2026;10:57:00;5195,50;5195,50;5194,50;5194,50;883115,00;17
WDOV26;27/08/2026;10:56:00;5195,00;5195,00;5195,00;5195,00;363650,00;7
WDOV26;27/08/2026;10:55:00;5195,00;5195,50;5194,50;5194,50;1039005,00;20
WDOV26;27/08/2026;10:54:00;5195,50;5195,50;5195,00;5195,00;415615,00;8
WDOV26;27/08/2026;10:53:00;5194,50;5195,00;5194,50;5195,00;155840,00;3
WDOV26;27/08/2026;10:52:00;5194,00;5194,00;5193,00;5193,00;467410,00;9
WDOV26;27/08/2026;10:51:00;5195,50;5195,50;5194,00;5194,00;207805,00;4
WDOV26;27/08/2026;10:50:00;5194,50;5195,50;5194,50;5195,50;1818280,00;35
WDOV26;27/08/2026;10:49:00;5196,00;5196,50;5194,50;5195,00;3532635,00;68
WDOV26;27/08/2026;10:48:00;5195,50;5196,50;5195,50;5196,00;2338285,00;45
WDOV26;27/08/2026;10:47:00;5195,00;5195,50;5194,00;5195,50;4571215,00;88
WDOV26;27/08/2026;10:46:00;5192,50;5195,00;5192,50;5195,00;13765225,00;265
WDOV26;27/08/2026;10:45:00;5193,00;5193,00;5192,50;5192,50;311565,00;6
WDOV26;27/08/2026;10:44:00;5193,00;5193,00;5191,50;5192,50;311560,00;6
WDOV26;27/08/2026;10:43:00;5192,50;5192,50;5191,50;5192,50;2647790,00;51
WDOV26;27/08/2026;10:42:00;5193,50;5193,50;5191,50;5192,00;40141080,00;773
WDOV26;27/08/2026;10:41:00;5193,50;5193,50;5193,50;5193,50;155805,00;3
WDOV26;27/08/2026;10:40:00;5192,50;5193,00;5192,00;5193,00;1401895,00;27
WDOV26;27/08/2026;10:39:00;5192,00;5192,50;5191,50;5192,50;1661355,00;32
WDOV26;27/08/2026;10:38:00;5192,00;5192,50;5191,50;5191,50;1297905,00;25
WDOV26;27/08/2026;10:37:00;5192,00;5192,00;5191,50;5192,00;415355,00;8
WDOV26;27/08/2026;10:36:00;5191,50;5192,00;5191,00;5192,00;2699710,00;52
WDOV26;27/08/2026;10:35:00;5191,50;5192,00;5190,50;5191,50;2595695,00;50
WDOV26;27/08/2026;10:34:00;5190,00;5192,00;5190,00;5191,50;4100970,00;79
WDOV26;27/08/2026;10:33:00;5192,00;5192,50;5191,00;5191,50;311505,00;6
WDOV26;27/08/2026;10:32:00;5192,00;5192,00;5191,50;5192,00;519195,00;10
WDOV26;27/08/2026;10:31:00;5191,50;5192,00;5191,50;5192,00;519170,00;10
WDOV26;27/08/2026;10:30:00;5189,50;5192,00;5189,50;5191,50;3685500,00;71
WDOV26;27/08/2026;10:29:00;5187,00;5189,00;5187,00;5189,00;1504540,00;29
WDOV26;27/08/2026;10:28:00;5187,00;5187,00;5185,00;5186,00;1659530,00;32
WDOV26;27/08/2026;10:27:00;5188,50;5188,50;5185,50;5186,50;6691200,00;129
WDOV26;27/08/2026;10:26:00;5190,50;5191,00;5188,50;5188,50;8199775,00;158
WDOV26;27/08/2026;10:25:00;5190,50;5191,00;5190,00;5190,00;2750880,00;53
WDOV26;27/08/2026;10:24:00;5189,00;5190,50;5188,00;5190,50;6071635,00;117
WDOV26;27/08/2026;10:23:00;5191,50;5191,50;5188,00;5188,00;15620825,00;301
WDOV26;27/08/2026;10:22:00;5192,00;5192,50;5190,50;5191,00;8513120,00;164
WDOV26;27/08/2026;10:21:00;5192,00;5192,50;5191,00;5191,00;571060,00;11
WDOV26;27/08/2026;10:20:00;5191,50;5191,50;5190,50;5191,00;565974640,00;10903
WDOV26;27/08/2026;10:19:00;5192,50;5192,50;5192,50;5192,50;155775,00;3
WDOV26;27/08/2026;10:18:00;5192,50;5192,50;5191,00;5192,00;1401810,00;27
WDOV26;27/08/2026;10:17:00;5193,00;5193,00;5191,50;5192,50;986455,00;19
WDOV26;27/08/2026;10:16:00;5193,50;5193,50;5192,00;5192,50;2284575,00;44
WDOV26;27/08/2026;10:15:00;5193,50;5193,50;5192,50;5193,00;1194345,00;23
WDOV26;27/08/2026;10:14:00;5192,50;5193,50;5192,50;5193,50;2180890,00;42
WDOV26;27/08/2026;10:13:00;5191,00;5192,50;5190,50;5192,50;1090260,00;21
WDOV26;27/08/2026;10:12:00;5190,00;5191,00;5190,00;5190,50;3996495,00;77
WDOV26;27/08/2026;10:11:00;5191,50;5191,50;5189,50;5190,00;25224615,00;486
WDOV26;27/08/2026;10:10:00;5192,50;5192,50;5191,00;5191,00;1090275,00;21
WDOV26;27/08/2026;10:09:00;5193,00;5193,00;5192,00;5192,50;6127095,00;118
WDOV26;27/08/2026;10:08:00;5193,00;5193,00;5192,00;5192,50;519255,00;10
WDOV26;27/08/2026;10:07:00;5193,50;5193,50;5193,00;5193,00;207735,00;4
WDOV26;27/08/2026;10:06:00;5194,50;5194,50;5194,00;5194,00;207775,00;4
WDOV26;27/08/2026;10:05:00;5194,50;5194,50;5194,00;5194,00;1298535,00;25
WDOV26;27/08/2026;10:04:00;5192,50;5193,50;5192,50;5193,50;571255,00;11
WDOV26;27/08/2026;10:03:00;5195,00;5195,00;5192,50;5192,50;3272285,00;63
WDOV26;27/08/2026;10:02:00;5195,00;5195,50;5194,00;5195,00;935040,00;18
WDOV26;27/08/2026;10:01:00;5195,00;5196,00;5194,50;5196,00;10130395,00;195
WDOV26;27/08/2026;10:00:00;5194,00;5195,50;5194,00;5194,00;8623610,00;166
WDOV26;27/08/2026;09:59:00;5196,00;5196,00;5193,50;5193,50;2805075,00;54
WDOV26;27/08/2026;09:58:00;5195,00;5196,00;5195,00;5196,00;935210,00;18
WDOV26;27/08/2026;09:57:00;5195,50;5196,00;5195,00;5195,00;1298800,00;25
WDOV26;27/08/2026;09:56:00;5194,50;5196,00;5194,50;5195,50;883125,00;17
WDOV26;27/08/2026;09:55:00;5193,50;5195,50;5193,50;5195,00;6233485,00;120
WDOV26;27/08/2026;09:54:00;5193,50;5193,50;5193,50;5193,50;207740,00;4
WDOV26;27/08/2026;09:53:00;5193,50;5193,50;5192,50;5193,00;363510,00;7
WDOV26;27/08/2026;09:52:00;5193,00;5193,00;5193,00;5193,00;467370,00;9
WDOV26;27/08/2026;09:51:00;5193,50;5193,50;5193,00;5193,00;1661825,00;32
WDOV26;27/08/2026;09:50:00;5192,50;5193,00;5192,00;5193,00;1609545,00;31
WDOV26;27/08/2026;09:49:00;5192,00;5192,00;5192,00;5192,00;1453760,00;28
WDOV26;27/08/2026;09:48:00;5191,00;5191,50;5190,00;5191,50;1609155,00;31
WDOV26;27/08/2026;09:47:00;5191,50;5191,50;5190,50;5190,50;363375,00;7
WDOV26;27/08/2026;09:46:00;5190,50;5192,00;5190,00;5191,50;2284265,00;44
WDOV26;27/08/2026;09:45:00;5189,50;5190,50;5189,50;5190,00;259490,00;5
WDOV26;27/08/2026;09:44:00;5189,00;5189,50;5188,50;5188,50;363220,00;7
WDOV26;27/08/2026;09:43:00;5188,50;5189,00;5188,00;5189,00;1764035,00;34
WDOV26;27/08/2026;09:42:00;5189,00;5189,00;5188,00;5188,50;985775,00;19
WDOV26;27/08/2026;09:41:00;5189,50;5189,50;5187,50;5188,50;2438660,00;47
WDOV26;27/08/2026;09:40:00;5189,00;5189,50;5189,00;5189,50;882210,00;17
WDOV26;27/08/2026;09:39:00;5190,00;5190,00;5188,50;5189,00;2179385,00;42
WDOV26;27/08/2026;09:38:00;5189,00;5189,00;5188,50;5189,00;415115,00;8
WDOV26;27/08/2026;09:37:00;5189,50;5190,00;5187,50;5188,50;1400985,00;27
WDOV26;27/08/2026;09:36:00;5189,50;5190,00;5189,50;5190,00;986070,00;19
WDOV26;27/08/2026;09:35:00;5189,00;5189,00;5189,00;5189,00;830240,00;16
WDOV26;27/08/2026;09:34:00;5188,00;5188,50;5188,00;5188,50;985725,00;19
WDOV26;27/08/2026;09:33:00;5186,50;5186,50;5186,00;5186,50;311180,00;6
WDOV26;27/08/2026;09:32:00;5187,50;5187,50;5186,50;5186,50;778015,00;15
WDOV26;27/08/2026;09:31:00;5187,00;5187,00;5186,50;5186,50;1141070,00;22
WDOV26;27/08/2026;09:30:00;5187,00;5187,00;5183,50;5186,00;5030090,00;97
WDOV26;27/08/2026;09:29:00;5189,00;5189,00;5187,50;5187,50;518800,00;10
WDOV26;27/08/2026;09:28:00;5187,50;5189,50;5187,00;5189,50;2334790,00;45
WDOV26;27/08/2026;09:27:00;5187,50;5187,50;5186,50;5186,50;3319445,00;64
WDOV26;27/08/2026;09:26:00;5190,50;5190,50;5186,50;5186,50;4409955,00;85
WDOV26;27/08/2026;09:25:00;5189,00;5190,50;5189,00;5190,50;3373615,00;65
WDOV26;27/08/2026;09:24:00;5186,00;5188,50;5186,00;5188,50;5342375,00;103
WDOV26;27/08/2026;09:23:00;5186,00;5186,00;5185,00;5185,50;4252120,00;82
WDOV26;27/08/2026;09:22:00;5186,50;5187,00;5185,50;5185,50;1970755,00;38
WDOV26;27/08/2026;09:21:00;5185,50;5186,00;5185,00;5185,50;5807920,00;112
WDOV26;27/08/2026;09:20:00;5184,50;5185,50;5183,50;5185,50;4095585,00;79
WDOV26;27/08/2026;09:19:00;5185,00;5185,00;5184,00;5184,00;4976870,00;96
WDOV26;27/08/2026;09:18:00;5184,50;5185,50;5184,50;5185,00;3785165,00;73
WDOV26;27/08/2026;09:17:00;5185,50;5185,50;5183,50;5184,50;2384950,00;46
WDOV26;27/08/2026;09:16:00;5184,50;5185,50;5184,00;5185,50;2851595,00;55
WDOV26;27/08/2026;09:15:00;5183,50;5185,50;5182,50;5185,50;7204725,00;139
WDOV26;27/08/2026;09:14:00;5183,50;5183,50;5183,50;5183,50;207340,00;4
WDOV26;27/08/2026;09:13:00;5182,00;5182,00;5182,00;5182,00;259100,00;5
WDOV26;27/08/2026;09:12:00;5182,50;5182,50;5181,50;5181,50;1140065,00;22
WDOV26;27/08/2026;09:11:00;5182,50;5183,00;5181,50;5181,50;4301340,00;83
WDOV26;27/08/2026;09:10:00;5181,00;5183,00;5181,00;5182,50;2072675,00;40
WDOV26;27/08/2026;09:09:00;5182,50;5182,50;5180,50;5181,00;6373390,00;123
WDOV26;27/08/2026;09:08:00;5183,50;5183,50;5181,00;5181,00;1762165,00;34
WDOV26;27/08/2026;09:07:00;5184,50;5184,50;5184,50;5184,50;1140590,00;22
WDOV26;27/08/2026;09:06:00;5184,50;5186,00;5184,00;5184,50;13531790,00;261
WDOV26;27/08/2026;09:05:00;5185,50;5186,00;5184,00;5184,00;9385860,00;181
WDOV26;27/08/2026;09:04:00;5186,00;5186,50;5186,00;5186,50;1244680,00;24
WDOV26;27/08/2026;09:03:00;5187,00;5187,50;5185,50;5186,00;2696955,00;52
WDOV26;27/08/2026;09:02:00;5190,50;5190,50;5187,00;5187,50;1504620,00;29
WDOV26;27/08/2026;09:01:00;5193,50;5193,50;5190,00;5190,50;22010350,00;424
WDOV26;27/08/2026;09:00:00;5188,00;5193,50;5184,50;5192,50;12198335,00;235
WDOV26;26/08/2026;18:29:00;5184,00;5185,00;5184,00;5185,00;414735,00;8
WDOV26;26/08/2026;18:28:00;5183,50;5183,50;5183,50;5183,50;103670,00;2
WDOV26;26/08/2026;18:26:00;5184,00;5184,00;5184,00;5184,00;51840,00;1
WDOV26;26/08/2026;18:24:00;5182,50;5183,00;5182,50;5182,50;725595,00;14
WDOV26;26/08/2026;18:23:00;5183,00;5183,00;5183,00;5183,00;518300,00;10
WDOV26;26/08/2026;18:22:00;5183,00;5184,00;5182,50;5183,50;362825,00;7
WDOV26;26/08/2026;18:21:00;5182,50;5183,00;5182,50;5183,00;414625,00;8
WDOV26;26/08/2026;18:20:00;5183,00;5183,00;5182,50;5182,50;103655,00;2
WDOV26;26/08/2026;18:19:00;5183,50;5184,00;5183,50;5184,00;414695,00;8
WDOV26;26/08/2026;18:17:00;5181,50;5183,50;5181,50;5183,50;518200,00;10
WDOV26;26/08/2026;18:16:00;5181,00;5181,50;5181,00;5181,50;569960,00;11
WDOV26;26/08/2026;18:15:00;5182,00;5182,50;5180,00;5180,50;5491425,00;106
WDOV26;26/08/2026;18:14:00;5182,50;5182,50;5182,50;5182,50;207300,00;4
WDOV26;26/08/2026;18:13:00;5184,00;5184,00;5182,00;5183,00;829325,00;16
WDOV26;26/08/2026;18:12:00;5184,00;5184,00;5184,00;5184,00;51840,00;1
WDOV26;26/08/2026;18:11:00;5184,00;5185,00;5184,00;5185,00;207380,00;4
WDOV26;26/08/2026;18:10:00;5185,50;5186,00;5184,50;5184,50;1399975,00;27
WDOV26;26/08/2026;18:09:00;5185,50;5185,50;5185,50;5185,50;207420,00;4
WDOV26;26/08/2026;18:08:00;5186,50;5186,50;5186,50;5186,50;259325,00;5
WDOV26;26/08/2026;18:07:00;5186,00;5186,00;5186,00;5186,00;259300,00;5
WDOV26;26/08/2026;18:06:00;5186,50;5186,50;5186,50;5186,50;51865,00;1
WDOV26;26/08/2026;18:05:00;5186,00;5186,50;5186,00;5186,50;414885,00;8
WDOV26;26/08/2026;18:04:00;5186,50;5186,50;5186,00;5186,00;363045,00;7
WDOV26;26/08/2026;18:03:00;5186,50;5187,00;5186,50;5187,00;570545,00;11
WDOV26;26/08/2026;18:02:00;5187,50;5187,50;5187,00;5187,00;259355,00;5
WDOV26;26/08/2026;18:00:00;5188,00;5188,50;5187,50;5187,50;1452640,00;28
WDOV26;26/08/2026;17:59:00;5188,00;5188,00;5188,00;5188,00;622560,00;12
WDOV26;26/08/2026;17:58:00;5188,50;5188,50;5188,50;5188,50;363195,00;7
WDOV26;26/08/2026;17:57:00;5188,50;5188,50;5188,50;5188,50;415080,00;8
WDOV26;26/08/2026;17:56:00;5188,50;5188,50;5188,50;5188,50;518850,00;10
WDOV26;26/08/2026;17:55:00;5188,50;5189,00;5188,50;5189,00;570745,00;11
WDOV26;26/08/2026;17:54:00;5188,50;5188,50;5188,50;5188,50;207540,00;4
WDOV26;26/08/2026;17:53:00;5188,50;5188,50;5188,50;5188,50;311310,00;6
WDOV26;26/08/2026;17:51:00;5188,50;5189,00;5188,50;5189,00;363220,00;7
WDOV26;26/08/2026;17:50:00;5190,00;5190,00;5189,00;5189,00;207580,00;4
WDOV26;26/08/2026;17:49:00;5190,50;5190,50;5190,00;5190,50;519020,00;10
WDOV26;26/08/2026;17:48:00;5191,00;5191,00;5191,00;5191,00;51910,00;1
WDOV26;26/08/2026;17:47:00;5191,00;5191,00;5190,50;5190,50;103815,00;2
WDOV26;26/08/2026;17:46:00;5190,50;5190,50;5190,50;5190,50;51905,00;1
WDOV26;26/08/2026;17:45:00;5190,00;5190,00;5190,00;5190,00;259500,00;5
WDOV26;26/08/2026;17:43:00;5190,00;5190,00;5190,00;5190,00;778500,00;15
WDOV26;26/08/2026;17:38:00;5188,50;5188,50;5188,50;5188,50;207540,00;4
WDOV26;26/08/2026;17:37:00;5189,50;5189,50;5189,50;5189,50;51895,00;1
WDOV26;26/08/2026;17:34:00;5188,50;5189,50;5188,50;5189,50;726470,00;14
WDOV26;26/08/2026;17:30:00;5188,50;5188,50;5188,50;5188,50;207540,00;4
WDOV26;26/08/2026;17:29:00;5188,50;5188,50;5188,50;5188,50;311310,00;6
WDOV26;26/08/2026;17:28:00;5188,50;5188,50;5188,00;5188,00;1815805,00;35
WDOV26;26/08/2026;17:27:00;5189,00;5189,00;5189,00;5189,00;259450,00;5
WDOV26;26/08/2026;17:25:00;5189,00;5189,00;5189,00;5189,00;51890,00;1
WDOV26;26/08/2026;17:24:00;5189,00;5189,00;5189,00;5189,00;103780,00;2
WDOV26;26/08/2026;17:23:00;5189,50;5189,50;5189,00;5189,00;311365,00;6
WDOV26;26/08/2026;17:22:00;5189,50;5189,50;5189,00;5189,00;778390,00;15
WDOV26;26/08/2026;17:19:00;5189,00;5189,00;5189,00;5189,00;51890,00;1
WDOV26;26/08/2026;17:18:00;5189,00;5189,00;5189,00;5189,00;155670,00;3
WDOV26;26/08/2026;17:15:00;5188,50;5188,50;5188,50;5188,50;518850,00;10
WDOV26;26/08/2026;17:13:00;5188,50;5188,50;5188,50;5188,50;51885,00;1
WDOV26;26/08/2026;17:11:00;5189,50;5189,50;5189,50;5189,50;103790,00;2
WDOV26;26/08/2026;17:10:00;5188,50;5188,50;5188,50;5188,50;51885,00;1
WDOV26;26/08/2026;17:09:00;5188,00;5188,00;5187,50;5187,50;518775,00;10
WDOV26;26/08/2026;17:08:00;5188,00;5188,00;5187,50;5187,50;155635,00;3
WDOV26;26/08/2026;17:07:00;5189,50;5189,50;5188,50;5189,00;934035,00;18
WDOV26;26/08/2026;17:06:00;5190,50;5190,50;5189,50;5189,50;1712690,00;33
WDOV26;26/08/2026;17:05:00;5191,00;5191,00;5191,00;5191,00;207640,00;4
WDOV26;26/08/2026;17:03:00;5191,50;5191,50;5191,50;5191,50;207660,00;4
WDOV26;26/08/2026;17:02:00;5191,50;5191,50;5191,50;5191,50;519150,00;10
WDOV26;26/08/2026;17:00:00;5191,00;5191,00;5191,00;5191,00;363370,00;7
WDOV26;26/08/2026;16:59:00;5191,50;5191,50;5191,50;5191,50;519150,00;10
WDOV26;26/08/2026;16:56:00;5193,00;5193,00;5193,00;5193,00;51930,00;1
WDOV26;26/08/2026;16:55:00;5193,00;5193,00;5193,00;5193,00;155790,00;3
WDOV26;26/08/2026;16:54:00;5193,50;5193,50;5193,50;5193,50;259675,00;5
WDOV26;26/08/2026;16:49:00;5192,00;5192,00;5192,00;5192,00;155760,00;3
WDOV26;26/08/2026;16:48:00;5192,00;5192,00;5192,00;5192,00;51920,00;1
WDOV26;26/08/2026;16:46:00;5191,50;5192,00;5191,50;5192,00;571070,00;11
WDOV26;26/08/2026;16:35:00;5192,00;5192,00;5192,00;5192,00;51920,00;1
WDOV26;26/08/2026;16:33:00;5192,00;5192,00;5192,00;5192,00;103840,00;2
WDOV26;26/08/2026;16:30:00;5192,50;5192,50;5192,50;5192,50;51925,00;1
WDOV26;26/08/2026;16:29:00;5192,00;5192,00;5191,50;5191,50;103835,00;2
WDOV26;26/08/2026;16:27:00;5193,00;5193,00;5193,00;5193,00;103860,00;2
WDOV26;26/08/2026;16:26:00;5193,00;5193,00;5192,50;5192,50;155780,00;3
WDOV26;26/08/2026;16:21:00;5194,50;5194,50;5194,50;5194,50;51945,00;1
WDOV26;26/08/2026;16:19:00;5194,50;5194,50;5194,50;5194,50;51945,00;1
WDOV26;26/08/2026;16:17:00;5194,50;5194,50;5194,50;5194,50;51945,00;1
WDOV26;26/08/2026;16:16:00;5194,00;5194,50;5194,00;5194,50;155830,00;3
WDOV26;26/08/2026;16:13:00;5193,50;5193,50;5193,50;5193,50;51935,00;1
WDOV26;26/08/2026;16:12:00;5193,50;5193,50;5193,50;5193,50;259675,00;5
WDOV26;26/08/2026;16:11:00;5193,00;5193,00;5193,00;5193,00;103860,00;2
WDOV26;26/08/2026;16:09:00;5192,00;5192,00;5192,00;5192,00;51920,00;1
WDOV26;26/08/2026;16:08:00;5193,00;5193,00;5193,00;5193,00;51930,00;1
WDOV26;26/08/2026;16:06:00;5193,50;5193,50;5193,50;5193,50;51935,00;1
WDOV26;26/08/2026;16:04:00;5194,00;5194,00;5194,00;5194,00;103880,00;2
WDOV26;26/08/2026;16:03:00;5194,00;5194,00;5194,00;5194,00;311640,00;6
WDOV26;26/08/2026;15:59:00;5192,50;5192,50;5192,50;5192,50;155775,00;3
WDOV26;26/08/2026;15:56:00;5192,50;5192,50;5192,50;5192,50;51925,00;1
WDOV26;26/08/2026;15:53:00;5192,00;5192,00;5191,50;5191,50;103835,00;2
WDOV26;26/08/2026;15:48:00;5193,50;5194,00;5193,50;5194,00;103875,00;2
WDOV26;26/08/2026;15:47:00;5193,00;5193,00;5193,00;5193,00;155790,00;3
WDOV26;26/08/2026;15:45:00;5192,50;5192,50;5192,50;5192,50;103850,00;2
WDOV26;26/08/2026;15:43:00;5192,00;5192,00;5192,00;5192,00;51920,00;1
WDOV26;26/08/2026;15:39:00;5193,50;5193,50;5191,50;5192,50;2440555,00;47
WDOV26;26/08/2026;15:37:00;5194,00;5194,00;5192,50;5193,50;519290,00;10
WDOV26;26/08/2026;15:36:00;5194,00;5194,00;5194,00;5194,00;259700,00;5
WDOV26;26/08/2026;15:33:00;5194,50;5194,50;5194,50;5194,50;155835,00;3
WDOV26;26/08/2026;15:32:00;5194,50;5195,00;5194,50;5195,00;155840,00;3
WDOV26;26/08/2026;15:31:00;5193,50;5195,00;5193,50;5195,00;1610295,00;31
WDOV26;26/08/2026;15:30:00;5192,50;5192,50;5192,50;5192,50;103850,00;2
WDOV26;26/08/2026;15:29:00;5192,50;5192,50;5192,50;5192,50;51925,00;1
WDOV26;26/08/2026;15:27:00;5193,50;5194,50;5192,50;5192,50;2856470,00;55
WDOV26;26/08/2026;15:26:00;5192,50;5193,00;5192,00;5192,00;882715,00;17
WDOV26;26/08/2026;15:25:00;5193,50;5193,50;5193,00;5193,00;207735,00;4
WDOV26;26/08/2026;15:24:00;5193,50;5194,00;5193,50;5194,00;207755,00;4
WDOV26;26/08/2026;15:22:00;5194,50;5194,50;5194,50;5194,50;51945,00;1
WDOV26;26/08/2026;15:21:00;5194,00;5194,00;5193,50;5193,50;779050,00;15
WDOV26;26/08/2026;15:20:00;5193,50;5194,00;5193,50;5194,00;415490,00;8
WDOV26;26/08/2026;15:19:00;5193,00;5193,50;5192,50;5193,50;1194415,00;23
WDOV26;26/08/2026;15:18:00;5192,50;5192,50;5192,00;5192,00;155765,00;3
WDOV26;26/08/2026;15:17:00;5192,50;5192,50;5192,00;5192,00;155770,00;3
WDOV26;26/08/2026;15:16:00;5192,00;5192,00;5192,00;5192,00;51920,00;1
WDOV26;26/08/2026;15:07:00;5193,00;5194,00;5193,00;5194,00;103870,00;2
WDOV26;26/08/2026;15:06:00;5191,50;5191,50;5191,50;5191,50;51915,00;1
WDOV26;26/08/2026;15:04:00;5192,00;5192,00;5191,50;5191,50;103835,00;2
WDOV26;26/08/2026;15:02:00;5192,00;5192,00;5192,00;5192,00;51920,00;1
WDOV26;26/08/2026;14:59:00;5192,50;5192,50;5192,00;5192,00;259610,00;5
WDOV26;26/08/2026;14:57:00;5193,50;5193,50;5193,50;5193,50;51935,00;1
WDOV26;26/08/2026;14:53:00;5194,00;5194,00;5194,00;5194,00;51940,00;1
WDOV26;26/08/2026;14:47:00;5194,50;5194,50;5194,50;5194,50;51945,00;1
WDOV26;26/08/2026;14:46:00;5194,00;5194,50;5194,00;5194,50;155830,00;3
WDOV26;26/08/2026;14:44:00;5194,00;5194,00;5193,50;5193,50;103875,00;2
WDOV26;26/08/2026;14:43:00;5193,50;5193,50;5193,50;5193,50;311610,00;6
WDOV26;26/08/2026;14:41:00;5193,50;5193,50;5193,50;5193,50;259675,00;5
WDOV26;26/08/2026;14:37:00;5194,00;5194,00;5194,00;5194,00;51940,00;1
WDOV26;26/08/2026;14:36:00;5193,00;5193,00;5193,00;5193,00;51930,00;1
WDOV26;26/08/2026;14:34:00;5193,00;5193,00;5192,50;5192,50;103855,00;2
WDOV26;26/08/2026;14:31:00;5192,50;5193,00;5192,50;5193,00;103855,00;2
WDOV26;26/08/2026;14:29:00;5192,50;5192,50;5192,50;5192,50;155775,00;3
WDOV26;26/08/2026;14:28:00;5193,00;5193,00;5193,00;5193,00;103860,00;2
WDOV26;26/08/2026;14:25:00;5193,50;5193,50;5193,50;5193,50;1869660,00;36
WDOV26;26/08/2026;14:23:00;5193,00;5193,00;5193,00;5193,00;259650,00;5
WDOV26;26/08/2026;14:20:00;5193,50;5193,50;5193,50;5193,50;259675,00;5
WDOV26;26/08/2026;14:19:00;5194,00;5194,00;5193,50;5193,50;415495,00;8
WDOV26;26/08/2026;14:18:00;5194,50;5194,50;5194,00;5194,00;259720,00;5
WDOV26;26/08/2026;14:17:00;5194,50;5195,00;5194,50;5195,00;779195,00;15
WDOV26;26/08/2026;14:16:00;5195,00;5195,50;5194,50;5194,50;5714915,00;110
WDOV26;26/08/2026;14:15:00;5195,00;5196,00;5195,00;5196,00;935190,00;18
WDOV26;26/08/2026;14:13:00;5195,50;5195,50;5195,50;5195,50;259775,00;5
WDOV26;26/08/2026;14:12:00;5195,50;5195,50;5195,50;5195,50;51955,00;1
WDOV26;26/08/2026;14:08:00;5197,00;5197,00;5197,00;5197,00;51970,00;1
WDOV26;26/08/2026;14:06:00;5197,00;5197,00;5197,00;5197,00;51970,00;1
WDOV26;26/08/2026;14:04:00;5196,50;5197,00;5196,50;5196,50;675580,00;13
WDOV26;26/08/2026;14:03:00;5197,00;5197,00;5197,00;5197,00;103940,00;2
WDOV26;26/08/2026;14:02:00;5197,00;5197,00;5197,00;5197,00;155910,00;3
WDOV26;26/08/2026;14:01:00;5197,00;5197,00;5197,00;5197,00;51970,00;1
WDOV26;26/08/2026;14:00:00;5198,00;5198,00;5198,00;5198,00;51980,00;1
WDOV26;26/08/2026;13:52:00;5200,00;5200,00;5200,00;5200,00;156000,00;3
WDOV26;26/08/2026;13:50:00;5198,50;5198,50;5198,50;5198,50;207940,00;4
WDOV26;26/08/2026;13:49:00;5198,50;5198,50;5198,50;5198,50;207940,00;4
WDOV26;26/08/2026;13:48:00;5198,50;5199,50;5198,50;5199,50;155965,00;3
WDOV26;26/08/2026;13:47:00;5199,00;5199,00;5199,00;5199,00;103980,00;2
WDOV26;26/08/2026;13:41:00;5199,00;5199,00;5199,00;5199,00;51990,00;1
WDOV26;26/08/2026;13:40:00;5199,50;5199,50;5199,50;5199,50;51995,00;1
WDOV26;26/08/2026;13:39:00;5198,50;5198,50;5198,50;5198,50;103970,00;2
WDOV26;26/08/2026;13:38:00;5198,50;5199,00;5198,50;5198,50;1091690,00;21
WDOV26;26/08/2026;13:37:00;5197,50;5198,50;5197,50;5198,50;207925,00;4
WDOV26;26/08/2026;13:36:00;5198,00;5198,00;5198,00;5198,00;207920,00;4
WDOV26;26/08/2026;13:34:00;5198,00;5198,00;5198,00;5198,00;155940,00;3
WDOV26;26/08/2026;13:33:00;5197,50;5197,50;5197,50;5197,50;51975,00;1
WDOV26;26/08/2026;13:32:00;5197,00;5197,00;5197,00;5197,00;207880,00;4
WDOV26;26/08/2026;13:30:00;5197,00;5197,00;5197,00;5197,00;207880,00;4
WDOV26;26/08/2026;13:28:00;5196,50;5196,50;5196,50;5196,50;51965,00;1
WDOV26;26/08/2026;13:27:00;5196,50;5197,50;5196,50;5197,00;207885,00;4
WDOV26;26/08/2026;13:26:00;5196,00;5197,00;5196,00;5197,00;207850,00;4
WDOV26;26/08/2026;13:24:00;5195,50;5195,50;5195,50;5195,50;51955,00;1
WDOV26;26/08/2026;13:23:00;5196,00;5196,50;5196,00;5196,50;103925,00;2
WDOV26;26/08/2026;13:21:00;5197,00;5197,00;5197,00;5197,00;51970,00;1
WDOV26;26/08/2026;13:19:00;5198,00;5198,00;5198,00;5198,00;207920,00;4
WDOV26;26/08/2026;13:17:00;5198,00;5198,00;5198,00;5198,00;51980,00;1
WDOV26;26/08/2026;13:16:00;5198,50;5198,50;5198,50;5198,50;51985,00;1
WDOV26;26/08/2026;13:13:00;5198,00;5198,00;5197,00;5198,00;415780,00;8
WDOV26;26/08/2026;13:12:00;5198,00;5198,00;5198,00;5198,00;51980,00;1
WDOV26;26/08/2026;13:11:00;5198,50;5198,50;5198,50;5198,50;155955,00;3
WDOV26;26/08/2026;13:09:00;5199,50;5199,50;5199,50;5199,50;207980,00;4
WDOV26;26/08/2026;13:07:00;5199,50;5199,50;5199,50;5199,50;415960,00;8
WDOV26;26/08/2026;13:06:00;5200,50;5200,50;5200,50;5200,50;52005,00;1
WDOV26;26/08/2026;13:05:00;5200,00;5200,00;5200,00;5200,00;52000,00;1
WDOV26;26/08/2026;13:04:00;5201,00;5201,00;5201,00;5201,00;52010,00;1
WDOV26;26/08/2026;13:02:00;5200,50;5200,50;5200,50;5200,50;52005,00;1
WDOV26;26/08/2026;13:01:00;5201,50;5202,00;5201,50;5202,00;104035,00;2
WDOV26;26/08/2026;13:00:00;5200,50;5200,50;5200,50;5200,50;416040,00;8
WDOV26;26/08/2026;12:57:00;5200,00;5201,50;5200,00;5201,50;104015,00;2
WDOV26;26/08/2026;12:56:00;5200,50;5200,50;5200,50;5200,50;104010,00;2
WDOV26;26/08/2026;12:55:00;5201,50;5201,50;5201,00;5201,00;208055,00;4
WDOV26;26/08/2026;12:54:00;5202,00;5202,00;5202,00;5202,00;104040,00;2
WDOV26;26/08/2026;12:53:00;5201,50;5201,50;5201,00;5201,00;104025,00;2
WDOV26;26/08/2026;12:52:00;5203,00;5203,50;5203,00;5203,00;208130,00;4
WDOV26;26/08/2026;12:51:00;5201,50;5202,50;5201,50;5202,50;156055,00;3
WDOV26;26/08/2026;12:50:00;5199,00;5200,50;5199,00;5200,50;259995,00;5
WDOV26;26/08/2026;12:49:00;5198,00;5198,50;5198,00;5198,50;103965,00;2
WDOV26;26/08/2026;12:48:00;5198,00;5198,50;5198,00;5198,00;779755,00;15
WDOV26;26/08/2026;12:47:00;5197,50;5197,50;5197,50;5197,50;51975,00;1
WDOV26;26/08/2026;12:40:00;5198,00;5198,00;5197,50;5197,50;103955,00;2
WDOV26;26/08/2026;12:36:00;5198,50;5198,50;5198,50;5198,50;51985,00;1
WDOV26;26/08/2026;12:35:00;5198,00;5198,00;5198,00;5198,00;311880,00;6
WDOV26;26/08/2026;12:34:00;5198,00;5198,00;5198,00;5198,00;103960,00;2
WDOV26;26/08/2026;12:33:00;5198,50;5198,50;5198,00;5198,50;259915,00;5
WDOV26;26/08/2026;12:32:00;5199,00;5199,00;5199,00;5199,00;51990,00;1
WDOV26;26/08/2026;12:27:00;5200,00;5200,00;5200,00;5200,00;52000,00;1
WDOV26;26/08/2026;12:26:00;5200,00;5200,00;5200,00;5200,00;104000,00;2
WDOV26;26/08/2026;12:24:00;5201,00;5201,00;5201,00;5201,00;52010,00;1
WDOV26;26/08/2026;12:23:00;5200,50;5200,50;5200,50;5200,50;208020,00;4
WDOV26;26/08/2026;12:22:00;5200,50;5200,50;5200,50;5200,50;104010,00;2
WDOV26;26/08/2026;12:21:00;5200,50;5201,00;5200,50;5201,00;1352255,00;26
WDOV26;26/08/2026;12:15:00;5200,00;5200,00;5200,00;5200,00;156000,00;3
WDOV26;26/08/2026;12:14:00;5199,00;5199,00;5199,00;5199,00;311940,00;6
WDOV26;26/08/2026;12:13:00;5198,50;5198,50;5198,50;5198,50;51985,00;1
WDOV26;26/08/2026;12:12:00;5198,50;5198,50;5198,50;5198,50;207940,00;4
WDOV26;26/08/2026;12:11:00;5198,50;5199,00;5198,50;5198,50;155960,00;3
WDOV26;26/08/2026;12:10:00;5198,50;5198,50;5198,50;5198,50;623820,00;12
WDOV26;26/08/2026;12:07:00;5198,00;5198,00;5198,00;5198,00;155940,00;3
WDOV26;26/08/2026;12:06:00;5199,50;5199,50;5199,50;5199,50;51995,00;1
WDOV26;26/08/2026;12:05:00;5200,00;5200,00;5200,00;5200,00;52000,00;1
WDOV26;26/08/2026;12:04:00;5199,00;5199,50;5199,00;5199,50;207965,00;4
WDOV26;26/08/2026;12:03:00;5201,50;5201,50;5199,50;5199,50;311995,00;6
WDOV26;26/08/2026;12:02:00;5201,50;5201,50;5201,00;5201,50;572150,00;11
WDOV26;26/08/2026;12:00:00;5201,00;5202,00;5201,00;5202,00;104030,00;2
WDOV26;26/08/2026;11:59:00;5199,50;5199,50;5199,50;5199,50;51995,00;1
WDOV26;26/08/2026;11:58:00;5201,00;5201,00;5201,00;5201,00;52010,00;1
WDOV26;26/08/2026;11:57:00;5200,50;5201,00;5200,00;5201,00;832085,00;16
WDOV26;26/08/2026;11:56:00;5201,00;5201,00;5200,50;5200,50;260030,00;5
WDOV26;26/08/2026;11:55:00;5201,00;5201,00;5200,00;5200,00;728065,00;14
WDOV26;26/08/2026;11:54:00;5202,50;5203,00;5202,50;5203,00;104055,00;2
WDOV26;26/08/2026;11:51:00;5201,50;5201,50;5201,50;5201,50;52015,00;1
WDOV26;26/08/2026;11:49:00;5203,00;5203,00;5203,00;5203,00;52030,00;1
WDOV26;26/08/2026;11:48:00;5202,50;5202,50;5202,50;5202,50;260125,00;5
WDOV26;26/08/2026;11:47:00;5202,50;5203,00;5202,50;5202,50;260130,00;5
WDOV26;26/08/2026;11:46:00;5202,00;5203,00;5202,00;5202,50;5463090,00;105
WDOV26;26/08/2026;11:45:00;5201,50;5202,50;5201,50;5202,50;260095,00;5
WDOV26;26/08/2026;11:44:00;5200,50;5201,50;5199,50;5201,50;364025,00;7
WDOV26;26/08/2026;11:43:00;5200,00;5200,00;5200,00;5200,00;104000,00;2
WDOV26;26/08/2026;11:41:00;5199,00;5199,00;5199,00;5199,00;51990,00;1
WDOV26;26/08/2026;11:40:00;5199,50;5200,00;5199,50;5200,00;103995,00;2
WDOV26;26/08/2026;11:39:00;5198,50;5198,50;5198,50;5198,50;51985,00;1
WDOV26;26/08/2026;11:38:00;5198,50;5199,00;5198,50;5199,00;155965,00;3
WDOV26;26/08/2026;11:37:00;5198,50;5198,50;5198,50;5198,50;155955,00;3
WDOV26;26/08/2026;11:36:00;5199,00;5199,00;5198,00;5198,50;1819580,00;35
WDOV26;26/08/2026;11:35:00;5199,00;5199,50;5199,00;5199,50;831845,00;16
WDOV26;26/08/2026;11:34:00;5199,50;5199,50;5198,00;5198,50;259935,00;5
WDOV26;26/08/2026;11:33:00;5199,50;5199,50;5199,00;5199,00;415925,00;8
WDOV26;26/08/2026;11:32:00;5199,00;5199,00;5197,50;5199,00;3950575,00;76
WDOV26;26/08/2026;11:31:00;5199,00;5199,00;5199,00;5199,00;155970,00;3
WDOV26;26/08/2026;11:30:00;5198,50;5200,00;5198,50;5200,00;363950,00;7
WDOV26;26/08/2026;11:28:00;5196,00;5196,00;5196,00;5196,00;259800,00;5
WDOV26;26/08/2026;11:27:00;5197,00;5197,00;5197,00;5197,00;51970,00;1
WDOV26;26/08/2026;11:26:00;5198,00;5198,00;5198,00;5198,00;259900,00;5
WDOV26;26/08/2026;11:24:00;5196,00;5196,00;5195,50;5195,50;103915,00;2
WDOV26;26/08/2026;11:23:00;5197,50;5197,50;5197,50;5197,50;415800,00;8
WDOV26;26/08/2026;11:21:00;5195,00;5195,00;5195,00;5195,00;51950,00;1
WDOV26;26/08/2026;11:19:00;5194,50;5194,50;5194,50;5194,50;51945,00;1
WDOV26;26/08/2026;11:17:00;5194,50;5194,50;5194,50;5194,50;51945,00;1
WDOV26;26/08/2026;11:13:00;5192,00;5192,00;5191,50;5192,00;155755,00;3
WDOV26;26/08/2026;11:12:00;5194,50;5194,50;5192,50;5192,50;727085,00;14
WDOV26;26/08/2026;11:11:00;5193,50;5193,50;5193,00;5193,00;155800,00;3
WDOV26;26/08/2026;11:09:00;5196,50;5196,50;5194,00;5194,00;519575,00;10
WDOV26;26/08/2026;11:08:00;5198,00;5198,00;5198,00;5198,00;51980,00;1
WDOV26;26/08/2026;11:07:00;5196,00;5197,00;5196,00;5197,00;259830,00;5
WDOV26;26/08/2026;11:06:00;5195,00;5195,00;5195,00;5195,00;415600,00;8
WDOV26;26/08/2026;11:05:00;5193,50;5195,00;5193,50;5194,00;675275,00;13
WDOV26;26/08/2026;11:04:00;5191,00;5193,50;5191,00;5193,50;1817455,00;35
WDOV26;26/08/2026;11:03:00;5193,50;5193,50;5191,50;5191,50;519245,00;10
WDOV26;26/08/2026;11:02:00;5194,50;5195,00;5194,50;5194,50;155840,00;3
WDOV26;26/08/2026;11:00:00;5194,50;5194,50;5194,50;5194,50;51945,00;1
WDOV26;26/08/2026;10:59:00;5196,00;5196,00;5196,00;5196,00;51960,00;1
WDOV26;26/08/2026;10:58:00;5196,00;5196,00;5196,00;5196,00;51960,00;1
WDOV26;26/08/2026;10:57:00;5195,50;5195,50;5195,50;5195,50;51955,00;1
WDOV26;26/08/2026;10:55:00;5196,00;5196,00;5195,00;5195,50;883255,00;17
WDOV26;26/08/2026;10:54:00;5197,00;5197,00;5196,50;5196,50;103935,00;2
WDOV26;26/08/2026;10:53:00;5197,00;5197,50;5197,00;5197,50;207885,00;4
WDOV26;26/08/2026;10:52:00;5199,00;5199,00;5196,00;5196,50;2702235,00;52
WDOV26;26/08/2026;10:51:00;5198,50;5199,00;5198,50;5198,50;571845,00;11
WDOV26;26/08/2026;10:50:00;5198,50;5198,50;5198,50;5198,50;51985,00;1
WDOV26;26/08/2026;10:49:00;5199,00;5199,50;5199,00;5199,50;103985,00;2
WDOV26;26/08/2026;10:48:00;5198,50;5198,50;5198,50;5198,50;259925,00;5
WDOV26;26/08/2026;10:47:00;5198,50;5199,00;5198,00;5199,00;1091660,00;21
WDOV26;26/08/2026;10:46:00;5198,50;5199,00;5198,50;5198,50;571845,00;11
WDOV26;26/08/2026;10:45:00;5200,00;5200,00;5197,50;5198,50;4002960,00;77
WDOV26;26/08/2026;10:44:00;5199,50;5200,50;5199,00;5200,00;4471545,00;86
WDOV26;26/08/2026;10:43:00;5199,00;5199,50;5198,00;5199,50;2495125,00;48
WDOV26;26/08/2026;10:42:00;5199,00;5200,50;5199,00;5199,00;987945,00;19
WDOV26;26/08/2026;10:41:00;5200,00;5200,00;5197,50;5199,00;14712400,00;283
WDOV26;26/08/2026;10:40:00;5200,00;5201,00;5199,50;5199,50;2808290,00;54
WDOV26;26/08/2026;10:39:00;5200,50;5200,50;5199,00;5200,00;3536185,00;68
WDOV26;26/08/2026;10:38:00;5200,00;5201,00;5200,00;5200,50;2340120,00;45
WDOV26;26/08/2026;10:36:00;5201,50;5201,50;5201,00;5201,00;364085,00;7
WDOV26;26/08/2026;10:35:00;5202,00;5202,50;5201,00;5201,50;3277175,00;63
WDOV26;26/08/2026;10:34:00;5201,00;5201,50;5200,50;5201,50;5356940,00;103
WDOV26;26/08/2026;10:33:00;5200,50;5202,00;5200,00;5201,00;4992615,00;96
WDOV26;26/08/2026;10:32:00;5198,00;5200,50;5197,50;5200,50;6966770,00;134
WDOV26;26/08/2026;10:31:00;5197,00;5197,50;5197,00;5197,50;259870,00;5
WDOV26;26/08/2026;10:30:00;5196,50;5197,00;5196,00;5196,00;727515,00;14
WDOV26;26/08/2026;10:28:00;5198,50;5198,50;5198,50;5198,50;259925,00;5
WDOV26;26/08/2026;10:27:00;5198,50;5198,50;5198,50;5198,50;51985,00;1
WDOV26;26/08/2026;10:26:00;5199,00;5199,00;5198,50;5198,50;519890,00;10
WDOV26;26/08/2026;10:25:00;5198,00;5198,00;5198,00;5198,00;103960,00;2
WDOV26;26/08/2026;10:24:00;5197,50;5197,50;5197,00;5197,00;103945,00;2
WDOV26;26/08/2026;10:23:00;5197,00;5197,50;5197,00;5197,50;103945,00;2
WDOV26;26/08/2026;10:22:00;5198,00;5198,00;5198,00;5198,00;51980,00;1
WDOV26;26/08/2026;10:21:00;5197,00;5198,50;5196,50;5198,00;519785,00;10
WDOV26;26/08/2026;10:20:00;5196,00;5197,00;5196,00;5197,00;1351035,00;26
WDOV26;26/08/2026;10:19:00;5196,50;5196,50;5196,50;5196,50;363755,00;7
WDOV26;26/08/2026;10:18:00;5198,00;5198,50;5196,00;5197,00;4780995,00;92
WDOV26;26/08/2026;10:17:00;5198,00;5198,00;5197,50;5197,50;207905,00;4
WDOV26;26/08/2026;10:16:00;5198,00;5198,50;5198,00;5198,00;623795,00;12
WDOV26;26/08/2026;10:15:00;5196,50;5197,50;5196,00;5197,00;3169810,00;61
WDOV26;26/08/2026;10:14:00;5198,00;5198,50;5196,50;5196,50;363835,00;7
WDOV26;26/08/2026;10:13:00;5198,00;5198,00;5198,00;5198,00;103960,00;2
WDOV26;26/08/2026;10:12:00;5198,50;5200,00;5198,50;5200,00;259960,00;5
WDOV26;26/08/2026;10:11:00;5199,00;5199,00;5198,50;5198,50;103975,00;2
WDOV26;26/08/2026;10:10:00;5199,50;5199,50;5198,50;5199,00;2027535,00;39
WDOV26;26/08/2026;10:08:00;5199,50;5200,00;5199,50;5200,00;363990,00;7
WDOV26;26/08/2026;10:07:00;5200,50;5200,50;5199,50;5199,50;104000,00;2
WDOV26;26/08/2026;10:06:00;5200,50;5200,50;5198,00;5199,00;1039760,00;20
WDOV26;26/08/2026;10:05:00;5202,00;5202,00;5200,50;5200,50;936170,00;18
WDOV26;26/08/2026;10:04:00;5202,50;5203,00;5202,00;5202,50;2757370,00;53
WDOV26;26/08/2026;10:03:00;5202,50;5202,50;5202,50;5202,50;260125,00;5
WDOV26;26/08/2026;10:02:00;5200,00;5200,50;5200,00;5200,50;104005,00;2
WDOV26;26/08/2026;10:01:00;5202,50;5202,50;5202,00;5202,00;364150,00;7
WDOV26;26/08/2026;10:00:00;5201,00;5203,50;5201,00;5202,00;4837320,00;93
WDOV26;26/08/2026;09:59:00;5199,00;5201,00;5199,00;5201,00;1300005,00;25
WDOV26;26/08/2026;09:58:00;5198,00;5199,50;5198,00;5199,00;519885,00;10
WDOV26;26/08/2026;09:57:00;5197,50;5197,50;5197,00;5197,00;103945,00;2
WDOV26;26/08/2026;09:56:00;5199,50;5200,00;5198,50;5198,50;675910,00;13
WDOV26;26/08/2026;09:55:00;5197,50;5200,00;5197,50;5200,00;1403890,00;27
WDOV26;26/08/2026;09:54:00;5196,50;5199,00;5196,50;5198,00;935635,00;18
WDOV26;26/08/2026;09:53:00;5194,00;5196,50;5194,00;5195,50;363675,00;7
WDOV26;26/08/2026;09:52:00;5192,50;5195,00;5192,50;5194,50;415545,00;8
WDOV26;26/08/2026;09:51:00;5193,50;5193,50;5193,00;5193,00;311605,00;6
WDOV26;26/08/2026;09:50:00;5192,50;5192,50;5192,50;5192,50;103850,00;2
WDOV26;26/08/2026;09:49:00;5192,00;5193,00;5192,00;5193,00;363480,00;7
WDOV26;26/08/2026;09:48:00;5194,00;5194,00;5193,00;5193,00;830930,00;16
WDOV26;26/08/2026;09:47:00;5194,00;5195,00;5194,00;5194,50;4882865,00;94
WDOV26;26/08/2026;09:46:00;5194,50;5194,50;5194,50;5194,50;519450,00;10
WDOV26;26/08/2026;09:45:00;5193,00;5193,50;5192,00;5193,50;415415,00;8
WDOV26;26/08/2026;09:44:00;5193,50;5193,50;5193,00;5193,00;1713840,00;33
WDOV26;26/08/2026;09:43:00;5194,00;5194,00;5192,50;5192,50;727065,00;14
WDOV26;26/08/2026;09:42:00;5193,50;5195,50;5193,50;5193,50;1194720,00;23
WDOV26;26/08/2026;09:41:00;5193,50;5194,00;5193,00;5193,50;623255,00;12
WDOV26;26/08/2026;09:40:00;5190,50;5194,00;5190,50;5194,00;3478835,00;67
WDOV26;26/08/2026;09:39:00;5189,50;5191,00;5189,50;5190,50;1141915,00;22
WDOV26;26/08/2026;09:38:00;5189,00;5189,00;5188,50;5188,50;103775,00;2
WDOV26;26/08/2026;09:37:00;5188,50;5189,00;5188,00;5188,50;726370,00;14
WDOV26;26/08/2026;09:36:00;5188,00;5189,00;5188,00;5189,00;363180,00;7
WDOV26;26/08/2026;09:35:00;5186,00;5188,00;5186,00;5188,00;1089145,00;21
WDOV26;26/08/2026;09:34:00;5187,00;5187,00;5185,00;5186,00;2541335,00;49
WDOV26;26/08/2026;09:33:00;5187,50;5187,50;5187,00;5187,00;207485,00;4
WDOV26;26/08/2026;09:32:00;5187,00;5188,00;5187,00;5187,50;1867405,00;36
WDOV26;26/08/2026;09:31:00;5186,50;5190,00;5186,50;5190,00;726375,00;14
WDOV26;26/08/2026;09:30:00;5185,00;5187,00;5184,00;5187,00;622235,00;12
WDOV26;26/08/2026;09:29:00;5183,50;5183,50;5182,50;5182,50;259160,00;5
WDOV26;26/08/2026;09:28:00;5183,00;5183,00;5183,00;5183,00;1347580,00;26
WDOV26;26/08/2026;09:26:00;5183,00;5183,00;5183,00;5183,00;362810,00;7
WDOV26;26/08/2026;09:25:00;5183,50;5184,00;5183,00;5184,00;1140315,00;22
WDOV26;26/08/2026;09:24:00;5185,00;5185,00;5185,00;5185,00;51850,00;1
WDOV26;26/08/2026;09:23:00;5184,00;5185,00;5183,00;5185,00;1918065,00;37
WDOV26;26/08/2026;09:22:00;5184,50;5184,50;5184,50;5184,50;51845,00;1
WDOV26;26/08/2026;09:21:00;5183,00;5183,00;5183,00;5183,00;103660,00;2
WDOV26;26/08/2026;09:20:00;5183,00;5183,00;5183,00;5183,00;518300,00;10
WDOV26;26/08/2026;09:19:00;5185,00;5185,00;5185,00;5185,00;103700,00;2
WDOV26;26/08/2026;09:17:00;5185,00;5185,00;5183,50;5184,50;673945,00;13
WDOV26;26/08/2026;09:16:00;5182,50;5184,00;5182,50;5184,00;570135,00;11
WDOV26;26/08/2026;09:15:00;5183,50;5183,50;5183,50;5183,50;518350,00;10
WDOV26;26/08/2026;09:14:00;5183,00;5183,00;5183,00;5183,00;103660,00;2
WDOV26;26/08/2026;09:13:00;5182,00;5183,50;5182,00;5183,50;310955,00;6
WDOV26;26/08/2026;09:12:00;5182,50;5182,50;5182,00;5182,00;362760,00;7
WDOV26;26/08/2026;09:11:00;5185,00;5185,00;5182,50;5182,50;311055,00;6
WDOV26;26/08/2026;09:10:00;5185,50;5186,00;5185,00;5186,00;518570,00;10
WDOV26;26/08/2026;09:09:00;5184,00;5185,00;5184,00;5184,50;1296080,00;25
WDOV26;26/08/2026;09:08:00;5182,50;5183,50;5181,50;5182,50;5804795,00;112
WDOV26;26/08/2026;09:07:00;5179,00;5182,00;5179,00;5182,00;24347220,00;470
WDOV26;26/08/2026;09:06:00;5183,00;5183,50;5178,50;5179,50;13830115,00;267
WDOV26;26/08/2026;09:05:00;5183,50;5183,50;5181,50;5183,50;4923360,00;95
WDOV26;26/08/2026;09:04:00;5184,50;5185,50;5183,00;5183,00;1244380,00;24
WDOV26;26/08/2026;09:03:00;5188,00;5188,50;5186,00;5186,00;2489850,00;48
WDOV26;26/08/2026;09:02:00;5189,00;5189,50;5187,00;5188,00;5188295,00;100
WDOV26;26/08/2026;09:01:00;5186,00;5191,00;5185,00;5189,00;6485465,00;125
WDOV26;26/08/2026;09:00:00;5185,00;5186,00;5183,50;5186,00;2022020,00;39
WDOV26;25/08/2026;18:29:00;5188,50;5188,50;5188,50;5188,50;51885,00;1
WDOV26;25/08/2026;18:26:00;5187,50;5187,50;5187,50;5187,50;155625,00;3
WDOV26;25/08/2026;18:24:00;5189,00;5189,00;5189,00;5189,00;51890,00;1
WDOV26;25/08/2026;18:21:00;5187,00;5187,00;5187,00;5187,00;155610,00;3
WDOV26;25/08/2026;18:20:00;5188,00;5188,00;5188,00;5188,00;51880,00;1
WDOV26;25/08/2026;18:01:00;5188,00;5188,00;5188,00;5188,00;207520,00;4
WDOV26;25/08/2026;17:59:00;5188,50;5188,50;5188,50;5188,50;466965,00;9
WDOV26;25/08/2026;17:58:00;5187,50;5188,00;5187,50;5188,00;415035,00;8
WDOV26;25/08/2026;17:57:00;5187,50;5188,00;5187,50;5187,50;1815685,00;35
WDOV26;25/08/2026;17:54:00;5187,00;5187,00;5187,00;5187,00;207480,00;4
WDOV26;25/08/2026;17:53:00;5187,50;5187,50;5187,50;5187,50;103750,00;2
WDOV26;25/08/2026;17:52:00;5187,50;5187,50;5187,50;5187,50;51875,00;1
WDOV26;25/08/2026;17:51:00;5187,00;5187,00;5186,50;5186,50;207475,00;4
WDOV26;25/08/2026;17:50:00;5187,00;5187,00;5187,00;5187,00;518700,00;10
WDOV26;25/08/2026;17:47:00;5187,50;5187,50;5187,50;5187,50;259375,00;5
WDOV26;25/08/2026;17:46:00;5188,00;5188,00;5188,00;5188,00;103760,00;2
WDOV26;25/08/2026;17:45:00;5187,50;5187,50;5187,50;5187,50;363125,00;7
WDOV26;25/08/2026;17:42:00;5187,00;5187,00;5187,00;5187,00;51870,00;1
WDOV26;25/08/2026;17:37:00;5187,00;5187,00;5187,00;5187,00;51870,00;1
WDOV26;25/08/2026;17:34:00;5187,50;5187,50;5187,50;5187,50;674375,00;13
WDOV26;25/08/2026;17:31:00;5187,00;5187,00;5187,00;5187,00;207480,00;4
WDOV26;25/08/2026;17:29:00;5187,00;5187,00;5187,00;5187,00;363090,00;7
WDOV26;25/08/2026;17:28:00;5186,00;5186,00;5186,00;5186,00;51860,00;1
WDOV26;25/08/2026;17:27:00;5187,00;5187,00;5186,50;5186,50;985510,00;19
WDOV26;25/08/2026;17:26:00;5185,50;5186,50;5185,50;5186,50;1763270,00;34
WDOV26;25/08/2026;17:25:00;5184,50;5184,50;5184,50;5184,50;51845,00;1
WDOV26;25/08/2026;17:21:00;5184,50;5184,50;5184,50;5184,50;51845,00;1
WDOV26;25/08/2026;17:20:00;5184,50;5184,50;5184,50;5184,50;1970110,00;38
WDOV26;25/08/2026;17:18:00;5185,00;5185,00;5184,50;5184,50;311090,00;6
WDOV26;25/08/2026;17:17:00;5184,00;5185,50;5184,00;5185,50;1451670,00;28
WDOV26;25/08/2026;17:16:00;5183,50;5183,50;5183,50;5183,50;466515,00;9
WDOV26;25/08/2026;17:15:00;5183,00;5183,00;5183,00;5183,00;51830,00;1
WDOV26;25/08/2026;17:13:00;5181,50;5183,00;5181,50;5183,00;621945,00;12
WDOV26;25/08/2026;17:12:00;5182,50;5182,50;5181,00;5181,50;155450,00;3
WDOV26;25/08/2026;17:11:00;5180,50;5180,50;5180,00;5180,50;880655,00;17
WDOV26;25/08/2026;17:10:00;5181,00;5181,00;5181,00;5181,00;466290,00;9
WDOV26;25/08/2026;17:07:00;5181,50;5181,50;5181,50;5181,50;518150,00;10
WDOV26;25/08/2026;17:06:00;5182,00;5182,50;5182,00;5182,50;362745,00;7
WDOV26;25/08/2026;17:05:00;5182,00;5182,00;5181,50;5181,50;310915,00;6
WDOV26;25/08/2026;17:04:00;5182,00;5182,00;5182,00;5182,00;51820,00;1
WDOV26;25/08/2026;17:03:00;5182,00;5182,00;5182,00;5182,00;155460,00;3
WDOV26;25/08/2026;17:02:00;5181,50;5182,00;5181,50;5182,00;777250,00;15
WDOV26;25/08/2026;17:01:00;5181,00;5181,50;5181,00;5181,50;880850,00;17
WDOV26;25/08/2026;17:00:00;5180,00;5181,00;5180,00;5181,00;3367170,00;65
WDOV26;25/08/2026;16:59:00;5180,50;5180,50;5180,50;5180,50;207220,00;4
WDOV26;25/08/2026;16:58:00;5180,00;5180,50;5180,00;5180,50;6889565,00;133
WDOV26;25/08/2026;16:57:00;5182,00;5182,00;5181,00;5181,00;2227985,00;43
WDOV26;25/08/2026;16:56:00;5182,50;5182,50;5182,00;5182,00;1295530,00;25
WDOV26;25/08/2026;16:55:00;5182,50;5183,00;5182,00;5183,00;1243840,00;24
WDOV26;25/08/2026;16:54:00;5183,00;5183,00;5182,00;5182,00;4767465,00;92
WDOV26;25/08/2026;16:53:00;5184,00;5184,00;5183,00;5183,00;570185,00;11
WDOV26;25/08/2026;16:50:00;5184,50;5184,50;5184,50;5184,50;103690,00;2
WDOV26;25/08/2026;16:49:00;5185,00;5185,00;5185,00;5185,00;933300,00;18
WDOV26;25/08/2026;16:48:00;5185,00;5185,00;5185,00;5185,00;51850,00;1
WDOV26;25/08/2026;16:46:00;5186,00;5186,00;5186,00;5186,00;570460,00;11
WDOV26;25/08/2026;16:43:00;5187,00;5187,00;5187,00;5187,00;103740,00;2
WDOV26;25/08/2026;16:42:00;5186,50;5186,50;5186,50;5186,50;51865,00;1
WDOV26;25/08/2026;16:40:00;5186,50;5186,50;5186,50;5186,50;51865,00;1
WDOV26;25/08/2026;16:39:00;5187,00;5187,00;5186,50;5186,50;103735,00;2
WDOV26;25/08/2026;16:38:00;5186,50;5186,50;5186,50;5186,50;155595,00;3
WDOV26;25/08/2026;16:37:00;5187,50;5187,50;5187,50;5187,50;51875,00;1
WDOV26;25/08/2026;16:35:00;5187,00;5187,00;5187,00;5187,00;103740,00;2
WDOV26;25/08/2026;16:34:00;5187,00;5187,50;5186,50;5187,50;518680,00;10
WDOV26;25/08/2026;16:32:00;5187,00;5187,00;5187,00;5187,00;51870,00;1
WDOV26;25/08/2026;16:31:00;5187,00;5187,00;5187,00;5187,00;103740,00;2
WDOV26;25/08/2026;16:27:00;5186,00;5187,00;5185,50;5187,00;466750,00;9
WDOV26;25/08/2026;16:26:00;5186,50;5186,50;5186,50;5186,50;51865,00;1
WDOV26;25/08/2026;16:25:00;5186,50;5186,50;5186,50;5186,50;155595,00;3
WDOV26;25/08/2026;16:23:00;5187,00;5187,00;5187,00;5187,00;103740,00;2
WDOV26;25/08/2026;16:21:00;5187,50;5187,50;5187,50;5187,50;518750,00;10
WDOV26;25/08/2026;16:20:00;5188,00;5188,00;5188,00;5188,00;51880,00;1
WDOV26;25/08/2026;16:19:00;5186,50;5187,50;5186,50;5187,50;414950,00;8
WDOV26;25/08/2026;16:18:00;5187,00;5188,00;5187,00;5188,00;103750,00;2
WDOV26;25/08/2026;16:17:00;5187,00;5187,00;5187,00;5187,00;518700,00;10
WDOV26;25/08/2026;16:16:00;5186,00;5186,50;5186,00;5186,50;259310,00;5
WDOV26;25/08/2026;16:15:00;5186,00;5186,00;5186,00;5186,00;51860,00;1
WDOV26;25/08/2026;16:14:00;5186,00;5186,00;5186,00;5186,00;155580,00;3
WDOV26;25/08/2026;16:12:00;5186,00;5186,50;5186,00;5186,50;155585,00;3
WDOV26;25/08/2026;16:11:00;5185,50;5185,50;5185,50;5185,50;207420,00;4
WDOV26;25/08/2026;16:10:00;5185,50;5185,50;5185,50;5185,50;51855,00;1
WDOV26;25/08/2026;16:09:00;5185,50;5185,50;5185,50;5185,50;51855,00;1
WDOV26;25/08/2026;16:08:00;5186,00;5186,50;5186,00;5186,00;2074440,00;40
WDOV26;25/08/2026;16:07:00;5186,50;5186,50;5186,50;5186,50;881705,00;17
WDOV26;25/08/2026;16:06:00;5187,00;5187,00;5186,00;5186,00;726120,00;14
WDOV26;25/08/2026;16:05:00;5187,00;5187,00;5186,50;5186,50;570555,00;11
WDOV26;25/08/2026;16:04:00;5187,50;5187,50;5187,00;5187,50;10166605,00;196
WDOV26;25/08/2026;16:03:00;5188,00;5188,00;5188,00;5188,00;51880,00;1
WDOV26;25/08/2026;16:01:00;5187,50;5187,50;5187,50;5187,50;155625,00;3
WDOV26;25/08/2026;16:00:00;5187,50;5187,50;5187,50;5187,50;726250,00;14
WDOV26;25/08/2026;15:59:00;5187,50;5187,50;5187,00;5187,50;1296810,00;25
WDOV26;25/08/2026;15:58:00;5187,00;5187,50;5187,00;5187,50;311230,00;6
WDOV26;25/08/2026;15:57:00;5187,00;5187,00;5187,00;5187,00;622440,00;12
WDOV26;25/08/2026;15:56:00;5187,00;5187,50;5187,00;5187,50;259365,00;5
WDOV26;25/08/2026;15:55:00;5187,00;5187,50;5186,50;5186,50;1141105,00;22
WDOV26;25/08/2026;15:54:00;5187,00;5187,00;5187,00;5187,00;570570,00;11
WDOV26;25/08/2026;15:53:00;5187,00;5187,00;5187,00;5187,00;51870,00;1
WDOV26;25/08/2026;15:51:00;5186,50;5186,50;5186,50;5186,50;311190,00;6
WDOV26;25/08/2026;15:50:00;5186,50;5186,50;5186,50;5186,50;259325,00;5
WDOV26;25/08/2026;15:48:00;5187,00;5187,00;5187,00;5187,00;51870,00;1
WDOV26;25/08/2026;15:46:00;5186,50;5186,50;5186,50;5186,50;155595,00;3
WDOV26;25/08/2026;15:45:00;5187,00;5187,00;5186,50;5187,00;570560,00;11
WDOV26;25/08/2026;15:44:00;5187,00;5187,50;5187,00;5187,00;518710,00;10
WDOV26;25/08/2026;15:43:00;5186,50;5187,00;5186,50;5186,50;829895,00;16
WDOV26;25/08/2026;15:42:00;5187,00;5187,00;5187,00;5187,00;51870,00;1
WDOV26;25/08/2026;15:41:00;5187,50;5187,50;5187,00;5187,50;2074835,00;40
WDOV26;25/08/2026;15:40:00;5187,50;5188,00;5187,50;5188,00;259385,00;5
WDOV26;25/08/2026;15:39:00;5187,50;5187,50;5187,00;5187,00;829970,00;16
WDOV26;25/08/2026;15:38:00;5187,50;5187,50;5187,00;5187,50;933720,00;18
WDOV26;25/08/2026;15:37:00;5187,50;5187,50;5187,00;5187,50;622465,00;12
WDOV26;25/08/2026;15:36:00;5187,00;5188,00;5187,00;5187,50;1556140,00;30
WDOV26;25/08/2026;15:35:00;5187,00;5187,00;5186,50;5186,50;259335,00;5
WDOV26;25/08/2026;15:34:00;5187,00;5187,50;5186,50;5186,50;1867330,00;36
WDOV26;25/08/2026;15:33:00;5187,00;5187,00;5187,00;5187,00;414960,00;8
WDOV26;25/08/2026;15:32:00;5187,50;5187,50;5187,50;5187,50;51875,00;1
WDOV26;25/08/2026;15:31:00;5188,50;5188,50;5188,00;5188,00;259420,00;5
WDOV26;25/08/2026;15:28:00;5189,00;5189,50;5189,00;5189,50;103785,00;2
WDOV26;25/08/2026;15:26:00;5189,00;5189,00;5189,00;5189,00;51890,00;1
WDOV26;25/08/2026;15:25:00;5189,50;5189,50;5189,50;5189,50;103790,00;2
WDOV26;25/08/2026;15:24:00;5190,00;5190,00;5189,50;5189,50;363270,00;7
WDOV26;25/08/2026;15:23:00;5190,00;5190,00;5190,00;5190,00;51900,00;1
WDOV26;25/08/2026;15:20:00;5189,50;5189,50;5189,50;5189,50;51895,00;1
WDOV26;25/08/2026;15:10:00;5190,00;5190,00;5190,00;5190,00;155700,00;3
WDOV26;25/08/2026;15:07:00;5190,50;5190,50;5190,50;5190,50;207620,00;4
WDOV26;25/08/2026;15:06:00;5191,00;5191,50;5190,50;5191,00;1245780,00;24
WDOV26;25/08/2026;15:05:00;5190,50;5190,50;5190,50;5190,50;103810,00;2
WDOV26;25/08/2026;15:03:00;5191,50;5192,00;5191,50;5191,50;207665,00;4
WDOV26;25/08/2026;14:56:00;5190,50;5190,50;5190,50;5190,50;51905,00;1
WDOV26;25/08/2026;14:55:00;5190,00;5190,00;5190,00;5190,00;155700,00;3
WDOV26;25/08/2026;14:54:00;5191,00;5191,00;5191,00;5191,00;103820,00;2
WDOV26;25/08/2026;14:53:00;5191,00;5191,50;5191,00;5191,50;207650,00;4
WDOV26;25/08/2026;14:52:00;5191,50;5191,50;5190,50;5190,50;311455,00;6
WDOV26;25/08/2026;14:51:00;5191,00;5191,50;5191,00;5191,50;155735,00;3
WDOV26;25/08/2026;14:49:00;5190,00;5190,50;5190,00;5190,50;207605,00;4
WDOV26;25/08/2026;14:48:00;5189,50;5190,00;5189,50;5190,00;467080,00;9
WDOV26;25/08/2026;14:47:00;5190,50;5190,50;5190,00;5190,00;1038030,00;20
WDOV26;25/08/2026;14:46:00;5191,00;5191,00;5191,00;5191,00;311460,00;6
WDOV26;25/08/2026;14:43:00;5192,50;5192,50;5192,50;5192,50;259625,00;5
WDOV26;25/08/2026;14:38:00;5192,00;5192,00;5192,00;5192,00;51920,00;1
WDOV26;25/08/2026;14:37:00;5191,50;5192,00;5191,00;5191,50;986410,00;19
WDOV26;25/08/2026;14:36:00;5191,50;5191,50;5191,50;5191,50;103830,00;2
WDOV26;25/08/2026;14:33:00;5192,00;5192,00;5192,00;5192,00;103840,00;2
WDOV26;25/08/2026;14:32:00;5193,00;5193,00;5192,00;5192,00;467330,00;9
WDOV26;25/08/2026;14:31:00;5193,50;5193,50;5193,50;5193,50;51935,00;1
WDOV26;25/08/2026;14:30:00;5193,50;5193,50;5193,50;5193,50;51935,00;1
WDOV26;25/08/2026;14:29:00;5193,50;5193,50;5193,50;5193,50;51935,00;1
WDOV26;25/08/2026;14:26:00;5192,50;5192,50;5192,50;5192,50;207700,00;4
WDOV26;25/08/2026;14:22:00;5192,50;5192,50;5192,50;5192,50;51925,00;1
WDOV26;25/08/2026;14:21:00;5192,00;5192,00;5192,00;5192,00;259600,00;5
WDOV26;25/08/2026;14:20:00;5191,50;5191,50;5191,50;5191,50;51915,00;1
WDOV26;25/08/2026;14:16:00;5191,50;5191,50;5191,50;5191,50;51915,00;1
WDOV26;25/08/2026;14:15:00;5192,50;5192,50;5192,50;5192,50;207700,00;4
WDOV26;25/08/2026;14:13:00;5192,50;5192,50;5192,50;5192,50;103850,00;2
WDOV26;25/08/2026;14:12:00;5193,00;5193,00;5193,00;5193,00;103860,00;2
WDOV26;25/08/2026;14:11:00;5193,00;5193,00;5193,00;5193,00;103860,00;2
WDOV26;25/08/2026;14:10:00;5192,00;5193,00;5192,00;5192,50;363460,00;7
WDOV26;25/08/2026;14:09:00;5192,50;5192,50;5192,50;5192,50;51925,00;1
WDOV26;25/08/2026;14:08:00;5192,50;5192,50;5192,50;5192,50;51925,00;1
WDOV26;25/08/2026;14:07:00;5191,00;5191,00;5191,00;5191,00;311460,00;6
WDOV26;25/08/2026;14:06:00;5191,00;5191,00;5190,50;5190,50;415265,00;8
WDOV26;25/08/2026;14:05:00;5191,00;5191,00;5190,50;5190,50;155720,00;3
WDOV26;25/08/2026;14:03:00;5191,00;5191,00;5191,00;5191,00;51910,00;1
WDOV26;25/08/2026;13:58:00;5191,50;5191,50;5191,50;5191,50;363405,00;7
WDOV26;25/08/2026;13:57:00;5191,00;5191,00;5190,50;5191,00;934350,00;18
WDOV26;25/08/2026;13:53:00;5191,00;5191,00;5191,00;5191,00;363370,00;7
WDOV26;25/08/2026;13:48:00;5191,50;5192,00;5190,50;5191,00;6333285,00;122
WDOV26;25/08/2026;13:47:00;5191,00;5191,50;5191,00;5191,50;103825,00;2
WDOV26;25/08/2026;13:44:00;5190,50;5190,50;5190,50;5190,50;467145,00;9
WDOV26;25/08/2026;13:43:00;5189,50;5190,00;5189,00;5190,00;726545,00;14
WDOV26;25/08/2026;13:41:00;5188,50;5189,50;5188,50;5189,50;570785,00;11
WDOV26;25/08/2026;13:40:00;5189,00;5189,00;5189,00;5189,00;51890,00;1
WDOV26;25/08/2026;13:36:00;5189,50;5189,50;5188,50;5188,50;363215,00;7
WDOV26;25/08/2026;13:34:00;5190,50;5190,50;5190,50;5190,50;259525,00;5
WDOV26;25/08/2026;13:33:00;5190,00;5190,00;5190,00;5190,00;519000,00;10
WDOV26;25/08/2026;13:32:00;5189,50;5189,50;5189,50;5189,50;207580,00;4
WDOV26;25/08/2026;13:31:00;5188,00;5188,00;5188,00;5188,00;51880,00;1
WDOV26;25/08/2026;13:29:00;5188,50;5188,50;5188,50;5188,50;103770,00;2
WDOV26;25/08/2026;13:28:00;5188,50;5189,50;5188,00;5189,50;1608390,00;31
WDOV26;25/08/2026;13:27:00;5189,00;5189,00;5189,00;5189,00;155670,00;3
WDOV26;25/08/2026;13:26:00;5189,00;5189,00;5189,00;5189,00;103780,00;2
WDOV26;25/08/2026;13:23:00;5189,00;5189,00;5189,00;5189,00;103780,00;2
WDOV26;25/08/2026;13:20:00;5189,50;5190,00;5188,00;5188,00;1452930,00;28
WDOV26;25/08/2026;13:19:00;5189,00;5189,00;5189,00;5189,00;51890,00;1
WDOV26;25/08/2026;13:18:00;5188,00;5188,50;5188,00;5188,00;674490,00;13
WDOV26;25/08/2026;13:16:00;5188,00;5188,00;5188,00;5188,00;103760,00;2
WDOV26;25/08/2026;13:13:00;5188,00;5188,00;5188,00;5188,00;51880,00;1
WDOV26;25/08/2026;13:08:00;5188,00;5188,00;5188,00;5188,00;466920,00;9
WDOV26;25/08/2026;13:07:00;5187,50;5187,50;5187,50;5187,50;363125,00;7
WDOV26;25/08/2026;13:03:00;5187,00;5187,00;5186,50;5187,00;466825,00;9
WDOV26;25/08/2026;13:02:00;5186,00;5186,00;5185,00;5186,00;311140,00;6
WDOV26;25/08/2026;13:01:00;5186,00;5186,50;5186,00;5186,50;207450,00;4
WDOV26;25/08/2026;13:00:00;5185,50;5186,50;5185,00;5186,50;155570,00;3
WDOV26;25/08/2026;12:59:00;5185,50;5185,50;5185,50;5185,50;207420,00;4
WDOV26;25/08/2026;12:56:00;5187,00;5187,00;5187,00;5187,00;207480,00;4
WDOV26;25/08/2026;12:55:00;5188,50;5188,50;5188,50;5188,50;207540,00;4
WDOV26;25/08/2026;12:53:00;5188,00;5188,00;5188,00;5188,00;155640,00;3
WDOV26;25/08/2026;12:50:00;5187,00;5187,00;5187,00;5187,00;207480,00;4
WDOV26;25/08/2026;12:46:00;5188,50;5188,50;5188,00;5188,00;155650,00;3
WDOV26;25/08/2026;12:44:00;5189,00;5189,00;5189,00;5189,00;51890,00;1
WDOV26;25/08/2026;12:43:00;5188,50;5188,50;5188,50;5188,50;207540,00;4
WDOV26;25/08/2026;12:41:00;5188,00;5188,00;5188,00;5188,00;103760,00;2
WDOV26;25/08/2026;12:40:00;5188,00;5188,00;5188,00;5188,00;155640,00;3
WDOV26;25/08/2026;12:39:00;5189,00;5189,00;5189,00;5189,00;415120,00;8
WDOV26;25/08/2026;12:38:00;5188,50;5188,50;5188,50;5188,50;622620,00;12
WDOV26;25/08/2026;12:37:00;5187,00;5187,00;5186,50;5186,50;466825,00;9
WDOV26;25/08/2026;12:36:00;5185,00;5186,50;5185,00;5186,50;1400160,00;27
WDOV26;25/08/2026;12:35:00;5187,00;5187,00;5184,50;5185,50;13999695,00;270
WDOV26;25/08/2026;12:34:00;5188,00;5188,00;5187,00;5187,00;207510,00;4
WDOV26;25/08/2026;12:33:00;5187,50;5187,50;5186,50;5186,50;155605,00;3
WDOV26;25/08/2026;12:32:00;5188,50;5188,50;5188,00;5188,50;363185,00;7
WDOV26;25/08/2026;12:31:00;5188,00;5188,00;5188,00;5188,00;103760,00;2
WDOV26;25/08/2026;12:30:00;5188,00;5188,00;5188,00;5188,00;311280,00;6
WDOV26;25/08/2026;12:29:00;5189,00;5189,00;5189,00;5189,00;155670,00;3
WDOV26;25/08/2026;12:28:00;5189,00;5189,50;5188,00;5188,00;363230,00;7
WDOV26;25/08/2026;12:26:00;5190,00;5190,50;5190,00;5190,50;1089980,00;21
WDOV26;25/08/2026;12:25:00;5189,50;5190,00;5189,50;5190,00;518995,00;10
WDOV26;25/08/2026;12:24:00;5189,50;5190,00;5189,00;5190,00;1037905,00;20
WDOV26;25/08/2026;12:23:00;5189,00;5189,00;5188,50;5189,00;2075420,00;40
WDOV26;25/08/2026;12:22:00;5188,50;5188,50;5188,50;5188,50;103770,00;2
WDOV26;25/08/2026;12:20:00;5188,50;5188,50;5188,50;5188,50;1608435,00;31
WDOV26;25/08/2026;12:19:00;5188,50;5188,50;5188,50;5188,50;1349010,00;26
WDOV26;25/08/2026;12:11:00;5187,00;5187,00;5187,00;5187,00;207480,00;4
WDOV26;25/08/2026;12:08:00;5188,00;5188,00;5187,50;5187,50;207515,00;4
WDOV26;25/08/2026;12:06:00;5188,50;5188,50;5188,50;5188,50;51885,00;1
WDOV26;25/08/2026;12:05:00;5187,50;5188,50;5187,50;5188,50;933920,00;18
WDOV26;25/08/2026;12:04:00;5187,50;5187,50;5187,50;5187,50;51875,00;1
WDOV26;25/08/2026;12:03:00;5188,00;5188,00;5187,00;5188,00;1245010,00;24
WDOV26;25/08/2026;12:01:00;5187,00;5188,00;5186,50;5188,00;363110,00;7
WDOV26;25/08/2026;12:00:00;5188,50;5188,50;5188,50;5188,50;51885,00;1
WDOV26;25/08/2026;11:59:00;5188,00;5188,00;5188,00;5188,00;155640,00;3
WDOV26;25/08/2026;11:57:00;5188,50;5188,50;5188,50;5188,50;207540,00;4
WDOV26;25/08/2026;11:55:00;5189,00;5189,00;5189,00;5189,00;51890,00;1
WDOV26;25/08/2026;11:54:00;5189,00;5189,00;5189,00;5189,00;259450,00;5
WDOV26;25/08/2026;11:52:00;5190,00;5190,00;5190,00;5190,00;51900,00;1
WDOV26;25/08/2026;11:51:00;5189,50;5189,50;5189,00;5189,00;103785,00;2
WDOV26;25/08/2026;11:50:00;5188,00;5188,00;5188,00;5188,00;51880,00;1
WDOV26;25/08/2026;11:49:00;5186,50;5186,50;5186,50;5186,50;51865,00;1
WDOV26;25/08/2026;11:47:00;5185,50;5185,50;5185,00;5185,00;414810,00;8
WDOV26;25/08/2026;11:46:00;5185,00;5185,50;5185,00;5185,50;259270,00;5
WDOV26;25/08/2026;11:45:00;5184,50;5184,50;5184,50;5184,50;51845,00;1
WDOV26;25/08/2026;11:44:00;5187,50;5187,50;5187,50;5187,50;51875,00;1
WDOV26;25/08/2026;11:42:00;5188,00;5188,00;5188,00;5188,00;51880,00;1
WDOV26;25/08/2026;11:41:00;5187,50;5188,00;5187,50;5188,00;311255,00;6
WDOV26;25/08/2026;11:38:00;5189,00;5189,00;5189,00;5189,00;207560,00;4
WDOV26;25/08/2026;11:37:00;5190,50;5191,00;5190,50;5191,00;674820,00;13
WDOV26;25/08/2026;11:36:00;5187,50;5188,50;5187,50;5188,50;726330,00;14
WDOV26;25/08/2026;11:34:00;5187,00;5188,50;5187,00;5188,50;570660,00;11
WDOV26;25/08/2026;11:33:00;5186,50;5186,50;5186,50;5186,50;51865,00;1
WDOV26;25/08/2026;11:31:00;5188,00;5188,00;5188,00;5188,00;311280,00;6
WDOV26;25/08/2026;11:30:00;5186,50;5191,00;5186,50;5187,50;6020175,00;116
WDOV26;25/08/2026;11:26:00;5185,00;5185,00;5185,00;5185,00;259250,00;5
WDOV26;25/08/2026;11:25:00;5186,50;5186,50;5186,50;5186,50;155595,00;3
WDOV26;25/08/2026;11:22:00;5186,50;5186,50;5186,50;5186,50;51865,00;1
WDOV26;25/08/2026;11:21:00;5186,50;5186,50;5186,00;5186,00;103725,00;2
WDOV26;25/08/2026;11:18:00;5188,00;5188,00;5188,00;5188,00;259400,00;5
WDOV26;25/08/2026;11:17:00;5189,00;5189,00;5188,50;5188,50;155665,00;3
WDOV26;25/08/2026;11:15:00;5190,50;5190,50;5190,50;5190,50;103810,00;2
WDOV26;25/08/2026;11:14:00;5190,50;5190,50;5190,00;5190,00;311415,00;6
WDOV26;25/08/2026;11:12:00;5190,50;5190,50;5190,50;5190,50;311430,00;6
WDOV26;25/08/2026;11:07:00;5189,50;5189,50;5189,00;5189,00;103785,00;2
WDOV26;25/08/2026;11:06:00;5189,00;5189,00;5189,00;5189,00;311340,00;6
WDOV26;25/08/2026;11:03:00;5191,50;5191,50;5191,50;5191,50;259575,00;5
WDOV26;25/08/2026;11:02:00;5190,00;5191,50;5190,00;5191,50;103815,00;2
WDOV26;25/08/2026;11:00:00;5189,00;5189,00;5189,00;5189,00;311340,00;6
WDOV26;25/08/2026;10:47:00;5193,00;5193,50;5192,50;5192,50;155790,00;3
WDOV26;25/08/2026;10:46:00;5192,00;5192,00;5192,00;5192,00;259600,00;5
WDOV26;25/08/2026;10:45:00;5192,00;5192,00;5192,00;5192,00;103840,00;2
WDOV26;25/08/2026;10:44:00;5190,50;5190,50;5190,50;5190,50;311430,00;6
WDOV26;25/08/2026;10:43:00;5190,50;5190,50;5190,50;5190,50;259525,00;5
WDOV26;25/08/2026;10:42:00;5189,50;5189,50;5189,50;5189,50;51895,00;1
WDOV26;25/08/2026;10:40:00;5189,00;5189,00;5189,00;5189,00;570790,00;11
WDOV26;25/08/2026;10:39:00;5186,50;5187,00;5186,50;5187,00;778000,00;15
WDOV26;25/08/2026;10:36:00;5187,00;5187,00;5187,00;5187,00;51870,00;1
WDOV26;25/08/2026;10:35:00;5185,50;5185,50;5185,50;5185,50;51855,00;1
WDOV26;25/08/2026;10:34:00;5186,50;5186,50;5185,00;5185,00;155580,00;3
WDOV26;25/08/2026;10:33:00;5186,00;5186,00;5186,00;5186,00;207440,00;4
WDOV26;25/08/2026;10:32:00;5184,50;5186,00;5184,50;5186,00;1814600,00;35
WDOV26;25/08/2026;10:31:00;5184,00;5184,00;5183,50;5184,00;259195,00;5
WDOV26;25/08/2026;10:30:00;5184,00;5186,00;5184,00;5186,00;3007125,00;58
WDOV26;25/08/2026;10:29:00;5183,00;5183,50;5183,00;5183,50;310985,00;6
WDOV26;25/08/2026;10:28:00;5185,00;5185,50;5185,00;5185,00;155555,00;3
WDOV26;25/08/2026;10:27:00;5184,00;5185,00;5183,50;5185,00;1192330,00;23
WDOV26;25/08/2026;10:26:00;5185,50;5185,50;5184,00;5184,50;1555590,00;30
WDOV26;25/08/2026;10:25:00;5185,00;5185,00;5185,00;5185,00;51850,00;1
WDOV26;25/08/2026;10:23:00;5185,50;5185,50;5185,00;5185,50;155560,00;3
WDOV26;25/08/2026;10:21:00;5185,50;5185,50;5185,00;5185,00;207410,00;4
WDOV26;25/08/2026;10:20:00;5185,00;5185,00;5185,00;5185,00;155550,00;3
WDOV26;25/08/2026;10:19:00;5186,50;5186,50;5185,50;5186,00;259295,00;5
WDOV26;25/08/2026;10:18:00;5186,50;5186,50;5186,50;5186,50;51865,00;1
WDOV26;25/08/2026;10:17:00;5186,00;5186,50;5185,00;5186,00;570440,00;11
WDOV26;25/08/2026;10:16:00;5187,50;5187,50;5187,50;5187,50;51875,00;1
WDOV26;25/08/2026;10:15:00;5187,00;5187,00;5187,00;5187,00;51870,00;1
WDOV26;25/08/2026;10:14:00;5187,50;5187,50;5187,50;5187,50;103750,00;2
WDOV26;25/08/2026;10:13:00;5186,00;5187,00;5186,00;5186,50;363060,00;7
WDOV26;25/08/2026;10:12:00;5187,00;5187,00;5184,00;5185,00;2644535,00;51
WDOV26;25/08/2026;10:11:00;5188,00;5188,00;5187,00;5187,00;207495,00;4
WDOV26;25/08/2026;10:10:00;5190,00;5190,00;5189,00;5189,00;207570,00;4
WDOV26;25/08/2026;10:09:00;5190,00;5190,00;5189,00;5189,50;415160,00;8
WDOV26;25/08/2026;10:08:00;5192,00;5192,00;5191,50;5191,50;207670,00;4
WDOV26;25/08/2026;10:07:00;5192,00;5192,00;5192,00;5192,00;51920,00;1
WDOV26;25/08/2026;10:06:00;5192,50;5192,50;5191,50;5191,50;415360,00;8
WDOV26;25/08/2026;10:05:00;5193,00;5193,00;5191,50;5192,50;1194170,00;23
WDOV26;25/08/2026;10:03:00;5192,50;5193,00;5192,50;5193,00;207710,00;4
WDOV26;25/08/2026;10:01:00;5196,00;5196,00;5195,00;5195,00;467580,00;9
WDOV26;25/08/2026;10:00:00;5193,00;5195,50;5193,00;5195,50;519325,00;10
WDOV26;25/08/2026;09:59:00;5192,50;5192,50;5192,50;5192,50;51925,00;1
WDOV26;25/08/2026;09:57:00;5193,50;5193,50;5193,50;5193,50;51935,00;1
WDOV26;25/08/2026;09:56:00;5194,00;5194,00;5193,50;5193,50;207755,00;4
WDOV26;25/08/2026;09:55:00;5195,00;5195,00;5193,50;5193,50;2597110,00;50
WDOV26;25/08/2026;09:54:00;5197,00;5197,00;5197,00;5197,00;103940,00;2
WDOV26;25/08/2026;09:53:00;5196,00;5197,00;5196,00;5197,00;2390170,00;46
WDOV26;25/08/2026;09:52:00;5196,00;5196,00;5196,00;5196,00;1662720,00;32
WDOV26;25/08/2026;09:51:00;5195,00;5195,00;5194,50;5194,50;467515,00;9
WDOV26;25/08/2026;09:50:00;5196,00;5196,00;5196,00;5196,00;51960,00;1
WDOV26;25/08/2026;09:49:00;5196,00;5196,50;5195,50;5196,00;1818600,00;35
WDOV26;25/08/2026;09:46:00;5195,50;5195,50;5195,50;5195,50;103910,00;2
WDOV26;25/08/2026;09:45:00;5196,00;5196,00;5194,50;5195,00;311700,00;6
WDOV26;25/08/2026;09:44:00;5199,50;5199,50;5196,00;5196,00;779800,00;15
WDOV26;25/08/2026;09:43:00;5200,50;5200,50;5200,50;5200,50;52005,00;1
WDOV26;25/08/2026;09:42:00;5200,00;5200,50;5197,50;5198,50;1091830,00;21
WDOV26;25/08/2026;09:41:00;5202,00;5202,00;5201,00;5201,00;1092220,00;21
WDOV26;25/08/2026;09:40:00;5203,00;5203,00;5203,00;5203,00;260150,00;5
WDOV26;25/08/2026;09:38:00;5203,50;5203,50;5203,50;5203,50;52035,00;1
WDOV26;25/08/2026;09:37:00;5204,00;5204,00;5203,50;5203,50;260195,00;5
WDOV26;25/08/2026;09:36:00;5205,00;5205,50;5204,00;5204,00;1197215,00;23
WDOV26;25/08/2026;09:35:00;5204,50;5205,00;5204,50;5205,00;572500,00;11
WDOV26;25/08/2026;09:34:00;5204,00;5204,50;5204,00;5204,00;156125,00;3
WDOV26;25/08/2026;09:33:00;5203,50;5203,50;5203,00;5203,50;416260,00;8
WDOV26;25/08/2026;09:32:00;5202,00;5203,00;5202,00;5203,00;312155,00;6
WDOV26;25/08/2026;09:31:00;5200,50;5202,00;5200,50;5202,00;832265,00;16
WDOV26;25/08/2026;09:30:00;5202,00;5202,00;5201,00;5201,00;312100,00;6
WDOV26;25/08/2026;09:29:00;5201,50;5202,00;5201,50;5202,00;364130,00;7
WDOV26;25/08/2026;09:28:00;5202,00;5202,00;5201,00;5201,00;104030,00;2
WDOV26;25/08/2026;09:27:00;5202,00;5202,00;5202,00;5202,00;468180,00;9
WDOV26;25/08/2026;09:26:00;5203,50;5203,50;5203,50;5203,50;104070,00;2
WDOV26;25/08/2026;09:25:00;5204,00;5204,50;5203,00;5203,50;676470,00;13
WDOV26;25/08/2026;09:24:00;5200,50;5206,00;5200,50;5206,00;3122130,00;60
WDOV26;25/08/2026;09:23:00;5199,00;5200,00;5199,00;5200,00;207985,00;4
WDOV26;25/08/2026;09:22:00;5198,00;5198,50;5197,50;5197,50;623750,00;12
WDOV26;25/08/2026;09:21:00;5197,00;5198,00;5197,00;5198,00;571730,00;11
WDOV26;25/08/2026;09:20:00;5195,50;5196,50;5195,00;5196,00;1039090,00;20
WDOV26;25/08/2026;09:19:00;5197,00;5197,00;5197,00;5197,00;103940,00;2
WDOV26;25/08/2026;09:18:00;5198,00;5198,00;5197,00;5197,00;207905,00;4
WDOV26;25/08/2026;09:17:00;5197,50;5197,50;5196,00;5197,50;883500,00;17
WDOV26;25/08/2026;09:16:00;5200,00;5200,00;5200,00;5200,00;52000,00;1
WDOV26;25/08/2026;09:15:00;5199,00;5199,00;5198,50;5198,50;103975,00;2
WDOV26;25/08/2026;09:14:00;5198,50;5198,50;5198,50;5198,50;259925,00;5
WDOV26;25/08/2026;09:12:00;5198,50;5200,00;5198,50;5198,50;207955,00;4
WDOV26;25/08/2026;09:11:00;5201,00;5201,00;5198,50;5198,50;416005,00;8
WDOV26;25/08/2026;09:10:00;5200,50;5201,00;5200,50;5201,00;312050,00;6
WDOV26;25/08/2026;09:09:00;5200,00;5200,00;5200,00;5200,00;104000,00;2
WDOV26;25/08/2026;09:06:00;5197,00;5197,00;5197,00;5197,00;259850,00;5
WDOV26;25/08/2026;09:05:00;5198,00;5198,50;5198,00;5198,50;103965,00;2
WDOV26;25/08/2026;09:03:00;5195,00;5197,50;5195,00;5196,50;467660,00;9
WDOV26;25/08/2026;09:02:00;5195,00;5196,00;5195,00;5196,00;1195050,00;23
WDOV26;25/08/2026;09:01:00;5189,50;5193,50;5189,50;5193,50;467305,00;9
WDOV26;25/08/2026;09:00:00;5192,50;5192,50;5187,00;5189,50;1037910,00;20
WDOV26;24/08/2026;18:29:00;5199,50;5200,00;5199,00;5199,50;363965,00;7
WDOV26;24/08/2026;18:28:00;5199,50;5199,50;5199,50;5199,50;155985,00;3
WDOV26;24/08/2026;18:27:00;5199,50;5199,50;5199,50;5199,50;51995,00;1
WDOV26;24/08/2026;18:25:00;5199,00;5199,50;5199,00;5199,50;259955,00;5
WDOV26;24/08/2026;18:24:00;5198,50;5198,50;5198,50;5198,50;103970,00;2
WDOV26;24/08/2026;18:22:00;5198,50;5198,50;5198,50;5198,50;103970,00;2
WDOV26;24/08/2026;18:19:00;5200,00;5200,00;5200,00;5200,00;52000,00;1
WDOV26;24/08/2026;18:16:00;5198,50;5198,50;5198,50;5198,50;259925,00;5
WDOV26;24/08/2026;18:13:00;5200,00;5200,00;5200,00;5200,00;52000,00;1
WDOV26;24/08/2026;18:12:00;5200,00;5200,00;5200,00;5200,00;52000,00;1
WDOV26;24/08/2026;18:11:00;5200,00;5200,00;5200,00;5200,00;2652000,00;51
WDOV26;24/08/2026;18:10:00;5199,00;5199,00;5199,00;5199,00;103980,00;2
WDOV26;24/08/2026;18:07:00;5199,50;5199,50;5199,50;5199,50;51995,00;1
WDOV26;24/08/2026;18:03:00;5199,00;5199,00;5198,00;5198,00;467880,00;9
WDOV26;24/08/2026;18:02:00;5198,00;5199,00;5198,00;5199,00;779840,00;15
WDOV26;24/08/2026;18:01:00;5197,50;5197,50;5197,50;5197,50;51975,00;1
WDOV26;24/08/2026;18:00:00;5196,50;5196,50;5196,50;5196,50;51965,00;1
WDOV26;24/08/2026;17:59:00;5195,00;5195,50;5195,00;5195,00;623410,00;12
WDOV26;24/08/2026;17:58:00;5195,50;5195,50;5195,00;5195,00;207805,00;4
WDOV26;24/08/2026;17:57:00;5195,00;5195,00;5195,00;5195,00;207800,00;4
WDOV26;24/08/2026;17:54:00;5195,00;5195,00;5195,00;5195,00;51950,00;1
WDOV26;24/08/2026;17:51:00;5194,00;5194,00;5193,50;5193,50;207755,00;4
WDOV26;24/08/2026;17:49:00;5193,00;5193,00;5193,00;5193,00;51930,00;1
WDOV26;24/08/2026;17:48:00;5193,00;5193,00;5193,00;5193,00;51930,00;1
WDOV26;24/08/2026;17:42:00;5194,00;5194,00;5193,00;5193,50;467415,00;9
WDOV26;24/08/2026;17:36:00;5194,00;5194,00;5193,50;5193,50;155815,00;3
WDOV26;24/08/2026;17:35:00;5194,00;5194,50;5194,00;5194,00;155825,00;3
WDOV26;24/08/2026;17:34:00;5193,50;5193,50;5193,50;5193,50;103870,00;2
WDOV26;24/08/2026;17:25:00;5192,50;5192,50;5192,50;5192,50;51925,00;1
WDOV26;24/08/2026;17:21:00;5192,00;5192,50;5191,50;5191,50;882625,00;17
WDOV26;24/08/2026;17:20:00;5192,50;5192,50;5192,50;5192,50;51925,00;1
WDOV26;24/08/2026;17:14:00;5191,00;5191,00;5190,50;5190,50;207630,00;4
WDOV26;24/08/2026;17:12:00;5192,50;5192,50;5192,00;5192,00;155770,00;3
WDOV26;24/08/2026;17:07:00;5193,50;5193,50;5193,50;5193,50;51935,00;1
WDOV26;24/08/2026;17:04:00;5194,00;5194,00;5194,00;5194,00;51940,00;1
WDOV26;24/08/2026;17:02:00;5194,50;5194,50;5194,50;5194,50;51945,00;1
WDOV26;24/08/2026;16:58:00;5195,50;5195,50;5195,50;5195,50;51955,00;1
WDOV26;24/08/2026;16:57:00;5195,00;5195,00;5195,00;5195,00;51950,00;1
WDOV26;24/08/2026;16:54:00;5195,00;5195,00;5195,00;5195,00;51950,00;1
WDOV26;24/08/2026;16:53:00;5195,00;5195,00;5194,00;5194,50;259725,00;5
WDOV26;24/08/2026;16:52:00;5195,50;5195,50;5195,50;5195,50;103910,00;2
WDOV26;24/08/2026;16:48:00;5195,50;5195,50;5195,50;5195,50;51955,00;1
WDOV26;24/08/2026;16:46:00;5196,00;5196,00;5196,00;5196,00;51960,00;1
WDOV26;24/08/2026;16:42:00;5196,50;5196,50;5196,50;5196,50;51965,00;1
WDOV26;24/08/2026;16:41:00;5197,00;5197,00;5197,00;5197,00;51970,00;1
WDOV26;24/08/2026;16:40:00;5197,00;5197,00;5197,00;5197,00;103940,00;2
WDOV26;24/08/2026;16:39:00;5197,00;5197,00;5197,00;5197,00;155910,00;3
WDOV26;24/08/2026;16:38:00;5196,50;5196,50;5196,50;5196,50;51965,00;1
WDOV26;24/08/2026;16:36:00;5196,00;5196,00;5196,00;5196,00;155880,00;3
WDOV26;24/08/2026;16:35:00;5196,50;5196,50;5196,50;5196,50;51965,00;1
WDOV26;24/08/2026;16:31:00;5196,50;5196,50;5196,50;5196,50;51965,00;1
WDOV26;24/08/2026;16:29:00;5195,50;5195,50;5195,50;5195,50;51955,00;1
WDOV26;24/08/2026;16:26:00;5196,00;5196,00;5196,00;5196,00;103920,00;2
WDOV26;24/08/2026;16:25:00;5196,00;5196,00;5196,00;5196,00;103920,00;2
WDOV26;24/08/2026;16:24:00;5195,50;5195,50;5195,50;5195,50;51955,00;1
WDOV26;24/08/2026;16:23:00;5196,00;5196,00;5196,00;5196,00;51960,00;1
WDOV26;24/08/2026;16:22:00;5195,50;5195,50;5195,50;5195,50;51955,00;1
WDOV26;24/08/2026;16:20:00;5196,00;5196,00;5196,00;5196,00;51960,00;1
WDOV26;24/08/2026;16:19:00;5196,50;5196,50;5196,50;5196,50;51965,00;1
WDOV26;24/08/2026;16:17:00;5197,50;5197,50;5197,50;5197,50;103950,00;2
WDOV26;24/08/2026;16:16:00;5197,00;5197,50;5197,00;5197,50;259860,00;5
WDOV26;24/08/2026;16:14:00;5196,50;5196,50;5196,50;5196,50;51965,00;1
WDOV26;24/08/2026;16:08:00;5195,50;5195,50;5195,50;5195,50;155865,00;3
WDOV26;24/08/2026;16:07:00;5196,50;5196,50;5195,50;5195,50;103920,00;2
WDOV26;24/08/2026;16:06:00;5194,50;5194,50;5194,50;5194,50;155835,00;3
WDOV26;24/08/2026;16:05:00;5194,50;5194,50;5194,50;5194,50;51945,00;1
WDOV26;24/08/2026;16:04:00;5194,50;5194,50;5194,00;5194,00;103885,00;2
WDOV26;24/08/2026;16:03:00;5194,50;5194,50;5194,50;5194,50;51945,00;1
WDOV26;24/08/2026;16:01:00;5195,50;5195,50;5195,50;5195,50;103910,00;2
WDOV26;24/08/2026;15:59:00;5196,50;5196,50;5196,50;5196,50;155895,00;3
WDOV26;24/08/2026;15:58:00;5196,00;5196,50;5196,00;5196,50;103925,00;2
WDOV26;24/08/2026;15:57:00;5196,50;5196,50;5196,50;5196,50;207860,00;4
WDOV26;24/08/2026;15:56:00;5196,00;5196,00;5196,00;5196,00;51960,00;1
WDOV26;24/08/2026;15:55:00;5195,50;5195,50;5195,50;5195,50;51955,00;1
WDOV26;24/08/2026;15:53:00;5194,50;5194,50;5194,50;5194,50;51945,00;1
WDOV26;24/08/2026;15:50:00;5194,50;5194,50;5194,50;5194,50;51945,00;1
WDOV26;24/08/2026;15:49:00;5194,00;5194,50;5194,00;5194,00;727190,00;14
WDOV26;24/08/2026;15:48:00;5194,00;5194,00;5194,00;5194,00;51940,00;1
WDOV26;24/08/2026;15:47:00;5193,00;5193,50;5193,00;5193,50;311585,00;6
WDOV26;24/08/2026;15:43:00;5193,00;5193,00;5193,00;5193,00;103860,00;2
WDOV26;24/08/2026;15:42:00;5192,50;5192,50;5192,50;5192,50;51925,00;1
WDOV26;24/08/2026;15:41:00;5193,50;5193,50;5192,50;5192,50;103860,00;2
WDOV26;24/08/2026;15:40:00;5193,00;5193,50;5193,00;5193,50;207730,00;4
WDOV26;24/08/2026;15:39:00;5193,50;5193,50;5193,50;5193,50;103870,00;2
WDOV26;24/08/2026;15:37:00;5192,50;5192,50;5192,50;5192,50;51925,00;1
WDOV26;24/08/2026;15:34:00;5193,50;5193,50;5193,50;5193,50;51935,00;1
WDOV26;24/08/2026;15:33:00;5193,00;5193,50;5193,00;5193,50;363515,00;7
WDOV26;24/08/2026;15:32:00;5192,50;5193,00;5192,50;5193,00;259640,00;5
WDOV26;24/08/2026;15:31:00;5193,00;5193,00;5193,00;5193,00;207720,00;4
WDOV26;24/08/2026;15:28:00;5192,50;5192,50;5192,50;5192,50;51925,00;1
WDOV26;24/08/2026;15:26:00;5192,50;5192,50;5192,00;5192,00;103845,00;2
WDOV26;24/08/2026;15:21:00;5193,50;5193,50;5193,50;5193,50;103870,00;2
WDOV26;24/08/2026;15:20:00;5192,50;5192,50;5192,50;5192,50;51925,00;1
WDOV26;24/08/2026;15:18:00;5193,00;5193,00;5193,00;5193,00;155790,00;3
WDOV26;24/08/2026;15:17:00;5191,50;5192,00;5191,50;5192,00;207670,00;4
WDOV26;24/08/2026;15:16:00;5193,00;5193,50;5192,00;5192,50;1921280,00;37
WDOV26;24/08/2026;15:15:00;5194,00;5194,00;5193,00;5193,00;778995,00;15
WDOV26;24/08/2026;15:13:00;5194,50;5195,00;5194,50;5195,00;103895,00;2
WDOV26;24/08/2026;15:11:00;5194,00;5194,00;5194,00;5194,00;51940,00;1
WDOV26;24/08/2026;15:09:00;5195,50;5195,50;5195,50;5195,50;103910,00;2
WDOV26;24/08/2026;15:07:00;5193,50;5193,50;5193,50;5193,50;103870,00;2
WDOV26;24/08/2026;15:06:00;5193,00;5193,50;5193,00;5193,50;259670,00;5
WDOV26;24/08/2026;15:05:00;5193,00;5193,00;5192,50;5192,50;103855,00;2
WDOV26;24/08/2026;15:03:00;5193,50;5194,00;5193,00;5193,00;727050,00;14
WDOV26;24/08/2026;15:02:00;5193,00;5193,00;5192,00;5193,00;155780,00;3
WDOV26;24/08/2026;15:01:00;5193,50;5193,50;5193,50;5193,50;51935,00;1
WDOV26;24/08/2026;15:00:00;5193,50;5193,50;5193,50;5193,50;51935,00;1
WDOV26;24/08/2026;14:58:00;5194,00;5194,50;5194,00;5194,50;415555,00;8
WDOV26;24/08/2026;14:57:00;5193,50;5194,00;5193,50;5194,00;311635,00;6
WDOV26;24/08/2026;14:56:00;5195,00;5195,00;5194,50;5194,50;363640,00;7
WDOV26;24/08/2026;14:55:00;5194,00;5196,00;5194,00;5196,00;519505,00;10
WDOV26;24/08/2026;14:53:00;5195,00;5195,00;5195,00;5195,00;51950,00;1
WDOV26;24/08/2026;14:52:00;5192,50;5192,50;5192,50;5192,50;51925,00;1
WDOV26;24/08/2026;14:51:00;5192,50;5192,50;5192,50;5192,50;51925,00;1
WDOV26;24/08/2026;14:50:00;5193,00;5193,00;5193,00;5193,00;103860,00;2
WDOV26;24/08/2026;14:49:00;5193,00;5193,00;5193,00;5193,00;51930,00;1
WDOV26;24/08/2026;14:48:00;5193,50;5193,50;5193,50;5193,50;51935,00;1
WDOV26;24/08/2026;14:47:00;5193,50;5194,00;5193,50;5194,00;571300,00;11
WDOV26;24/08/2026;14:45:00;5192,00;5192,50;5192,00;5192,50;103845,00;2
WDOV26;24/08/2026;14:44:00;5192,00;5192,00;5191,50;5192,00;207675,00;4
WDOV26;24/08/2026;14:43:00;5192,50;5192,50;5192,00;5192,00;207685,00;4
WDOV26;24/08/2026;14:41:00;5191,00;5191,00;5191,00;5191,00;51910,00;1
WDOV26;24/08/2026;14:40:00;5191,00;5191,00;5191,00;5191,00;51910,00;1
WDOV26;24/08/2026;14:39:00;5191,50;5191,50;5191,00;5191,00;155740,00;3
WDOV26;24/08/2026;14:36:00;5192,50;5192,50;5192,50;5192,50;103850,00;2
WDOV26;24/08/2026;14:35:00;5192,00;5192,50;5192,00;5192,50;155765,00;3
WDOV26;24/08/2026;14:34:00;5191,50;5191,50;5191,00;5191,00;155740,00;3
WDOV26;24/08/2026;14:33:00;5190,50;5190,50;5190,50;5190,50;207620,00;4
WDOV26;24/08/2026;14:32:00;5189,50;5190,00;5189,50;5190,00;622795,00;12
WDOV26;24/08/2026;14:31:00;5189,00;5189,50;5189,00;5189,50;155675,00;3
WDOV26;24/08/2026;14:30:00;5189,00;5189,00;5189,00;5189,00;51890,00;1
WDOV26;24/08/2026;14:29:00;5188,00;5189,00;5188,00;5189,00;103770,00;2
WDOV26;24/08/2026;14:26:00;5189,00;5189,00;5189,00;5189,00;103780,00;2
WDOV26;24/08/2026;14:25:00;5190,00;5190,00;5189,50;5189,50;103795,00;2
WDOV26;24/08/2026;14:24:00;5188,00;5189,50;5188,00;5189,00;1141480,00;22
WDOV26;24/08/2026;14:23:00;5188,00;5188,00;5188,00;5188,00;51880,00;1
WDOV26;24/08/2026;14:20:00;5185,50;5185,50;5185,50;5185,50;518550,00;10
WDOV26;24/08/2026;14:18:00;5183,50;5183,50;5183,50;5183,50;51835,00;1
WDOV26;24/08/2026;14:17:00;5184,00;5184,00;5184,00;5184,00;51840,00;1
WDOV26;24/08/2026;14:14:00;5184,50;5184,50;5184,50;5184,50;259225,00;5
WDOV26;24/08/2026;14:13:00;5185,00;5185,00;5185,00;5185,00;51850,00;1
WDOV26;24/08/2026;14:12:00;5184,50;5185,00;5184,50;5185,00;311075,00;6
WDOV26;24/08/2026;14:08:00;5184,50;5184,50;5184,00;5184,50;311050,00;6
WDOV26;24/08/2026;14:07:00;5186,50;5186,50;5185,00;5185,00;674075,00;13
WDOV26;24/08/2026;14:05:00;5188,00;5188,00;5188,00;5188,00;51880,00;1
WDOV26;24/08/2026;14:02:00;5187,00;5187,50;5187,00;5187,50;103745,00;2
WDOV26;24/08/2026;13:58:00;5187,00;5187,00;5186,50;5187,00;311210,00;6
WDOV26;24/08/2026;13:57:00;5186,50;5186,50;5186,50;5186,50;51865,00;1
WDOV26;24/08/2026;13:55:00;5187,00;5187,00;5187,00;5187,00;622440,00;12
WDOV26;24/08/2026;13:54:00;5186,50;5187,00;5186,50;5187,00;155600,00;3
WDOV26;24/08/2026;13:53:00;5186,50;5186,50;5186,50;5186,50;103730,00;2
WDOV26;24/08/2026;13:52:00;5186,00;5186,00;5186,00;5186,00;51860,00;1
WDOV26;24/08/2026;13:49:00;5186,00;5186,00;5185,50;5186,00;414875,00;8
WDOV26;24/08/2026;13:47:00;5186,00;5187,00;5186,00;5187,00;103730,00;2
WDOV26;24/08/2026;13:41:00;5186,00;5186,00;5186,00;5186,00;51860,00;1
WDOV26;24/08/2026;13:38:00;5185,00;5185,00;5185,00;5185,00;51850,00;1
WDOV26;24/08/2026;13:36:00;5186,00;5186,00;5186,00;5186,00;51860,00;1
WDOV26;24/08/2026;13:34:00;5185,50;5185,50;5185,50;5185,50;103710,00;2
WDOV26;24/08/2026;13:33:00;5185,00;5185,00;5185,00;5185,00;518500,00;10
WDOV26;24/08/2026;13:32:00;5183,50;5183,50;5183,50;5183,50;51835,00;1
WDOV26;24/08/2026;13:31:00;5184,00;5184,00;5183,50;5183,50;155510,00;3
WDOV26;24/08/2026;13:28:00;5186,00;5186,00;5186,00;5186,00;51860,00;1
WDOV26;24/08/2026;13:25:00;5185,00;5185,00;5185,00;5185,00;51850,00;1
WDOV26;24/08/2026;13:24:00;5184,00;5184,00;5184,00;5184,00;51840,00;1
WDOV26;24/08/2026;13:22:00;5186,00;5186,50;5185,00;5185,00;311130,00;6
WDOV26;24/08/2026;13:21:00;5188,00;5188,00;5188,00;5188,00;51880,00;1
WDOV26;24/08/2026;13:20:00;5188,50;5188,50;5188,00;5188,00;103765,00;2
WDOV26;24/08/2026;13:15:00;5189,50;5189,50;5189,50;5189,50;51895,00;1
WDOV26;24/08/2026;13:14:00;5190,50;5190,50;5190,50;5190,50;51905,00;1
WDOV26;24/08/2026;13:13:00;5189,00;5189,00;5189,00;5189,00;51890,00;1
WDOV26;24/08/2026;13:11:00;5190,00;5190,00;5190,00;5190,00;51900,00;1
WDOV26;24/08/2026;13:10:00;5190,50;5191,00;5190,50;5191,00;259540,00;5
WDOV26;24/08/2026;13:09:00;5191,50;5191,50;5191,50;5191,50;51915,00;1
WDOV26;24/08/2026;13:07:00;5190,50;5190,50;5190,50;5190,50;51905,00;1
WDOV26;24/08/2026;13:06:00;5190,50;5190,50;5190,50;5190,50;51905,00;1
WDOV26;24/08/2026;13:05:00;5190,00;5190,00;5190,00;5190,00;51900,00;1
WDOV26;24/08/2026;13:04:00;5189,50;5189,50;5189,00;5189,00;103785,00;2
WDOV26;24/08/2026;13:03:00;5190,00;5190,00;5190,00;5190,00;51900,00;1
WDOV26;24/08/2026;13:02:00;5189,50;5190,00;5189,50;5190,00;155695,00;3
WDOV26;24/08/2026;13:01:00;5190,00;5190,00;5188,00;5189,50;726465,00;14
WDOV26;24/08/2026;13:00:00;5190,00;5190,00;5189,50;5190,00;467095,00;9
WDOV26;24/08/2026;12:59:00;5190,00;5190,00;5189,50;5190,00;207595,00;4
WDOV26;24/08/2026;12:58:00;5190,00;5190,00;5190,00;5190,00;519000,00;10
WDOV26;24/08/2026;12:56:00;5189,50;5189,50;5189,50;5189,50;51895,00;1
WDOV26;24/08/2026;12:54:00;5188,00;5188,00;5188,00;5188,00;51880,00;1
WDOV26;24/08/2026;12:49:00;5189,00;5189,50;5189,00;5189,50;103785,00;2
WDOV26;24/08/2026;12:48:00;5189,00;5189,50;5189,00;5189,50;103785,00;2
WDOV26;24/08/2026;12:47:00;5189,00;5189,00;5189,00;5189,00;103780,00;2
WDOV26;24/08/2026;12:46:00;5188,50;5188,50;5188,50;5188,50;51885,00;1
WDOV26;24/08/2026;12:43:00;5188,00;5188,00;5188,00;5188,00;103760,00;2
WDOV26;24/08/2026;12:41:00;5188,00;5188,00;5188,00;5188,00;155640,00;3
WDOV26;24/08/2026;12:40:00;5188,00;5188,00;5188,00;5188,00;207520,00;4
WDOV26;24/08/2026;12:39:00;5188,00;5188,00;5188,00;5188,00;1504520,00;29
WDOV26;24/08/2026;12:38:00;5187,00;5187,00;5187,00;5187,00;51870,00;1
WDOV26;24/08/2026;12:37:00;5187,00;5187,00;5187,00;5187,00;51870,00;1
WDOV26;24/08/2026;12:33:00;5188,50;5188,50;5187,50;5187,50;311300,00;6
WDOV26;24/08/2026;12:32:00;5188,50;5188,50;5188,00;5188,00;103765,00;2
WDOV26;24/08/2026;12:30:00;5186,00;5186,00;5186,00;5186,00;51860,00;1
WDOV26;24/08/2026;12:29:00;5185,00;5185,50;5184,00;5185,50;4717765,00;91
WDOV26;24/08/2026;12:28:00;5185,00;5185,50;5185,00;5185,50;207405,00;4
WDOV26;24/08/2026;12:27:00;5185,00;5185,00;5183,50;5184,00;362895,00;7
WDOV26;24/08/2026;12:26:00;5185,00;5185,00;5185,00;5185,00;259250,00;5
WDOV26;24/08/2026;12:25:00;5185,50;5185,50;5183,50;5185,00;5392850,00;104
WDOV26;24/08/2026;12:24:00;5187,50;5188,00;5186,50;5186,50;259375,00;5
WDOV26;24/08/2026;12:23:00;5188,00;5188,00;5187,50;5187,50;103755,00;2
WDOV26;24/08/2026;12:20:00;5191,00;5191,00;5191,00;5191,00;51910,00;1
WDOV26;24/08/2026;12:19:00;5190,00;5190,50;5189,00;5190,50;1920075,00;37
WDOV26;24/08/2026;12:04:00;5188,50;5188,50;5188,50;5188,50;51885,00;1
WDOV26;24/08/2026;12:00:00;5190,00;5190,00;5190,00;5190,00;51900,00;1
WDOV26;24/08/2026;11:59:00;5189,50;5189,50;5189,50;5189,50;51895,00;1
WDOV26;24/08/2026;11:57:00;5191,00;5191,00;5190,00;5190,50;207625,00;4
WDOV26;24/08/2026;11:56:00;5191,00;5191,00;5191,00;5191,00;51910,00;1
WDOV26;24/08/2026;11:55:00;5191,00;5191,00;5191,00;5191,00;103820,00;2
WDOV26;24/08/2026;11:54:00;5192,50;5192,50;5192,50;5192,50;311550,00;6
WDOV26;24/08/2026;11:53:00;5192,50;5192,50;5192,00;5192,00;155770,00;3
WDOV26;24/08/2026;11:52:00;5192,50;5193,00;5192,50;5192,50;467350,00;9
WDOV26;24/08/2026;11:51:00;5193,00;5193,00;5193,00;5193,00;207720,00;4
WDOV26;24/08/2026;11:50:00;5192,00;5192,50;5192,00;5192,50;3426730,00;66
WDOV26;24/08/2026;11:49:00;5190,00;5190,00;5190,00;5190,00;51900,00;1
WDOV26;24/08/2026;11:44:00;5189,50;5189,50;5189,50;5189,50;103790,00;2
WDOV26;24/08/2026;11:43:00;5188,00;5188,00;5188,00;5188,00;51880,00;1
WDOV26;24/08/2026;11:42:00;5189,50;5189,50;5188,50;5188,50;518940,00;10
WDOV26;24/08/2026;11:41:00;5189,00;5189,00;5189,00;5189,00;51890,00;1
WDOV26;24/08/2026;11:40:00;5189,00;5189,50;5189,00;5189,50;467050,00;9
WDOV26;24/08/2026;11:38:00;5188,50;5188,50;5188,50;5188,50;51885,00;1
WDOV26;24/08/2026;11:36:00;5188,00;5188,00;5187,50;5188,00;207515,00;4
WDOV26;24/08/2026;11:35:00;5187,50;5188,00;5186,50;5188,00;829985,00;16
WDOV26;24/08/2026;11:34:00;5187,00;5187,00;5185,50;5185,50;8505015,00;164
WDOV26;24/08/2026;11:32:00;5188,00;5188,00;5187,00;5187,00;363125,00;7
WDOV26;24/08/2026;11:31:00;5189,50;5189,50;5189,50;5189,50;1245480,00;24
WDOV26;24/08/2026;11:30:00;5190,50;5190,50;5189,00;5189,50;467075,00;9
WDOV26;24/08/2026;11:29:00;5189,50;5189,50;5189,00;5189,00;103785,00;2
WDOV26;24/08/2026;11:28:00;5190,50;5190,50;5190,00;5190,00;830410,00;16
WDOV26;24/08/2026;11:26:00;5191,50;5192,00;5191,50;5192,00;103835,00;2
WDOV26;24/08/2026;11:23:00;5191,50;5191,50;5191,50;5191,50;519150,00;10
WDOV26;24/08/2026;11:22:00;5192,50;5192,50;5192,50;5192,50;51925,00;1
WDOV26;24/08/2026;11:21:00;5191,50;5191,50;5191,50;5191,50;103830,00;2
WDOV26;24/08/2026;11:20:00;5192,00;5192,00;5192,00;5192,00;51920,00;1
WDOV26;24/08/2026;11:19:00;5193,00;5193,50;5193,00;5193,00;571270,00;11
WDOV26;24/08/2026;11:17:00;5194,50;5195,00;5194,50;5195,00;311690,00;6
WDOV26;24/08/2026;11:16:00;5195,00;5195,00;5195,00;5195,00;571450,00;11
WDOV26;24/08/2026;11:13:00;5193,50;5193,50;5193,00;5193,50;207735,00;4
WDOV26;24/08/2026;11:12:00;5194,50;5194,50;5192,50;5192,50;259645,00;5
WDOV26;24/08/2026;11:11:00;5194,50;5194,50;5194,50;5194,50;51945,00;1
WDOV26;24/08/2026;11:10:00;5193,50;5193,50;5193,50;5193,50;51935,00;1
WDOV26;24/08/2026;11:09:00;5194,50;5194,50;5194,50;5194,50;51945,00;1
WDOV26;24/08/2026;11:08:00;5195,00;5195,50;5195,00;5195,50;155860,00;3
WDOV26;24/08/2026;11:07:00;5195,00;5195,00;5195,00;5195,00;779250,00;15
WDOV26;24/08/2026;11:06:00;5195,00;5195,00;5195,00;5195,00;3065050,00;59
WDOV26;24/08/2026;11:05:00;5195,00;5195,00;5195,00;5195,00;155850,00;3
WDOV26;24/08/2026;11:04:00;5195,50;5195,50;5195,50;5195,50;623460,00;12
WDOV26;24/08/2026;11:03:00;5194,50;5195,50;5194,50;5195,50;311720,00;6
WDOV26;24/08/2026;11:01:00;5194,00;5194,00;5193,50;5193,50;155815,00;3
WDOV26;24/08/2026;10:59:00;5190,50;5190,50;5190,50;5190,50;51905,00;1
WDOV26;24/08/2026;10:58:00;5191,00;5191,00;5191,00;5191,00;51910,00;1
WDOV26;24/08/2026;10:57:00;5191,00;5191,50;5191,00;5191,50;363385,00;7
WDOV26;24/08/2026;10:56:00;5191,50;5191,50;5191,00;5191,00;1661205,00;32
WDOV26;24/08/2026;10:55:00;5192,00;5192,00;5191,00;5191,00;623015,00;12
WDOV26;24/08/2026;10:54:00;5192,00;5192,00;5191,00;5191,00;155750,00;3
WDOV26;24/08/2026;10:53:00;5192,50;5192,50;5192,50;5192,50;51925,00;1
WDOV26;24/08/2026;10:52:00;5193,00;5193,00;5193,00;5193,00;363510,00;7
WDOV26;24/08/2026;10:51:00;5190,50;5190,50;5190,50;5190,50;51905,00;1
WDOV26;24/08/2026;10:50:00;5191,00;5192,50;5191,00;5192,00;259575,00;5
WDOV26;24/08/2026;10:49:00;5191,50;5192,00;5191,00;5191,00;2647900,00;51
WDOV26;24/08/2026;10:47:00;5191,50;5192,00;5191,00;5192,00;311485,00;6
WDOV26;24/08/2026;10:46:00;5195,50;5195,50;5192,50;5192,50;1610060,00;31
WDOV26;24/08/2026;10:45:00;5195,50;5196,00;5195,00;5196,00;363695,00;7
WDOV26;24/08/2026;10:44:00;5194,50;5196,00;5194,50;5196,00;779225,00;15
WDOV26;24/08/2026;10:43:00;5192,50;5194,50;5192,50;5194,50;571285,00;11
WDOV26;24/08/2026;10:42:00;5195,50;5195,50;5192,50;5193,50;1765815,00;34
WDOV26;24/08/2026;10:41:00;5194,50;5196,00;5194,50;5195,00;2389705,00;46
WDOV26;24/08/2026;10:40:00;5195,50;5196,50;5195,50;5196,50;1922520,00;37
WDOV26;24/08/2026;10:39:00;5198,50;5198,50;5195,50;5195,50;727585,00;14
WDOV26;24/08/2026;10:38:00;5198,00;5200,50;5195,50;5199,00;13147600,00;253
WDOV26;24/08/2026;10:37:00;5198,00;5198,00;5198,00;5198,00;311880,00;6
WDOV26;24/08/2026;10:35:00;5199,00;5199,50;5196,50;5198,50;571800,00;11
WDOV26;24/08/2026;10:34:00;5201,00;5201,00;5200,00;5200,00;364015,00;7
WDOV26;24/08/2026;10:33:00;5200,50;5200,50;5199,50;5200,00;572025,00;11
WDOV26;24/08/2026;10:32:00;5202,00;5202,00;5202,00;5202,00;208080,00;4
WDOV26;24/08/2026;10:30:00;5204,00;5204,00;5203,00;5203,00;260170,00;5
WDOV26;24/08/2026;10:29:00;5203,00;5205,00;5203,00;5204,00;520415,00;10
WDOV26;24/08/2026;10:28:00;5202,50;5204,00;5202,50;5203,00;624395,00;12
WDOV26;24/08/2026;10:27:00;5201,50;5203,00;5201,50;5202,50;260125,00;5
WDOV26;24/08/2026;10:26:00;5201,50;5202,00;5201,50;5202,00;312105,00;6
WDOV26;24/08/2026;10:25:00;5201,00;5201,00;5200,50;5200,50;156020,00;3
WDOV26;24/08/2026;10:24:00;5201,00;5201,00;5200,50;5200,50;208035,00;4
WDOV26;24/08/2026;10:23:00;5199,50;5199,50;5199,50;5199,50;51995,00;1
WDOV26;24/08/2026;10:22:00;5200,00;5200,00;5200,00;5200,00;208000,00;4
WDOV26;24/08/2026;10:21:00;5199,00;5200,00;5199,00;5199,00;467930,00;9
WDOV26;24/08/2026;10:20:00;5198,50;5199,00;5198,50;5199,00;519890,00;10
WDOV26;24/08/2026;10:19:00;5198,50;5198,50;5198,50;5198,50;571835,00;11
WDOV26;24/08/2026;10:18:00;5199,50;5199,50;5199,50;5199,50;155985,00;3
WDOV26;24/08/2026;10:17:00;5199,00;5200,00;5199,00;5200,00;311975,00;6
WDOV26;24/08/2026;10:16:00;5198,50;5198,50;5198,50;5198,50;51985,00;1
WDOV26;24/08/2026;10:15:00;5198,50;5199,00;5198,50;5198,50;259935,00;5
WDOV26;24/08/2026;10:14:00;5199,00;5199,50;5199,00;5199,50;103985,00;2
WDOV26;24/08/2026;10:13:00;5200,50;5200,50;5200,50;5200,50;52005,00;1
WDOV26;24/08/2026;10:12:00;5198,50;5200,00;5198,50;5200,00;415935,00;8
WDOV26;24/08/2026;10:10:00;5197,00;5197,00;5197,00;5197,00;51970,00;1
WDOV26;24/08/2026;10:08:00;5196,50;5197,00;5196,50;5197,00;103935,00;2
WDOV26;24/08/2026;10:07:00;5198,00;5198,00;5198,00;5198,00;155940,00;3
WDOV26;24/08/2026;10:06:00;5196,50;5198,00;5196,50;5198,00;311845,00;6
WDOV26;24/08/2026;10:05:00;5197,00;5197,00;5197,00;5197,00;51970,00;1
WDOV26;24/08/2026;10:04:00;5196,00;5197,00;5196,00;5197,00;259825,00;5
WDOV26;24/08/2026;10:03:00;5195,50;5196,00;5194,50;5194,50;831270,00;16
WDOV26;24/08/2026;10:02:00;5196,50;5196,50;5196,50;5196,50;51965,00;1
WDOV26;24/08/2026;10:01:00;5195,50;5195,50;5195,50;5195,50;51955,00;1
WDOV26;24/08/2026;10:00:00;5194,50;5195,00;5194,00;5194,00;259735,00;5
WDOV26;24/08/2026;09:59:00;5192,00;5194,50;5192,00;5194,50;623095,00;12
WDOV26;24/08/2026;09:58:00;5192,50;5192,50;5192,50;5192,50;259625,00;5
WDOV26;24/08/2026;09:52:00;5189,00;5189,00;5189,00;5189,00;51890,00;1
WDOV26;24/08/2026;09:50:00;5189,00;5189,00;5189,00;5189,00;51890,00;1
WDOV26;24/08/2026;09:48:00;5190,00;5190,00;5190,00;5190,00;103800,00;2
WDOV26;24/08/2026;09:46:00;5193,00;5193,50;5193,00;5193,00;675100,00;13
WDOV26;24/08/2026;09:44:00;5192,50;5192,50;5189,50;5190,50;519095,00;10
WDOV26;24/08/2026;09:43:00;5190,00;5192,50;5190,00;5192,50;1349690,00;26
WDOV26;24/08/2026;09:42:00;5190,00;5190,50;5190,00;5190,50;1764720,00;34
WDOV26;24/08/2026;09:41:00;5190,50;5190,50;5184,50;5189,00;13431305,00;259
WDOV26;24/08/2026;09:39:00;5188,50;5188,50;5188,00;5188,50;311290,00;6
WDOV26;24/08/2026;09:37:00;5187,00;5188,00;5186,50;5186,50;570625,00;11
WDOV26;24/08/2026;09:36:00;5188,00;5188,00;5188,00;5188,00;103760,00;2
WDOV26;24/08/2026;09:34:00;5187,50;5187,50;5187,50;5187,50;363125,00;7
WDOV26;24/08/2026;09:33:00;5190,00;5191,00;5190,00;5190,00;986125,00;19
WDOV26;24/08/2026;09:32:00;5190,00;5192,00;5189,50;5191,50;3841760,00;74
WDOV26;24/08/2026;09:31:00;5186,00;5186,00;5186,00;5186,00;207440,00;4
WDOV26;24/08/2026;09:30:00;5184,50;5184,50;5184,00;5184,50;466600,00;9
WDOV26;24/08/2026;09:29:00;5187,00;5187,00;5185,00;5185,00;103720,00;2
WDOV26;24/08/2026;09:28:00;5187,00;5187,00;5186,00;5186,00;155590,00;3
WDOV26;24/08/2026;09:25:00;5187,00;5187,00;5187,00;5187,00;51870,00;1
WDOV26;24/08/2026;09:23:00;5187,50;5187,50;5187,00;5187,00;103745,00;2
WDOV26;24/08/2026;09:21:00;5187,50;5187,50;5187,50;5187,50;51875,00;1
WDOV26;24/08/2026;09:20:00;5187,00;5187,00;5186,50;5187,00;207475,00;4
WDOV26;24/08/2026;09:19:00;5189,00;5189,00;5188,00;5188,00;155660,00;3
WDOV26;24/08/2026;09:17:00;5189,00;5189,00;5188,00;5188,50;518820,00;10
WDOV26;24/08/2026;09:16:00;5191,50;5191,50;5188,00;5189,00;467065,00;9
WDOV26;24/08/2026;09:15:00;5192,00;5192,50;5191,50;5192,50;363455,00;7
WDOV26;24/08/2026;09:14:00;5193,50;5193,50;5192,00;5192,00;207700,00;4
WDOV26;24/08/2026;09:13:00;5192,00;5193,00;5192,00;5193,00;415375,00;8
WDOV26;24/08/2026;09:12:00;5192,00;5192,00;5191,00;5191,00;259565,00;5
WDOV26;24/08/2026;09:11:00;5192,50;5192,50;5191,50;5192,00;311515,00;6
WDOV26;24/08/2026;09:10:00;5193,00;5193,00;5193,00;5193,00;259650,00;5
WDOV26;24/08/2026;09:09:00;5192,50;5192,50;5192,50;5192,50;51925,00;1
WDOV26;24/08/2026;09:08:00;5191,50;5191,50;5191,00;5191,00;155740,00;3
WDOV26;24/08/2026;09:07:00;5194,50;5194,50;5192,00;5192,00;415485,00;8
WDOV26;24/08/2026;09:06:00;5193,50;5193,50;5193,00;5193,50;779015,00;15
WDOV26;24/08/2026;09:05:00;5193,50;5194,00;5191,50;5193,00;1505905,00;29
WDOV26;24/08/2026;09:04:00;5192,00;5192,00;5192,00;5192,00;2388320,00;46
WDOV26;24/08/2026;09:03:00;5189,50;5191,00;5189,00;5191,00;259495,00;5
WDOV26;24/08/2026;09:02:00;5190,50;5193,00;5189,50;5191,50;3166415,00;61
WDOV26;24/08/2026;09:01:00;5191,00;5193,00;5191,00;5191,00;519160,00;10
WDOV26;24/08/2026;09:00:00;5188,00;5190,50;5188,00;5189,00;830230,00;16
WDOV26;21/08/2026;18:29:00;5188,50;5188,50;5187,00;5187,00;622520,00;12
WDOV26;21/08/2026;18:28:00;5188,50;5188,50;5188,50;5188,50;1297125,00;25
WDOV26;21/08/2026;18:26:00;5188,50;5189,50;5188,50;5189,50;103780,00;2
WDOV26;21/08/2026;18:25:00;5188,00;5188,50;5187,50;5187,50;259400,00;5
WDOV26;21/08/2026;18:23:00;5188,00;5189,00;5188,00;5189,00;415105,00;8
WDOV26;21/08/2026;18:22:00;5187,00;5187,00;5187,00;5187,00;51870,00;1
WDOV26;21/08/2026;18:21:00;5185,50;5186,50;5185,50;5186,00;207440,00;4
WDOV26;21/08/2026;18:20:00;5184,50;5184,50;5184,50;5184,50;103690,00;2
WDOV26;21/08/2026;18:19:00;5184,50;5184,50;5184,50;5184,50;103690,00;2
WDOV26;21/08/2026;18:18:00;5183,50;5183,50;5183,50;5183,50;51835,00;1
WDOV26;21/08/2026;18:16:00;5183,00;5183,00;5183,00;5183,00;51830,00;1
WDOV26;21/08/2026;18:15:00;5183,50;5183,50;5182,50;5182,50;155485,00;3
WDOV26;21/08/2026;18:13:00;5183,00;5183,00;5183,00;5183,00;51830,00;1
WDOV26;21/08/2026;18:12:00;5183,50;5183,50;5183,50;5183,50;259175,00;5
WDOV26;21/08/2026;18:11:00;5183,00;5183,00;5183,00;5183,00;103660,00;2
WDOV26;21/08/2026;18:10:00;5183,50;5183,50;5183,00;5183,00;207325,00;4
WDOV26;21/08/2026;18:07:00;5184,00;5184,00;5184,00;5184,00;51840,00;1
WDOV26;21/08/2026;18:00:00;5185,00;5185,00;5185,00;5185,00;51850,00;1
WDOV26;21/08/2026;17:59:00;5185,00;5185,00;5185,00;5185,00;103700,00;2
WDOV26;21/08/2026;17:57:00;5184,50;5185,50;5184,50;5185,50;207405,00;4
WDOV26;21/08/2026;17:55:00;5184,50;5184,50;5184,50;5184,50;103690,00;2
WDOV26;21/08/2026;17:50:00;5186,00;5186,00;5185,00;5185,00;103710,00;2
WDOV26;21/08/2026;17:49:00;5189,50;5190,00;5189,50;5190,00;311395,00;6
WDOV26;21/08/2026;17:48:00;5188,50;5188,50;5188,50;5188,50;51885,00;1
WDOV26;21/08/2026;17:45:00;5187,00;5187,00;5187,00;5187,00;103740,00;2
WDOV26;21/08/2026;17:41:00;5187,00;5187,00;5187,00;5187,00;51870,00;1
WDOV26;21/08/2026;17:39:00;5186,50;5186,50;5186,50;5186,50;51865,00;1
WDOV26;21/08/2026;17:38:00;5186,00;5186,00;5186,00;5186,00;51860,00;1
WDOV26;21/08/2026;17:36:00;5186,50;5186,50;5186,00;5186,00;155590,00;3
WDOV26;21/08/2026;17:33:00;5188,50;5188,50;5187,50;5188,50;155645,00;3
WDOV26;21/08/2026;17:27:00;5186,50;5186,50;5186,50;5186,50;51865,00;1
WDOV26;21/08/2026;17:25:00;5187,00;5187,00;5187,00;5187,00;103740,00;2
WDOV26;21/08/2026;17:24:00;5188,00;5188,00;5187,50;5187,50;518755,00;10
WDOV26;21/08/2026;17:15:00;5189,50;5189,50;5189,50;5189,50;51895,00;1
WDOV26;21/08/2026;17:11:00;5190,00;5190,00;5190,00;5190,00;259500,00;5
WDOV26;21/08/2026;17:10:00;5189,50;5190,00;5189,50;5190,00;103795,00;2
WDOV26;21/08/2026;17:09:00;5189,00;5189,00;5189,00;5189,00;51890,00;1
WDOV26;21/08/2026;17:07:00;5189,50;5189,50;5189,50;5189,50;1349270,00;26
WDOV26;21/08/2026;17:03:00;5188,50;5188,50;5188,50;5188,50;259425,00;5
WDOV26;21/08/2026;17:02:00;5189,00;5189,00;5189,00;5189,00;51890,00;1
WDOV26;21/08/2026;17:01:00;5189,50;5189,50;5189,50;5189,50;103790,00;2
WDOV26;21/08/2026;17:00:00;5189,00;5189,00;5189,00;5189,00;103780,00;2
WDOV26;21/08/2026;16:59:00;5186,00;5186,00;5186,00;5186,00;51860,00;1
WDOV26;21/08/2026;16:58:00;5187,00;5187,00;5187,00;5187,00;103740,00;2
WDOV26;21/08/2026;16:57:00;5188,00;5188,50;5188,00;5188,00;311295,00;6
WDOV26;21/08/2026;16:56:00;5187,50;5187,50;5187,50;5187,50;155625,00;3
WDOV26;21/08/2026;16:53:00;5186,50;5186,50;5186,50;5186,50;51865,00;1
WDOV26;21/08/2026;16:50:00;5185,50;5186,00;5185,00;5186,00;466680,00;9
WDOV26;21/08/2026;16:47:00;5187,00;5187,00;5186,50;5186,50;103735,00;2
WDOV26;21/08/2026;16:44:00;5186,00;5186,00;5185,50;5185,50;103715,00;2
WDOV26;21/08/2026;16:41:00;5187,00;5187,00;5186,50;5186,50;103735,00;2
WDOV26;21/08/2026;16:37:00;5187,50;5187,50;5187,50;5187,50;51875,00;1
WDOV26;21/08/2026;16:35:00;5187,50;5187,50;5187,50;5187,50;51875,00;1
WDOV26;21/08/2026;16:33:00;5187,00;5187,00;5187,00;5187,00;207480,00;4
WDOV26;21/08/2026;16:32:00;5186,50;5186,50;5186,50;5186,50;259325,00;5
WDOV26;21/08/2026;16:30:00;5186,50;5186,50;5186,50;5186,50;414920,00;8
WDOV26;21/08/2026;16:29:00;5186,50;5186,50;5186,50;5186,50;207460,00;4
WDOV26;21/08/2026;16:27:00;5186,50;5186,50;5186,00;5186,50;726105,00;14
WDOV26;21/08/2026;16:26:00;5185,00;5186,00;5185,00;5186,00;414870,00;8
WDOV26;21/08/2026;16:22:00;5185,00;5185,00;5184,50;5184,50;414780,00;8
WDOV26;21/08/2026;16:18:00;5186,00;5186,00;5185,00;5186,00;518565,00;10
WDOV26;21/08/2026;16:17:00;5185,00;5185,50;5184,50;5184,50;207400,00;4
WDOV26;21/08/2026;16:16:00;5184,50;5185,00;5184,50;5185,00;881440,00;17
WDOV26;21/08/2026;16:09:00;5183,50;5184,00;5183,50;5184,00;207350,00;4
WDOV26;21/08/2026;16:07:00;5183,50;5183,50;5183,50;5183,50;51835,00;1
WDOV26;21/08/2026;16:06:00;5182,50;5183,00;5182,50;5183,00;310960,00;6
WDOV26;21/08/2026;16:04:00;5181,50;5182,00;5181,50;5182,00;103635,00;2
WDOV26;21/08/2026;16:03:00;5182,00;5182,00;5182,00;5182,00;103640,00;2
WDOV26;21/08/2026;15:59:00;5181,00;5181,00;5180,50;5180,50;103615,00;2
WDOV26;21/08/2026;15:56:00;5182,50;5182,50;5182,50;5182,50;362775,00;7
WDOV26;21/08/2026;15:53:00;5183,00;5183,00;5182,50;5182,50;103655,00;2
WDOV26;21/08/2026;15:51:00;5182,50;5182,50;5182,50;5182,50;51825,00;1
WDOV26;21/08/2026;15:48:00;5182,00;5183,00;5182,00;5183,00;362770,00;7
WDOV26;21/08/2026;15:47:00;5182,00;5182,00;5182,00;5182,00;51820,00;1
WDOV26;21/08/2026;15:46:00;5181,00;5181,00;5181,00;5181,00;103620,00;2
WDOV26;21/08/2026;15:44:00;5180,50;5180,50;5180,50;5180,50;155415,00;3
WDOV26;21/08/2026;15:43:00;5179,50;5179,50;5179,50;5179,50;51795,00;1
WDOV26;21/08/2026;15:42:00;5179,00;5179,50;5179,00;5179,50;103585,00;2
WDOV26;21/08/2026;15:40:00;5178,50;5179,50;5178,50;5179,50;155365,00;3
WDOV26;21/08/2026;15:38:00;5181,00;5181,50;5181,00;5181,50;310870,00;6
WDOV26;21/08/2026;15:37:00;5179,50;5180,50;5179,50;5180,50;207195,00;4
WDOV26;21/08/2026;15:36:00;5179,00;5179,50;5179,00;5179,50;155380,00;3
WDOV26;21/08/2026;15:35:00;5181,00;5181,00;5179,00;5180,00;1709410,00;33
WDOV26;21/08/2026;15:34:00;5182,50;5182,50;5181,50;5181,50;310925,00;6
WDOV26;21/08/2026;15:33:00;5182,50;5182,50;5182,50;5182,50;8447475,00;163
WDOV26;21/08/2026;15:32:00;5183,50;5183,50;5183,50;5183,50;51835,00;1
WDOV26;21/08/2026;15:31:00;5183,50;5183,50;5183,50;5183,50;51835,00;1
WDOV26;21/08/2026;15:30:00;5184,50;5185,00;5184,50;5185,00;155540,00;3
WDOV26;21/08/2026;15:28:00;5182,50;5182,50;5182,50;5182,50;51825,00;1
WDOV26;21/08/2026;15:27:00;5184,50;5184,50;5181,50;5184,00;2332445,00;45
WDOV26;21/08/2026;15:25:00;5183,50;5184,50;5183,50;5184,50;259185,00;5
WDOV26;21/08/2026;15:24:00;5185,50;5185,50;5185,50;5185,50;674115,00;13
WDOV26;21/08/2026;15:23:00;5185,00;5185,00;5184,50;5184,50;985115,00;19
WDOV26;21/08/2026;15:22:00;5186,00;5186,50;5185,00;5185,00;2022625,00;39
WDOV26;21/08/2026;15:21:00;5187,50;5187,50;5187,50;5187,50;466875,00;9
WDOV26;21/08/2026;15:19:00;5188,50;5188,50;5188,50;5188,50;207540,00;4
WDOV26;21/08/2026;15:18:00;5189,50;5189,50;5187,00;5187,00;2905175,00;56
WDOV26;21/08/2026;15:16:00;5189,50;5189,50;5189,50;5189,50;51895,00;1
WDOV26;21/08/2026;15:13:00;5190,00;5190,00;5190,00;5190,00;103800,00;2
WDOV26;21/08/2026;15:11:00;5190,00;5190,00;5190,00;5190,00;103800,00;2
WDOV26;21/08/2026;15:09:00;5189,00;5189,00;5189,00;5189,00;103780,00;2
WDOV26;21/08/2026;15:05:00;5188,50;5188,50;5188,50;5188,50;103770,00;2
WDOV26;21/08/2026;15:04:00;5189,50;5189,50;5189,50;5189,50;51895,00;1
WDOV26;21/08/2026;15:03:00;5190,00;5190,00;5190,00;5190,00;259500,00;5
WDOV26;21/08/2026;15:02:00;5189,50;5190,50;5189,00;5190,00;674645,00;13
WDOV26;21/08/2026;15:01:00;5189,50;5191,00;5189,00;5190,50;1712695,00;33
WDOV26;21/08/2026;14:59:00;5192,00;5192,50;5191,00;5192,00;363435,00;7
WDOV26;21/08/2026;14:58:00;5192,00;5192,00;5192,00;5192,00;51920,00;1
WDOV26;21/08/2026;14:55:00;5192,00;5192,00;5191,00;5191,00;207665,00;4
WDOV26;21/08/2026;14:51:00;5192,00;5192,00;5192,00;5192,00;207680,00;4
WDOV26;21/08/2026;14:50:00;5192,00;5192,00;5192,00;5192,00;103840,00;2
WDOV26;21/08/2026;14:49:00;5192,00;5192,00;5192,00;5192,00;51920,00;1
WDOV26;21/08/2026;14:47:00;5191,50;5191,50;5191,50;5191,50;51915,00;1
WDOV26;21/08/2026;14:46:00;5191,00;5191,00;5191,00;5191,00;51910,00;1
WDOV26;21/08/2026;14:45:00;5191,50;5191,50;5191,50;5191,50;103830,00;2
WDOV26;21/08/2026;14:44:00;5193,00;5193,00;5193,00;5193,00;51930,00;1
WDOV26;21/08/2026;14:43:00;5192,00;5192,00;5192,00;5192,00;207680,00;4
WDOV26;21/08/2026;14:37:00;5191,50;5191,50;5191,50;5191,50;51915,00;1
WDOV26;21/08/2026;14:36:00;5191,00;5191,00;5190,50;5190,50;415265,00;8
WDOV26;21/08/2026;14:35:00;5190,50;5191,00;5190,00;5191,00;207625,00;4
WDOV26;21/08/2026;14:34:00;5191,00;5191,00;5190,50;5190,50;103815,00;2
WDOV26;21/08/2026;14:28:00;5192,00;5192,00;5191,00;5191,00;622980,00;12
WDOV26;21/08/2026;14:24:00;5193,00;5193,00;5192,50;5192,50;155785,00;3
WDOV26;21/08/2026;14:23:00;5193,00;5193,00;5193,00;5193,00;51930,00;1
WDOV26;21/08/2026;14:21:00;5192,50;5192,50;5192,50;5192,50;51925,00;1
WDOV26;21/08/2026;14:19:00;5192,00;5192,00;5191,50;5191,50;467275,00;9
WDOV26;21/08/2026;14:18:00;5192,00;5192,50;5192,00;5192,50;363445,00;7
WDOV26;21/08/2026;14:17:00;5193,50;5193,50;5193,50;5193,50;207740,00;4
WDOV26;21/08/2026;14:16:00;5191,50;5193,00;5191,50;5193,00;259610,00;5
WDOV26;21/08/2026;14:13:00;5192,00;5192,00;5192,00;5192,00;51920,00;1
WDOV26;21/08/2026;14:12:00;5191,50;5191,50;5191,50;5191,50;51915,00;1
WDOV26;21/08/2026;14:06:00;5190,00;5191,00;5190,00;5191,00;1089970,00;21
WDOV26;21/08/2026;14:05:00;5190,00;5190,00;5190,00;5190,00;882300,00;17
WDOV26;21/08/2026;13:59:00;5193,50;5194,00;5193,50;5194,00;727100,00;14
WDOV26;21/08/2026;13:55:00;5193,50;5193,50;5193,50;5193,50;51935,00;1
WDOV26;21/08/2026;13:49:00;5191,00;5191,00;5191,00;5191,00;207640,00;4
WDOV26;21/08/2026;13:48:00;5190,50;5191,50;5190,50;5191,50;155730,00;3
WDOV26;21/08/2026;13:47:00;5190,50;5191,50;5190,50;5191,50;155730,00;3
WDOV26;21/08/2026;13:46:00;5191,00;5191,00;5191,00;5191,00;51910,00;1
WDOV26;21/08/2026;13:44:00;5192,00;5192,00;5192,00;5192,00;155760,00;3
WDOV26;21/08/2026;13:42:00;5192,50;5193,00;5192,50;5193,00;519290,00;10
WDOV26;21/08/2026;13:41:00;5192,00;5192,00;5192,00;5192,00;51920,00;1
WDOV26;21/08/2026;13:39:00;5194,00;5194,00;5194,00;5194,00;259700,00;5
WDOV26;21/08/2026;13:37:00;5195,50;5195,50;5195,50;5195,50;415640,00;8
WDOV26;21/08/2026;13:35:00;5196,50;5196,50;5195,50;5195,50;103920,00;2
WDOV26;21/08/2026;13:32:00;5197,00;5197,00;5197,00;5197,00;51970,00;1
WDOV26;21/08/2026;13:31:00;5196,50;5196,50;5196,50;5196,50;51965,00;1
WDOV26;21/08/2026;13:30:00;5196,50;5196,50;5196,00;5196,50;311785,00;6
WDOV26;21/08/2026;13:29:00;5196,50;5197,50;5196,50;5197,50;2598565,00;50
WDOV26;21/08/2026;13:28:00;5195,50;5195,50;5195,50;5195,50;51955,00;1
WDOV26;21/08/2026;13:26:00;5194,00;5194,00;5194,00;5194,00;51940,00;1
WDOV26;21/08/2026;13:23:00;5193,50;5194,00;5193,50;5194,00;103875,00;2
WDOV26;21/08/2026;13:22:00;5195,50;5195,50;5193,00;5193,00;779030,00;15
WDOV26;21/08/2026;13:21:00;5194,00;5195,50;5191,00;5195,50;2336450,00;45
WDOV26;21/08/2026;13:20:00;5195,00;5195,00;5194,50;5194,50;103895,00;2
WDOV26;21/08/2026;13:19:00;5195,00;5195,50;5195,00;5195,50;103905,00;2
WDOV26;21/08/2026;13:18:00;5197,50;5197,50;5196,50;5197,00;571675,00;11
WDOV26;21/08/2026;13:17:00;5198,00;5199,00;5197,00;5198,00;7796310,00;150
WDOV26;21/08/2026;13:16:00;5194,50;5194,50;5194,50;5194,50;103890,00;2
WDOV26;21/08/2026;13:15:00;5194,00;5194,50;5194,00;5194,50;207765,00;4
WDOV26;21/08/2026;13:14:00;5193,50;5193,50;5193,00;5193,00;207735,00;4
WDOV26;21/08/2026;13:13:00;5194,00;5194,00;5194,00;5194,00;986860,00;19
WDOV26;21/08/2026;13:11:00;5194,50;5195,00;5194,50;5195,00;155845,00;3
WDOV26;21/08/2026;13:08:00;5193,50;5193,50;5193,50;5193,50;155805,00;3
WDOV26;21/08/2026;13:07:00;5192,50;5192,50;5192,00;5192,00;726890,00;14
WDOV26;21/08/2026;13:06:00;5193,50;5194,50;5193,00;5194,50;2284960,00;44
WDOV26;21/08/2026;13:04:00;5194,00;5194,00;5194,00;5194,00;51940,00;1
WDOV26;21/08/2026;13:01:00;5193,50;5193,50;5193,50;5193,50;51935,00;1
WDOV26;21/08/2026;12:59:00;5194,00;5194,00;5194,00;5194,00;571340,00;11
WDOV26;21/08/2026;12:58:00;5193,00;5193,00;5191,50;5192,50;674995,00;13
WDOV26;21/08/2026;12:57:00;5193,50;5193,50;5192,50;5192,50;1505980,00;29
WDOV26;21/08/2026;12:56:00;5194,00;5195,50;5194,00;5195,50;467555,00;9
WDOV26;21/08/2026;12:55:00;5194,50;5194,50;5193,00;5193,50;882920,00;17
WDOV26;21/08/2026;12:54:00;5195,50;5195,50;5195,00;5195,00;155855,00;3
WDOV26;21/08/2026;12:53:00;5195,50;5196,50;5195,50;5195,50;363710,00;7
WDOV26;21/08/2026;12:52:00;5195,00;5196,00;5195,00;5196,00;1350895,00;26
WDOV26;21/08/2026;12:51:00;5196,00;5196,00;5194,50;5195,00;467555,00;9
WDOV26;21/08/2026;12:50:00;5197,00;5197,00;5196,50;5196,50;311815,00;6
WDOV26;21/08/2026;12:49:00;5196,50;5197,50;5196,50;5197,00;363805,00;7
WDOV26;21/08/2026;12:48:00;5197,50;5197,50;5197,00;5197,00;207890,00;4
WDOV26;21/08/2026;12:47:00;5198,50;5198,50;5198,50;5198,50;155955,00;3
WDOV26;21/08/2026;12:46:00;5199,00;5199,00;5198,00;5198,00;155960,00;3
WDOV26;21/08/2026;12:45:00;5197,50;5198,50;5197,50;5198,50;467840,00;9
WDOV26;21/08/2026;12:44:00;5200,00;5200,00;5197,50;5197,50;2391845,00;46
WDOV26;21/08/2026;12:43:00;5201,00;5201,00;5201,00;5201,00;52010,00;1
WDOV26;21/08/2026;12:41:00;5202,50;5202,50;5201,50;5201,50;156055,00;3
WDOV26;21/08/2026;12:40:00;5201,50;5202,50;5201,50;5202,50;364150,00;7
WDOV26;21/08/2026;12:39:00;5202,50;5202,50;5201,00;5202,00;572195,00;11
WDOV26;21/08/2026;12:38:00;5203,50;5203,50;5203,50;5203,50;728490,00;14
WDOV26;21/08/2026;12:37:00;5202,50;5203,00;5201,00;5203,00;3381140,00;65
WDOV26;21/08/2026;12:36:00;5203,00;5203,00;5202,50;5202,50;208105,00;4
WDOV26;21/08/2026;12:35:00;5203,00;5203,00;5202,50;5202,50;104055,00;2
WDOV26;21/08/2026;12:34:00;5203,00;5203,00;5202,00;5202,00;572265,00;11
WDOV26;21/08/2026;12:33:00;5204,50;5204,50;5204,00;5204,00;260215,00;5
WDOV26;21/08/2026;12:32:00;5205,00;5205,00;5204,00;5204,00;676620,00;13
WDOV26;21/08/2026;12:31:00;5205,00;5205,00;5205,00;5205,00;104100,00;2
WDOV26;21/08/2026;12:30:00;5205,00;5205,50;5204,50;5205,50;208200,00;4
WDOV26;21/08/2026;12:28:00;5207,00;5207,00;5205,00;5205,50;572655,00;11
WDOV26;21/08/2026;12:27:00;5207,00;5207,00;5207,00;5207,00;104140,00;2
WDOV26;21/08/2026;12:25:00;5207,50;5207,50;5207,50;5207,50;104150,00;2
WDOV26;21/08/2026;12:24:00;5206,50;5207,00;5206,50;5207,00;468625,00;9
WDOV26;21/08/2026;12:22:00;5206,50;5206,50;5205,50;5205,50;260295,00;5
WDOV26;21/08/2026;12:21:00;5207,50;5207,50;5206,50;5206,50;416545,00;8
WDOV26;21/08/2026;12:20:00;5209,00;5209,00;5209,00;5209,00;52090,00;1
WDOV26;21/08/2026;12:19:00;5210,50;5210,50;5210,50;5210,50;156315,00;3
WDOV26;21/08/2026;12:17:00;5210,50;5210,50;5210,50;5210,50;52105,00;1
WDOV26;21/08/2026;12:16:00;5211,00;5211,00;5211,00;5211,00;625320,00;12
WDOV26;21/08/2026;12:15:00;5209,00;5209,50;5209,00;5209,50;625090,00;12
WDOV26;21/08/2026;12:13:00;5206,50;5206,50;5206,50;5206,50;52065,00;1
WDOV26;21/08/2026;12:11:00;5207,00;5207,00;5206,50;5206,50;208275,00;4
WDOV26;21/08/2026;12:10:00;5207,50;5207,50;5207,50;5207,50;52075,00;1
WDOV26;21/08/2026;12:07:00;5207,00;5207,00;5207,00;5207,00;1301750,00;25
WDOV26;21/08/2026;12:06:00;5205,50;5205,50;5205,00;5205,00;104105,00;2
WDOV26;21/08/2026;12:05:00;5204,50;5204,50;5204,00;5204,00;676575,00;13
WDOV26;21/08/2026;12:03:00;5206,00;5206,00;5206,00;5206,00;52060,00;1
WDOV26;21/08/2026;12:02:00;5207,00;5207,00;5207,00;5207,00;104140,00;2
WDOV26;21/08/2026;11:58:00;5208,00;5208,00;5206,50;5206,50;156210,00;3
WDOV26;21/08/2026;11:52:00;5208,00;5208,00;5208,00;5208,00;52080,00;1
WDOV26;21/08/2026;11:51:00;5208,00;5208,00;5208,00;5208,00;52080,00;1
WDOV26;21/08/2026;11:50:00;5207,00;5208,00;5206,50;5208,00;624865,00;12
WDOV26;21/08/2026;11:48:00;5209,00;5209,00;5209,00;5209,00;156270,00;3
WDOV26;21/08/2026;11:45:00;5210,50;5211,00;5210,50;5211,00;208435,00;4
WDOV26;21/08/2026;11:42:00;5210,00;5210,00;5210,00;5210,00;52100,00;1
WDOV26;21/08/2026;11:37:00;5210,00;5210,00;5209,50;5210,00;156295,00;3
WDOV26;21/08/2026;11:36:00;5209,00;5209,00;5209,00;5209,00;52090,00;1
WDOV26;21/08/2026;11:34:00;5208,00;5208,50;5208,00;5208,50;156245,00;3
WDOV26;21/08/2026;11:33:00;5206,50;5207,00;5206,00;5207,00;364460,00;7
WDOV26;21/08/2026;11:32:00;5207,50;5207,50;5206,00;5206,00;208265,00;4
WDOV26;21/08/2026;11:31:00;5206,50;5207,00;5206,50;5207,00;208270,00;4
WDOV26;21/08/2026;11:30:00;5207,00;5208,00;5207,00;5207,00;312445,00;6
WDOV26;21/08/2026;11:29:00;5207,00;5207,00;5207,00;5207,00;104140,00;2
WDOV26;21/08/2026;11:28:00;5206,00;5206,00;5206,00;5206,00;104120,00;2
WDOV26;21/08/2026;11:27:00;5206,00;5206,00;5205,50;5205,50;468505,00;9
WDOV26;21/08/2026;11:25:00;5206,50;5207,00;5206,50;5207,00;104135,00;2
WDOV26;21/08/2026;11:24:00;5207,00;5207,00;5206,50;5206,50;156205,00;3
WDOV26;21/08/2026;11:22:00;5204,00;5206,00;5204,00;5206,00;364340,00;7
WDOV26;21/08/2026;11:21:00;5204,50;5205,50;5204,50;5205,00;468465,00;9
WDOV26;21/08/2026;11:20:00;5207,50;5208,00;5203,50;5204,50;2759175,00;53
WDOV26;21/08/2026;11:19:00;5208,00;5208,00;5208,00;5208,00;468720,00;9
WDOV26;21/08/2026;11:18:00;5208,00;5208,00;5207,50;5208,00;468705,00;9
WDOV26;21/08/2026;11:17:00;5210,00;5210,00;5209,00;5209,00;7346030,00;141
WDOV26;21/08/2026;11:16:00;5211,50;5211,50;5210,50;5211,50;469010,00;9
WDOV26;21/08/2026;11:15:00;5212,50;5212,50;5212,50;5212,50;52125,00;1
WDOV26;21/08/2026;11:14:00;5212,00;5213,50;5211,50;5211,50;781775,00;15
WDOV26;21/08/2026;11:13:00;5213,50;5213,50;5212,00;5212,50;834045,00;16
WDOV26;21/08/2026;11:12:00;5212,50;5213,50;5212,50;5213,50;104260,00;2
WDOV26;21/08/2026;11:11:00;5214,00;5214,50;5212,00;5212,00;469205,00;9
WDOV26;21/08/2026;11:10:00;5211,00;5213,50;5211,00;5213,50;521160,00;10
WDOV26;21/08/2026;11:09:00;5214,50;5214,50;5212,00;5212,00;417005,00;8
WDOV26;21/08/2026;11:08:00;5214,50;5214,50;5214,50;5214,50;156435,00;3
WDOV26;21/08/2026;11:07:00;5214,00;5214,50;5214,00;5214,50;104285,00;2
WDOV26;21/08/2026;11:06:00;5213,50;5213,50;5213,50;5213,50;104270,00;2
WDOV26;21/08/2026;11:05:00;5215,00;5215,00;5214,50;5215,00;208595,00;4
WDOV26;21/08/2026;11:04:00;5216,50;5216,50;5216,50;5216,50;52165,00;1
WDOV26;21/08/2026;11:03:00;5216,50;5216,50;5216,50;5216,50;52165,00;1
WDOV26;21/08/2026;11:02:00;5217,50;5217,50;5216,50;5216,50;313040,00;6
WDOV26;21/08/2026;11:01:00;5217,00;5217,00;5216,00;5216,50;208655,00;4
WDOV26;21/08/2026;11:00:00;5215,50;5217,00;5215,50;5217,00;260810,00;5
WDOV26;21/08/2026;10:59:00;5214,50;5214,50;5214,50;5214,50;52145,00;1
WDOV26;21/08/2026;10:58:00;5214,00;5214,50;5214,00;5214,50;104285,00;2
WDOV26;21/08/2026;10:57:00;5215,00;5215,00;5215,00;5215,00;104300,00;2
WDOV26;21/08/2026;10:56:00;5215,00;5215,00;5215,00;5215,00;208600,00;4
WDOV26;21/08/2026;10:55:00;5213,00;5213,50;5212,50;5213,50;364905,00;7
WDOV26;21/08/2026;10:54:00;5216,50;5216,50;5215,00;5215,00;469380,00;9
WDOV26;21/08/2026;10:53:00;5215,00;5215,50;5215,00;5215,50;156455,00;3
WDOV26;21/08/2026;10:52:00;5217,50;5217,50;5216,00;5216,50;1408610,00;27
WDOV26;21/08/2026;10:46:00;5220,50;5221,00;5220,50;5221,00;208825,00;4
WDOV26;21/08/2026;10:45:00;5219,50;5220,00;5219,50;5220,00;104395,00;2
WDOV26;21/08/2026;10:44:00;5218,50;5218,50;5218,00;5218,00;156550,00;3
WDOV26;21/08/2026;10:43:00;5218,00;5219,00;5217,50;5219,00;991490,00;19
WDOV26;21/08/2026;10:42:00;5219,00;5219,00;5219,00;5219,00;52190,00;1
WDOV26;21/08/2026;10:41:00;5219,50;5220,00;5217,50;5217,50;2296685,00;44
WDOV26;21/08/2026;10:40:00;5218,00;5219,00;5216,50;5219,00;1930450,00;37
WDOV26;21/08/2026;10:39:00;5219,50;5219,50;5219,00;5219,00;417530,00;8
WDOV26;21/08/2026;10:38:00;5220,00;5221,00;5220,00;5221,00;991810,00;19
WDOV26;21/08/2026;10:37:00;5220,00;5220,00;5220,00;5220,00;156600,00;3
WDOV26;21/08/2026;10:36:00;5222,00;5222,00;5220,00;5220,00;469825,00;9
WDOV26;21/08/2026;10:35:00;5222,50;5222,50;5222,50;5222,50;208900,00;4
WDOV26;21/08/2026;10:31:00;5221,00;5221,00;5220,00;5220,00;156615,00;3
WDOV26;21/08/2026;10:30:00;5223,00;5223,50;5222,00;5223,50;940150,00;18
WDOV26;21/08/2026;10:29:00;5224,00;5224,00;5223,50;5223,50;104475,00;2
WDOV26;21/08/2026;10:28:00;5224,50;5225,00;5223,50;5223,50;522455,00;10
WDOV26;21/08/2026;10:27:00;5225,00;5225,00;5224,50;5224,50;417990,00;8
WDOV26;21/08/2026;10:26:00;5226,00;5227,50;5226,00;5227,50;1150015,00;22
WDOV26;21/08/2026;10:25:00;5227,50;5227,50;5227,50;5227,50;52275,00;1
WDOV26;21/08/2026;10:24:00;5227,50;5227,50;5227,50;5227,50;52275,00;1
WDOV26;21/08/2026;10:22:00;5227,50;5227,50;5227,50;5227,50;156825,00;3
WDOV26;21/08/2026;10:21:00;5227,00;5227,00;5227,00;5227,00;52270,00;1
WDOV26;21/08/2026;10:20:00;5228,00;5228,00;5227,50;5227,50;1306900,00;25
WDOV26;21/08/2026;10:19:00;5227,50;5227,50;5227,50;5227,50;156825,00;3
WDOV26;21/08/2026;10:18:00;5228,00;5228,50;5227,50;5228,00;522800,00;10
WDOV26;21/08/2026;10:15:00;5223,00;5223,00;5221,50;5223,00;313365,00;6
WDOV26;21/08/2026;10:13:00;5227,00;5227,00;5224,50;5225,50;992800,00;19
WDOV26;21/08/2026;10:12:00;5227,00;5227,50;5227,00;5227,50;156815,00;3
WDOV26;21/08/2026;10:11:00;5226,00;5227,00;5226,00;5227,00;470365,00;9
WDOV26;21/08/2026;10:10:00;5226,50;5226,50;5226,00;5226,00;209055,00;4
WDOV26;21/08/2026;10:09:00;5226,00;5226,00;5226,00;5226,00;365820,00;7
WDOV26;21/08/2026;10:08:00;5226,50;5227,50;5226,50;5227,50;156805,00;3
WDOV26;21/08/2026;10:07:00;5221,00;5224,50;5221,00;5224,50;208920,00;4
WDOV26;21/08/2026;10:06:00;5219,00;5219,00;5219,00;5219,00;52190,00;1
WDOV26;21/08/2026;10:04:00;5218,00;5220,00;5216,50;5220,00;417445,00;8
WDOV26;21/08/2026;10:02:00;5220,50;5220,50;5220,50;5220,50;52205,00;1
WDOV26;21/08/2026;10:01:00;5217,50;5217,50;5217,50;5217,50;52175,00;1
WDOV26;21/08/2026;10:00:00;5217,50;5217,50;5217,50;5217,50;52175,00;1
WDOV26;21/08/2026;09:59:00;5219,50;5219,50;5219,00;5219,00;365360,00;7
WDOV26;21/08/2026;09:58:00;5224,00;5224,00;5224,00;5224,00;52240,00;1
WDOV26;21/08/2026;09:56:00;5224,00;5224,50;5224,00;5224,50;156725,00;3
WDOV26;21/08/2026;09:50:00;5220,00;5220,00;5219,50;5219,50;156595,00;3
WDOV26;21/08/2026;09:49:00;5220,00;5220,50;5220,00;5220,50;208805,00;4
WDOV26;21/08/2026;09:48:00;5219,50;5220,50;5219,50;5220,50;156605,00;3
WDOV26;21/08/2026;09:47:00;5220,50;5220,50;5220,50;5220,50;104410,00;2
WDOV26;21/08/2026;09:46:00;5218,50;5219,50;5218,50;5218,50;782875,00;15
WDOV26;21/08/2026;09:45:00;5217,50;5218,00;5217,50;5218,00;104355,00;2
WDOV26;21/08/2026;09:44:00;5219,50;5219,50;5217,00;5217,00;469650,00;9
WDOV26;21/08/2026;09:43:00;5220,00;5220,00;5219,50;5219,50;156590,00;3
WDOV26;21/08/2026;09:42:00;5221,00;5221,00;5221,00;5221,00;104420,00;2
WDOV26;21/08/2026;09:41:00;5221,50;5221,50;5221,00;5221,00;156640,00;3
WDOV26;21/08/2026;09:40:00;5225,50;5225,50;5225,50;5225,50;52255,00;1
WDOV26;21/08/2026;09:39:00;5226,00;5226,00;5226,00;5226,00;52260,00;1
WDOV26;21/08/2026;09:38:00;5225,50;5226,00;5225,50;5226,00;261295,00;5
WDOV26;21/08/2026;09:36:00;5225,50;5226,00;5224,50;5224,50;627085,00;12
WDOV26;21/08/2026;09:35:00;5223,50;5225,00;5223,50;5225,00;522420,00;10
WDOV26;21/08/2026;09:34:00;5221,50;5221,50;5221,50;5221,50;52215,00;1
WDOV26;21/08/2026;09:33:00;5223,50;5223,50;5221,50;5222,50;522275,00;10
WDOV26;21/08/2026;09:32:00;5224,50;5225,50;5224,50;5225,50;156745,00;3
WDOV26;21/08/2026;09:31:00;5224,50;5225,00;5223,50;5225,00;522440,00;10
WDOV26;21/08/2026;09:30:00;5221,50;5225,00;5221,50;5224,50;731310,00;14
WDOV26;21/08/2026;09:29:00;5219,00;5219,50;5219,00;5219,50;208770,00;4
WDOV26;21/08/2026;09:28:00;5219,00;5219,00;5219,00;5219,00;104380,00;2
WDOV26;21/08/2026;09:27:00;5221,00;5221,00;5220,50;5220,50;104415,00;2
WDOV26;21/08/2026;09:26:00;5221,00;5221,00;5220,00;5221,00;417670,00;8
WDOV26;21/08/2026;09:24:00;5220,50;5221,00;5219,00;5221,00;1409525,00;27
WDOV26;21/08/2026;09:23:00;5223,00;5223,00;5223,00;5223,00;52230,00;1
WDOV26;21/08/2026;09:19:00;5223,00;5223,00;5223,00;5223,00;626760,00;12
WDOV26;21/08/2026;09:16:00;5223,00;5223,00;5223,00;5223,00;313380,00;6
WDOV26;21/08/2026;09:15:00;5222,50;5222,50;5222,50;5222,50;104450,00;2
WDOV26;21/08/2026;09:14:00;5220,00;5220,00;5220,00;5220,00;52200,00;1
WDOV26;21/08/2026;09:13:00;5219,50;5219,50;5219,50;5219,50;52195,00;1
WDOV26;21/08/2026;09:12:00;5219,00;5219,00;5219,00;5219,00;52190,00;1
WDOV26;21/08/2026;09:11:00;5219,00;5219,00;5219,00;5219,00;52190,00;1
WDOV26;21/08/2026;09:10:00;5219,00;5219,00;5217,50;5217,50;260920,00;5
WDOV26;21/08/2026;09:09:00;5219,00;5219,00;5219,00;5219,00;52190,00;1
WDOV26;21/08/2026;09:08:00;5218,50;5218,50;5217,00;5217,00;208710,00;4
WDOV26;21/08/2026;09:07:00;5217,00;5219,00;5217,00;5219,00;730505,00;14
WDOV26;21/08/2026;09:06:00;5216,50;5218,00;5215,00;5218,00;782430,00;15
WDOV26;21/08/2026;09:05:00;5217,00;5217,00;5216,50;5217,00;208675,00;4
WDOV26;21/08/2026;09:04:00;5217,00;5218,50;5217,00;5218,50;365215,00;7
WDOV26;21/08/2026;09:03:00;5216,50;5217,00;5216,50;5217,00;104335,00;2
WDOV26;21/08/2026;09:02:00;5212,00;5214,50;5212,00;5213,50;677705,00;13
WDOV26;21/08/2026;09:01:00;5216,50;5217,50;5211,00;5212,00;2085380,00;40
WDOV26;21/08/2026;09:00:00;5222,50;5222,50;5211,50;5217,00;2556100,00;49
WDOV26;20/08/2026;18:29:00;5242,50;5244,00;5242,50;5242,50;262140,00;5
WDOV26;20/08/2026;18:28:00;5241,50;5241,50;5241,50;5241,50;104830,00;2
WDOV26;20/08/2026;18:27:00;5241,50;5241,50;5241,50;5241,50;52415,00;1
WDOV26;20/08/2026;18:26:00;5241,50;5241,50;5241,50;5241,50;52415,00;1
WDOV26;20/08/2026;18:19:00;5242,00;5242,00;5242,00;5242,00;157260,00;3
WDOV26;20/08/2026;18:18:00;5241,00;5242,00;5241,00;5242,00;157250,00;3
WDOV26;20/08/2026;18:17:00;5241,00;5241,00;5241,00;5241,00;104820,00;2
WDOV26;20/08/2026;18:14:00;5241,50;5242,00;5241,50;5242,00;262085,00;5
WDOV26;20/08/2026;18:08:00;5241,50;5241,50;5241,50;5241,50;52415,00;1
WDOV26;20/08/2026;18:06:00;5243,50;5243,50;5243,00;5243,00;209735,00;4
WDOV26;20/08/2026;18:02:00;5244,50;5244,50;5244,50;5244,50;52445,00;1
WDOV26;20/08/2026;18:01:00;5244,50;5244,50;5244,50;5244,50;262225,00;5
WDOV26;20/08/2026;18:00:00;5245,00;5245,00;5245,00;5245,00;157350,00;3
WDOV26;20/08/2026;17:59:00;5244,50;5244,50;5244,50;5244,50;157335,00;3
WDOV26;20/08/2026;17:58:00;5245,50;5245,50;5245,00;5245,00;209810,00;4
WDOV26;20/08/2026;17:57:00;5247,00;5247,00;5246,00;5246,00;262330,00;5
WDOV26;20/08/2026;17:50:00;5244,00;5247,00;5244,00;5247,00;629450,00;12
WDOV26;20/08/2026;17:49:00;5243,00;5243,00;5243,00;5243,00;52430,00;1
WDOV26;20/08/2026;17:45:00;5243,00;5243,00;5243,00;5243,00;52430,00;1
WDOV26;20/08/2026;17:36:00;5242,50;5242,50;5242,50;5242,50;157275,00;3
WDOV26;20/08/2026;17:35:00;5243,00;5243,00;5243,00;5243,00;419440,00;8
WDOV26;20/08/2026;17:31:00;5242,50;5242,50;5242,50;5242,50;314550,00;6
WDOV26;20/08/2026;17:29:00;5242,00;5242,00;5242,00;5242,00;262100,00;5
WDOV26;20/08/2026;17:28:00;5243,00;5243,00;5243,00;5243,00;157290,00;3
WDOV26;20/08/2026;17:27:00;5243,00;5243,00;5243,00;5243,00;52430,00;1
WDOV26;20/08/2026;17:13:00;5240,50;5240,50;5240,50;5240,50;104810,00;2
WDOV26;20/08/2026;17:11:00;5241,00;5241,00;5241,00;5241,00;104820,00;2
WDOV26;20/08/2026;17:10:00;5241,00;5241,00;5240,00;5240,00;524020,00;10
WDOV26;20/08/2026;17:04:00;5240,00;5240,00;5240,00;5240,00;104800,00;2
WDOV26;20/08/2026;17:01:00;5241,00;5241,00;5241,00;5241,00;52410,00;1
WDOV26;20/08/2026;17:00:00;5240,50;5240,50;5240,50;5240,50;104810,00;2
WDOV26;20/08/2026;16:59:00;5241,00;5241,00;5241,00;5241,00;52410,00;1
WDOV26;20/08/2026;16:53:00;5241,00;5241,50;5240,50;5241,50;471660,00;9
WDOV26;20/08/2026;16:52:00;5241,00;5241,00;5241,00;5241,00;52410,00;1
WDOV26;20/08/2026;16:48:00;5243,00;5243,00;5243,00;5243,00;52430,00;1
WDOV26;20/08/2026;16:26:00;5240,50;5240,50;5240,50;5240,50;104810,00;2
WDOV26;20/08/2026;16:23:00;5240,50;5240,50;5240,50;5240,50;104810,00;2
WDOV26;20/08/2026;16:22:00;5241,00;5241,00;5241,00;5241,00;52410,00;1
WDOV26;20/08/2026;16:20:00;5240,50;5240,50;5240,50;5240,50;52405,00;1
WDOV26;20/08/2026;16:15:00;5240,50;5240,50;5240,50;5240,50;157215,00;3
WDOV26;20/08/2026;16:12:00;5240,50;5240,50;5240,50;5240,50;52405,00;1
WDOV26;20/08/2026;16:11:00;5241,00;5241,00;5241,00;5241,00;104820,00;2
WDOV26;20/08/2026;16:09:00;5241,50;5241,50;5241,00;5241,00;209650,00;4
WDOV26;20/08/2026;16:08:00;5241,50;5241,50;5241,50;5241,50;157245,00;3
WDOV26;20/08/2026;16:07:00;5241,50;5241,50;5241,50;5241,50;891055,00;17
WDOV26;20/08/2026;16:00:00;5241,50;5241,50;5241,50;5241,50;52415,00;1
WDOV26;20/08/2026;15:58:00;5239,50;5239,50;5239,50;5239,50;52395,00;1
WDOV26;20/08/2026;15:57:00;5239,00;5239,00;5239,00;5239,00;52390,00;1
WDOV26;20/08/2026;15:54:00;5240,00;5240,00;5240,00;5240,00;1048000,00;20
WDOV26;20/08/2026;15:38:00;5240,50;5240,50;5240,50;5240,50;52405,00;1
WDOV26;20/08/2026;15:30:00;5241,50;5242,00;5241,50;5241,50;1310380,00;25
WDOV26;20/08/2026;15:28:00;5240,50;5240,50;5240,50;5240,50;52405,00;1
WDOV26;20/08/2026;15:27:00;5240,50;5240,50;5240,50;5240,50;52405,00;1
WDOV26;20/08/2026;15:19:00;5240,00;5240,00;5240,00;5240,00;104800,00;2
WDOV26;20/08/2026;15:16:00;5240,50;5240,50;5240,50;5240,50;104810,00;2
WDOV26;20/08/2026;15:14:00;5240,50;5240,50;5240,50;5240,50;104810,00;2
WDOV26;20/08/2026;15:12:00;5240,00;5240,00;5240,00;5240,00;52400,00;1
WDOV26;20/08/2026;15:03:00;5238,50;5238,50;5238,50;5238,50;419080,00;8
WDOV26;20/08/2026;15:00:00;5239,00;5239,00;5239,00;5239,00;52390,00;1
WDOV26;20/08/2026;14:59:00;5239,00;5239,00;5238,50;5238,50;209550,00;4
WDOV26;20/08/2026;14:58:00;5239,00;5239,00;5238,50;5238,50;209550,00;4
WDOV26;20/08/2026;14:57:00;5238,50;5238,50;5238,50;5238,50;104770,00;2
WDOV26;20/08/2026;14:37:00;5239,00;5239,00;5239,00;5239,00;157170,00;3
WDOV26;20/08/2026;14:32:00;5236,00;5236,00;5236,00;5236,00;157080,00;3
WDOV26;20/08/2026;14:30:00;5237,50;5237,50;5237,00;5237,00;209490,00;4
WDOV26;20/08/2026;14:28:00;5238,00;5238,00;5238,00;5238,00;104760,00;2
WDOV26;20/08/2026;14:27:00;5238,00;5238,00;5238,00;5238,00;52380,00;1
WDOV26;20/08/2026;14:25:00;5239,00;5239,00;5239,00;5239,00;52390,00;1
WDOV26;20/08/2026;14:23:00;5239,50;5239,50;5239,50;5239,50;52395,00;1
WDOV26;20/08/2026;14:21:00;5239,00;5239,00;5238,00;5238,00;314310,00;6
WDOV26;20/08/2026;14:19:00;5240,00;5240,00;5240,00;5240,00;52400,00;1
WDOV26;20/08/2026;14:16:00;5239,00;5239,00;5239,00;5239,00;52390,00;1
WDOV26;20/08/2026;14:15:00;5239,00;5239,00;5239,00;5239,00;52390,00;1
WDOV26;20/08/2026;14:13:00;5239,00;5239,00;5239,00;5239,00;261950,00;5
WDOV26;20/08/2026;14:00:00;5239,00;5239,00;5239,00;5239,00;157170,00;3
WDOV26;20/08/2026;13:59:00;5237,00;5238,00;5237,00;5238,00;157120,00;3
WDOV26;20/08/2026;13:56:00;5238,00;5238,00;5238,00;5238,00;52380,00;1
WDOV26;20/08/2026;13:55:00;5237,50;5237,50;5237,50;5237,50;52375,00;1
WDOV26;20/08/2026;13:48:00;5237,00;5237,00;5237,00;5237,00;52370,00;1
WDOV26;20/08/2026;13:35:00;5235,00;5235,50;5235,00;5235,50;104705,00;2
WDOV26;20/08/2026;13:32:00;5236,00;5236,00;5236,00;5236,00;104720,00;2
WDOV26;20/08/2026;13:27:00;5235,00;5236,00;5235,00;5236,00;157060,00;3
WDOV26;20/08/2026;13:26:00;5235,00;5235,00;5235,00;5235,00;52350,00;1
WDOV26;20/08/2026;13:25:00;5234,00;5234,00;5234,00;5234,00;52340,00;1
WDOV26;20/08/2026;13:10:00;5233,00;5233,00;5233,00;5233,00;209320,00;4
WDOV26;20/08/2026;13:09:00;5233,00;5233,00;5233,00;5233,00;313980,00;6
WDOV26;20/08/2026;13:07:00;5233,00;5233,00;5233,00;5233,00;52330,00;1
WDOV26;20/08/2026;13:05:00;5233,50;5233,50;5233,50;5233,50;52335,00;1
WDOV26;20/08/2026;13:03:00;5232,00;5232,00;5232,00;5232,00;52320,00;1
WDOV26;20/08/2026;13:01:00;5231,50;5231,50;5231,00;5231,00;104625,00;2
WDOV26;20/08/2026;13:00:00;5231,50;5233,00;5231,50;5233,00;575570,00;11
WDOV26;20/08/2026;12:59:00;5231,00;5232,00;5231,00;5231,50;366200,00;7
WDOV26;20/08/2026;12:57:00;5231,50;5231,50;5231,50;5231,50;52315,00;1
WDOV26;20/08/2026;12:55:00;5232,00;5232,00;5232,00;5232,00;52320,00;1
WDOV26;20/08/2026;12:54:00;5233,00;5233,00;5233,00;5233,00;52330,00;1
WDOV26;20/08/2026;12:50:00;5233,50;5233,50;5233,00;5233,00;209330,00;4
WDOV26;20/08/2026;12:49:00;5235,00;5235,00;5235,00;5235,00;209400,00;4
WDOV26;20/08/2026;12:48:00;5235,00;5235,00;5235,00;5235,00;104700,00;2
WDOV26;20/08/2026;12:46:00;5237,50;5237,50;5237,50;5237,50;209500,00;4
WDOV26;20/08/2026;12:44:00;5238,00;5238,00;5237,50;5237,50;261885,00;5
WDOV26;20/08/2026;12:42:00;5237,00;5237,00;5237,00;5237,00;104740,00;2
WDOV26;20/08/2026;12:41:00;5236,00;5236,00;5236,00;5236,00;157080,00;3
WDOV26;20/08/2026;12:40:00;5236,50;5236,50;5236,50;5236,50;104730,00;2
WDOV26;20/08/2026;12:39:00;5237,00;5237,00;5236,50;5237,00;157105,00;3
WDOV26;20/08/2026;12:38:00;5235,50;5235,50;5235,50;5235,50;52355,00;1
WDOV26;20/08/2026;12:37:00;5236,00;5236,00;5235,00;5235,00;157060,00;3
WDOV26;20/08/2026;12:36:00;5236,50;5236,50;5236,50;5236,50;52365,00;1
WDOV26;20/08/2026;12:34:00;5236,00;5236,00;5236,00;5236,00;52360,00;1
WDOV26;20/08/2026;12:33:00;5235,00;5235,00;5235,00;5235,00;52350,00;1
WDOV26;20/08/2026;12:29:00;5231,00;5231,00;5231,00;5231,00;52310,00;1
WDOV26;20/08/2026;12:24:00;5233,50;5233,50;5233,50;5233,50;104670,00;2
WDOV26;20/08/2026;12:23:00;5233,50;5233,50;5233,50;5233,50;52335,00;1
WDOV26;20/08/2026;12:19:00;5230,50;5230,50;5230,50;5230,50;52305,00;1
WDOV26;20/08/2026;12:17:00;5230,00;5230,00;5230,00;5230,00;52300,00;1
WDOV26;20/08/2026;12:15:00;5231,00;5231,00;5231,00;5231,00;104620,00;2
WDOV26;20/08/2026;12:13:00;5232,00;5232,00;5232,00;5232,00;104640,00;2
WDOV26;20/08/2026;12:08:00;5233,50;5235,00;5233,50;5235,00;837570,00;16
WDOV26;20/08/2026;12:06:00;5232,00;5233,50;5232,00;5232,00;2093005,00;40
WDOV26;20/08/2026;12:05:00;5230,00;5231,00;5228,50;5231,00;1673450,00;32
WDOV26;20/08/2026;12:04:00;5227,50;5230,50;5226,50;5230,00;365990,00;7
WDOV26;20/08/2026;12:03:00;5234,50;5234,50;5226,00;5226,00;627440,00;12
WDOV26;20/08/2026;12:02:00;5232,00;5234,00;5231,00;5234,00;837015,00;16
WDOV26;20/08/2026;12:01:00;5236,50;5236,50;5231,00;5234,50;2145675,00;41
WDOV26;20/08/2026;11:57:00;5236,50;5236,50;5236,50;5236,50;314190,00;6
WDOV26;20/08/2026;11:55:00;5236,50;5236,50;5236,50;5236,50;52365,00;1
WDOV26;20/08/2026;11:54:00;5236,00;5236,00;5236,00;5236,00;52360,00;1
WDOV26;20/08/2026;11:53:00;5237,00;5237,00;5237,00;5237,00;52370,00;1
WDOV26;20/08/2026;11:52:00;5237,00;5237,00;5237,00;5237,00;209480,00;4
WDOV26;20/08/2026;11:51:00;5236,50;5236,50;5236,50;5236,50;52365,00;1
WDOV26;20/08/2026;11:50:00;5238,00;5238,00;5238,00;5238,00;52380,00;1
WDOV26;20/08/2026;11:49:00;5239,50;5239,50;5239,50;5239,50;52395,00;1
WDOV26;20/08/2026;11:47:00;5238,50;5238,50;5238,50;5238,50;104770,00;2
WDOV26;20/08/2026;11:46:00;5237,50;5237,50;5237,50;5237,50;52375,00;1
WDOV26;20/08/2026;11:45:00;5237,50;5238,50;5237,50;5238,50;157145,00;3
WDOV26;20/08/2026;11:43:00;5239,50;5239,50;5239,50;5239,50;209580,00;4
WDOV26;20/08/2026;11:42:00;5239,50;5239,50;5239,00;5239,00;157180,00;3
WDOV26;20/08/2026;11:41:00;5239,00;5239,00;5237,50;5237,50;314295,00;6
WDOV26;20/08/2026;11:39:00;5241,50;5241,50;5239,50;5239,50;419260,00;8
WDOV26;20/08/2026;11:37:00;5240,50;5240,50;5240,00;5240,00;104805,00;2
WDOV26;20/08/2026;11:36:00;5241,50;5241,50;5241,50;5241,50;52415,00;1
WDOV26;20/08/2026;11:35:00;5242,00;5242,00;5242,00;5242,00;104840,00;2
WDOV26;20/08/2026;11:33:00;5243,00;5243,00;5243,00;5243,00;52430,00;1
WDOV26;20/08/2026;11:32:00;5244,50;5244,50;5243,50;5243,50;262195,00;5
WDOV26;20/08/2026;11:28:00;5249,00;5249,00;5248,50;5248,50;367400,00;7
WDOV26;20/08/2026;11:25:00;5248,50;5248,50;5246,00;5246,00;104945,00;2
WDOV26;20/08/2026;11:23:00;5245,50;5246,00;5245,50;5246,00;209825,00;4
WDOV26;20/08/2026;11:22:00;5244,50;5244,50;5244,50;5244,50;262225,00;5
WDOV26;20/08/2026;11:21:00;5245,00;5245,00;5244,00;5244,00;157330,00;3
WDOV26;20/08/2026;11:20:00;5248,50;5248,50;5247,50;5247,50;104960,00;2
WDOV26;20/08/2026;11:18:00;5246,00;5246,00;5246,00;5246,00;104920,00;2
WDOV26;20/08/2026;11:17:00;5246,50;5246,50;5246,50;5246,50;52465,00;1
WDOV26;20/08/2026;11:16:00;5245,00;5246,00;5245,00;5246,00;419640,00;8
WDOV26;20/08/2026;11:15:00;5244,50;5244,50;5244,50;5244,50;52445,00;1
WDOV26;20/08/2026;11:13:00;5242,00;5242,00;5242,00;5242,00;209680,00;4
WDOV26;20/08/2026;11:11:00;5241,00;5241,00;5241,00;5241,00;104820,00;2
WDOV26;20/08/2026;11:10:00;5242,50;5242,50;5242,50;5242,50;52425,00;1
WDOV26;20/08/2026;11:09:00;5243,50;5243,50;5243,50;5243,50;52435,00;1
WDOV26;20/08/2026;11:08:00;5242,50;5242,50;5242,50;5242,50;104850,00;2
WDOV26;20/08/2026;11:07:00;5242,00;5242,00;5242,00;5242,00;52420,00;1
WDOV26;20/08/2026;11:06:00;5241,50;5241,50;5241,50;5241,50;52415,00;1
WDOV26;20/08/2026;11:04:00;5240,50;5241,50;5240,50;5241,00;209645,00;4
WDOV26;20/08/2026;11:03:00;5242,00;5242,00;5240,50;5240,50;314495,00;6
WDOV26;20/08/2026;11:00:00;5240,50;5240,50;5240,50;5240,50;52405,00;1
WDOV26;20/08/2026;10:58:00;5238,50;5238,50;5238,50;5238,50;52385,00;1
WDOV26;20/08/2026;10:57:00;5237,50;5237,50;5237,50;5237,50;52375,00;1
WDOV26;20/08/2026;10:56:00;5237,00;5237,00;5236,50;5236,50;314195,00;6
WDOV26;20/08/2026;10:55:00;5236,00;5236,00;5235,50;5236,00;837725,00;16
WDOV26;20/08/2026;10:54:00;5237,50;5237,50;5236,00;5236,00;314235,00;6
WDOV26;20/08/2026;10:51:00;5235,00;5235,00;5235,00;5235,00;52350,00;1
WDOV26;20/08/2026;10:47:00;5239,50;5239,50;5239,50;5239,50;52395,00;1
WDOV26;20/08/2026;10:45:00;5241,00;5241,50;5241,00;5241,00;157235,00;3
WDOV26;20/08/2026;10:43:00;5241,00;5241,00;5239,50;5239,50;366810,00;7
WDOV26;20/08/2026;10:40:00;5239,50;5239,50;5239,00;5239,00;157175,00;3
WDOV26;20/08/2026;10:39:00;5238,50;5238,50;5238,50;5238,50;52385,00;1
WDOV26;20/08/2026;10:38:00;5239,00;5239,00;5238,50;5238,50;104775,00;2
WDOV26;20/08/2026;10:37:00;5241,00;5241,00;5239,50;5239,50;104805,00;2
WDOV26;20/08/2026;10:36:00;5238,00;5240,50;5237,50;5240,50;314315,00;6
WDOV26;20/08/2026;10:35:00;5238,00;5238,00;5235,00;5235,00;1623175,00;31
WDOV26;20/08/2026;10:34:00;5238,50;5238,50;5237,50;5238,50;523825,00;10
WDOV26;20/08/2026;10:32:00;5237,50;5239,00;5237,50;5238,50;209525,00;4
WDOV26;20/08/2026;10:30:00;5238,00;5238,00;5237,50;5237,50;104755,00;2
WDOV26;20/08/2026;10:28:00;5241,50;5242,00;5241,50;5242,00;314495,00;6
WDOV26;20/08/2026;10:26:00;5243,50;5243,50;5243,50;5243,50;419480,00;8
WDOV26;20/08/2026;10:25:00;5242,00;5242,50;5242,00;5242,50;209690,00;4
WDOV26;20/08/2026;10:24:00;5242,50;5244,00;5242,50;5242,50;1048655,00;20
WDOV26;20/08/2026;10:23:00;5240,00;5242,00;5240,00;5242,00;1310185,00;25
WDOV26;20/08/2026;10:22:00;5239,00;5239,00;5239,00;5239,00;209560,00;4
WDOV26;20/08/2026;10:21:00;5236,50;5237,00;5236,50;5237,00;209470,00;4
WDOV26;20/08/2026;10:19:00;5236,50;5236,50;5236,50;5236,50;157095,00;3
WDOV26;20/08/2026;10:18:00;5236,50;5236,50;5236,50;5236,50;52365,00;1
WDOV26;20/08/2026;10:17:00;5235,50;5236,50;5235,50;5236,50;157085,00;3
WDOV26;20/08/2026;10:16:00;5235,50;5235,50;5235,00;5235,50;261770,00;5
WDOV26;20/08/2026;10:15:00;5235,00;5235,50;5235,00;5235,50;314120,00;6
WDOV26;20/08/2026;10:14:00;5234,50;5234,50;5234,50;5234,50;5286845,00;101
WDOV26;20/08/2026;10:12:00;5233,50;5233,50;5233,50;5233,50;104670,00;2
WDOV26;20/08/2026;10:11:00;5234,50;5234,50;5234,50;5234,50;52345,00;1
WDOV26;20/08/2026;10:10:00;5234,50;5234,50;5233,50;5233,50;209360,00;4
WDOV26;20/08/2026;10:08:00;5232,00;5234,50;5232,00;5234,50;366325,00;7
WDOV26;20/08/2026;10:07:00;5231,50;5232,50;5231,50;5232,50;156960,00;3
WDOV26;20/08/2026;10:06:00;5231,50;5232,00;5231,50;5231,50;261585,00;5
WDOV26;20/08/2026;10:05:00;5230,50;5231,00;5230,50;5231,00;261545,00;5
WDOV26;20/08/2026;10:04:00;5230,50;5231,00;5230,50;5231,00;261545,00;5
WDOV26;20/08/2026;10:03:00;5227,50;5230,00;5227,50;5230,00;313730,00;6
WDOV26;20/08/2026;10:02:00;5227,50;5227,50;5226,50;5226,50;156810,00;3
WDOV26;20/08/2026;10:01:00;5228,00;5228,00;5227,50;5227,50;575045,00;11
WDOV26;20/08/2026;10:00:00;5228,50;5228,50;5228,00;5228,00;104565,00;2
WDOV26;20/08/2026;09:59:00;5229,50;5231,00;5229,50;5231,00;522980,00;10
WDOV26;20/08/2026;09:58:00;5229,00;5229,00;5229,00;5229,00;261450,00;5
WDOV26;20/08/2026;09:57:00;5230,00;5230,00;5230,00;5230,00;52300,00;1
WDOV26;20/08/2026;09:56:00;5230,00;5230,50;5229,50;5229,50;313795,00;6
WDOV26;20/08/2026;09:55:00;5230,50;5230,50;5230,00;5230,00;209210,00;4
WDOV26;20/08/2026;09:52:00;5230,00;5230,50;5229,50;5230,50;627595,00;12
WDOV26;20/08/2026;09:51:00;5231,00;5231,00;5231,00;5231,00;209240,00;4
WDOV26;20/08/2026;09:50:00;5231,50;5232,00;5231,50;5232,00;261590,00;5
WDOV26;20/08/2026;09:49:00;5233,00;5233,50;5232,50;5232,50;261645,00;5
WDOV26;20/08/2026;09:48:00;5232,00;5232,00;5232,00;5232,00;156960,00;3
WDOV26;20/08/2026;09:47:00;5232,50;5233,50;5232,50;5233,50;418640,00;8
WDOV26;20/08/2026;09:46:00;5234,50;5234,50;5233,00;5233,00;732700,00;14
WDOV26;20/08/2026;09:45:00;5235,00;5235,00;5235,00;5235,00;52350,00;1
WDOV26;20/08/2026;09:44:00;5236,50;5236,50;5235,50;5235,50;837760,00;16
WDOV26;20/08/2026;09:40:00;5236,00;5237,00;5236,00;5237,00;628380,00;12
WDOV26;20/08/2026;09:39:00;5236,00;5236,00;5236,00;5236,00;209440,00;4
WDOV26;20/08/2026;09:38:00;5237,00;5237,00;5237,00;5237,00;104740,00;2
WDOV26;20/08/2026;09:37:00;5238,50;5239,50;5238,50;5238,50;1990710,00;38
WDOV26;20/08/2026;09:36:00;5241,00;5241,00;5239,00;5239,00;838495,00;16
WDOV26;20/08/2026;09:35:00;5240,00;5240,00;5239,50;5240,00;366795,00;7
WDOV26;20/08/2026;09:34:00;5239,00;5240,00;5239,00;5240,00;209590,00;4
WDOV26;20/08/2026;09:33:00;5238,50;5240,00;5238,50;5239,50;576295,00;11
WDOV26;20/08/2026;09:32:00;5237,50;5237,50;5237,50;5237,50;104750,00;2
WDOV26;20/08/2026;09:31:00;5236,00;5236,00;5236,00;5236,00;52360,00;1
WDOV26;20/08/2026;09:30:00;5235,50;5236,00;5235,50;5236,00;157075,00;3
WDOV26;20/08/2026;09:28:00;5235,50;5235,50;5235,50;5235,50;104710,00;2
WDOV26;20/08/2026;09:25:00;5234,00;5234,50;5234,00;5234,50;523440,00;10
WDOV26;20/08/2026;09:24:00;5235,00;5235,00;5234,00;5234,00;314060,00;6
WDOV26;20/08/2026;09:23:00;5235,50;5235,50;5233,50;5233,50;1884410,00;36
WDOV26;20/08/2026;09:22:00;5237,00;5237,50;5237,00;5237,50;314240,00;6
WDOV26;20/08/2026;09:20:00;5238,00;5238,00;5236,00;5237,50;890360,00;17
WDOV26;20/08/2026;09:19:00;5240,00;5240,00;5240,00;5240,00;52400,00;1
WDOV26;20/08/2026;09:18:00;5237,50;5239,50;5237,50;5239,50;366715,00;7
WDOV26;20/08/2026;09:17:00;5240,00;5240,00;5240,00;5240,00;52400,00;1
WDOV26;20/08/2026;09:16:00;5240,00;5240,50;5240,00;5240,50;157210,00;3
WDOV26;20/08/2026;09:15:00;5238,50;5239,00;5238,50;5239,00;157160,00;3
WDOV26;20/08/2026;09:13:00;5240,00;5240,00;5238,00;5238,00;157160,00;3
WDOV26;20/08/2026;09:12:00;5240,00;5240,00;5240,00;5240,00;314400,00;6
WDOV26;20/08/2026;09:11:00;5240,50;5241,00;5240,00;5240,00;209620,00;4
WDOV26;20/08/2026;09:10:00;5240,50;5241,00;5240,50;5240,50;576460,00;11
WDOV26;20/08/2026;09:09:00;5242,50;5242,50;5241,50;5241,50;314530,00;6
WDOV26;20/08/2026;09:08:00;5240,50;5240,50;5240,50;5240,50;104810,00;2
WDOV26;20/08/2026;09:07:00;5241,00;5241,00;5239,00;5239,00;209610,00;4
WDOV26;20/08/2026;09:06:00;5240,00;5242,00;5240,00;5241,50;681410,00;13
WDOV26;20/08/2026;09:05:00;5238,50;5241,00;5238,00;5241,00;366760,00;7
WDOV26;20/08/2026;09:04:00;5240,00;5240,00;5238,00;5238,00;576335,00;11
WDOV26;20/08/2026;09:03:00;5238,00;5242,00;5238,00;5239,50;1152770,00;22
WDOV26;20/08/2026;09:02:00;5236,50;5239,00;5236,50;5239,00;261850,00;5
WDOV26;20/08/2026;09:01:00;5236,50;5238,00;5236,50;5238,00;523670,00;10
WDOV26;20/08/2026;09:00:00;5227,00;5235,50;5227,00;5235,50;523105,00;10
WDOV26;19/08/2026;18:29:00;5224,50;5224,50;5224,00;5224,00;104485,00;2
WDOV26;19/08/2026;18:27:00;5227,00;5227,00;5227,00;5227,00;156810,00;3
WDOV26;19/08/2026;18:25:00;5227,50;5227,50;5227,00;5227,00;104545,00;2
WDOV26;19/08/2026;18:24:00;5227,00;5227,00;5227,00;5227,00;104540,00;2
WDOV26;19/08/2026;18:23:00;5226,50;5226,50;5226,50;5226,50;52265,00;1
WDOV26;19/08/2026;18:20:00;5225,50;5226,50;5225,50;5226,50;261310,00;5
WDOV26;19/08/2026;18:19:00;5225,50;5226,00;5225,50;5226,00;104515,00;2
WDOV26;19/08/2026;18:14:00;5224,50;5224,50;5224,50;5224,50;52245,00;1
WDOV26;19/08/2026;18:12:00;5225,00;5225,00;5225,00;5225,00;522500,00;10
WDOV26;19/08/2026;17:59:00;5224,00;5224,00;5223,00;5223,00;1201445,00;23
WDOV26;19/08/2026;17:58:00;5224,50;5224,50;5224,50;5224,50;104490,00;2
WDOV26;19/08/2026;17:57:00;5225,00;5225,00;5225,00;5225,00;52250,00;1
WDOV26;19/08/2026;17:56:00;5225,00;5225,00;5225,00;5225,00;731500,00;14
WDOV26;19/08/2026;17:55:00;5225,00;5225,00;5224,50;5224,50;783730,00;15
WDOV26;19/08/2026;17:54:00;5225,00;5225,00;5225,00;5225,00;522500,00;10
WDOV26;19/08/2026;17:50:00;5225,50;5226,00;5225,50;5226,00;470305,00;9
WDOV26;19/08/2026;17:47:00;5227,00;5227,00;5227,00;5227,00;52270,00;1
WDOV26;19/08/2026;17:43:00;5227,00;5227,00;5227,00;5227,00;52270,00;1
WDOV26;19/08/2026;17:42:00;5226,00;5226,00;5226,00;5226,00;470340,00;9
WDOV26;19/08/2026;17:35:00;5226,50;5226,50;5226,50;5226,50;52265,00;1
WDOV26;19/08/2026;17:34:00;5226,00;5226,00;5226,00;5226,00;52260,00;1
WDOV26;19/08/2026;17:31:00;5226,00;5226,00;5226,00;5226,00;261300,00;5
WDOV26;19/08/2026;17:30:00;5226,50;5226,50;5226,50;5226,50;52265,00;1
WDOV26;19/08/2026;17:29:00;5227,00;5227,00;5227,00;5227,00;52270,00;1
WDOV26;19/08/2026;17:26:00;5228,00;5228,00;5228,00;5228,00;52280,00;1
WDOV26;19/08/2026;17:23:00;5228,50;5228,50;5228,50;5228,50;52285,00;1
WDOV26;19/08/2026;17:22:00;5228,50;5228,50;5228,50;5228,50;209140,00;4
WDOV26;19/08/2026;17:19:00;5228,50;5228,50;5228,00;5228,00;261405,00;5
WDOV26;19/08/2026;17:17:00;5228,00;5229,00;5228,00;5229,00;104570,00;2
WDOV26;19/08/2026;17:16:00;5229,50;5229,50;5228,50;5228,50;209160,00;4
WDOV26;19/08/2026;17:15:00;5228,50;5230,00;5228,50;5230,00;1307440,00;25
WDOV26;19/08/2026;17:12:00;5227,00;5227,00;5227,00;5227,00;52270,00;1
WDOV26;19/08/2026;17:05:00;5227,00;5227,00;5227,00;5227,00;470430,00;9
WDOV26;19/08/2026;17:04:00;5226,50;5228,00;5226,50;5227,00;313615,00;6
WDOV26;19/08/2026;17:03:00;5226,50;5226,50;5226,50;5226,50;52265,00;1
WDOV26;19/08/2026;17:00:00;5224,50;5224,50;5224,00;5224,00;104485,00;2
WDOV26;19/08/2026;16:59:00;5224,50;5226,00;5224,50;5226,00;1045125,00;20
WDOV26;19/08/2026;16:57:00;5224,00;5224,00;5224,00;5224,00;208960,00;4
WDOV26;19/08/2026;16:54:00;5223,50;5223,50;5223,50;5223,50;104470,00;2
WDOV26;19/08/2026;16:53:00;5224,00;5224,00;5224,00;5224,00;417920,00;8
WDOV26;19/08/2026;16:52:00;5223,50;5223,50;5223,50;5223,50;156705,00;3
WDOV26;19/08/2026;16:51:00;5223,00;5223,00;5223,00;5223,00;52230,00;1
WDOV26;19/08/2026;16:50:00;5222,50;5223,00;5222,50;5223,00;261135,00;5
WDOV26;19/08/2026;16:49:00;5223,00;5223,00;5222,50;5222,50;104455,00;2
WDOV26;19/08/2026;16:47:00;5222,50;5222,50;5222,50;5222,50;104450,00;2
WDOV26;19/08/2026;16:45:00;5222,00;5222,00;5222,00;5222,00;52220,00;1
WDOV26;19/08/2026;16:44:00;5222,00;5222,00;5222,00;5222,00;52220,00;1
WDOV26;19/08/2026;16:43:00;5221,50;5221,50;5221,50;5221,50;52215,00;1
WDOV26;19/08/2026;16:42:00;5221,00;5221,00;5221,00;5221,00;208840,00;4
WDOV26;19/08/2026;16:40:00;5219,50;5220,00;5219,50;5220,00;156590,00;3
WDOV26;19/08/2026;16:35:00;5219,00;5219,00;5219,00;5219,00;104380,00;2
WDOV26;19/08/2026;16:16:00;5221,50;5221,50;5221,50;5221,50;104430,00;2
WDOV26;19/08/2026;16:14:00;5221,00;5221,00;5221,00;5221,00;52210,00;1
WDOV26;19/08/2026;16:13:00;5220,50;5220,50;5220,50;5220,50;52205,00;1
WDOV26;19/08/2026;16:09:00;5220,00;5220,00;5220,00;5220,00;52200,00;1
WDOV26;19/08/2026;16:08:00;5220,00;5220,00;5220,00;5220,00;52200,00;1
WDOV26;19/08/2026;16:04:00;5217,50;5221,00;5217,50;5221,00;1669985,00;32
WDOV26;19/08/2026;16:03:00;5217,00;5217,00;5217,00;5217,00;104340,00;2
WDOV26;19/08/2026;16:02:00;5217,50;5217,50;5217,50;5217,50;104350,00;2
WDOV26;19/08/2026;16:00:00;5216,50;5216,50;5216,50;5216,50;104330,00;2
WDOV26;19/08/2026;15:58:00;5216,00;5216,00;5216,00;5216,00;52160,00;1
WDOV26;19/08/2026;15:57:00;5216,50;5217,00;5216,00;5216,00;365170,00;7
WDOV26;19/08/2026;15:56:00;5217,00;5217,00;5217,00;5217,00;52170,00;1
WDOV26;19/08/2026;15:53:00;5217,00;5217,00;5216,50;5216,50;104335,00;2
WDOV26;19/08/2026;15:40:00;5219,00;5219,00;5219,00;5219,00;52190,00;1
WDOV26;19/08/2026;15:38:00;5220,00;5220,00;5220,00;5220,00;52200,00;1
WDOV26;19/08/2026;15:36:00;5220,50;5220,50;5220,50;5220,50;52205,00;1
WDOV26;19/08/2026;15:32:00;5221,00;5221,00;5221,00;5221,00;52210,00;1
WDOV26;19/08/2026;15:29:00;5222,00;5222,00;5222,00;5222,00;522200,00;10
WDOV26;19/08/2026;15:23:00;5220,50;5220,50;5220,50;5220,50;313230,00;6
WDOV26;19/08/2026;15:15:00;5219,00;5219,00;5219,00;5219,00;52190,00;1
WDOV26;19/08/2026;15:14:00;5218,00;5218,00;5218,00;5218,00;52180,00;1
WDOV26;19/08/2026;15:13:00;5217,00;5217,00;5217,00;5217,00;104340,00;2
WDOV26;19/08/2026;15:07:00;5220,50;5220,50;5220,50;5220,50;52205,00;1
WDOV26;19/08/2026;15:01:00;5219,50;5219,50;5218,50;5218,50;156575,00;3
WDOV26;19/08/2026;15:00:00;5222,50;5222,50;5220,50;5220,50;104430,00;2
WDOV26;19/08/2026;14:57:00;5221,00;5221,00;5221,00;5221,00;208840,00;4
WDOV26;19/08/2026;14:54:00;5221,50;5221,50;5221,50;5221,50;52215,00;1
WDOV26;19/08/2026;14:53:00;5222,00;5222,00;5222,00;5222,00;52220,00;1
WDOV26;19/08/2026;14:52:00;5221,50;5221,50;5221,50;5221,50;52215,00;1
WDOV26;19/08/2026;14:49:00;5219,50;5220,50;5219,50;5220,50;104400,00;2
WDOV26;19/08/2026;14:48:00;5220,00;5220,00;5220,00;5220,00;52200,00;1
WDOV26;19/08/2026;14:47:00;5220,00;5220,00;5220,00;5220,00;52200,00;1
WDOV26;19/08/2026;14:46:00;5218,00;5218,00;5218,00;5218,00;52180,00;1
WDOV26;19/08/2026;14:44:00;5218,50;5218,50;5218,50;5218,50;52185,00;1
WDOV26;19/08/2026;14:41:00;5219,50;5219,50;5219,50;5219,50;52195,00;1
WDOV26;19/08/2026;14:39:00;5219,00;5219,00;5218,50;5218,50;104375,00;2
WDOV26;19/08/2026;14:29:00;5220,00;5220,00;5220,00;5220,00;52200,00;1
WDOV26;19/08/2026;14:24:00;5220,50;5220,50;5220,00;5220,00;208815,00;4
WDOV26;19/08/2026;14:21:00;5221,50;5221,50;5221,50;5221,50;52215,00;1
WDOV26;19/08/2026;14:20:00;5221,00;5221,00;5221,00;5221,00;52210,00;1
WDOV26;19/08/2026;14:19:00;5221,00;5221,00;5221,00;5221,00;52210,00;1
WDOV26;19/08/2026;14:18:00;5221,00;5221,00;5221,00;5221,00;52210,00;1
WDOV26;19/08/2026;14:15:00;5220,00;5220,00;5220,00;5220,00;52200,00;1
WDOV26;19/08/2026;14:12:00;5220,50;5220,50;5220,50;5220,50;52205,00;1
WDOV26;19/08/2026;14:11:00;5220,00;5220,00;5220,00;5220,00;156600,00;3
WDOV26;19/08/2026;14:10:00;5218,50;5218,50;5218,50;5218,50;52185,00;1
WDOV26;19/08/2026;14:07:00;5218,00;5218,00;5218,00;5218,00;104360,00;2
WDOV26;19/08/2026;14:04:00;5216,50;5216,50;5216,50;5216,50;52165,00;1
WDOV26;19/08/2026;14:02:00;5215,00;5215,00;5215,00;5215,00;104300,00;2
WDOV26;19/08/2026;14:01:00;5216,00;5216,00;5216,00;5216,00;52160,00;1
WDOV26;19/08/2026;13:54:00;5217,50;5217,50;5217,50;5217,50;52175,00;1
WDOV26;19/08/2026;13:51:00;5217,00;5217,00;5217,00;5217,00;52170,00;1
WDOV26;19/08/2026;13:50:00;5217,00;5217,00;5216,50;5216,50;104335,00;2
WDOV26;19/08/2026;13:44:00;5217,50;5217,50;5217,50;5217,50;365225,00;7
WDOV26;19/08/2026;13:38:00;5218,00;5218,00;5217,00;5217,00;2139145,00;41
WDOV26;19/08/2026;13:36:00;5218,00;5218,00;5218,00;5218,00;104360,00;2
WDOV26;19/08/2026;13:30:00;5218,50;5218,50;5218,50;5218,50;52185,00;1
WDOV26;19/08/2026;13:29:00;5220,00;5220,00;5220,00;5220,00;52200,00;1
WDOV26;19/08/2026;13:26:00;5217,00;5217,00;5217,00;5217,00;52170,00;1
WDOV26;19/08/2026;13:25:00;5217,50;5217,50;5217,50;5217,50;52175,00;1
WDOV26;19/08/2026;13:23:00;5218,50;5218,50;5218,50;5218,50;52185,00;1
WDOV26;19/08/2026;13:20:00;5218,00;5218,50;5218,00;5218,50;208735,00;4
WDOV26;19/08/2026;13:19:00;5216,50;5216,50;5216,50;5216,50;52165,00;1
WDOV26;19/08/2026;13:17:00;5215,50;5215,50;5215,50;5215,50;52155,00;1
WDOV26;19/08/2026;13:14:00;5214,00;5214,50;5214,00;5214,50;625695,00;12
WDOV26;19/08/2026;13:13:00;5213,50;5214,00;5213,00;5214,00;156405,00;3
WDOV26;19/08/2026;13:12:00;5215,00;5215,00;5214,00;5214,00;521480,00;10
WDOV26;19/08/2026;13:11:00;5215,50;5215,50;5215,50;5215,50;52155,00;1
WDOV26;19/08/2026;13:09:00;5216,00;5217,00;5216,00;5217,00;260830,00;5
WDOV26;19/08/2026;13:07:00;5216,50;5216,50;5216,50;5216,50;52165,00;1
WDOV26;19/08/2026;13:05:00;5216,50;5216,50;5216,00;5216,00;886760,00;17
WDOV26;19/08/2026;13:00:00;5217,00;5217,00;5217,00;5217,00;52170,00;1
WDOV26;19/08/2026;12:56:00;5218,50;5218,50;5218,50;5218,50;52185,00;1
WDOV26;19/08/2026;12:49:00;5215,00;5215,50;5215,00;5215,50;104305,00;2
WDOV26;19/08/2026;12:48:00;5214,50;5214,50;5214,50;5214,50;104290,00;2
WDOV26;19/08/2026;12:45:00;5215,00;5215,00;5214,50;5214,50;104295,00;2
WDOV26;19/08/2026;12:44:00;5215,00;5215,00;5214,50;5214,50;156445,00;3
WDOV26;19/08/2026;12:43:00;5215,00;5215,00;5215,00;5215,00;260750,00;5
WDOV26;19/08/2026;12:39:00;5217,00;5217,00;5217,00;5217,00;52170,00;1
WDOV26;19/08/2026;12:38:00;5218,00;5218,00;5218,00;5218,00;52180,00;1
WDOV26;19/08/2026;12:37:00;5218,00;5218,00;5217,50;5217,50;208705,00;4
WDOV26;19/08/2026;12:36:00;5219,50;5219,50;5219,00;5219,00;104385,00;2
WDOV26;19/08/2026;12:35:00;5220,50;5220,50;5220,00;5220,00;104405,00;2
WDOV26;19/08/2026;12:34:00;5219,50;5220,00;5219,50;5220,00;104395,00;2
WDOV26;19/08/2026;12:33:00;5220,00;5220,00;5219,50;5219,50;208795,00;4
WDOV26;19/08/2026;12:32:00;5219,50;5219,50;5219,00;5219,00;104385,00;2
WDOV26;19/08/2026;12:31:00;5220,00;5220,00;5219,50;5219,50;365370,00;7
WDOV26;19/08/2026;12:29:00;5222,00;5222,00;5222,00;5222,00;52220,00;1
WDOV26;19/08/2026;12:27:00;5221,50;5221,50;5221,50;5221,50;156645,00;3
WDOV26;19/08/2026;12:25:00;5223,50;5224,50;5223,50;5224,50;2193925,00;42
WDOV26;19/08/2026;12:23:00;5223,00;5223,50;5223,00;5223,50;261155,00;5
WDOV26;19/08/2026;12:18:00;5221,00;5221,00;5221,00;5221,00;522100,00;10
WDOV26;19/08/2026;12:15:00;5218,00;5218,00;5218,00;5218,00;52180,00;1
WDOV26;19/08/2026;12:12:00;5218,50;5218,50;5218,50;5218,50;52185,00;1
WDOV26;19/08/2026;12:08:00;5218,50;5218,50;5218,50;5218,50;52185,00;1
WDOV26;19/08/2026;12:07:00;5221,00;5221,00;5218,50;5219,00;156585,00;3
WDOV26;19/08/2026;12:05:00;5221,00;5221,00;5221,00;5221,00;52210,00;1
WDOV26;19/08/2026;12:03:00;5220,00;5220,00;5220,00;5220,00;52200,00;1
WDOV26;19/08/2026;12:00:00;5223,00;5223,00;5223,00;5223,00;52230,00;1
WDOV26;19/08/2026;11:58:00;5224,00;5225,00;5224,00;5225,00;156740,00;3
WDOV26;19/08/2026;11:56:00;5222,50;5222,50;5222,50;5222,50;261125,00;5
WDOV26;19/08/2026;11:53:00;5222,50;5222,50;5222,50;5222,50;52225,00;1
WDOV26;19/08/2026;11:52:00;5223,50;5223,50;5222,00;5222,00;104455,00;2
WDOV26;19/08/2026;11:50:00;5222,50;5222,50;5222,50;5222,50;52225,00;1
WDOV26;19/08/2026;11:49:00;5222,50;5223,00;5222,50;5222,50;208910,00;4
WDOV26;19/08/2026;11:47:00;5220,50;5221,00;5220,50;5221,00;208835,00;4
WDOV26;19/08/2026;11:46:00;5218,00;5218,50;5218,00;5218,50;104365,00;2
WDOV26;19/08/2026;11:45:00;5218,50;5218,50;5218,50;5218,50;104370,00;2
WDOV26;19/08/2026;11:43:00;5217,50;5217,50;5217,50;5217,50;52175,00;1
WDOV26;19/08/2026;11:40:00;5216,00;5216,00;5216,00;5216,00;156480,00;3
WDOV26;19/08/2026;11:39:00;5215,50;5216,00;5215,50;5216,00;104315,00;2
WDOV26;19/08/2026;11:38:00;5217,50;5217,50;5216,00;5216,00;521675,00;10
WDOV26;19/08/2026;11:32:00;5222,00;5222,00;5220,00;5220,00;156640,00;3
WDOV26;19/08/2026;11:31:00;5222,50;5222,50;5222,50;5222,50;104450,00;2
WDOV26;19/08/2026;11:30:00;5222,50;5222,50;5222,50;5222,50;104450,00;2
WDOV26;19/08/2026;11:29:00;5224,00;5224,00;5224,00;5224,00;52240,00;1
WDOV26;19/08/2026;11:28:00;5222,00;5224,00;5222,00;5224,00;470015,00;9
WDOV26;19/08/2026;11:27:00;5219,00;5219,00;5219,00;5219,00;52190,00;1
WDOV26;19/08/2026;11:26:00;5219,00;5219,00;5219,00;5219,00;104380,00;2
WDOV26;19/08/2026;11:24:00;5221,00;5221,00;5220,50;5220,50;156625,00;3
WDOV26;19/08/2026;11:22:00;5220,00;5220,00;5220,00;5220,00;52200,00;1
WDOV26;19/08/2026;11:21:00;5218,00;5218,00;5218,00;5218,00;52180,00;1
WDOV26;19/08/2026;11:19:00;5218,00;5218,00;5218,00;5218,00;156540,00;3
WDOV26;19/08/2026;11:18:00;5218,00;5218,00;5218,00;5218,00;52180,00;1
WDOV26;19/08/2026;11:16:00;5219,50;5219,50;5217,50;5217,50;365305,00;7
WDOV26;19/08/2026;11:15:00;5219,50;5220,00;5219,50;5220,00;313195,00;6
WDOV26;19/08/2026;11:14:00;5218,50;5218,50;5218,50;5218,50;104370,00;2
WDOV26;19/08/2026;11:13:00;5218,50;5218,50;5218,50;5218,50;52185,00;1
WDOV26;19/08/2026;11:12:00;5219,00;5219,00;5219,00;5219,00;52190,00;1
WDOV26;19/08/2026;11:11:00;5220,00;5220,00;5220,00;5220,00;104400,00;2
WDOV26;19/08/2026;11:10:00;5220,50;5220,50;5220,50;5220,50;104410,00;2
WDOV26;19/08/2026;11:09:00;5222,00;5222,00;5222,00;5222,00;104440,00;2
WDOV26;19/08/2026;11:08:00;5219,00;5219,00;5219,00;5219,00;52190,00;1
WDOV26;19/08/2026;11:07:00;5217,00;5217,00;5217,00;5217,00;52170,00;1
WDOV26;19/08/2026;11:06:00;5218,50;5218,50;5218,50;5218,50;52185,00;1
WDOV26;19/08/2026;11:04:00;5221,00;5221,00;5220,00;5220,00;156610,00;3
WDOV26;19/08/2026;11:03:00;5221,00;5221,50;5220,50;5220,50;156630,00;3
WDOV26;19/08/2026;11:02:00;5220,50;5221,00;5220,50;5221,00;156625,00;3
WDOV26;19/08/2026;11:00:00;5217,00;5217,00;5217,00;5217,00;156510,00;3
WDOV26;19/08/2026;10:56:00;5217,00;5218,00;5217,00;5218,00;208695,00;4
WDOV26;19/08/2026;10:55:00;5216,00;5216,00;5216,00;5216,00;260800,00;5
WDOV26;19/08/2026;10:54:00;5215,00;5216,00;5215,00;5216,00;312910,00;6
WDOV26;19/08/2026;10:53:00;5212,50;5212,50;5212,50;5212,50;52125,00;1
WDOV26;19/08/2026;10:52:00;5215,00;5215,00;5214,50;5214,50;521455,00;10
WDOV26;19/08/2026;10:51:00;5214,50;5218,00;5214,50;5218,00;573820,00;11
WDOV26;19/08/2026;10:48:00;5211,50;5211,50;5211,50;5211,50;52115,00;1
WDOV26;19/08/2026;10:46:00;5208,50;5208,50;5208,00;5208,00;104165,00;2
WDOV26;19/08/2026;10:44:00;5207,50;5208,50;5207,50;5208,50;208325,00;4
WDOV26;19/08/2026;10:43:00;5210,00;5210,00;5208,50;5209,00;208370,00;4
WDOV26;19/08/2026;10:42:00;5211,00;5211,00;5210,00;5211,00;468970,00;9
WDOV26;19/08/2026;10:41:00;5212,00;5212,00;5212,00;5212,00;104240,00;2
WDOV26;19/08/2026;10:39:00;5209,50;5209,50;5209,00;5209,00;104185,00;2
WDOV26;19/08/2026;10:38:00;5210,50;5210,50;5210,50;5210,50;104210,00;2
WDOV26;19/08/2026;10:37:00;5211,00;5211,00;5211,00;5211,00;52110,00;1
WDOV26;19/08/2026;10:36:00;5213,00;5213,00;5213,00;5213,00;104260,00;2
WDOV26;19/08/2026;10:35:00;5211,00;5211,00;5211,00;5211,00;52110,00;1
WDOV26;19/08/2026;10:34:00;5208,50;5209,50;5208,00;5209,50;156260,00;3
WDOV26;19/08/2026;10:33:00;5208,00;5208,00;5208,00;5208,00;52080,00;1
WDOV26;19/08/2026;10:32:00;5208,00;5208,00;5208,00;5208,00;52080,00;1
WDOV26;19/08/2026;10:31:00;5206,50;5207,50;5206,50;5207,50;208290,00;4
WDOV26;19/08/2026;10:30:00;5207,00;5207,00;5206,50;5207,00;208270,00;4
WDOV26;19/08/2026;10:29:00;5207,00;5207,00;5207,00;5207,00;52070,00;1
WDOV26;19/08/2026;10:28:00;5210,00;5210,00;5210,00;5210,00;52100,00;1
WDOV26;19/08/2026;10:27:00;5211,00;5211,00;5209,00;5209,00;156310,00;3
WDOV26;19/08/2026;10:26:00;5210,50;5210,50;5208,50;5208,50;208400,00;4
WDOV26;19/08/2026;10:25:00;5213,00;5214,00;5213,00;5213,00;521335,00;10
WDOV26;19/08/2026;10:23:00;5208,50;5209,00;5208,50;5209,00;104175,00;2
WDOV26;19/08/2026;10:22:00;5210,00;5210,00;5209,00;5210,00;1094015,00;21
WDOV26;19/08/2026;10:21:00;5210,50;5211,00;5210,00;5210,50;208420,00;4
WDOV26;19/08/2026;10:20:00;5211,00;5211,00;5211,00;5211,00;52110,00;1
WDOV26;19/08/2026;10:17:00;5213,50;5213,50;5213,00;5213,00;417045,00;8
WDOV26;19/08/2026;10:16:00;5211,00;5213,50;5210,50;5213,50;156350,00;3
WDOV26;19/08/2026;10:15:00;5212,00;5213,50;5212,00;5213,50;208510,00;4
WDOV26;19/08/2026;10:14:00;5211,50;5211,50;5211,50;5211,50;156345,00;3
WDOV26;19/08/2026;10:13:00;5212,50;5212,50;5212,00;5212,00;208495,00;4
WDOV26;19/08/2026;10:12:00;5212,00;5213,00;5212,00;5213,00;1250960,00;24
WDOV26;19/08/2026;10:11:00;5212,50;5214,00;5212,00;5213,50;5473385,00;105
WDOV26;19/08/2026;10:10:00;5210,00;5213,00;5209,50;5213,00;3126865,00;60
WDOV26;19/08/2026;10:09:00;5212,50;5212,50;5210,50;5210,50;416955,00;8
WDOV26;19/08/2026;10:07:00;5216,00;5216,00;5213,50;5214,00;677920,00;13
WDOV26;19/08/2026;10:06:00;5217,00;5217,00;5217,00;5217,00;260850,00;5
WDOV26;19/08/2026;10:05:00;5218,00;5218,00;5217,00;5217,50;678305,00;13
WDOV26;19/08/2026;10:04:00;5220,00;5220,00;5218,00;5218,00;469645,00;9
WDOV26;19/08/2026;10:03:00;5220,50;5220,50;5220,50;5220,50;104410,00;2
WDOV26;19/08/2026;10:02:00;5220,50;5220,50;5219,50;5219,50;156600,00;3
WDOV26;19/08/2026;10:01:00;5220,00;5220,00;5219,50;5219,50;730795,00;14
WDOV26;19/08/2026;10:00:00;5225,00;5225,00;5220,50;5220,50;1827740,00;35
WDOV26;19/08/2026;09:59:00;5224,00;5224,00;5223,50;5224,00;940240,00;18
WDOV26;19/08/2026;09:58:00;5225,00;5225,00;5225,00;5225,00;261250,00;5
WDOV26;19/08/2026;09:57:00;5224,50;5224,50;5224,50;5224,50;104490,00;2
WDOV26;19/08/2026;09:56:00;5223,00;5223,00;5223,00;5223,00;261150,00;5
WDOV26;19/08/2026;09:55:00;5223,00;5224,00;5222,00;5224,00;417820,00;8
WDOV26;19/08/2026;09:54:00;5225,00;5225,00;5223,50;5224,00;835895,00;16
WDOV26;19/08/2026;09:53:00;5226,00;5226,00;5223,00;5224,50;7732605,00;148
WDOV26;19/08/2026;09:50:00;5229,00;5229,00;5227,00;5227,00;156850,00;3
WDOV26;19/08/2026;09:49:00;5228,00;5228,00;5228,00;5228,00;52280,00;1
WDOV26;19/08/2026;09:48:00;5227,00;5228,50;5226,50;5226,50;522750,00;10
WDOV26;19/08/2026;09:47:00;5226,00;5226,50;5225,50;5226,50;313550,00;6
WDOV26;19/08/2026;09:46:00;5228,50;5228,50;5228,50;5228,50;52285,00;1
WDOV26;19/08/2026;09:45:00;5231,50;5233,00;5230,00;5230,00;523070,00;10
WDOV26;19/08/2026;09:44:00;5235,50;5235,50;5233,50;5233,50;157045,00;3
WDOV26;19/08/2026;09:43:00;5234,00;5236,50;5234,00;5236,50;1151730,00;22
WDOV26;19/08/2026;09:42:00;5232,00;5234,00;5231,50;5234,00;575660,00;11
WDOV26;19/08/2026;09:41:00;5230,00;5232,50;5230,00;5232,50;575385,00;11
WDOV26;19/08/2026;09:40:00;5227,50;5229,50;5227,50;5229,50;156865,00;3
WDOV26;19/08/2026;09:39:00;5226,00;5227,00;5226,00;5227,00;470410,00;9
WDOV26;19/08/2026;09:38:00;5227,00;5229,50;5226,50;5228,00;784170,00;15
WDOV26;19/08/2026;09:37:00;5230,50;5230,50;5224,50;5226,00;1254295,00;24
WDOV26;19/08/2026;09:36:00;5232,00;5232,00;5230,00;5230,50;523080,00;10
WDOV26;19/08/2026;09:35:00;5235,50;5235,50;5233,00;5233,50;366390,00;7
WDOV26;19/08/2026;09:34:00;5237,50;5237,50;5236,50;5236,50;314210,00;6
WDOV26;19/08/2026;09:33:00;5243,00;5243,00;5237,50;5239,00;1572300,00;30
WDOV26;19/08/2026;09:32:00;5245,00;5245,00;5243,50;5243,50;734125,00;14
WDOV26;19/08/2026;09:31:00;5246,50;5246,50;5246,50;5246,50;104930,00;2
WDOV26;19/08/2026;09:30:00;5246,50;5246,50;5246,50;5246,50;52465,00;1
WDOV26;19/08/2026;09:28:00;5246,00;5246,00;5246,00;5246,00;104920,00;2
WDOV26;19/08/2026;09:26:00;5246,00;5246,00;5246,00;5246,00;104920,00;2
WDOV26;19/08/2026;09:25:00;5244,50;5245,50;5244,50;5245,50;104900,00;2
WDOV26;19/08/2026;09:24:00;5245,50;5245,50;5245,00;5245,00;367155,00;7
WDOV26;19/08/2026;09:23:00;5247,00;5247,00;5245,50;5245,50;367225,00;7
WDOV26;19/08/2026;09:22:00;5247,50;5248,00;5247,00;5247,00;944535,00;18
WDOV26;19/08/2026;09:21:00;5249,00;5249,00;5248,50;5248,50;104975,00;2
WDOV26;19/08/2026;09:20:00;5251,00;5251,00;5249,50;5249,50;157515,00;3
WDOV26;19/08/2026;09:19:00;5251,00;5251,00;5251,00;5251,00;52510,00;1
WDOV26;19/08/2026;09:17:00;5249,50;5249,50;5249,50;5249,50;52495,00;1
WDOV26;19/08/2026;09:16:00;5249,00;5249,00;5248,50;5248,50;157460,00;3
WDOV26;19/08/2026;09:15:00;5252,50;5252,50;5252,50;5252,50;105050,00;2
WDOV26;19/08/2026;09:14:00;5251,00;5251,00;5251,00;5251,00;52510,00;1
WDOV26;19/08/2026;09:13:00;5251,00;5251,00;5251,00;5251,00;105020,00;2
WDOV26;19/08/2026;09:12:00;5250,50;5250,50;5250,50;5250,50;105010,00;2
WDOV26;19/08/2026;09:11:00;5250,50;5251,00;5249,50;5251,00;735070,00;14
WDOV26;19/08/2026;09:10:00;5252,50;5252,50;5251,00;5251,00;262585,00;5
WDOV26;19/08/2026;09:09:00;5253,00;5253,50;5253,00;5253,50;105065,00;2
WDOV26;19/08/2026;09:08:00;5252,00;5253,00;5251,50;5252,50;840395,00;16
WDOV26;19/08/2026;09:07:00;5253,00;5253,00;5251,50;5251,50;105045,00;2
WDOV26;19/08/2026;09:06:00;5252,50;5253,50;5252,00;5253,50;367700,00;7
WDOV26;19/08/2026;09:04:00;5254,50;5254,50;5252,00;5252,00;1838630,00;35
WDOV26;19/08/2026;09:03:00;5255,50;5256,00;5255,50;5256,00;367900,00;7
WDOV26;19/08/2026;09:02:00;5257,50;5257,50;5254,00;5254,50;683230,00;13
WDOV26;19/08/2026;09:01:00;5257,00;5259,00;5257,00;5257,50;157735,00;3
WDOV26;19/08/2026;09:00:00;5260,00;5260,00;5256,50;5256,50;157765,00;3
WDOV26;18/08/2026;18:29:00;5264,50;5264,50;5263,50;5263,50;210560,00;4
WDOV26;18/08/2026;18:25:00;5263,00;5264,00;5263,00;5264,00;210545,00;4
WDOV26;18/08/2026;18:23:00;5263,00;5263,00;5263,00;5263,00;210520,00;4
WDOV26;18/08/2026;18:20:00;5264,50;5264,50;5264,50;5264,50;52645,00;1
WDOV26;18/08/2026;18:19:00;5264,50;5264,50;5264,50;5264,50;105290,00;2
WDOV26;18/08/2026;18:18:00;5265,50;5265,50;5265,50;5265,50;52655,00;1
WDOV26;18/08/2026;18:14:00;5266,00;5266,00;5266,00;5266,00;157980,00;3
WDOV26;18/08/2026;18:13:00;5267,50;5267,50;5266,00;5266,00;157995,00;3
WDOV26;18/08/2026;18:11:00;5266,00;5266,00;5265,50;5265,50;473935,00;9
WDOV26;18/08/2026;18:10:00;5267,50;5267,50;5267,50;5267,50;421400,00;8
WDOV26;18/08/2026;18:08:00;5266,00;5266,00;5266,00;5266,00;105320,00;2
WDOV26;18/08/2026;18:04:00;5269,50;5269,50;5269,50;5269,50;105390,00;2
WDOV26;18/08/2026;18:01:00;5268,50;5268,50;5268,50;5268,50;52685,00;1
WDOV26;18/08/2026;17:59:00;5270,50;5270,50;5267,50;5267,50;368815,00;7
WDOV26;18/08/2026;17:49:00;5273,00;5273,00;5272,50;5272,50;105455,00;2
WDOV26;18/08/2026;17:46:00;5272,00;5272,00;5272,00;5272,00;52720,00;1
WDOV26;18/08/2026;17:43:00;5272,00;5272,00;5272,00;5272,00;52720,00;1
WDOV26;18/08/2026;17:40:00;5270,50;5271,50;5270,50;5271,50;158125,00;3
WDOV26;18/08/2026;17:37:00;5271,50;5271,50;5271,50;5271,50;52715,00;1
WDOV26;18/08/2026;17:30:00;5270,50;5270,50;5270,50;5270,50;105410,00;2
WDOV26;18/08/2026;17:24:00;5270,00;5270,00;5270,00;5270,00;52700,00;1
WDOV26;18/08/2026;17:22:00;5269,00;5269,00;5269,00;5269,00;52690,00;1
WDOV26;18/08/2026;17:21:00;5269,00;5269,00;5269,00;5269,00;52690,00;1
WDOV26;18/08/2026;17:18:00;5268,50;5268,50;5268,50;5268,50;52685,00;1
WDOV26;18/08/2026;17:16:00;5269,50;5269,50;5269,00;5269,00;105385,00;2
WDOV26;18/08/2026;17:15:00;5269,50;5269,50;5269,50;5269,50;263475,00;5
WDOV26;18/08/2026;17:11:00;5272,00;5272,00;5272,00;5272,00;158160,00;3
WDOV26;18/08/2026;17:09:00;5271,00;5271,00;5271,00;5271,00;52710,00;1
WDOV26;18/08/2026;17:08:00;5272,50;5272,50;5272,50;5272,50;52725,00;1
WDOV26;18/08/2026;17:01:00;5271,50;5271,50;5271,50;5271,50;105430,00;2
WDOV26;18/08/2026;17:00:00;5272,00;5272,50;5272,00;5272,50;158165,00;3
WDOV26;18/08/2026;16:58:00;5272,00;5272,00;5272,00;5272,00;105440,00;2
WDOV26;18/08/2026;16:57:00;5272,00;5272,00;5272,00;5272,00;105440,00;2
WDOV26;18/08/2026;16:56:00;5271,00;5271,00;5271,00;5271,00;316260,00;6
WDOV26;18/08/2026;16:54:00;5270,50;5270,50;5270,50;5270,50;368935,00;7
WDOV26;18/08/2026;16:46:00;5268,50;5268,50;5268,50;5268,50;52685,00;1
WDOV26;18/08/2026;16:44:00;5268,50;5268,50;5268,50;5268,50;52685,00;1
WDOV26;18/08/2026;16:43:00;5268,50;5268,50;5268,00;5268,00;105365,00;2
WDOV26;18/08/2026;16:34:00;5269,50;5270,00;5269,50;5270,00;105395,00;2
WDOV26;18/08/2026;16:33:00;5268,00;5268,00;5268,00;5268,00;52680,00;1
WDOV26;18/08/2026;16:31:00;5268,00;5268,00;5268,00;5268,00;52680,00;1
WDOV26;18/08/2026;16:22:00;5268,00;5268,00;5267,50;5267,50;158030,00;3
WDOV26;18/08/2026;16:21:00;5269,50;5269,50;5269,50;5269,50;52695,00;1
WDOV26;18/08/2026;16:20:00;5270,00;5270,00;5270,00;5270,00;263500,00;5
WDOV26;18/08/2026;16:18:00;5270,00;5270,00;5270,00;5270,00;105400,00;2
WDOV26;18/08/2026;16:10:00;5270,00;5270,50;5270,00;5270,00;421610,00;8
WDOV26;18/08/2026;16:07:00;5272,00;5272,00;5272,00;5272,00;52720,00;1
WDOV26;18/08/2026;16:06:00;5271,50;5271,50;5271,50;5271,50;105430,00;2
WDOV26;18/08/2026;16:05:00;5271,50;5271,50;5271,50;5271,50;210860,00;4
WDOV26;18/08/2026;16:02:00;5271,50;5271,50;5271,50;5271,50;210860,00;4
WDOV26;18/08/2026;16:00:00;5270,00;5270,00;5270,00;5270,00;105400,00;2
WDOV26;18/08/2026;15:59:00;5271,00;5271,00;5269,50;5269,50;895860,00;17
WDOV26;18/08/2026;15:58:00;5271,00;5271,00;5271,00;5271,00;52710,00;1
WDOV26;18/08/2026;15:57:00;5270,00;5270,50;5270,00;5270,50;263505,00;5
WDOV26;18/08/2026;15:53:00;5268,50;5268,50;5268,50;5268,50;52685,00;1
WDOV26;18/08/2026;15:52:00;5269,50;5270,50;5269,50;5270,50;210800,00;4
WDOV26;18/08/2026;15:51:00;5268,00;5268,00;5268,00;5268,00;52680,00;1
WDOV26;18/08/2026;15:50:00;5266,50;5268,50;5266,50;5268,50;790205,00;15
WDOV26;18/08/2026;15:49:00;5265,50;5266,00;5265,50;5265,50;263280,00;5
WDOV26;18/08/2026;15:48:00;5265,00;5265,00;5264,50;5265,00;368525,00;7
WDOV26;18/08/2026;15:44:00;5265,50;5266,50;5265,50;5266,50;105320,00;2
WDOV26;18/08/2026;15:43:00;5264,00;5265,50;5264,00;5265,50;263235,00;5
WDOV26;18/08/2026;15:38:00;5263,00;5263,50;5263,00;5263,50;105265,00;2
WDOV26;18/08/2026;15:35:00;5261,50;5261,50;5261,50;5261,50;157845,00;3
WDOV26;18/08/2026;15:33:00;5259,50;5260,00;5259,50;5260,00;210385,00;4
WDOV26;18/08/2026;15:32:00;5260,00;5260,00;5260,00;5260,00;210400,00;4
WDOV26;18/08/2026;15:29:00;5259,50;5259,50;5259,50;5259,50;52595,00;1
WDOV26;18/08/2026;15:24:00;5261,50;5261,50;5261,50;5261,50;52615,00;1
WDOV26;18/08/2026;15:22:00;5262,00;5262,00;5262,00;5262,00;420960,00;8
WDOV26;18/08/2026;15:18:00;5264,00;5264,00;5264,00;5264,00;52640,00;1
WDOV26;18/08/2026;15:16:00;5263,00;5263,00;5263,00;5263,00;52630,00;1
WDOV26;18/08/2026;15:14:00;5263,50;5263,50;5263,00;5263,00;157895,00;3
WDOV26;18/08/2026;15:11:00;5266,00;5266,00;5265,50;5265,50;210635,00;4
WDOV26;18/08/2026;15:05:00;5266,00;5266,00;5266,00;5266,00;105320,00;2
WDOV26;18/08/2026;14:50:00;5263,50;5263,50;5262,00;5262,00;315750,00;6
WDOV26;18/08/2026;14:47:00;5264,50;5264,50;5264,50;5264,50;157935,00;3
WDOV26;18/08/2026;14:43:00;5264,50;5264,50;5264,50;5264,50;157935,00;3
WDOV26;18/08/2026;14:40:00;5264,50;5265,00;5264,50;5265,00;210585,00;4
WDOV26;18/08/2026;14:39:00;5264,50;5264,50;5264,50;5264,50;52645,00;1
WDOV26;18/08/2026;14:38:00;5265,00;5266,00;5265,00;5266,00;368585,00;7
WDOV26;18/08/2026;14:37:00;5265,00;5265,50;5265,00;5265,50;263260,00;5
WDOV26;18/08/2026;14:36:00;5263,50;5264,00;5263,50;5264,00;105275,00;2
WDOV26;18/08/2026;14:35:00;5262,50;5262,50;5262,00;5262,00;105245,00;2
WDOV26;18/08/2026;14:34:00;5262,50;5262,50;5262,50;5262,50;105250,00;2
WDOV26;18/08/2026;14:33:00;5262,50;5262,50;5262,50;5262,50;105250,00;2
WDOV26;18/08/2026;14:32:00;5261,50;5261,50;5261,50;5261,50;210460,00;4
WDOV26;18/08/2026;14:26:00;5262,00;5262,00;5262,00;5262,00;157860,00;3
WDOV26;18/08/2026;14:25:00;5261,50;5261,50;5261,50;5261,50;52615,00;1
WDOV26;18/08/2026;14:24:00;5262,00;5262,00;5262,00;5262,00;157860,00;3
WDOV26;18/08/2026;14:10:00;5260,00;5260,00;5260,00;5260,00;263000,00;5
WDOV26;18/08/2026;14:09:00;5261,50;5261,50;5261,50;5261,50;52615,00;1
WDOV26;18/08/2026;14:08:00;5261,50;5261,50;5261,50;5261,50;52615,00;1
WDOV26;18/08/2026;14:06:00;5261,00;5261,00;5261,00;5261,00;52610,00;1
WDOV26;18/08/2026;14:04:00;5261,50;5261,50;5261,00;5261,00;315675,00;6
WDOV26;18/08/2026;14:02:00;5260,00;5261,00;5260,00;5261,00;263015,00;5
WDOV26;18/08/2026;13:55:00;5259,00;5259,00;5259,00;5259,00;52590,00;1
WDOV26;18/08/2026;13:53:00;5258,50;5258,50;5258,50;5258,50;52585,00;1
WDOV26;18/08/2026;13:48:00;5260,00;5260,00;5260,00;5260,00;52600,00;1
WDOV26;18/08/2026;13:46:00;5261,00;5261,00;5261,00;5261,00;105220,00;2
WDOV26;18/08/2026;13:45:00;5259,50;5261,00;5259,50;5261,00;1052025,00;20
WDOV26;18/08/2026;13:43:00;5258,00;5260,00;5258,00;5260,00;210370,00;4
WDOV26;18/08/2026;13:42:00;5258,00;5258,50;5258,00;5258,00;210325,00;4
WDOV26;18/08/2026;13:32:00;5259,50;5259,50;5259,50;5259,50;52595,00;1
WDOV26;18/08/2026;13:26:00;5257,00;5257,00;5257,00;5257,00;367990,00;7
WDOV26;18/08/2026;13:23:00;5256,50;5256,50;5256,50;5256,50;52565,00;1
WDOV26;18/08/2026;13:21:00;5256,50;5256,50;5256,50;5256,50;105130,00;2
WDOV26;18/08/2026;13:20:00;5256,50;5256,50;5256,50;5256,50;105130,00;2
WDOV26;18/08/2026;13:19:00;5258,00;5258,00;5257,50;5257,50;210305,00;4
WDOV26;18/08/2026;13:16:00;5258,50;5258,50;5258,50;5258,50;52585,00;1
WDOV26;18/08/2026;13:14:00;5259,00;5259,00;5259,00;5259,00;52590,00;1
WDOV26;18/08/2026;13:03:00;5260,00;5260,00;5260,00;5260,00;210400,00;4
WDOV26;18/08/2026;13:01:00;5257,50;5259,00;5257,50;5259,00;210345,00;4
WDOV26;18/08/2026;12:59:00;5256,50;5256,50;5256,50;5256,50;52565,00;1
WDOV26;18/08/2026;12:55:00;5255,50;5256,50;5255,50;5256,50;210235,00;4
WDOV26;18/08/2026;12:51:00;5258,00;5258,00;5258,00;5258,00;210320,00;4
WDOV26;18/08/2026;12:50:00;5258,00;5258,00;5258,00;5258,00;315480,00;6
WDOV26;18/08/2026;12:49:00;5256,50;5257,50;5256,50;5257,00;420575,00;8
WDOV26;18/08/2026;12:47:00;5257,50;5257,50;5257,50;5257,50;52575,00;1
WDOV26;18/08/2026;12:46:00;5259,00;5259,00;5258,00;5258,00;157755,00;3
WDOV26;18/08/2026;12:45:00;5259,50;5260,00;5259,50;5260,00;105195,00;2
WDOV26;18/08/2026;12:44:00;5260,50;5261,50;5260,00;5260,00;315635,00;6
WDOV26;18/08/2026;12:43:00;5261,50;5261,50;5261,50;5261,50;578765,00;11
WDOV26;18/08/2026;12:41:00;5260,50;5260,50;5260,50;5260,50;105210,00;2
WDOV26;18/08/2026;12:40:00;5261,50;5261,50;5261,50;5261,50;52615,00;1
WDOV26;18/08/2026;12:39:00;5262,00;5262,00;5261,50;5261,50;526190,00;10
WDOV26;18/08/2026;12:38:00;5263,00;5263,00;5263,00;5263,00;52630,00;1
WDOV26;18/08/2026;12:36:00;5262,00;5262,00;5262,00;5262,00;105240,00;2
WDOV26;18/08/2026;12:35:00;5263,00;5263,00;5263,00;5263,00;52630,00;1
WDOV26;18/08/2026;12:34:00;5263,50;5263,50;5263,50;5263,50;52635,00;1
WDOV26;18/08/2026;12:32:00;5264,50;5264,50;5264,50;5264,50;157935,00;3
WDOV26;18/08/2026;12:30:00;5265,50;5265,50;5265,50;5265,50;105310,00;2
WDOV26;18/08/2026;12:29:00;5264,50;5265,50;5264,50;5265,50;210600,00;4
WDOV26;18/08/2026;12:28:00;5265,50;5265,50;5265,50;5265,50;52655,00;1
WDOV26;18/08/2026;12:25:00;5268,50;5269,00;5268,50;5269,00;210745,00;4
WDOV26;18/08/2026;12:22:00;5267,50;5267,50;5267,50;5267,50;52675,00;1
WDOV26;18/08/2026;12:20:00;5268,00;5268,00;5268,00;5268,00;210720,00;4
WDOV26;18/08/2026;12:18:00;5266,00;5266,00;5266,00;5266,00;52660,00;1
WDOV26;18/08/2026;12:17:00;5265,50;5265,50;5265,50;5265,50;157965,00;3
WDOV26;18/08/2026;12:16:00;5266,00;5266,00;5265,50;5265,50;421245,00;8
WDOV26;18/08/2026;12:14:00;5265,00;5271,00;5265,00;5271,00;1738865,00;33
WDOV26;18/08/2026;12:13:00;5263,00;5263,00;5263,00;5263,00;52630,00;1
WDOV26;18/08/2026;12:11:00;5262,50;5262,50;5261,50;5261,50;105240,00;2
WDOV26;18/08/2026;12:10:00;5260,50;5262,50;5260,50;5260,50;578770,00;11
WDOV26;18/08/2026;12:09:00;5259,00;5260,50;5258,50;5260,50;578605,00;11
WDOV26;18/08/2026;12:08:00;5257,50;5258,50;5257,50;5258,50;368060,00;7
WDOV26;18/08/2026;12:07:00;5256,50;5257,00;5255,50;5257,00;2995835,00;57
WDOV26;18/08/2026;12:06:00;5255,00;5256,50;5255,00;5256,50;578200,00;11
WDOV26;18/08/2026;12:05:00;5254,00;5254,00;5253,50;5253,50;105075,00;2
WDOV26;18/08/2026;12:04:00;5253,50;5253,50;5253,50;5253,50;210140,00;4
WDOV26;18/08/2026;12:03:00;5254,00;5255,00;5254,00;5254,50;262725,00;5
WDOV26;18/08/2026;12:02:00;5253,50;5253,50;5253,50;5253,50;52535,00;1
WDOV26;18/08/2026;12:00:00;5251,50;5251,50;5251,50;5251,50;315090,00;6
WDOV26;18/08/2026;11:57:00;5251,50;5251,50;5251,50;5251,50;52515,00;1
WDOV26;18/08/2026;11:56:00;5251,50;5251,50;5251,50;5251,50;52515,00;1
WDOV26;18/08/2026;11:55:00;5252,50;5253,00;5252,50;5253,00;157585,00;3
WDOV26;18/08/2026;11:53:00;5251,50;5251,50;5251,50;5251,50;52515,00;1
WDOV26;18/08/2026;11:52:00;5247,00;5249,50;5247,00;5249,50;682195,00;13
WDOV26;18/08/2026;11:51:00;5245,00;5247,00;5245,00;5247,00;681965,00;13
WDOV26;18/08/2026;11:45:00;5247,50;5247,50;5247,50;5247,50;52475,00;1
WDOV26;18/08/2026;11:44:00;5246,50;5246,50;5246,50;5246,50;52465,00;1
WDOV26;18/08/2026;11:37:00;5247,50;5249,50;5247,50;5249,50;262430,00;5
WDOV26;18/08/2026;11:36:00;5247,50;5247,50;5247,50;5247,50;52475,00;1
WDOV26;18/08/2026;11:34:00;5246,00;5246,00;5246,00;5246,00;524600,00;10
WDOV26;18/08/2026;11:32:00;5246,00;5246,00;5246,00;5246,00;104920,00;2
WDOV26;18/08/2026;11:27:00;5246,00;5246,00;5246,00;5246,00;52460,00;1
WDOV26;18/08/2026;11:25:00;5245,50;5245,50;5245,50;5245,50;52455,00;1
WDOV26;18/08/2026;11:23:00;5245,00;5245,00;5245,00;5245,00;52450,00;1
WDOV26;18/08/2026;11:22:00;5246,50;5246,50;5246,50;5246,50;52465,00;1
WDOV26;18/08/2026;11:21:00;5246,00;5246,00;5246,00;5246,00;314760,00;6
WDOV26;18/08/2026;11:19:00;5242,00;5244,00;5242,00;5244,00;157285,00;3
WDOV26;18/08/2026;11:18:00;5244,00;5244,00;5242,00;5242,00;524330,00;10
WDOV26;18/08/2026;11:17:00;5246,00;5246,00;5246,00;5246,00;52460,00;1
WDOV26;18/08/2026;11:16:00;5247,00;5247,00;5247,00;5247,00;52470,00;1
WDOV26;18/08/2026;11:13:00;5246,00;5246,00;5246,00;5246,00;52460,00;1
WDOV26;18/08/2026;11:12:00;5247,00;5247,00;5246,00;5246,00;157395,00;3
WDOV26;18/08/2026;11:11:00;5246,50;5247,00;5246,50;5247,00;209870,00;4
WDOV26;18/08/2026;11:10:00;5245,00;5245,50;5244,50;5244,50;262255,00;5
WDOV26;18/08/2026;11:09:00;5246,50;5246,50;5244,50;5246,00;576960,00;11
WDOV26;18/08/2026;11:08:00;5247,00;5247,00;5247,00;5247,00;104940,00;2
WDOV26;18/08/2026;11:07:00;5247,50;5247,50;5247,50;5247,50;52475,00;1
WDOV26;18/08/2026;11:04:00;5246,50;5246,50;5245,00;5245,00;472130,00;9
WDOV26;18/08/2026;11:03:00;5248,50;5249,00;5246,00;5246,00;682270,00;13
WDOV26;18/08/2026;11:01:00;5250,00;5250,00;5250,00;5250,00;52500,00;1
WDOV26;18/08/2026;11:00:00;5247,50;5248,50;5247,00;5248,00;419800,00;8
WDOV26;18/08/2026;10:59:00;5249,00;5249,50;5249,00;5249,00;157475,00;3
WDOV26;18/08/2026;10:58:00;5250,50;5250,50;5249,50;5249,50;735000,00;14
WDOV26;18/08/2026;10:57:00;5252,50;5252,50;5251,00;5251,50;577705,00;11
WDOV26;18/08/2026;10:56:00;5253,50;5253,50;5253,50;5253,50;525350,00;10
WDOV26;18/08/2026;10:54:00;5255,00;5255,00;5255,00;5255,00;52550,00;1
WDOV26;18/08/2026;10:52:00;5255,00;5255,00;5255,00;5255,00;52550,00;1
WDOV26;18/08/2026;10:49:00;5252,00;5252,00;5252,00;5252,00;262600,00;5
WDOV26;18/08/2026;10:45:00;5253,50;5253,50;5253,50;5253,50;315210,00;6
WDOV26;18/08/2026;10:42:00;5252,00;5253,00;5252,00;5252,00;157570,00;3
WDOV26;18/08/2026;10:41:00;5253,50;5253,50;5251,50;5251,50;262625,00;5
WDOV26;18/08/2026;10:40:00;5253,50;5254,00;5253,50;5254,00;210145,00;4
WDOV26;18/08/2026;10:39:00;5254,00;5254,00;5254,00;5254,00;52540,00;1
WDOV26;18/08/2026;10:38:00;5255,00;5255,00;5255,00;5255,00;525500,00;10
WDOV26;18/08/2026;10:36:00;5260,00;5260,00;5260,00;5260,00;52600,00;1
WDOV26;18/08/2026;10:34:00;5260,00;5261,00;5260,00;5260,00;210410,00;4
WDOV26;18/08/2026;10:33:00;5258,50;5259,00;5258,50;5259,00;157760,00;3
WDOV26;18/08/2026;10:32:00;5259,00;5259,00;5257,50;5259,00;999095,00;19
WDOV26;18/08/2026;10:31:00;5264,00;5264,00;5258,50;5258,50;157840,00;3
WDOV26;18/08/2026;10:30:00;5266,00;5269,00;5265,50;5265,50;1158660,00;22
WDOV26;18/08/2026;10:29:00;5264,50;5264,50;5264,50;5264,50;52645,00;1
WDOV26;18/08/2026;10:28:00;5263,00;5263,00;5263,00;5263,00;52630,00;1
WDOV26;18/08/2026;10:26:00;5265,00;5265,00;5265,00;5265,00;157950,00;3
WDOV26;18/08/2026;10:25:00;5264,00;5264,00;5264,00;5264,00;52640,00;1
WDOV26;18/08/2026;10:24:00;5263,00;5263,00;5263,00;5263,00;52630,00;1
WDOV26;18/08/2026;10:23:00;5264,00;5264,00;5264,00;5264,00;105280,00;2
WDOV26;18/08/2026;10:21:00;5263,50;5263,50;5263,50;5263,50;52635,00;1
WDOV26;18/08/2026;10:20:00;5262,50;5264,50;5262,50;5264,50;894725,00;17
WDOV26;18/08/2026;10:19:00;5262,50;5262,50;5262,00;5262,00;210495,00;4
WDOV26;18/08/2026;10:17:00;5261,00;5261,00;5261,00;5261,00;157830,00;3
WDOV26;18/08/2026;10:16:00;5262,50;5262,50;5262,50;5262,50;52625,00;1
WDOV26;18/08/2026;10:14:00;5259,00;5259,00;5259,00;5259,00;52590,00;1
WDOV26;18/08/2026;10:09:00;5258,50;5258,50;5258,50;5258,50;52585,00;1
WDOV26;18/08/2026;10:08:00;5261,00;5261,00;5260,50;5260,50;315645,00;6
WDOV26;18/08/2026;10:07:00;5262,50;5262,50;5262,50;5262,50;52625,00;1
WDOV26;18/08/2026;10:04:00;5256,50;5256,50;5256,50;5256,50;52565,00;1
WDOV26;18/08/2026;10:03:00;5258,00;5258,00;5258,00;5258,00;52580,00;1
WDOV26;18/08/2026;10:02:00;5259,50;5260,50;5259,50;5260,50;105200,00;2
WDOV26;18/08/2026;10:00:00;5257,50;5259,00;5257,50;5258,50;157750,00;3
WDOV26;18/08/2026;09:59:00;5257,00;5257,00;5257,00;5257,00;367990,00;7
WDOV26;18/08/2026;09:58:00;5258,00;5258,00;5257,00;5257,00;157730,00;3
WDOV26;18/08/2026;09:53:00;5257,50;5257,50;5257,50;5257,50;105150,00;2
WDOV26;18/08/2026;09:52:00;5257,00;5257,50;5257,00;5257,50;210295,00;4
WDOV26;18/08/2026;09:51:00;5257,50;5258,00;5256,00;5258,00;368000,00;7
WDOV26;18/08/2026;09:45:00;5258,50;5258,50;5258,50;5258,50;52585,00;1
WDOV26;18/08/2026;09:41:00;5261,50;5261,50;5261,50;5261,50;52615,00;1
WDOV26;18/08/2026;09:39:00;5260,00;5260,00;5260,00;5260,00;52600,00;1
WDOV26;18/08/2026;09:37:00;5259,00;5259,00;5259,00;5259,00;105180,00;2
WDOV26;18/08/2026;09:36:00;5258,50;5258,50;5258,50;5258,50;262925,00;5
WDOV26;18/08/2026;09:35:00;5258,50;5258,50;5258,50;5258,50;52585,00;1
WDOV26;18/08/2026;09:33:00;5260,50;5260,50;5260,50;5260,50;52605,00;1
WDOV26;18/08/2026;09:32:00;5259,00;5259,00;5259,00;5259,00;52590,00;1
WDOV26;18/08/2026;09:29:00;5260,00;5260,50;5260,00;5260,50;105205,00;2
WDOV26;18/08/2026;09:27:00;5260,00;5261,00;5260,00;5260,50;157815,00;3
WDOV26;18/08/2026;09:26:00;5258,00;5258,00;5258,00;5258,00;52580,00;1
WDOV26;18/08/2026;09:25:00;5258,50;5259,00;5258,50;5258,50;525855,00;10
WDOV26;18/08/2026;09:24:00;5257,50;5258,00;5257,50;5258,00;262885,00;5
WDOV26;18/08/2026;09:22:00;5256,50;5256,50;5256,50;5256,50;473085,00;9
WDOV26;18/08/2026;09:21:00;5254,50;5256,00;5254,50;5256,00;2101820,00;40
WDOV26;18/08/2026;09:20:00;5254,00;5255,00;5254,00;5255,00;105090,00;2
WDOV26;18/08/2026;09:19:00;5255,50;5255,50;5255,00;5255,00;105105,00;2
WDOV26;18/08/2026;09:17:00;5253,50;5253,50;5253,50;5253,50;315210,00;6
WDOV26;18/08/2026;09:16:00;5252,50;5253,50;5251,50;5253,50;210100,00;4
WDOV26;18/08/2026;09:15:00;5255,00;5255,00;5252,00;5252,00;945390,00;18
WDOV26;18/08/2026;09:14:00;5257,00;5257,00;5256,00;5256,00;367980,00;7
WDOV26;18/08/2026;09:13:00;5256,50;5256,50;5256,50;5256,50;52565,00;1
WDOV26;18/08/2026;09:12:00;5256,50;5257,00;5256,50;5257,00;105135,00;2
WDOV26;18/08/2026;09:11:00;5257,00;5257,00;5257,00;5257,00;52570,00;1
WDOV26;18/08/2026;09:10:00;5258,50;5259,00;5258,50;5259,00;105175,00;2
WDOV26;18/08/2026;09:09:00;5258,50;5258,50;5257,50;5258,50;262900,00;5
WDOV26;18/08/2026;09:08:00;5257,50;5257,50;5257,50;5257,50;157725,00;3
WDOV26;18/08/2026;09:07:00;5257,50;5257,50;5257,50;5257,50;52575,00;1
WDOV26;18/08/2026;09:06:00;5258,00;5258,50;5258,00;5258,50;1051675,00;20
WDOV26;18/08/2026;09:04:00;5262,50;5262,50;5260,00;5260,00;368280,00;7
WDOV26;18/08/2026;09:03:00;5267,00;5267,00;5265,00;5265,00;263330,00;5
WDOV26;18/08/2026;09:02:00;5265,50;5265,50;5265,00;5265,00;105305,00;2
WDOV26;18/08/2026;09:01:00;5261,00;5267,00;5260,00;5267,00;684185,00;13
WDOV26;18/08/2026;09:00:00;5252,50;5262,50;5252,50;5262,50;105150,00;2
WDOV26;17/08/2026;18:29:00;5257,50;5257,50;5257,50;5257,50;210300,00;4
WDOV26;17/08/2026;18:28:00;5257,50;5258,00;5257,50;5258,00;1472170,00;28
WDOV26;17/08/2026;18:25:00;5256,00;5257,00;5256,00;5257,00;788515,00;15
WDOV26;17/08/2026;18:22:00;5256,50;5256,50;5256,50;5256,50;105130,00;2
WDOV26;17/08/2026;18:21:00;5256,00;5256,50;5255,50;5256,50;210240,00;4
WDOV26;17/08/2026;18:20:00;5256,50;5256,50;5256,50;5256,50;630780,00;12
WDOV26;17/08/2026;18:19:00;5256,00;5256,00;5256,00;5256,00;52560,00;1
WDOV26;17/08/2026;18:17:00;5255,00;5255,50;5255,00;5255,50;210210,00;4
WDOV26;17/08/2026;18:16:00;5254,50;5254,50;5254,00;5254,00;210165,00;4
WDOV26;17/08/2026;18:15:00;5254,00;5254,00;5254,00;5254,00;52540,00;1
WDOV26;17/08/2026;18:13:00;5255,00;5255,00;5255,00;5255,00;105100,00;2
WDOV26;17/08/2026;18:08:00;5256,00;5256,00;5256,00;5256,00;52560,00;1
WDOV26;17/08/2026;18:05:00;5255,50;5255,50;5255,50;5255,50;105110,00;2
WDOV26;17/08/2026;18:04:00;5256,00;5256,00;5256,00;5256,00;157680,00;3
WDOV26;17/08/2026;18:03:00;5256,00;5256,00;5256,00;5256,00;157680,00;3
WDOV26;17/08/2026;18:02:00;5255,50;5256,00;5255,50;5256,00;315355,00;6
WDOV26;17/08/2026;18:01:00;5255,50;5255,50;5255,50;5255,50;52555,00;1
WDOV26;17/08/2026;17:58:00;5254,50;5255,00;5254,50;5254,50;472940,00;9
WDOV26;17/08/2026;17:46:00;5253,50;5253,50;5253,50;5253,50;157605,00;3
WDOV26;17/08/2026;17:45:00;5253,00;5253,00;5253,00;5253,00;157590,00;3
WDOV26;17/08/2026;17:43:00;5254,00;5254,00;5254,00;5254,00;52540,00;1
WDOV26;17/08/2026;17:32:00;5255,00;5255,50;5255,00;5255,50;578100,00;11
WDOV26;17/08/2026;17:31:00;5255,00;5255,00;5255,00;5255,00;105100,00;2
WDOV26;17/08/2026;17:23:00;5255,00;5255,00;5255,00;5255,00;52550,00;1
WDOV26;17/08/2026;17:22:00;5254,00;5254,00;5254,00;5254,00;52540,00;1
WDOV26;17/08/2026;17:20:00;5254,00;5254,00;5254,00;5254,00;157620,00;3
WDOV26;17/08/2026;17:17:00;5255,00;5255,00;5255,00;5255,00;210200,00;4
WDOV26;17/08/2026;17:16:00;5254,00;5254,00;5254,00;5254,00;367780,00;7
WDOV26;17/08/2026;17:14:00;5254,50;5254,50;5254,00;5254,00;683025,00;13
WDOV26;17/08/2026;17:12:00;5254,00;5254,00;5254,00;5254,00;52540,00;1
WDOV26;17/08/2026;17:10:00;5253,50;5253,50;5253,50;5253,50;52535,00;1
WDOV26;17/08/2026;17:06:00;5254,00;5254,00;5254,00;5254,00;105080,00;2
WDOV26;17/08/2026;17:04:00;5255,50;5255,50;5255,50;5255,50;52555,00;1
WDOV26;17/08/2026;17:03:00;5255,50;5256,00;5255,50;5256,00;893505,00;17
WDOV26;17/08/2026;17:02:00;5254,00;5255,50;5254,00;5255,50;157650,00;3
WDOV26;17/08/2026;17:01:00;5254,00;5254,50;5254,00;5254,50;105085,00;2
WDOV26;17/08/2026;17:00:00;5252,50;5253,50;5252,50;5253,50;157585,00;3
WDOV26;17/08/2026;16:59:00;5253,00;5253,00;5253,00;5253,00;157590,00;3
WDOV26;17/08/2026;16:58:00;5252,50;5252,50;5252,50;5252,50;105050,00;2
WDOV26;17/08/2026;16:57:00;5252,00;5252,00;5252,00;5252,00;105040,00;2
WDOV26;17/08/2026;16:55:00;5253,00;5253,00;5253,00;5253,00;52530,00;1
WDOV26;17/08/2026;16:54:00;5252,00;5252,00;5252,00;5252,00;210080,00;4
WDOV26;17/08/2026;16:53:00;5253,00;5253,00;5252,50;5252,50;157585,00;3
WDOV26;17/08/2026;16:51:00;5252,00;5252,00;5252,00;5252,00;105040,00;2
WDOV26;17/08/2026;16:50:00;5251,50;5251,50;5251,50;5251,50;157545,00;3
WDOV26;17/08/2026;16:48:00;5250,50;5250,50;5250,50;5250,50;52505,00;1
WDOV26;17/08/2026;16:47:00;5250,50;5250,50;5250,00;5250,00;210015,00;4
WDOV26;17/08/2026;16:46:00;5250,00;5250,00;5250,00;5250,00;52500,00;1
WDOV26;17/08/2026;16:43:00;5251,50;5251,50;5251,50;5251,50;52515,00;1
WDOV26;17/08/2026;16:42:00;5250,50;5250,50;5250,50;5250,50;157515,00;3
WDOV26;17/08/2026;16:41:00;5251,50;5251,50;5251,50;5251,50;210060,00;4
WDOV26;17/08/2026;16:40:00;5250,50;5250,50;5250,50;5250,50;315030,00;6
WDOV26;17/08/2026;16:39:00;5251,50;5251,50;5251,00;5251,00;157540,00;3
WDOV26;17/08/2026;16:38:00;5252,00;5252,00;5252,00;5252,00;105040,00;2
WDOV26;17/08/2026;16:36:00;5251,50;5252,00;5251,50;5252,00;157555,00;3
WDOV26;17/08/2026;16:35:00;5252,00;5252,50;5252,00;5252,50;105045,00;2
WDOV26;17/08/2026;16:31:00;5251,00;5251,00;5250,50;5251,00;420060,00;8
WDOV26;17/08/2026;16:29:00;5250,50;5251,00;5250,50;5251,00;210035,00;4
WDOV26;17/08/2026;16:28:00;5251,00;5251,00;5249,50;5249,50;262520,00;5
WDOV26;17/08/2026;16:27:00;5252,00;5252,00;5252,00;5252,00;52520,00;1
WDOV26;17/08/2026;16:26:00;5252,00;5252,00;5251,00;5251,00;105030,00;2
WDOV26;17/08/2026;16:24:00;5252,00;5252,00;5251,00;5251,00;630160,00;12
WDOV26;17/08/2026;16:23:00;5253,00;5253,00;5253,00;5253,00;52530,00;1
WDOV26;17/08/2026;16:22:00;5252,50;5252,50;5252,50;5252,50;52525,00;1
WDOV26;17/08/2026;16:21:00;5252,00;5252,00;5252,00;5252,00;52520,00;1
WDOV26;17/08/2026;16:20:00;5252,50;5252,50;5252,50;5252,50;105050,00;2
WDOV26;17/08/2026;16:17:00;5252,00;5253,00;5252,00;5253,00;157575,00;3
WDOV26;17/08/2026;16:13:00;5253,50;5253,50;5253,00;5253,00;157595,00;3
WDOV26;17/08/2026;16:11:00;5254,00;5254,00;5254,00;5254,00;105080,00;2
WDOV26;17/08/2026;16:09:00;5253,00;5253,00;5253,00;5253,00;52530,00;1
WDOV26;17/08/2026;16:08:00;5253,00;5253,00;5253,00;5253,00;105060,00;2
WDOV26;17/08/2026;16:07:00;5253,50;5253,50;5253,00;5253,00;472790,00;9
WDOV26;17/08/2026;16:04:00;5253,50;5253,50;5253,50;5253,50;52535,00;1
WDOV26;17/08/2026;16:02:00;5251,50;5252,00;5251,50;5252,00;105035,00;2
WDOV26;17/08/2026;16:01:00;5252,00;5252,00;5252,00;5252,00;52520,00;1
WDOV26;17/08/2026;16:00:00;5252,50;5252,50;5252,50;5252,50;105050,00;2
WDOV26;17/08/2026;15:59:00;5252,50;5252,50;5252,50;5252,50;157575,00;3
WDOV26;17/08/2026;15:57:00;5253,50;5253,50;5253,00;5253,00;105065,00;2
WDOV26;17/08/2026;15:55:00;5251,50;5252,00;5251,50;5252,00;262580,00;5
WDOV26;17/08/2026;15:53:00;5251,50;5251,50;5251,00;5251,00;210050,00;4
WDOV26;17/08/2026;15:51:00;5251,50;5251,50;5251,50;5251,50;52515,00;1
WDOV26;17/08/2026;15:50:00;5252,00;5252,00;5252,00;5252,00;262600,00;5
WDOV26;17/08/2026;15:49:00;5253,50;5253,50;5253,50;5253,50;52535,00;1
WDOV26;17/08/2026;15:48:00;5254,00;5254,50;5254,00;5254,50;105085,00;2
WDOV26;17/08/2026;15:46:00;5254,00;5254,00;5254,00;5254,00;52540,00;1
WDOV26;17/08/2026;15:42:00;5254,50;5254,50;5254,50;5254,50;52545,00;1
WDOV26;17/08/2026;15:41:00;5254,00;5254,00;5254,00;5254,00;52540,00;1
WDOV26;17/08/2026;15:40:00;5252,50;5253,00;5252,50;5253,00;157585,00;3
WDOV26;17/08/2026;15:39:00;5253,50;5253,50;5253,00;5253,00;105065,00;2
WDOV26;17/08/2026;15:38:00;5254,00;5254,00;5254,00;5254,00;420320,00;8
WDOV26;17/08/2026;15:37:00;5254,00;5254,00;5254,00;5254,00;52540,00;1
WDOV26;17/08/2026;15:36:00;5254,00;5254,00;5254,00;5254,00;157620,00;3
WDOV26;17/08/2026;15:35:00;5254,00;5254,00;5254,00;5254,00;52540,00;1
WDOV26;17/08/2026;15:34:00;5253,00;5254,50;5253,00;5254,50;420290,00;8
WDOV26;17/08/2026;15:33:00;5252,00;5252,00;5252,00;5252,00;2626000,00;50
WDOV26;17/08/2026;15:23:00;5251,00;5251,00;5251,00;5251,00;52510,00;1
WDOV26;17/08/2026;15:22:00;5252,00;5252,00;5252,00;5252,00;52520,00;1
WDOV26;17/08/2026;15:21:00;5252,00;5252,00;5252,00;5252,00;52520,00;1
WDOV26;17/08/2026;15:05:00;5254,50;5254,50;5254,50;5254,50;52545,00;1
WDOV26;17/08/2026;14:59:00;5256,00;5256,00;5256,00;5256,00;52560,00;1
WDOV26;17/08/2026;14:54:00;5252,00;5252,00;5252,00;5252,00;52520,00;1
WDOV26;17/08/2026;14:52:00;5252,00;5252,00;5252,00;5252,00;52520,00;1
WDOV26;17/08/2026;14:48:00;5252,50;5252,50;5252,50;5252,50;105050,00;2
WDOV26;17/08/2026;14:47:00;5252,50;5252,50;5252,50;5252,50;52525,00;1
WDOV26;17/08/2026;14:46:00;5251,50;5251,50;5251,50;5251,50;52515,00;1
WDOV26;17/08/2026;14:45:00;5252,50;5252,50;5252,50;5252,50;472725,00;9
WDOV26;17/08/2026;14:39:00;5256,00;5256,00;5256,00;5256,00;105120,00;2
WDOV26;17/08/2026;14:37:00;5256,00;5256,00;5256,00;5256,00;262800,00;5
WDOV26;17/08/2026;14:36:00;5254,50;5256,50;5254,50;5255,00;630680,00;12
WDOV26;17/08/2026;14:35:00;5254,50;5254,50;5254,00;5254,00;105085,00;2
WDOV26;17/08/2026;14:30:00;5251,00;5251,00;5251,00;5251,00;105020,00;2
WDOV26;17/08/2026;14:25:00;5253,50;5253,50;5253,50;5253,50;52535,00;1
WDOV26;17/08/2026;14:24:00;5252,00;5253,00;5252,00;5253,00;105050,00;2
WDOV26;17/08/2026;14:23:00;5251,50;5252,50;5251,50;5252,50;157565,00;3
WDOV26;17/08/2026;14:22:00;5251,00;5251,00;5251,00;5251,00;52510,00;1
WDOV26;17/08/2026;14:18:00;5250,50;5250,50;5250,50;5250,50;52505,00;1
WDOV26;17/08/2026;14:17:00;5250,50;5250,50;5250,50;5250,50;157515,00;3
WDOV26;17/08/2026;14:15:00;5248,50;5248,50;5248,50;5248,50;52485,00;1
WDOV26;17/08/2026;14:14:00;5247,00;5247,00;5246,00;5246,00;996835,00;19
WDOV26;17/08/2026;14:13:00;5247,50;5247,50;5247,00;5247,00;262370,00;5
WDOV26;17/08/2026;14:12:00;5248,00;5248,00;5248,00;5248,00;472320,00;9
WDOV26;17/08/2026;14:11:00;5247,50;5248,00;5246,50;5248,00;314850,00;6
WDOV26;17/08/2026;14:10:00;5246,00;5247,50;5246,00;5247,50;314835,00;6
WDOV26;17/08/2026;14:08:00;5245,50;5247,00;5245,50;5247,00;367245,00;7
WDOV26;17/08/2026;14:07:00;5244,00;5245,50;5243,50;5245,50;314665,00;6
WDOV26;17/08/2026;14:06:00;5244,00;5244,00;5244,00;5244,00;52440,00;1
WDOV26;17/08/2026;14:04:00;5241,50;5242,00;5241,50;5242,00;262085,00;5
WDOV26;17/08/2026;14:02:00;5240,50;5240,50;5240,00;5240,00;419230,00;8
WDOV26;17/08/2026;13:59:00;5242,50;5242,50;5242,50;5242,50;104850,00;2
WDOV26;17/08/2026;13:53:00;5242,50;5242,50;5242,50;5242,50;104850,00;2
WDOV26;17/08/2026;13:52:00;5242,00;5242,00;5242,00;5242,00;209680,00;4
WDOV26;17/08/2026;13:51:00;5242,00;5242,00;5242,00;5242,00;104840,00;2
WDOV26;17/08/2026;13:48:00;5240,00;5240,00;5240,00;5240,00;52400,00;1
WDOV26;17/08/2026;13:45:00;5240,50;5240,50;5240,50;5240,50;52405,00;1
WDOV26;17/08/2026;13:39:00;5238,50;5238,50;5238,00;5238,00;157145,00;3
WDOV26;17/08/2026;13:32:00;5241,00;5241,00;5240,50;5240,50;157220,00;3
WDOV26;17/08/2026;13:31:00;5241,00;5242,00;5241,00;5242,00;419340,00;8
WDOV26;17/08/2026;13:28:00;5240,50;5240,50;5240,50;5240,50;52405,00;1
WDOV26;17/08/2026;13:26:00;5239,00;5239,00;5238,50;5238,50;209555,00;4
WDOV26;17/08/2026;13:05:00;5240,00;5240,00;5240,00;5240,00;52400,00;1
WDOV26;17/08/2026;13:02:00;5240,50;5240,50;5240,50;5240,50;52405,00;1
WDOV26;17/08/2026;13:00:00;5238,00;5240,00;5238,00;5240,00;838365,00;16
WDOV26;17/08/2026;12:59:00;5238,00;5238,00;5238,00;5238,00;52380,00;1
WDOV26;17/08/2026;12:58:00;5239,50;5239,50;5239,50;5239,50;104790,00;2
WDOV26;17/08/2026;12:54:00;5239,00;5239,00;5239,00;5239,00;52390,00;1
WDOV26;17/08/2026;12:53:00;5239,50;5240,50;5239,50;5240,50;209595,00;4
WDOV26;17/08/2026;12:51:00;5238,50;5239,50;5238,00;5239,50;261920,00;5
WDOV26;17/08/2026;12:48:00;5239,50;5239,50;5239,50;5239,50;52395,00;1
WDOV26;17/08/2026;12:46:00;5241,50;5241,50;5241,50;5241,50;52415,00;1
WDOV26;17/08/2026;12:45:00;5241,50;5241,50;5241,50;5241,50;52415,00;1
WDOV26;17/08/2026;12:44:00;5242,50;5243,00;5242,50;5242,50;209710,00;4
WDOV26;17/08/2026;12:41:00;5240,00;5240,00;5240,00;5240,00;209600,00;4
WDOV26;17/08/2026;12:39:00;5238,00;5238,00;5238,00;5238,00;52380,00;1
WDOV26;17/08/2026;12:37:00;5237,00;5237,00;5237,00;5237,00;209480,00;4
WDOV26;17/08/2026;12:35:00;5237,00;5237,00;5237,00;5237,00;209480,00;4
WDOV26;17/08/2026;12:33:00;5237,00;5237,00;5237,00;5237,00;1413990,00;27
WDOV26;17/08/2026;12:32:00;5235,50;5236,00;5235,50;5236,00;1256525,00;24
WDOV26;17/08/2026;12:31:00;5234,00;5234,00;5234,00;5234,00;209360,00;4
WDOV26;17/08/2026;12:26:00;5235,50;5235,50;5235,00;5235,50;418830,00;8
WDOV26;17/08/2026;12:24:00;5239,50;5239,50;5239,00;5239,00;471550,00;9
WDOV26;17/08/2026;12:21:00;5240,50;5240,50;5240,50;5240,50;52405,00;1
WDOV26;17/08/2026;12:19:00;5241,00;5241,00;5241,00;5241,00;52410,00;1
WDOV26;17/08/2026;12:18:00;5241,50;5241,50;5240,00;5240,00;366890,00;7
WDOV26;17/08/2026;12:14:00;5238,50;5239,50;5238,00;5239,50;314300,00;6
WDOV26;17/08/2026;12:12:00;5238,50;5238,50;5238,50;5238,50;104770,00;2
WDOV26;17/08/2026;12:11:00;5241,00;5241,00;5239,50;5240,00;262020,00;5
WDOV26;17/08/2026;12:10:00;5240,50;5240,50;5240,50;5240,50;104810,00;2
WDOV26;17/08/2026;12:08:00;5242,50;5242,50;5242,50;5242,50;157275,00;3
WDOV26;17/08/2026;12:04:00;5243,50;5244,00;5243,50;5243,50;629225,00;12
WDOV26;17/08/2026;12:03:00;5242,50;5242,50;5242,50;5242,50;52425,00;1
WDOV26;17/08/2026;12:02:00;5242,00;5242,50;5242,00;5242,50;104845,00;2
WDOV26;17/08/2026;12:01:00;5243,00;5243,00;5242,50;5242,50;157285,00;3
WDOV26;17/08/2026;12:00:00;5241,50;5243,50;5241,50;5243,50;2726040,00;52
WDOV26;17/08/2026;11:57:00;5240,00;5240,00;5240,00;5240,00;52400,00;1
WDOV26;17/08/2026;11:55:00;5241,50;5241,50;5241,50;5241,50;52415,00;1
WDOV26;17/08/2026;11:53:00;5240,00;5240,00;5240,00;5240,00;52400,00;1
WDOV26;17/08/2026;11:52:00;5239,00;5239,00;5239,00;5239,00;52390,00;1
WDOV26;17/08/2026;11:51:00;5238,00;5238,00;5238,00;5238,00;261900,00;5
WDOV26;17/08/2026;11:50:00;5238,00;5238,00;5238,00;5238,00;52380,00;1
WDOV26;17/08/2026;11:49:00;5239,50;5239,50;5239,50;5239,50;104790,00;2
WDOV26;17/08/2026;11:48:00;5239,50;5239,50;5239,50;5239,50;52395,00;1
WDOV26;17/08/2026;11:43:00;5239,00;5239,00;5239,00;5239,00;52390,00;1
WDOV26;17/08/2026;11:42:00;5240,00;5240,00;5240,00;5240,00;52400,00;1
WDOV26;17/08/2026;11:41:00;5240,00;5240,00;5240,00;5240,00;52400,00;1
WDOV26;17/08/2026;11:39:00;5240,50;5241,00;5240,50;5241,00;262040,00;5
WDOV26;17/08/2026;11:38:00;5238,00;5240,00;5238,00;5240,00;576290,00;11
WDOV26;17/08/2026;11:37:00;5238,00;5238,00;5238,00;5238,00;52380,00;1
WDOV26;17/08/2026;11:36:00;5237,00;5237,00;5237,00;5237,00;52370,00;1
WDOV26;17/08/2026;11:35:00;5235,50;5235,50;5235,50;5235,50;471195,00;9
WDOV26;17/08/2026;11:34:00;5237,00;5237,00;5234,00;5235,50;5496015,00;105
WDOV26;17/08/2026;11:33:00;5238,50;5238,50;5236,00;5236,00;157105,00;3
WDOV26;17/08/2026;11:32:00;5238,50;5238,50;5238,50;5238,50;419080,00;8
WDOV26;17/08/2026;11:31:00;5236,50;5236,50;5236,00;5236,00;157090,00;3
WDOV26;17/08/2026;11:30:00;5240,00;5240,00;5237,00;5237,00;1099950,00;21
WDOV26;17/08/2026;11:29:00;5241,50;5241,50;5240,50;5240,50;524080,00;10
WDOV26;17/08/2026;11:27:00;5244,00;5244,00;5244,00;5244,00;52440,00;1
WDOV26;17/08/2026;11:26:00;5242,50;5243,50;5242,50;5243,50;209710,00;4
WDOV26;17/08/2026;11:25:00;5243,00;5243,00;5243,00;5243,00;104860,00;2
WDOV26;17/08/2026;11:22:00;5245,00;5245,00;5245,00;5245,00;104900,00;2
WDOV26;17/08/2026;11:21:00;5243,50;5243,50;5243,50;5243,50;104870,00;2
WDOV26;17/08/2026;11:20:00;5241,50;5243,50;5241,50;5243,50;209705,00;4
WDOV26;17/08/2026;11:19:00;5247,00;5247,00;5242,50;5242,50;839345,00;16
WDOV26;17/08/2026;11:18:00;5248,50;5248,50;5246,50;5246,50;314855,00;6
WDOV26;17/08/2026;11:15:00;5249,50;5250,00;5248,50;5249,00;419935,00;8
WDOV26;17/08/2026;11:14:00;5251,00;5251,00;5250,00;5250,00;262520,00;5
WDOV26;17/08/2026;11:13:00;5253,00;5253,00;5253,00;5253,00;105060,00;2
WDOV26;17/08/2026;11:12:00;5253,00;5253,00;5253,00;5253,00;52530,00;1
WDOV26;17/08/2026;11:10:00;5253,00;5254,00;5253,00;5254,00;315195,00;6
WDOV26;17/08/2026;11:09:00;5255,00;5255,00;5255,00;5255,00;52550,00;1
WDOV26;17/08/2026;11:08:00;5257,50;5257,50;5257,00;5257,00;157720,00;3
WDOV26;17/08/2026;11:06:00;5258,50;5259,00;5258,50;5259,00;105175,00;2
WDOV26;17/08/2026;11:05:00;5259,50;5259,50;5258,00;5258,00;315540,00;6
WDOV26;17/08/2026;11:04:00;5260,00;5260,00;5260,00;5260,00;105200,00;2
WDOV26;17/08/2026;11:03:00;5261,00;5261,00;5261,00;5261,00;105220,00;2
WDOV26;17/08/2026;11:02:00;5261,00;5261,50;5261,00;5261,50;1104815,00;21
WDOV26;17/08/2026;10:59:00;5261,00;5261,00;5261,00;5261,00;52610,00;1
WDOV26;17/08/2026;10:58:00;5259,50;5260,00;5259,50;5260,00;105195,00;2
WDOV26;17/08/2026;10:57:00;5259,50;5259,50;5259,50;5259,50;52595,00;1
WDOV26;17/08/2026;10:55:00;5261,00;5261,00;5261,00;5261,00;52610,00;1
WDOV26;17/08/2026;10:54:00;5261,50;5261,50;5261,50;5261,50;52615,00;1
WDOV26;17/08/2026;10:52:00;5260,50;5260,50;5260,50;5260,50;52605,00;1
WDOV26;17/08/2026;10:49:00;5263,50;5263,50;5263,00;5263,00;105265,00;2
WDOV26;17/08/2026;10:45:00;5268,00;5269,50;5266,50;5266,50;316085,00;6
WDOV26;17/08/2026;10:44:00;5268,00;5268,00;5268,00;5268,00;105360,00;2
WDOV26;17/08/2026;10:40:00;5264,50;5264,50;5264,50;5264,50;52645,00;1
WDOV26;17/08/2026;10:37:00;5262,50;5262,50;5262,50;5262,50;52625,00;1
WDOV26;17/08/2026;10:35:00;5258,50;5258,50;5258,50;5258,50;52585,00;1
WDOV26;17/08/2026;10:31:00;5259,50;5260,00;5259,50;5260,00;105195,00;2
WDOV26;17/08/2026;10:28:00;5261,50;5261,50;5261,50;5261,50;263075,00;5
WDOV26;17/08/2026;10:27:00;5261,50;5261,50;5261,50;5261,50;52615,00;1
WDOV26;17/08/2026;10:26:00;5260,50;5260,50;5260,50;5260,50;52605,00;1
WDOV26;17/08/2026;10:24:00;5260,50;5260,50;5260,00;5260,00;157810,00;3
WDOV26;17/08/2026;10:23:00;5260,50;5260,50;5260,50;5260,50;157815,00;3
WDOV26;17/08/2026;10:22:00;5258,00;5258,00;5257,50;5258,00;420635,00;8
WDOV26;17/08/2026;10:21:00;5257,50;5257,50;5257,50;5257,50;157725,00;3
WDOV26;17/08/2026;10:20:00;5257,00;5257,50;5256,50;5256,50;2050085,00;39
WDOV26;17/08/2026;10:19:00;5258,50;5259,00;5255,00;5257,00;946325,00;18
WDOV26;17/08/2026;10:18:00;5264,50;5264,50;5257,50;5260,00;4522070,00;86
WDOV26;17/08/2026;10:16:00;5264,00;5264,00;5264,00;5264,00;52640,00;1
WDOV26;17/08/2026;10:14:00;5265,50;5268,00;5265,00;5268,00;157985,00;3
WDOV26;17/08/2026;10:13:00;5265,50;5266,00;5265,50;5266,00;105315,00;2
WDOV26;17/08/2026;10:12:00;5266,00;5266,50;5265,00;5265,00;263285,00;5
WDOV26;17/08/2026;10:11:00;5266,50;5266,50;5266,00;5266,00;210650,00;4
WDOV26;17/08/2026;10:09:00;5268,00;5268,00;5268,00;5268,00;52680,00;1
WDOV26;17/08/2026;10:08:00;5270,00;5270,00;5270,00;5270,00;210800,00;4
WDOV26;17/08/2026;10:07:00;5270,00;5270,00;5269,50;5269,50;105395,00;2
WDOV26;17/08/2026;10:06:00;5270,00;5270,00;5270,00;5270,00;52700,00;1
WDOV26;17/08/2026;10:05:00;5269,00;5269,00;5269,00;5269,00;158070,00;3
WDOV26;17/08/2026;10:04:00;5271,00;5271,00;5271,00;5271,00;105420,00;2
WDOV26;17/08/2026;10:03:00;5271,00;5272,00;5271,00;5271,50;158145,00;3
WDOV26;17/08/2026;10:02:00;5269,00;5269,00;5269,00;5269,00;52690,00;1
WDOV26;17/08/2026;10:01:00;5270,00;5270,00;5269,50;5269,50;105395,00;2
WDOV26;17/08/2026;10:00:00;5265,50;5265,50;5265,50;5265,50;52655,00;1
WDOV26;17/08/2026;09:59:00;5268,00;5268,50;5264,00;5264,00;526690,00;10
WDOV26;17/08/2026;09:57:00;5268,50;5268,50;5266,50;5266,50;474085,00;9
WDOV26;17/08/2026;09:56:00;5269,50;5269,50;5269,50;5269,50;105390,00;2
WDOV26;17/08/2026;09:52:00;5274,00;5274,00;5272,50;5272,50;369100,00;7
WDOV26;17/08/2026;09:51:00;5272,50;5275,00;5272,50;5273,50;2742515,00;52
WDOV26;17/08/2026;09:48:00;5269,50;5269,50;5267,50;5268,50;210730,00;4
WDOV26;17/08/2026;09:43:00;5270,50;5270,50;5270,50;5270,50;52705,00;1
WDOV26;17/08/2026;09:42:00;5269,00;5270,00;5268,50;5270,00;158075,00;3
WDOV26;17/08/2026;09:41:00;5269,50;5269,50;5269,50;5269,50;52695,00;1
WDOV26;17/08/2026;09:40:00;5270,50;5272,00;5270,50;5270,50;737985,00;14
WDOV26;17/08/2026;09:39:00;5270,50;5271,50;5270,50;5271,00;316250,00;6
WDOV26;17/08/2026;09:38:00;5269,00;5271,50;5269,00;5271,50;263515,00;5
WDOV26;17/08/2026;09:37:00;5268,50;5270,50;5268,50;5269,50;685000,00;13
WDOV26;17/08/2026;09:35:00;5267,00;5267,00;5267,00;5267,00;52670,00;1
WDOV26;17/08/2026;09:34:00;5267,00;5267,00;5267,00;5267,00;105340,00;2
WDOV26;17/08/2026;09:33:00;5269,00;5269,00;5269,00;5269,00;52690,00;1
WDOV26;17/08/2026;09:32:00;5267,50;5269,00;5267,50;5269,00;210745,00;4
WDOV26;17/08/2026;09:30:00;5267,50;5267,50;5267,50;5267,50;52675,00;1
WDOV26;17/08/2026;09:29:00;5264,50;5267,00;5264,50;5267,00;263300,00;5
WDOV26;17/08/2026;09:27:00;5267,00;5267,00;5266,50;5267,00;579330,00;11
WDOV26;17/08/2026;09:26:00;5264,00;5267,50;5264,00;5267,50;1263585,00;24
WDOV26;17/08/2026;09:23:00;5262,00;5262,00;5262,00;5262,00;157860,00;3
WDOV26;17/08/2026;09:22:00;5261,50;5261,50;5261,50;5261,50;105230,00;2
WDOV26;17/08/2026;09:21:00;5262,00;5262,50;5260,50;5261,00;526210,00;10
WDOV26;17/08/2026;09:19:00;5264,00;5264,00;5264,00;5264,00;368480,00;7
WDOV26;17/08/2026;09:18:00;5263,50;5263,50;5263,50;5263,50;105270,00;2
WDOV26;17/08/2026;09:15:00;5263,00;5264,50;5263,00;5264,50;105275,00;2
WDOV26;17/08/2026;09:14:00;5263,00;5264,00;5263,00;5264,00;105270,00;2
WDOV26;17/08/2026;09:13:00;5263,00;5265,00;5263,00;5265,00;263205,00;5
WDOV26;17/08/2026;09:12:00;5261,50;5261,50;5261,00;5261,00;210455,00;4
WDOV26;17/08/2026;09:10:00;5261,50;5261,50;5261,50;5261,50;368305,00;7
WDOV26;17/08/2026;09:09:00;5261,00;5262,00;5261,00;5261,50;157845,00;3
WDOV26;17/08/2026;09:08:00;5260,50;5261,50;5260,50;5261,00;946965,00;18
WDOV26;17/08/2026;09:07:00;5263,00;5263,50;5259,00;5259,50;1209815,00;23
WDOV26;17/08/2026;09:06:00;5260,00;5260,50;5260,00;5260,50;210415,00;4
WDOV26;17/08/2026;09:05:00;5258,00;5259,50;5257,50;5259,00;525880,00;10
WDOV26;17/08/2026;09:04:00;5259,50;5260,50;5259,00;5259,00;578575,00;11
WDOV26;17/08/2026;09:03:00;5259,50;5260,50;5257,00;5257,50;4732200,00;90
WDOV26;17/08/2026;09:02:00;5262,00;5262,00;5260,00;5260,00;1209935,00;23
WDOV26;17/08/2026;09:01:00;5266,00;5266,00;5265,00;5265,50;947795,00;18
WDOV26;17/08/2026;09:00:00;5269,00;5269,00;5267,00;5267,00;737540,00;14
WDOV26;14/08/2026;18:29:00;5269,00;5269,00;5269,00;5269,00;316140,00;6
WDOV26;14/08/2026;18:28:00;5270,00;5270,00;5270,00;5270,00;4321400,00;82
WDOV26;14/08/2026;18:27:00;5270,00;5270,00;5270,00;5270,00;1001300,00;19
WDOV26;14/08/2026;18:25:00;5272,50;5272,50;5272,00;5272,50;474510,00;9
WDOV26;14/08/2026;18:22:00;5272,00;5272,00;5272,00;5272,00;52720,00;1
WDOV26;14/08/2026;18:21:00;5270,50;5272,00;5270,50;5272,00;1001660,00;19
WDOV26;14/08/2026;18:20:00;5270,00;5270,00;5270,00;5270,00;105400,00;2
WDOV26;14/08/2026;18:19:00;5270,00;5270,00;5270,00;5270,00;105400,00;2
WDOV26;14/08/2026;18:17:00;5271,00;5271,00;5271,00;5271,00;158130,00;3
WDOV26;14/08/2026;18:13:00;5271,50;5271,50;5271,50;5271,50;158145,00;3
WDOV26;14/08/2026;18:12:00;5272,50;5273,00;5271,50;5271,50;1370730,00;26
WDOV26;14/08/2026;17:58:00;5277,00;5277,50;5277,00;5277,50;158320,00;3
WDOV26;14/08/2026;17:57:00;5277,00;5277,00;5277,00;5277,00;158310,00;3
WDOV26;14/08/2026;17:56:00;5277,00;5277,00;5277,00;5277,00;52770,00;1
WDOV26;14/08/2026;17:55:00;5276,00;5277,00;5275,50;5277,00;527570,00;10
WDOV26;14/08/2026;17:53:00;5275,50;5275,50;5275,50;5275,50;316530,00;6
WDOV26;14/08/2026;17:50:00;5275,00;5277,00;5274,50;5277,00;685765,00;13
WDOV26;14/08/2026;17:45:00;5272,00;5272,00;5272,00;5272,00;527200,00;10
WDOV26;14/08/2026;17:42:00;5272,50;5273,00;5272,50;5273,00;1001820,00;19
WDOV26;14/08/2026;17:41:00;5272,00;5272,00;5272,00;5272,00;105440,00;2
WDOV26;14/08/2026;17:38:00;5272,00;5272,00;5272,00;5272,00;52720,00;1
WDOV26;14/08/2026;17:34:00;5274,00;5274,00;5274,00;5274,00;52740,00;1
WDOV26;14/08/2026;17:33:00;5274,00;5274,00;5274,00;5274,00;52740,00;1
WDOV26;14/08/2026;17:32:00;5273,00;5273,00;5273,00;5273,00;52730,00;1
WDOV26;14/08/2026;17:26:00;5274,50;5274,50;5274,50;5274,50;52745,00;1
WDOV26;14/08/2026;17:24:00;5274,00;5274,00;5272,50;5272,50;632755,00;12
WDOV26;14/08/2026;17:20:00;5274,50;5275,50;5274,50;5275,50;105500,00;2
WDOV26;14/08/2026;17:19:00;5274,50;5274,50;5274,50;5274,50;52745,00;1
WDOV26;14/08/2026;17:18:00;5274,00;5274,00;5274,00;5274,00;52740,00;1
WDOV26;14/08/2026;17:13:00;5274,00;5274,00;5274,00;5274,00;105480,00;2
WDOV26;14/08/2026;17:08:00;5273,00;5273,00;5273,00;5273,00;52730,00;1
WDOV26;14/08/2026;17:06:00;5273,00;5274,50;5273,00;5274,50;105475,00;2
WDOV26;14/08/2026;17:04:00;5272,00;5272,00;5270,50;5271,00;685235,00;13
WDOV26;14/08/2026;16:54:00;5276,00;5276,00;5276,00;5276,00;52760,00;1
WDOV26;14/08/2026;16:53:00;5274,00;5274,00;5274,00;5274,00;52740,00;1
WDOV26;14/08/2026;16:51:00;5275,00;5275,00;5275,00;5275,00;211000,00;4
WDOV26;14/08/2026;16:50:00;5272,50;5272,50;5272,50;5272,50;105450,00;2
WDOV26;14/08/2026;16:49:00;5275,00;5275,00;5274,00;5274,00;474730,00;9
WDOV26;14/08/2026;16:46:00;5277,00;5277,00;5277,00;5277,00;52770,00;1
WDOV26;14/08/2026;16:42:00;5276,00;5276,00;5276,00;5276,00;105520,00;2
WDOV26;14/08/2026;16:41:00;5277,00;5277,00;5276,50;5276,50;158305,00;3
WDOV26;14/08/2026;16:35:00;5277,00;5277,50;5277,00;5277,50;105545,00;2
WDOV26;14/08/2026;16:34:00;5277,00;5277,00;5277,00;5277,00;52770,00;1
WDOV26;14/08/2026;16:33:00;5278,00;5278,00;5278,00;5278,00;52780,00;1
WDOV26;14/08/2026;16:28:00;5278,00;5278,00;5278,00;5278,00;316680,00;6
WDOV26;14/08/2026;16:27:00;5277,00;5277,00;5277,00;5277,00;105540,00;2
WDOV26;14/08/2026;16:25:00;5279,50;5279,50;5279,50;5279,50;52795,00;1
WDOV26;14/08/2026;16:22:00;5281,00;5281,00;5281,00;5281,00;52810,00;1
WDOV26;14/08/2026;16:21:00;5281,50;5281,50;5281,50;5281,50;105630,00;2
WDOV26;14/08/2026;16:19:00;5281,00;5281,00;5281,00;5281,00;105620,00;2
WDOV26;14/08/2026;16:17:00;5281,00;5281,00;5281,00;5281,00;52810,00;1
WDOV26;14/08/2026;16:16:00;5282,00;5282,00;5282,00;5282,00;52820,00;1
WDOV26;14/08/2026;16:14:00;5281,00;5281,00;5281,00;5281,00;105620,00;2
WDOV26;14/08/2026;16:07:00;5283,50;5283,50;5283,50;5283,50;52835,00;1
WDOV26;14/08/2026;16:03:00;5281,00;5281,00;5281,00;5281,00;52810,00;1
WDOV26;14/08/2026;16:00:00;5282,00;5282,00;5281,00;5281,00;264070,00;5
WDOV26;14/08/2026;15:59:00;5283,50;5284,00;5283,50;5284,00;317035,00;6
WDOV26;14/08/2026;15:56:00;5281,00;5281,00;5281,00;5281,00;52810,00;1
WDOV26;14/08/2026;15:51:00;5278,00;5278,00;5278,00;5278,00;105560,00;2
WDOV26;14/08/2026;15:50:00;5275,50;5277,00;5275,50;5277,00;105525,00;2
WDOV26;14/08/2026;15:49:00;5277,50;5277,50;5275,50;5275,50;158285,00;3
WDOV26;14/08/2026;15:48:00;5278,50;5278,50;5276,50;5277,50;263880,00;5
WDOV26;14/08/2026;15:47:00;5278,50;5278,50;5278,50;5278,50;52785,00;1
WDOV26;14/08/2026;15:46:00;5280,50;5280,50;5280,50;5280,50;52805,00;1
WDOV26;14/08/2026;15:45:00;5278,50;5278,50;5278,50;5278,50;52785,00;1
WDOV26;14/08/2026;15:43:00;5277,00;5278,50;5277,00;5278,50;1741485,00;33
WDOV26;14/08/2026;15:36:00;5279,00;5279,00;5277,00;5277,00;105560,00;2
WDOV26;14/08/2026;15:35:00;5279,50;5279,50;5279,00;5279,00;158380,00;3
WDOV26;14/08/2026;15:34:00;5281,50;5282,00;5279,00;5279,50;3379995,00;64
WDOV26;14/08/2026;15:30:00;5279,00;5279,00;5279,00;5279,00;52790,00;1
WDOV26;14/08/2026;15:28:00;5279,50;5279,50;5279,50;5279,50;105590,00;2
WDOV26;14/08/2026;15:27:00;5280,00;5280,00;5279,00;5279,00;211175,00;4
WDOV26;14/08/2026;15:26:00;5281,00;5281,00;5281,00;5281,00;105620,00;2
WDOV26;14/08/2026;15:25:00;5281,50;5281,50;5281,50;5281,50;52815,00;1
WDOV26;14/08/2026;15:24:00;5281,50;5281,50;5281,50;5281,50;158445,00;3
WDOV26;14/08/2026;15:23:00;5282,50;5282,50;5282,50;5282,50;52825,00;1
WDOV26;14/08/2026;15:19:00;5282,00;5282,50;5282,00;5282,50;105645,00;2
WDOV26;14/08/2026;15:18:00;5283,50;5283,50;5281,00;5281,50;739465,00;14
WDOV26;14/08/2026;15:17:00;5285,00;5285,00;5285,00;5285,00;52850,00;1
WDOV26;14/08/2026;15:15:00;5285,50;5285,50;5284,00;5284,00;211390,00;4
WDOV26;14/08/2026;15:13:00;5287,50;5287,50;5287,50;5287,50;52875,00;1
WDOV26;14/08/2026;15:12:00;5286,00;5286,00;5286,00;5286,00;105720,00;2
WDOV26;14/08/2026;15:10:00;5286,50;5286,50;5286,50;5286,50;52865,00;1
WDOV26;14/08/2026;15:09:00;5288,00;5288,00;5287,50;5287,50;105755,00;2
WDOV26;14/08/2026;15:08:00;5289,50;5289,50;5288,00;5288,00;264445,00;5
WDOV26;14/08/2026;15:05:00;5290,00;5290,00;5290,00;5290,00;52900,00;1
WDOV26;14/08/2026;15:04:00;5291,00;5291,00;5291,00;5291,00;105820,00;2
WDOV26;14/08/2026;15:03:00;5292,50;5292,50;5291,50;5291,50;740885,00;14
WDOV26;14/08/2026;14:53:00;5297,00;5297,00;5297,00;5297,00;52970,00;1
WDOV26;14/08/2026;14:52:00;5297,50;5297,50;5297,50;5297,50;158925,00;3
WDOV26;14/08/2026;14:49:00;5297,50;5297,50;5297,50;5297,50;52975,00;1
WDOV26;14/08/2026;14:48:00;5299,00;5299,00;5298,00;5298,00;158960,00;3
WDOV26;14/08/2026;14:45:00;5300,00;5300,00;5299,50;5299,50;105995,00;2
WDOV26;14/08/2026;14:44:00;5299,00;5299,00;5299,00;5299,00;105980,00;2
WDOV26;14/08/2026;14:43:00;5299,50;5299,50;5299,50;5299,50;317970,00;6
WDOV26;14/08/2026;14:42:00;5297,00;5297,00;5297,00;5297,00;52970,00;1
WDOV26;14/08/2026;14:41:00;5297,50;5297,50;5297,50;5297,50;211900,00;4
WDOV26;14/08/2026;14:40:00;5297,00;5297,00;5297,00;5297,00;52970,00;1
WDOV26;14/08/2026;14:39:00;5297,50;5297,50;5297,50;5297,50;370825,00;7
WDOV26;14/08/2026;14:38:00;5297,50;5297,50;5297,50;5297,50;158925,00;3
WDOV26;14/08/2026;14:37:00;5298,00;5298,00;5297,00;5297,00;317850,00;6
WDOV26;14/08/2026;14:36:00;5300,00;5300,00;5300,00;5300,00;53000,00;1
WDOV26;14/08/2026;14:35:00;5297,50;5297,50;5297,50;5297,50;52975,00;1
WDOV26;14/08/2026;14:33:00;5296,00;5296,00;5296,00;5296,00;105920,00;2
WDOV26;14/08/2026;14:32:00;5296,50;5296,50;5296,50;5296,50;52965,00;1
WDOV26;14/08/2026;14:30:00;5296,50;5296,50;5296,50;5296,50;264825,00;5
WDOV26;14/08/2026;14:28:00;5293,50;5293,50;5293,50;5293,50;476415,00;9
WDOV26;14/08/2026;14:27:00;5292,50;5292,50;5292,50;5292,50;52925,00;1
WDOV26;14/08/2026;14:26:00;5291,50;5291,50;5291,50;5291,50;52915,00;1
WDOV26;14/08/2026;14:24:00;5291,50;5291,50;5291,50;5291,50;52915,00;1
WDOV26;14/08/2026;14:20:00;5292,50;5292,50;5292,50;5292,50;105850,00;2
WDOV26;14/08/2026;14:11:00;5294,00;5294,00;5294,00;5294,00;105880,00;2
WDOV26;14/08/2026;14:10:00;5293,50;5293,50;5293,50;5293,50;105870,00;2
WDOV26;14/08/2026;14:08:00;5293,00;5293,00;5293,00;5293,00;52930,00;1
WDOV26;14/08/2026;14:07:00;5293,00;5293,00;5293,00;5293,00;105860,00;2
WDOV26;14/08/2026;14:06:00;5292,00;5293,00;5291,50;5293,00;2328320,00;44
WDOV26;14/08/2026;14:04:00;5292,50;5292,50;5292,50;5292,50;105850,00;2
WDOV26;14/08/2026;14:01:00;5291,50;5291,50;5291,50;5291,50;52915,00;1
WDOV26;14/08/2026;14:00:00;5290,00;5290,00;5290,00;5290,00;52900,00;1
WDOV26;14/08/2026;13:59:00;5289,50;5289,50;5289,50;5289,50;52895,00;1
WDOV26;14/08/2026;13:58:00;5290,00;5290,00;5290,00;5290,00;317400,00;6
WDOV26;14/08/2026;13:57:00;5292,00;5292,00;5292,00;5292,00;52920,00;1
WDOV26;14/08/2026;13:56:00;5293,00;5293,00;5293,00;5293,00;52930,00;1
WDOV26;14/08/2026;13:53:00;5293,00;5293,00;5293,00;5293,00;105860,00;2
WDOV26;14/08/2026;13:52:00;5293,50;5293,50;5293,50;5293,50;211740,00;4
WDOV26;14/08/2026;13:50:00;5293,50;5293,50;5293,50;5293,50;476415,00;9
WDOV26;14/08/2026;13:49:00;5293,50;5293,50;5293,50;5293,50;105870,00;2
WDOV26;14/08/2026;13:48:00;5293,50;5293,50;5293,50;5293,50;52935,00;1
WDOV26;14/08/2026;13:46:00;5293,00;5293,00;5293,00;5293,00;52930,00;1
WDOV26;14/08/2026;13:45:00;5294,00;5294,00;5294,00;5294,00;317640,00;6
WDOV26;14/08/2026;13:43:00;5294,50;5294,50;5294,00;5294,00;158825,00;3
WDOV26;14/08/2026;13:41:00;5293,50;5294,00;5293,50;5294,00;370565,00;7
WDOV26;14/08/2026;13:40:00;5292,50;5292,50;5292,50;5292,50;370475,00;7
WDOV26;14/08/2026;13:39:00;5293,50;5293,50;5293,00;5293,00;158800,00;3
WDOV26;14/08/2026;13:38:00;5294,00;5294,00;5294,00;5294,00;370580,00;7
WDOV26;14/08/2026;13:36:00;5293,50;5293,50;5293,00;5293,00;264660,00;5
WDOV26;14/08/2026;13:33:00;5296,50;5296,50;5295,50;5296,00;794400,00;15
WDOV26;14/08/2026;13:32:00;5298,50;5298,50;5298,00;5298,00;211930,00;4
WDOV26;14/08/2026;13:30:00;5296,00;5298,50;5296,00;5298,00;264865,00;5
WDOV26;14/08/2026;13:29:00;5297,00;5297,00;5295,50;5295,50;1695000,00;32
WDOV26;14/08/2026;13:28:00;5298,00;5298,00;5298,00;5298,00;105960,00;2
WDOV26;14/08/2026;13:27:00;5300,50;5300,50;5298,50;5298,50;317995,00;6
WDOV26;14/08/2026;13:25:00;5300,00;5300,00;5299,00;5299,00;423945,00;8
WDOV26;14/08/2026;13:20:00;5300,00;5300,50;5300,00;5300,50;106005,00;2
WDOV26;14/08/2026;13:19:00;5300,00;5300,00;5300,00;5300,00;53000,00;1
WDOV26;14/08/2026;13:18:00;5299,00;5299,00;5299,00;5299,00;52990,00;1
WDOV26;14/08/2026;13:17:00;5299,50;5299,50;5299,50;5299,50;158985,00;3
WDOV26;14/08/2026;13:16:00;5300,50;5300,50;5300,50;5300,50;53005,00;1
WDOV26;14/08/2026;13:15:00;5300,50;5300,50;5300,50;5300,50;53005,00;1
WDOV26;14/08/2026;13:12:00;5300,50;5302,50;5300,50;5302,50;212060,00;4
WDOV26;14/08/2026;13:11:00;5300,00;5300,00;5300,00;5300,00;265000,00;5
WDOV26;14/08/2026;13:08:00;5300,00;5300,00;5299,50;5299,50;158995,00;3
WDOV26;14/08/2026;13:03:00;5297,00;5297,00;5297,00;5297,00;105940,00;2
WDOV26;14/08/2026;13:02:00;5295,50;5296,00;5295,50;5296,00;211830,00;4
WDOV26;14/08/2026;12:58:00;5297,00;5297,00;5297,00;5297,00;52970,00;1
WDOV26;14/08/2026;12:57:00;5298,00;5298,00;5298,00;5298,00;52980,00;1
WDOV26;14/08/2026;12:51:00;5293,00;5295,00;5293,00;5295,00;529440,00;10
WDOV26;14/08/2026;12:49:00;5293,00;5293,00;5293,00;5293,00;52930,00;1
WDOV26;14/08/2026;12:48:00;5295,50;5295,50;5294,00;5294,00;1323660,00;25
WDOV26;14/08/2026;12:46:00;5293,50;5293,50;5293,00;5293,50;317605,00;6
WDOV26;14/08/2026;12:45:00;5295,00;5296,00;5295,00;5296,00;105910,00;2
WDOV26;14/08/2026;12:44:00;5292,50;5294,00;5292,00;5294,00;582240,00;11
WDOV26;14/08/2026;12:43:00;5292,00;5292,00;5292,00;5292,00;211680,00;4
WDOV26;14/08/2026;12:42:00;5291,00;5292,00;5291,00;5292,00;211660,00;4
WDOV26;14/08/2026;12:41:00;5290,00;5291,00;5290,00;5291,00;1534140,00;29
WDOV26;14/08/2026;12:40:00;5288,50;5290,00;5288,50;5290,00;581810,00;11
WDOV26;14/08/2026;12:39:00;5287,50;5288,00;5286,50;5287,00;1903360,00;36
WDOV26;14/08/2026;12:38:00;5286,00;5286,00;5286,00;5286,00;211440,00;4
WDOV26;14/08/2026;12:35:00;5285,50;5285,50;5285,00;5285,00;369975,00;7
WDOV26;14/08/2026;12:34:00;5287,50;5287,50;5287,00;5287,00;475870,00;9
WDOV26;14/08/2026;12:32:00;5290,00;5290,00;5290,00;5290,00;1322500,00;25
WDOV26;14/08/2026;12:31:00;5288,00;5288,00;5288,00;5288,00;52880,00;1
WDOV26;14/08/2026;12:30:00;5286,00;5286,00;5286,00;5286,00;52860,00;1
WDOV26;14/08/2026;12:29:00;5288,00;5288,00;5286,50;5286,50;105745,00;2
WDOV26;14/08/2026;12:28:00;5285,00;5287,50;5285,00;5287,50;211440,00;4
WDOV26;14/08/2026;12:27:00;5285,00;5286,00;5285,00;5286,00;105710,00;2
WDOV26;14/08/2026;12:26:00;5287,00;5287,00;5285,00;5285,00;3224380,00;61
WDOV26;14/08/2026;12:25:00;5281,50;5286,50;5281,50;5286,50;845525,00;16
WDOV26;14/08/2026;12:24:00;5278,50;5279,50;5278,50;5279,50;950215,00;18
WDOV26;14/08/2026;12:21:00;5275,50;5275,50;5275,50;5275,50;52755,00;1
WDOV26;14/08/2026;12:20:00;5277,00;5277,00;5276,00;5276,00;1266300,00;24
WDOV26;14/08/2026;12:19:00;5277,00;5277,50;5277,00;5277,00;686050,00;13
WDOV26;14/08/2026;12:17:00;5277,00;5277,00;5277,00;5277,00;211080,00;4
WDOV26;14/08/2026;12:16:00;5276,50;5276,50;5276,50;5276,50;52765,00;1
WDOV26;14/08/2026;12:15:00;5278,00;5278,00;5278,00;5278,00;52780,00;1
WDOV26;14/08/2026;12:14:00;5279,00;5279,00;5279,00;5279,00;52790,00;1
WDOV26;14/08/2026;12:12:00;5279,50;5279,50;5279,50;5279,50;52795,00;1
WDOV26;14/08/2026;12:11:00;5280,00;5280,00;5280,00;5280,00;316800,00;6
WDOV26;14/08/2026;12:10:00;5282,00;5282,00;5280,50;5280,50;316850,00;6
WDOV26;14/08/2026;12:09:00;5281,00;5283,50;5281,00;5283,50;1003665,00;19
WDOV26;14/08/2026;12:05:00;5277,50;5277,50;5277,50;5277,50;105550,00;2
WDOV26;14/08/2026;12:03:00;5278,50;5278,50;5278,50;5278,50;52785,00;1
WDOV26;14/08/2026;12:02:00;5279,00;5279,00;5279,00;5279,00;52790,00;1
WDOV26;14/08/2026;12:00:00;5280,50;5280,50;5280,50;5280,50;52805,00;1
WDOV26;14/08/2026;11:58:00;5279,50;5279,50;5279,50;5279,50;52795,00;1
WDOV26;14/08/2026;11:57:00;5278,00;5278,00;5277,50;5277,50;686125,00;13
WDOV26;14/08/2026;11:55:00;5276,50;5276,50;5276,00;5276,00;105525,00;2
WDOV26;14/08/2026;11:54:00;5277,00;5277,00;5277,00;5277,00;52770,00;1
WDOV26;14/08/2026;11:53:00;5275,50;5275,50;5275,00;5275,00;105505,00;2
WDOV26;14/08/2026;11:52:00;5275,50;5276,00;5275,00;5275,00;738605,00;14
WDOV26;14/08/2026;11:46:00;5273,50;5273,50;5273,00;5273,00;369115,00;7
WDOV26;14/08/2026;11:43:00;5275,50;5275,50;5275,00;5275,00;105505,00;2
WDOV26;14/08/2026;11:42:00;5277,00;5278,00;5277,00;5278,00;105550,00;2
WDOV26;14/08/2026;11:36:00;5275,50;5275,50;5274,00;5275,00;421975,00;8
WDOV26;14/08/2026;11:34:00;5274,00;5274,00;5273,00;5273,00;738285,00;14
WDOV26;14/08/2026;11:33:00;5273,00;5274,00;5273,00;5274,00;316425,00;6
WDOV26;14/08/2026;11:32:00;5272,50;5272,50;5272,50;5272,50;105450,00;2
WDOV26;14/08/2026;11:29:00;5274,50;5275,00;5274,50;5275,00;421965,00;8
WDOV26;14/08/2026;11:27:00;5277,00;5277,00;5276,00;5276,00;158295,00;3
WDOV26;14/08/2026;11:26:00;5275,00;5275,50;5275,00;5275,00;263765,00;5
WDOV26;14/08/2026;11:25:00;5277,50;5277,50;5276,00;5276,50;422120,00;8
WDOV26;14/08/2026;11:23:00;5278,00;5278,50;5277,00;5278,00;897190,00;17
WDOV26;14/08/2026;11:22:00;5278,50;5278,50;5277,50;5277,50;211110,00;4
WDOV26;14/08/2026;11:21:00;5279,50;5279,50;5279,50;5279,50;211180,00;4
WDOV26;14/08/2026;11:20:00;5279,50;5279,50;5279,50;5279,50;263975,00;5
WDOV26;14/08/2026;11:18:00;5278,50;5278,50;5277,00;5277,50;1688780,00;32
WDOV26;14/08/2026;11:17:00;5276,00;5276,00;5274,50;5274,50;316535,00;6
WDOV26;14/08/2026;11:14:00;5274,50;5274,50;5274,50;5274,50;52745,00;1
WDOV26;14/08/2026;11:13:00;5274,00;5274,00;5273,50;5274,00;316430,00;6
WDOV26;14/08/2026;11:12:00;5273,50;5274,00;5273,50;5274,00;263695,00;5
WDOV26;14/08/2026;11:11:00;5275,00;5275,00;5273,50;5274,00;632895,00;12
WDOV26;14/08/2026;11:08:00;5277,50;5277,50;5277,50;5277,50;52775,00;1
WDOV26;14/08/2026;11:07:00;5275,50;5278,00;5275,50;5278,00;316630,00;6
WDOV26;14/08/2026;11:06:00;5276,50;5276,50;5276,50;5276,50;52765,00;1
WDOV26;14/08/2026;11:05:00;5276,50;5276,50;5276,00;5276,00;474880,00;9
WDOV26;14/08/2026;11:04:00;5272,50;5272,50;5272,50;5272,50;105450,00;2
WDOV26;14/08/2026;11:02:00;5278,50;5278,50;5278,00;5278,00;211130,00;4
WDOV26;14/08/2026;11:01:00;5276,50;5278,50;5276,50;5278,50;211085,00;4
WDOV26;14/08/2026;11:00:00;5278,00;5278,00;5274,50;5275,50;2374785,00;45
WDOV26;14/08/2026;10:59:00;5275,50;5277,50;5275,50;5277,50;474870,00;9
WDOV26;14/08/2026;10:58:00;5274,50;5275,00;5274,50;5275,00;896745,00;17
WDOV26;14/08/2026;10:57:00;5275,00;5275,00;5275,00;5275,00;105500,00;2
WDOV26;14/08/2026;10:56:00;5276,00;5276,00;5275,00;5275,00;263780,00;5
WDOV26;14/08/2026;10:55:00;5276,00;5276,00;5275,50;5276,00;738610,00;14
WDOV26;14/08/2026;10:54:00;5272,00;5276,00;5272,00;5275,50;4008380,00;76
WDOV26;14/08/2026;10:53:00;5267,50;5269,50;5267,50;5269,50;368745,00;7
WDOV26;14/08/2026;10:52:00;5268,50;5269,00;5267,50;5267,50;579480,00;11
WDOV26;14/08/2026;10:51:00;5272,00;5272,00;5272,00;5272,00;158160,00;3
WDOV26;14/08/2026;10:49:00;5272,50;5274,00;5271,50;5274,00;1265230,00;24
WDOV26;14/08/2026;10:48:00;5271,50;5271,50;5271,00;5271,00;263570,00;5
WDOV26;14/08/2026;10:47:00;5271,50;5271,50;5271,50;5271,50;52715,00;1
WDOV26;14/08/2026;10:45:00;5271,50;5271,50;5269,00;5269,00;1317800,00;25
WDOV26;14/08/2026;10:44:00;5271,00;5271,00;5271,00;5271,00;105420,00;2
WDOV26;14/08/2026;10:43:00;5271,50;5271,50;5271,50;5271,50;52715,00;1
WDOV26;14/08/2026;10:42:00;5272,00;5273,00;5272,00;5273,00;210910,00;4
WDOV26;14/08/2026;10:41:00;5273,00;5273,50;5273,00;5273,50;158200,00;3
WDOV26;14/08/2026;10:40:00;5271,50;5271,50;5270,50;5271,50;263560,00;5
WDOV26;14/08/2026;10:39:00;5271,00;5272,50;5271,00;5271,00;1054470,00;20
WDOV26;14/08/2026;10:38:00;5273,00;5273,00;5271,50;5271,50;263615,00;5
WDOV26;14/08/2026;10:37:00;5276,50;5276,50;5274,00;5274,00;1160480,00;22
WDOV26;14/08/2026;10:36:00;5277,50;5277,50;5276,00;5276,50;369365,00;7
WDOV26;14/08/2026;10:35:00;5282,00;5282,50;5279,00;5279,50;1637090,00;31
WDOV26;14/08/2026;10:34:00;5283,00;5283,00;5279,50;5283,00;528120,00;10
WDOV26;14/08/2026;10:33:00;5283,00;5286,00;5283,00;5284,00;5390790,00;102
WDOV26;14/08/2026;10:32:00;5279,50;5282,00;5279,50;5282,00;580940,00;11
WDOV26;14/08/2026;10:31:00;5280,50;5284,50;5280,50;5282,00;1479185,00;28
WDOV26;14/08/2026;10:30:00;5273,50;5280,00;5273,50;5280,00;4538090,00;86
WDOV26;14/08/2026;10:29:00;5271,00;5272,50;5271,00;5272,00;1950480,00;37
WDOV26;14/08/2026;10:28:00;5265,50;5273,00;5264,50;5272,50;6533100,00;124
WDOV26;14/08/2026;10:27:00;5265,00;5265,50;5262,50;5265,50;6789435,00;129
WDOV26;14/08/2026;10:26:00;5263,50;5263,50;5263,00;5263,00;473705,00;9
WDOV26;14/08/2026;10:25:00;5263,50;5263,50;5263,50;5263,50;157905,00;3
WDOV26;14/08/2026;10:24:00;5267,00;5267,00;5265,50;5265,50;157995,00;3
WDOV26;14/08/2026;10:23:00;5267,50;5267,50;5267,00;5267,00;1474775,00;28
WDOV26;14/08/2026;10:21:00;5266,50;5267,00;5265,50;5267,00;2843605,00;54
WDOV26;14/08/2026;10:20:00;5268,00;5269,00;5268,00;5268,50;474170,00;9
WDOV26;14/08/2026;10:19:00;5265,50;5265,50;5262,00;5262,00;105275,00;2
WDOV26;14/08/2026;10:18:00;5262,50;5265,00;5262,50;5265,00;105275,00;2
WDOV26;14/08/2026;10:17:00;5264,50;5264,50;5262,50;5262,50;315780,00;6
WDOV26;14/08/2026;10:16:00;5265,00;5265,00;5265,00;5265,00;52650,00;1
WDOV26;14/08/2026;10:15:00;5265,00;5267,50;5264,50;5264,50;2001085,00;38
WDOV26;14/08/2026;10:14:00;5262,50;5265,50;5262,00;5265,50;3527245,00;67
WDOV26;14/08/2026;10:13:00;5260,00;5263,50;5260,00;5262,50;3840775,00;73
WDOV26;14/08/2026;10:12:00;5258,00;5259,50;5258,00;5259,00;262930,00;5
WDOV26;14/08/2026;10:11:00;5256,00;5256,00;5255,50;5256,00;367900,00;7
WDOV26;14/08/2026;10:10:00;5256,50;5256,50;5255,50;5255,50;315360,00;6
WDOV26;14/08/2026;10:09:00;5256,00;5256,50;5256,00;5256,50;157690,00;3
WDOV26;14/08/2026;10:08:00;5256,50;5256,50;5256,50;5256,50;105130,00;2
WDOV26;14/08/2026;10:07:00;5256,50;5256,50;5256,50;5256,50;52565,00;1
WDOV26;14/08/2026;10:06:00;5256,50;5256,50;5254,50;5254,50;210240,00;4
WDOV26;14/08/2026;10:05:00;5254,50;5255,50;5254,00;5255,50;420405,00;8
WDOV26;14/08/2026;10:04:00;5253,00;5253,50;5253,00;5253,50;262670,00;5
WDOV26;14/08/2026;10:03:00;5253,00;5253,50;5252,50;5252,50;1050615,00;20
WDOV26;14/08/2026;10:02:00;5252,00;5252,50;5252,00;5252,00;262605,00;5
WDOV26;14/08/2026;10:01:00;5250,50;5252,00;5250,50;5252,00;105025,00;2
WDOV26;14/08/2026;10:00:00;5249,00;5249,00;5249,00;5249,00;52490,00;1
WDOV26;14/08/2026;09:59:00;5247,00;5249,00;5246,50;5249,00;1364245,00;26
WDOV26;14/08/2026;09:58:00;5246,50;5246,50;5245,50;5245,50;209845,00;4
WDOV26;14/08/2026;09:57:00;5249,00;5249,00;5247,00;5247,00;104960,00;2
WDOV26;14/08/2026;09:56:00;5248,50;5250,00;5248,50;5250,00;1732180,00;33
WDOV26;14/08/2026;09:54:00;5245,50;5246,00;5245,50;5246,00;104915,00;2
WDOV26;14/08/2026;09:53:00;5243,00;5243,00;5243,00;5243,00;52430,00;1
WDOV26;14/08/2026;09:52:00;5245,00;5245,00;5245,00;5245,00;52450,00;1
WDOV26;14/08/2026;09:51:00;5249,00;5249,00;5246,50;5247,50;2046615,00;39
WDOV26;14/08/2026;09:50:00;5248,50;5248,50;5246,50;5246,50;419805,00;8
WDOV26;14/08/2026;09:49:00;5252,50;5252,50;5248,00;5248,50;524980,00;10
WDOV26;14/08/2026;09:48:00;5256,00;5256,00;5254,00;5254,00;315310,00;6
WDOV26;14/08/2026;09:47:00;5259,50;5259,50;5258,00;5258,50;473260,00;9
WDOV26;14/08/2026;09:46:00;5260,00;5260,00;5257,50;5258,50;1262350,00;24
WDOV26;14/08/2026;09:45:00;5258,50;5260,00;5258,50;5260,00;946705,00;18
WDOV26;14/08/2026;09:44:00;5257,50;5258,50;5257,50;5258,50;262915,00;5
WDOV26;14/08/2026;09:43:00;5254,00;5257,50;5254,00;5257,50;683255,00;13
WDOV26;14/08/2026;09:42:00;5254,00;5254,00;5252,50;5252,50;735430,00;14
WDOV26;14/08/2026;09:41:00;5248,00;5255,00;5248,00;5254,00;1627990,00;31
WDOV26;14/08/2026;09:40:00;5246,00;5247,50;5246,00;5247,50;209885,00;4
WDOV26;14/08/2026;09:39:00;5246,00;5246,50;5245,00;5246,50;734430,00;14
WDOV26;14/08/2026;09:38:00;5243,50;5246,00;5243,50;5245,50;472020,00;9
WDOV26;14/08/2026;09:37:00;5241,50;5243,50;5241,50;5243,00;629160,00;12
WDOV26;14/08/2026;09:36:00;5240,00;5240,50;5240,00;5240,50;104805,00;2
WDOV26;14/08/2026;09:35:00;5238,00;5238,00;5238,00;5238,00;523800,00;10
WDOV26;14/08/2026;09:34:00;5233,00;5234,50;5233,00;5234,50;157015,00;3
WDOV26;14/08/2026;09:32:00;5231,00;5231,00;5231,00;5231,00;470790,00;9
WDOV26;14/08/2026;09:31:00;5230,50;5231,00;5229,50;5229,50;784550,00;15
WDOV26;14/08/2026;09:30:00;5234,00;5234,00;5229,00;5230,50;6694225,00;128
WDOV26;14/08/2026;09:28:00;5234,50;5235,00;5234,50;5235,00;418770,00;8
WDOV26;14/08/2026;09:27:00;5234,50;5235,00;5234,00;5235,00;209375,00;4
WDOV26;14/08/2026;09:26:00;5233,50;5235,00;5233,50;5235,00;2774390,00;53
WDOV26;14/08/2026;09:25:00;5233,50;5233,50;5233,50;5233,50;104670,00;2
WDOV26;14/08/2026;09:24:00;5232,50;5232,50;5232,50;5232,50;52325,00;1
WDOV26;14/08/2026;09:21:00;5234,00;5235,00;5234,00;5235,00;261735,00;5
WDOV26;14/08/2026;09:20:00;5234,00;5234,00;5234,00;5234,00;209360,00;4
WDOV26;14/08/2026;09:19:00;5235,50;5236,00;5235,50;5236,00;104715,00;2
WDOV26;14/08/2026;09:17:00;5237,50;5237,50;5234,00;5234,00;1203925,00;23
WDOV26;14/08/2026;09:16:00;5237,50;5237,50;5236,00;5236,00;366585,00;7
WDOV26;14/08/2026;09:15:00;5238,00;5238,00;5237,50;5237,50;471390,00;9
WDOV26;14/08/2026;09:14:00;5238,00;5238,00;5237,50;5238,00;314265,00;6
WDOV26;14/08/2026;09:13:00;5236,00;5240,00;5236,00;5239,00;1100190,00;21
WDOV26;14/08/2026;09:12:00;5234,00;5235,50;5234,00;5235,50;261725,00;5
WDOV26;14/08/2026;09:11:00;5234,50;5235,50;5234,00;5234,00;680480,00;13
WDOV26;14/08/2026;09:10:00;5234,00;5234,00;5234,00;5234,00;52340,00;1
WDOV26;14/08/2026;09:09:00;5232,00;5232,00;5232,00;5232,00;52320,00;1
WDOV26;14/08/2026;09:08:00;5231,50;5231,50;5231,50;5231,50;209260,00;4
WDOV26;14/08/2026;09:07:00;5233,00;5233,00;5231,00;5231,00;994230,00;19
WDOV26;14/08/2026;09:06:00;5231,50;5232,00;5231,50;5232,00;209265,00;4
WDOV26;14/08/2026;09:05:00;5234,00;5234,00;5234,00;5234,00;52340,00;1
WDOV26;14/08/2026;09:04:00;5234,00;5234,00;5234,00;5234,00;104680,00;2
WDOV26;14/08/2026;09:03:00;5232,00;5232,50;5232,00;5232,50;156965,00;3
WDOV26;14/08/2026;09:02:00;5233,50;5233,50;5232,00;5232,00;627885,00;12
WDOV26;14/08/2026;09:01:00;5230,50;5233,50;5228,50;5233,50;941750,00;18
WDOV26;14/08/2026;09:00:00;5231,00;5231,00;5227,00;5227,00;1150540,00;22
WDOV26;13/08/2026;18:29:00;5237,50;5238,50;5237,00;5238,50;314285,00;6
WDOV26;13/08/2026;18:28:00;5238,00;5238,00;5238,00;5238,00;523800,00;10
WDOV26;13/08/2026;18:27:00;5238,00;5238,00;5238,00;5238,00;104760,00;2
WDOV26;13/08/2026;18:23:00;5239,00;5239,00;5239,00;5239,00;52390,00;1
WDOV26;13/08/2026;18:21:00;5239,00;5239,00;5238,00;5238,00;157160,00;3
WDOV26;13/08/2026;18:20:00;5239,00;5239,00;5239,00;5239,00;157170,00;3
WDOV26;13/08/2026;18:19:00;5239,00;5239,00;5239,00;5239,00;471510,00;9
WDOV26;13/08/2026;18:18:00;5239,50;5239,50;5238,00;5238,00;2043055,00;39
WDOV26;13/08/2026;18:17:00;5240,00;5240,00;5238,50;5239,00;1414710,00;27
WDOV26;13/08/2026;18:16:00;5242,00;5242,00;5240,00;5240,00;471710,00;9
WDOV26;13/08/2026;18:15:00;5243,00;5243,00;5243,00;5243,00;52430,00;1
WDOV26;13/08/2026;18:13:00;5243,00;5243,00;5243,00;5243,00;52430,00;1
WDOV26;13/08/2026;18:12:00;5242,50;5242,50;5242,50;5242,50;104850,00;2
WDOV26;13/08/2026;18:10:00;5242,50;5243,00;5242,50;5243,00;366990,00;7
WDOV26;13/08/2026;18:09:00;5243,50;5244,00;5243,50;5244,00;996355,00;19
WDOV26;13/08/2026;18:06:00;5242,50;5243,00;5242,50;5243,00;367000,00;7
WDOV26;13/08/2026;18:05:00;5244,00;5244,00;5243,00;5243,00;524320,00;10
WDOV26;13/08/2026;18:04:00;5244,50;5244,50;5244,50;5244,50;104890,00;2
WDOV26;13/08/2026;18:03:00;5244,50;5244,50;5244,50;5244,50;52445,00;1
WDOV26;13/08/2026;17:59:00;5245,00;5245,00;5244,50;5244,50;157340,00;3
WDOV26;13/08/2026;17:56:00;5244,00;5244,00;5244,00;5244,00;52440,00;1
WDOV26;13/08/2026;17:50:00;5244,50;5246,00;5244,50;5246,00;209810,00;4
WDOV26;13/08/2026;17:49:00;5244,00;5244,00;5244,00;5244,00;52440,00;1
WDOV26;13/08/2026;17:47:00;5243,50;5244,00;5243,50;5244,00;314615,00;6
WDOV26;13/08/2026;17:46:00;5243,50;5243,50;5243,50;5243,50;104870,00;2
WDOV26;13/08/2026;17:45:00;5243,50;5244,00;5243,50;5243,50;734130,00;14
WDOV26;13/08/2026;17:40:00;5243,00;5243,00;5243,00;5243,00;52430,00;1
WDOV26;13/08/2026;17:39:00;5244,00;5244,00;5243,50;5243,50;471930,00;9
WDOV26;13/08/2026;17:36:00;5244,00;5244,00;5244,00;5244,00;157320,00;3
WDOV26;13/08/2026;17:35:00;5245,00;5245,00;5244,00;5244,00;891490,00;17
WDOV26;13/08/2026;17:28:00;5247,50;5247,50;5247,50;5247,50;157425,00;3
WDOV26;13/08/2026;17:24:00;5246,50;5246,50;5246,50;5246,50;157395,00;3
WDOV26;13/08/2026;17:19:00;5246,50;5246,50;5246,00;5246,00;157385,00;3
WDOV26;13/08/2026;17:11:00;5246,00;5246,00;5245,00;5245,00;367165,00;7
WDOV26;13/08/2026;17:09:00;5247,00;5247,00;5247,00;5247,00;52470,00;1
WDOV26;13/08/2026;17:02:00;5248,50;5248,50;5248,50;5248,50;104970,00;2
WDOV26;13/08/2026;16:58:00;5248,00;5248,50;5248,00;5248,50;104965,00;2
WDOV26;13/08/2026;16:42:00;5246,50;5246,50;5246,50;5246,50;52465,00;1
WDOV26;13/08/2026;16:41:00;5247,50;5247,50;5247,50;5247,50;52475,00;1
WDOV26;13/08/2026;16:40:00;5245,50;5245,50;5245,50;5245,50;52455,00;1
WDOV26;13/08/2026;16:28:00;5245,50;5245,50;5245,50;5245,50;52455,00;1
WDOV26;13/08/2026;16:26:00;5245,00;5245,00;5245,00;5245,00;52450,00;1
WDOV26;13/08/2026;16:23:00;5245,00;5245,00;5245,00;5245,00;104900,00;2
WDOV26;13/08/2026;16:19:00;5245,00;5245,00;5245,00;5245,00;209800,00;4
WDOV26;13/08/2026;16:18:00;5245,00;5245,00;5245,00;5245,00;52450,00;1
WDOV26;13/08/2026;16:13:00;5246,00;5246,00;5246,00;5246,00;52460,00;1
WDOV26;13/08/2026;16:10:00;5246,50;5246,50;5246,50;5246,50;52465,00;1
WDOV26;13/08/2026;16:08:00;5246,50;5246,50;5246,50;5246,50;52465,00;1
WDOV26;13/08/2026;16:02:00;5247,50;5247,50;5247,50;5247,50;104950,00;2
WDOV26;13/08/2026;16:01:00;5247,50;5247,50;5247,00;5247,00;209895,00;4
WDOV26;13/08/2026;16:00:00;5246,50;5247,00;5246,50;5247,00;104935,00;2
WDOV26;13/08/2026;15:56:00;5245,00;5245,00;5245,00;5245,00;52450,00;1
WDOV26;13/08/2026;15:54:00;5244,50;5244,50;5244,00;5244,50;1101330,00;21
WDOV26;13/08/2026;15:53:00;5245,00;5245,00;5245,00;5245,00;104900,00;2
WDOV26;13/08/2026;15:44:00;5245,50;5245,50;5245,50;5245,50;52455,00;1
WDOV26;13/08/2026;15:40:00;5246,00;5246,00;5246,00;5246,00;157380,00;3
WDOV26;13/08/2026;15:39:00;5246,50;5246,50;5245,50;5245,50;262310,00;5
WDOV26;13/08/2026;15:33:00;5247,00;5247,00;5247,00;5247,00;52470,00;1
WDOV26;13/08/2026;15:31:00;5247,50;5247,50;5246,50;5246,50;157415,00;3
WDOV26;13/08/2026;15:28:00;5248,50;5248,50;5248,50;5248,50;52485,00;1
WDOV26;13/08/2026;15:24:00;5247,50;5247,50;5247,50;5247,50;52475,00;1
WDOV26;13/08/2026;15:17:00;5246,50;5246,50;5246,00;5246,00;157385,00;3
WDOV26;13/08/2026;15:16:00;5246,50;5246,50;5246,50;5246,50;104930,00;2
WDOV26;13/08/2026;15:15:00;5247,00;5247,00;5247,00;5247,00;104940,00;2
WDOV26;13/08/2026;15:13:00;5247,50;5247,50;5246,00;5246,00;314825,00;6
WDOV26;13/08/2026;15:11:00;5248,50;5248,50;5248,50;5248,50;52485,00;1
WDOV26;13/08/2026;15:01:00;5247,50;5247,50;5247,50;5247,50;52475,00;1
WDOV26;13/08/2026;15:00:00;5248,00;5248,00;5248,00;5248,00;104960,00;2
WDOV26;13/08/2026;14:59:00;5249,50;5249,50;5249,50;5249,50;104990,00;2
WDOV26;13/08/2026;14:58:00;5248,50;5248,50;5248,50;5248,50;52485,00;1
WDOV26;13/08/2026;14:54:00;5250,00;5250,00;5250,00;5250,00;1207500,00;23
WDOV26;13/08/2026;14:53:00;5248,00;5248,00;5248,00;5248,00;104960,00;2
WDOV26;13/08/2026;14:49:00;5248,50;5248,50;5248,50;5248,50;104970,00;2
WDOV26;13/08/2026;14:47:00;5249,50;5249,50;5249,50;5249,50;209980,00;4
WDOV26;13/08/2026;14:46:00;5249,00;5249,00;5249,00;5249,00;104980,00;2
WDOV26;13/08/2026;14:44:00;5250,00;5250,00;5250,00;5250,00;420000,00;8
WDOV26;13/08/2026;14:43:00;5250,00;5250,00;5250,00;5250,00;52500,00;1
WDOV26;13/08/2026;14:42:00;5249,00;5249,50;5249,00;5249,50;524920,00;10
WDOV26;13/08/2026;14:41:00;5249,50;5249,50;5249,50;5249,50;104990,00;2
WDOV26;13/08/2026;14:40:00;5248,50;5248,50;5248,00;5248,00;367365,00;7
WDOV26;13/08/2026;14:39:00;5250,00;5250,00;5248,50;5248,50;1574670,00;30
WDOV26;13/08/2026;14:38:00;5249,00;5250,50;5249,00;5249,50;3569535,00;68
WDOV26;13/08/2026;14:37:00;5247,50;5248,00;5247,50;5248,00;262385,00;5
WDOV26;13/08/2026;14:36:00;5247,00;5247,50;5246,50;5247,50;3357925,00;64
WDOV26;13/08/2026;14:35:00;5246,50;5247,00;5246,50;5247,00;157400,00;3
WDOV26;13/08/2026;14:33:00;5246,50;5247,00;5246,50;5247,00;2570790,00;49
WDOV26;13/08/2026;14:23:00;5245,50;5245,50;5245,50;5245,50;52455,00;1
WDOV26;13/08/2026;14:22:00;5244,00;5244,00;5243,00;5243,00;104870,00;2
WDOV26;13/08/2026;14:21:00;5244,00;5244,00;5244,00;5244,00;157320,00;3
WDOV26;13/08/2026;14:17:00;5246,00;5246,00;5246,00;5246,00;52460,00;1
WDOV26;13/08/2026;14:15:00;5246,50;5246,50;5246,50;5246,50;104930,00;2
WDOV26;13/08/2026;14:11:00;5245,00;5245,50;5245,00;5245,50;104905,00;2
WDOV26;13/08/2026;14:10:00;5245,50;5245,50;5245,50;5245,50;157365,00;3
WDOV26;13/08/2026;14:07:00;5246,50;5247,50;5246,50;5247,50;577125,00;11
WDOV26;13/08/2026;13:59:00;5245,00;5245,00;5245,00;5245,00;52450,00;1
WDOV26;13/08/2026;13:48:00;5245,00;5245,00;5245,00;5245,00;52450,00;1
WDOV26;13/08/2026;13:47:00;5245,00;5245,00;5245,00;5245,00;576950,00;11
WDOV26;13/08/2026;13:45:00;5245,00;5245,00;5245,00;5245,00;52450,00;1
WDOV26;13/08/2026;13:43:00;5244,00;5244,00;5244,00;5244,00;104880,00;2
WDOV26;13/08/2026;13:42:00;5244,50;5244,50;5244,50;5244,50;52445,00;1
WDOV26;13/08/2026;13:41:00;5245,00;5245,00;5245,00;5245,00;52450,00;1
WDOV26;13/08/2026;13:40:00;5246,00;5246,00;5245,00;5245,00;734395,00;14
WDOV26;13/08/2026;13:39:00;5246,00;5246,00;5246,00;5246,00;3147600,00;60
WDOV26;13/08/2026;13:33:00;5251,00;5251,00;5250,00;5250,00;210020,00;4
WDOV26;13/08/2026;13:29:00;5251,00;5251,00;5251,00;5251,00;367570,00;7
WDOV26;13/08/2026;13:25:00;5252,00;5252,00;5251,50;5251,50;367635,00;7
WDOV26;13/08/2026;13:24:00;5251,50;5252,50;5251,50;5252,50;1943380,00;37
WDOV26;13/08/2026;13:23:00;5250,00;5251,50;5250,00;5251,50;1365250,00;26
WDOV26;13/08/2026;13:22:00;5249,00;5250,00;5249,00;5250,00;7979245,00;152
WDOV26;13/08/2026;13:21:00;5248,50;5249,00;5248,50;5249,00;734795,00;14
WDOV26;13/08/2026;13:20:00;5248,00;5248,50;5248,00;5248,50;314900,00;6
WDOV26;13/08/2026;13:19:00;5246,00;5247,50;5246,00;5247,50;629670,00;12
WDOV26;13/08/2026;13:14:00;5245,00;5245,50;5245,00;5245,50;419610,00;8
WDOV26;13/08/2026;13:13:00;5244,50;5244,50;5244,50;5244,50;104890,00;2
WDOV26;13/08/2026;13:12:00;5244,00;5244,00;5244,00;5244,00;157320,00;3
WDOV26;13/08/2026;13:11:00;5244,00;5244,00;5243,50;5244,00;3775485,00;72
WDOV26;13/08/2026;13:09:00;5245,00;5245,00;5245,00;5245,00;104900,00;2
WDOV26;13/08/2026;13:08:00;5244,00;5244,00;5244,00;5244,00;104880,00;2
WDOV26;13/08/2026;13:07:00;5242,50;5242,50;5242,50;5242,50;366975,00;7
WDOV26;13/08/2026;13:06:00;5242,50;5242,50;5242,50;5242,50;366975,00;7
WDOV26;13/08/2026;13:05:00;5244,50;5244,50;5244,50;5244,50;104890,00;2
WDOV26;13/08/2026;13:03:00;5246,00;5246,00;5246,00;5246,00;52460,00;1
WDOV26;13/08/2026;12:58:00;5245,00;5245,00;5245,00;5245,00;52450,00;1
WDOV26;13/08/2026;12:50:00;5244,50;5244,50;5244,50;5244,50;104890,00;2
WDOV26;13/08/2026;12:46:00;5245,00;5245,00;5244,00;5244,00;104890,00;2
WDOV26;13/08/2026;12:44:00;5245,00;5245,00;5245,00;5245,00;52450,00;1
WDOV26;13/08/2026;12:42:00;5246,00;5246,50;5246,00;5246,50;104925,00;2
WDOV26;13/08/2026;12:41:00;5245,50;5245,50;5245,00;5245,50;1258815,00;24
WDOV26;13/08/2026;12:40:00;5245,50;5245,50;5245,50;5245,50;52455,00;1
WDOV26;13/08/2026;12:39:00;5245,00;5245,00;5245,00;5245,00;314700,00;6
WDOV26;13/08/2026;12:38:00;5245,00;5245,00;5245,00;5245,00;262250,00;5
WDOV26;13/08/2026;12:37:00;5245,00;5245,00;5245,00;5245,00;52450,00;1
WDOV26;13/08/2026;12:36:00;5246,00;5246,00;5246,00;5246,00;52460,00;1
WDOV26;13/08/2026;12:30:00;5248,00;5248,00;5248,00;5248,00;52480,00;1
WDOV26;13/08/2026;12:29:00;5249,00;5249,00;5248,50;5248,50;524895,00;10
WDOV26;13/08/2026;12:27:00;5247,50;5249,00;5247,50;5248,50;262425,00;5
WDOV26;13/08/2026;12:26:00;5249,00;5249,00;5249,00;5249,00;52490,00;1
WDOV26;13/08/2026;12:22:00;5248,00;5248,00;5248,00;5248,00;52480,00;1
WDOV26;13/08/2026;12:21:00;5248,00;5248,00;5248,00;5248,00;52480,00;1
WDOV26;13/08/2026;12:17:00;5247,50;5247,50;5247,50;5247,50;52475,00;1
WDOV26;13/08/2026;12:16:00;5248,00;5248,00;5248,00;5248,00;52480,00;1
WDOV26;13/08/2026;12:10:00;5246,00;5246,00;5246,00;5246,00;52460,00;1
WDOV26;13/08/2026;12:09:00;5246,00;5246,00;5246,00;5246,00;104920,00;2
WDOV26;13/08/2026;12:08:00;5247,00;5247,00;5246,50;5246,50;262330,00;5
WDOV26;13/08/2026;12:07:00;5246,50;5246,50;5246,50;5246,50;52465,00;1
WDOV26;13/08/2026;12:06:00;5246,00;5246,00;5246,00;5246,00;52460,00;1
WDOV26;13/08/2026;12:05:00;5248,00;5248,00;5248,00;5248,00;52480,00;1
WDOV26;13/08/2026;12:04:00;5247,00;5247,00;5246,50;5246,50;157400,00;3
WDOV26;13/08/2026;12:03:00;5249,00;5250,00;5249,00;5249,00;1784670,00;34
WDOV26;13/08/2026;12:02:00;5247,00;5247,50;5247,00;5247,50;419795,00;8
WDOV26;13/08/2026;12:01:00;5245,00;5245,00;5245,00;5245,00;52450,00;1
WDOV26;13/08/2026;12:00:00;5245,00;5245,00;5245,00;5245,00;786750,00;15
WDOV26;13/08/2026;11:59:00;5243,50;5244,00;5243,50;5244,00;262180,00;5
WDOV26;13/08/2026;11:58:00;5245,50;5245,50;5243,00;5243,00;524505,00;10
WDOV26;13/08/2026;11:57:00;5246,00;5246,00;5245,50;5245,50;262295,00;5
WDOV26;13/08/2026;11:56:00;5246,00;5247,00;5246,00;5247,00;472175,00;9
WDOV26;13/08/2026;11:55:00;5246,00;5246,50;5246,00;5246,00;786905,00;15
WDOV26;13/08/2026;11:54:00;5244,50;5244,50;5244,50;5244,50;52445,00;1
WDOV26;13/08/2026;11:52:00;5243,00;5243,00;5243,00;5243,00;681590,00;13
WDOV26;13/08/2026;11:49:00;5242,00;5242,50;5242,00;5242,50;104845,00;2
WDOV26;13/08/2026;11:43:00;5241,00;5241,00;5240,50;5241,00;209630,00;4
WDOV26;13/08/2026;11:42:00;5241,00;5241,00;5241,00;5241,00;52410,00;1
WDOV26;13/08/2026;11:40:00;5241,00;5241,00;5241,00;5241,00;52410,00;1
WDOV26;13/08/2026;11:39:00;5243,50;5243,50;5243,50;5243,50;1048700,00;20
WDOV26;13/08/2026;11:38:00;5244,00;5244,00;5244,00;5244,00;52440,00;1
WDOV26;13/08/2026;11:36:00;5246,00;5246,00;5246,00;5246,00;209840,00;4
WDOV26;13/08/2026;11:35:00;5246,00;5246,00;5246,00;5246,00;52460,00;1
WDOV26;13/08/2026;11:34:00;5247,00;5247,00;5246,50;5246,50;314795,00;6
WDOV26;13/08/2026;11:33:00;5247,50;5248,00;5247,50;5248,00;944555,00;18
WDOV26;13/08/2026;11:32:00;5246,50;5246,50;5245,50;5245,50;104920,00;2
WDOV26;13/08/2026;11:30:00;5245,00;5247,50;5245,00;5247,50;314815,00;6
WDOV26;13/08/2026;11:29:00;5243,50;5244,00;5243,50;5244,00;209745,00;4
WDOV26;13/08/2026;11:28:00;5243,00;5243,00;5243,00;5243,00;52430,00;1
WDOV26;13/08/2026;11:26:00;5242,00;5242,00;5242,00;5242,00;52420,00;1
WDOV26;13/08/2026;11:25:00;5242,00;5242,00;5242,00;5242,00;52420,00;1
WDOV26;13/08/2026;11:23:00;5243,50;5244,00;5243,50;5244,00;262195,00;5
WDOV26;13/08/2026;11:22:00;5244,00;5244,00;5244,00;5244,00;419520,00;8
WDOV26;13/08/2026;11:19:00;5239,50;5241,00;5239,50;5241,00;1519645,00;29
WDOV26;13/08/2026;11:13:00;5238,50;5238,50;5238,50;5238,50;366695,00;7
WDOV26;13/08/2026;11:04:00;5240,50;5240,50;5240,50;5240,50;52405,00;1
WDOV26;13/08/2026;11:03:00;5241,00;5242,00;5240,50;5242,00;262065,00;5
WDOV26;13/08/2026;11:02:00;5240,50;5240,50;5240,50;5240,50;52405,00;1
WDOV26;13/08/2026;11:01:00;5241,50;5241,50;5240,50;5241,00;314460,00;6
WDOV26;13/08/2026;11:00:00;5245,50;5245,50;5242,00;5242,00;157315,00;3
WDOV26;13/08/2026;10:59:00;5247,00;5247,00;5245,50;5245,50;209850,00;4
WDOV26;13/08/2026;10:58:00;5246,00;5247,50;5246,00;5247,50;1206910,00;23
WDOV26;13/08/2026;10:56:00;5241,50;5241,50;5241,50;5241,50;157245,00;3
WDOV26;13/08/2026;10:55:00;5244,00;5244,00;5243,50;5243,50;104875,00;2
WDOV26;13/08/2026;10:54:00;5242,00;5243,00;5242,00;5243,00;157270,00;3
WDOV26;13/08/2026;10:53:00;5243,00;5244,50;5242,00;5244,50;2516460,00;48
WDOV26;13/08/2026;10:52:00;5241,50;5241,50;5241,50;5241,50;104830,00;2
WDOV26;13/08/2026;10:51:00;5240,00;5240,00;5240,00;5240,00;104800,00;2
WDOV26;13/08/2026;10:49:00;5236,00;5236,50;5236,00;5236,50;104725,00;2
WDOV26;13/08/2026;10:48:00;5235,00;5235,00;5235,00;5235,00;52350,00;1
WDOV26;13/08/2026;10:47:00;5235,50;5236,00;5235,50;5236,00;209430,00;4
WDOV26;13/08/2026;10:46:00;5235,50;5236,50;5235,50;5236,50;157075,00;3
WDOV26;13/08/2026;10:45:00;5235,00;5235,00;5235,00;5235,00;52350,00;1
WDOV26;13/08/2026;10:44:00;5237,50;5237,50;5237,00;5237,50;314245,00;6
WDOV26;13/08/2026;10:43:00;5237,50;5237,50;5237,50;5237,50;52375,00;1
WDOV26;13/08/2026;10:42:00;5239,00;5239,00;5239,00;5239,00;52390,00;1
WDOV26;13/08/2026;10:41:00;5238,00;5239,00;5237,50;5239,00;2095180,00;40
WDOV26;13/08/2026;10:39:00;5240,00;5240,00;5238,00;5238,00;628720,00;12
WDOV26;13/08/2026;10:36:00;5242,00;5242,50;5242,00;5242,50;629070,00;12
WDOV26;13/08/2026;10:35:00;5243,00;5243,50;5242,00;5242,50;7183505,00;137
WDOV26;13/08/2026;10:34:00;5240,00;5243,00;5240,00;5243,00;366870,00;7
WDOV26;13/08/2026;10:32:00;5235,00;5235,00;5235,00;5235,00;52350,00;1
WDOV26;13/08/2026;10:31:00;5237,00;5237,00;5236,50;5236,50;209465,00;4
WDOV26;13/08/2026;10:25:00;5236,00;5236,00;5235,00;5235,00;209420,00;4
WDOV26;13/08/2026;10:24:00;5235,00;5236,00;5235,00;5236,00;157060,00;3
WDOV26;13/08/2026;10:22:00;5234,00;5234,00;5233,00;5233,00;209350,00;4
WDOV26;13/08/2026;10:21:00;5235,00;5235,50;5235,00;5235,50;104705,00;2
WDOV26;13/08/2026;10:19:00;5235,50;5235,50;5235,50;5235,50;418840,00;8
WDOV26;13/08/2026;10:17:00;5235,00;5235,00;5234,50;5234,50;104695,00;2
WDOV26;13/08/2026;10:11:00;5235,00;5235,00;5235,00;5235,00;52350,00;1
WDOV26;13/08/2026;10:10:00;5233,00;5235,00;5233,00;5235,00;785015,00;15
WDOV26;13/08/2026;10:09:00;5236,00;5236,00;5232,50;5233,00;575755,00;11
WDOV26;13/08/2026;10:08:00;5238,00;5239,50;5238,00;5239,50;628665,00;12
WDOV26;13/08/2026;10:07:00;5240,00;5240,00;5237,50;5238,00;2462445,00;47
WDOV26;13/08/2026;10:06:00;5239,50;5241,00;5239,00;5240,00;3668185,00;70
WDOV26;13/08/2026;10:05:00;5242,00;5242,00;5240,50;5240,50;314455,00;6
WDOV26;13/08/2026;10:04:00;5239,50;5239,50;5239,50;5239,50;104790,00;2
WDOV26;13/08/2026;10:03:00;5242,00;5242,00;5242,00;5242,00;52420,00;1
WDOV26;13/08/2026;10:02:00;5243,00;5243,00;5243,00;5243,00;52430,00;1
WDOV26;13/08/2026;10:01:00;5242,00;5242,00;5242,00;5242,00;52420,00;1
WDOV26;13/08/2026;09:59:00;5242,00;5242,00;5240,00;5240,00;419285,00;8
WDOV26;13/08/2026;09:58:00;5245,00;5245,00;5245,00;5245,00;52450,00;1
WDOV26;13/08/2026;09:55:00;5247,00;5247,00;5247,00;5247,00;52470,00;1
WDOV26;13/08/2026;09:54:00;5247,00;5247,00;5246,00;5246,00;157395,00;3
WDOV26;13/08/2026;09:53:00;5249,50;5249,50;5248,00;5248,00;104975,00;2
WDOV26;13/08/2026;09:44:00;5246,50;5246,50;5246,50;5246,50;52465,00;1
WDOV26;13/08/2026;09:43:00;5246,50;5246,50;5246,50;5246,50;157395,00;3
WDOV26;13/08/2026;09:42:00;5245,50;5245,50;5245,00;5245,00;209815,00;4
WDOV26;13/08/2026;09:41:00;5245,00;5245,00;5245,00;5245,00;104900,00;2
WDOV26;13/08/2026;09:40:00;5245,50;5245,50;5245,00;5245,00;104905,00;2
WDOV26;13/08/2026;09:37:00;5246,50;5246,50;5245,00;5245,00;419705,00;8
WDOV26;13/08/2026;09:36:00;5245,50;5246,00;5245,50;5246,00;262280,00;5
WDOV26;13/08/2026;09:35:00;5245,50;5246,00;5245,50;5246,00;157370,00;3
WDOV26;13/08/2026;09:34:00;5247,50;5247,50;5247,50;5247,50;787125,00;15
WDOV26;13/08/2026;09:33:00;5251,00;5251,00;5251,00;5251,00;52510,00;1
WDOV26;13/08/2026;09:32:00;5253,50;5255,50;5253,50;5254,00;367800,00;7
WDOV26;13/08/2026;09:31:00;5250,50;5252,00;5250,00;5252,00;1417710,00;27
WDOV26;13/08/2026;09:30:00;5248,00;5249,00;5248,00;5249,00;157460,00;3
WDOV26;13/08/2026;09:28:00;5250,00;5250,00;5250,00;5250,00;787500,00;15
WDOV26;13/08/2026;09:27:00;5249,50;5250,00;5249,00;5250,00;157485,00;3
WDOV26;13/08/2026;09:26:00;5251,00;5251,00;5250,50;5250,50;105015,00;2
WDOV26;13/08/2026;09:25:00;5247,50;5249,00;5247,50;5249,00;314880,00;6
WDOV26;13/08/2026;09:24:00;5246,00;5247,00;5246,00;5247,00;629590,00;12
WDOV26;13/08/2026;09:23:00;5244,00;5244,00;5244,00;5244,00;104880,00;2
WDOV26;13/08/2026;09:22:00;5243,00;5243,00;5243,00;5243,00;52430,00;1
WDOV26;13/08/2026;09:21:00;5241,00;5243,00;5241,00;5243,00;576700,00;11
WDOV26;13/08/2026;09:19:00;5246,00;5246,00;5246,00;5246,00;157380,00;3
WDOV26;13/08/2026;09:18:00;5245,50;5245,50;5245,00;5245,00;104905,00;2
WDOV26;13/08/2026;09:17:00;5245,50;5246,50;5244,50;5244,50;2465670,00;47
WDOV26;13/08/2026;09:16:00;5245,50;5246,00;5245,50;5245,50;314735,00;6
WDOV26;13/08/2026;09:15:00;5241,50;5244,00;5241,50;5244,00;314565,00;6
WDOV26;13/08/2026;09:14:00;5240,00;5241,50;5240,00;5241,50;209640,00;4
WDOV26;13/08/2026;09:13:00;5240,00;5240,00;5240,00;5240,00;52400,00;1
WDOV26;13/08/2026;09:12:00;5238,00;5238,00;5238,00;5238,00;52380,00;1
WDOV26;13/08/2026;09:10:00;5238,00;5240,00;5238,00;5238,00;471455,00;9
WDOV26;13/08/2026;09:09:00;5238,50;5238,50;5237,50;5238,00;2619015,00;50
WDOV26;13/08/2026;09:08:00;5238,00;5238,00;5237,50;5237,50;576130,00;11
WDOV26;13/08/2026;09:06:00;5240,50;5241,50;5239,00;5239,00;4349540,00;83
WDOV26;13/08/2026;09:05:00;5239,50;5240,00;5239,50;5240,00;157190,00;3
WDOV26;13/08/2026;09:04:00;5242,00;5243,00;5241,50;5241,50;157265,00;3
WDOV26;13/08/2026;09:03:00;5242,00;5242,50;5242,00;5242,50;366965,00;7
WDOV26;13/08/2026;09:02:00;5243,00;5243,00;5241,50;5241,50;838655,00;16
WDOV26;13/08/2026;09:01:00;5245,00;5245,00;5240,00;5243,00;6291205,00;120
WDOV26;13/08/2026;09:00:00;5241,50;5245,00;5241,50;5245,00;471840,00;9
WDOV26;12/08/2026;18:29:00;5248,50;5250,00;5248,50;5250,00;209965,00;4
WDOV26;12/08/2026;18:28:00;5249,00;5249,00;5248,50;5248,50;157465,00;3
WDOV26;12/08/2026;18:27:00;5246,00;5248,00;5246,00;5248,00;1154210,00;22
WDOV26;12/08/2026;18:26:00;5244,50;5246,00;5244,50;5246,00;734370,00;14
WDOV26;12/08/2026;18:25:00;5243,00;5243,00;5242,50;5242,50;367005,00;7
WDOV26;12/08/2026;18:24:00;5243,50;5244,00;5243,00;5243,00;262175,00;5
WDOV26;12/08/2026;18:23:00;5243,00;5244,00;5243,00;5244,00;734150,00;14
WDOV26;12/08/2026;18:22:00;5242,00;5242,00;5242,00;5242,00;52420,00;1
WDOV26;12/08/2026;18:21:00;5241,00;5242,50;5241,00;5242,50;157260,00;3
WDOV26;12/08/2026;18:20:00;5241,00;5241,00;5241,00;5241,00;52410,00;1
WDOV26;12/08/2026;18:19:00;5240,00;5240,00;5240,00;5240,00;104800,00;2
WDOV26;12/08/2026;18:16:00;5240,50;5240,50;5240,50;5240,50;104810,00;2
WDOV26;12/08/2026;18:15:00;5240,00;5240,00;5240,00;5240,00;366800,00;7
WDOV26;12/08/2026;18:14:00;5240,00;5240,00;5240,00;5240,00;3615600,00;69
WDOV26;12/08/2026;18:13:00;5239,00;5239,00;5239,00;5239,00;52390,00;1
WDOV26;12/08/2026;18:12:00;5239,00;5240,00;5239,00;5240,00;2043575,00;39
WDOV26;12/08/2026;18:11:00;5237,00;5237,00;5237,00;5237,00;52370,00;1
WDOV26;12/08/2026;18:10:00;5238,00;5238,50;5238,00;5238,00;523815,00;10
WDOV26;12/08/2026;18:09:00;5237,00;5237,50;5237,00;5237,50;471335,00;9
WDOV26;12/08/2026;18:08:00;5236,00;5236,00;5236,00;5236,00;942480,00;18
WDOV26;12/08/2026;18:07:00;5235,50;5236,00;5235,50;5236,00;1832595,00;35
WDOV26;12/08/2026;18:01:00;5234,50;5234,50;5234,50;5234,50;2617250,00;50
WDOV26;12/08/2026;17:59:00;5235,00;5235,00;5234,50;5234,50;261745,00;5
WDOV26;12/08/2026;17:55:00;5234,00;5234,00;5234,00;5234,00;52340,00;1
WDOV26;12/08/2026;17:53:00;5234,00;5235,00;5234,00;5235,00;1517925,00;29
WDOV26;12/08/2026;17:50:00;5233,00;5236,00;5233,00;5236,00;889840,00;17
WDOV26;12/08/2026;17:33:00;5232,50;5232,50;5232,50;5232,50;52325,00;1
WDOV26;12/08/2026;17:27:00;5233,50;5233,50;5233,50;5233,50;52335,00;1
WDOV26;12/08/2026;17:26:00;5234,50;5234,50;5234,50;5234,50;52345,00;1
WDOV26;12/08/2026;17:21:00;5233,50;5233,50;5233,50;5233,50;52335,00;1
WDOV26;12/08/2026;17:15:00;5235,50;5235,50;5235,50;5235,50;104710,00;2
WDOV26;12/08/2026;17:14:00;5235,00;5235,00;5235,00;5235,00;52350,00;1
WDOV26;12/08/2026;17:11:00;5233,00;5233,00;5233,00;5233,00;52330,00;1
WDOV26;12/08/2026;17:08:00;5233,50;5233,50;5233,50;5233,50;104670,00;2
WDOV26;12/08/2026;17:06:00;5234,00;5234,00;5234,00;5234,00;52340,00;1
WDOV26;12/08/2026;17:04:00;5235,00;5235,00;5235,00;5235,00;52350,00;1
WDOV26;12/08/2026;17:03:00;5235,00;5235,00;5234,00;5234,00;628140,00;12
WDOV26;12/08/2026;17:02:00;5235,00;5235,00;5234,00;5234,00;157035,00;3
WDOV26;12/08/2026;17:01:00;5237,00;5237,50;5237,00;5237,50;209490,00;4
WDOV26;12/08/2026;16:59:00;5235,00;5235,00;5235,00;5235,00;52350,00;1
WDOV26;12/08/2026;16:58:00;5234,50;5235,00;5234,50;5235,00;104695,00;2
WDOV26;12/08/2026;16:57:00;5237,00;5237,00;5235,50;5235,50;209465,00;4
WDOV26;12/08/2026;16:56:00;5237,00;5237,00;5236,50;5237,00;1309155,00;25
WDOV26;12/08/2026;16:53:00;5237,00;5237,50;5237,00;5237,50;366600,00;7
WDOV26;12/08/2026;16:51:00;5236,50;5236,50;5236,50;5236,50;157095,00;3
WDOV26;12/08/2026;16:50:00;5236,50;5236,50;5236,50;5236,50;733110,00;14
WDOV26;12/08/2026;16:49:00;5236,50;5236,50;5236,50;5236,50;366555,00;7
WDOV26;12/08/2026;16:48:00;5235,50;5235,50;5235,00;5235,00;261765,00;5
WDOV26;12/08/2026;16:47:00;5235,50;5236,00;5235,50;5236,00;157075,00;3
WDOV26;12/08/2026;16:46:00;5235,00;5235,50;5235,00;5235,50;209405,00;4
WDOV26;12/08/2026;16:45:00;5235,00;5235,50;5235,00;5235,50;890030,00;17
WDOV26;12/08/2026;16:44:00;5234,50;5235,00;5233,50;5235,00;4186895,00;80
WDOV26;12/08/2026;16:41:00;5234,50;5234,50;5234,50;5234,50;52345,00;1
WDOV26;12/08/2026;16:40:00;5234,00;5234,00;5233,50;5233,50;104675,00;2
WDOV26;12/08/2026;16:37:00;5233,50;5236,00;5233,50;5236,00;942335,00;18
WDOV26;12/08/2026;16:36:00;5233,00;5233,00;5232,50;5232,50;784885,00;15
WDOV26;12/08/2026;16:35:00;5233,00;5234,00;5233,00;5234,00;157010,00;3
WDOV26;12/08/2026;16:34:00;5233,00;5233,00;5233,00;5233,00;575630,00;11
WDOV26;12/08/2026;16:33:00;5233,00;5233,50;5233,00;5233,50;104665,00;2
WDOV26;12/08/2026;16:32:00;5232,00;5232,50;5232,00;5232,00;784810,00;15
WDOV26;12/08/2026;16:31:00;5230,50;5231,00;5230,50;5231,00;209230,00;4
WDOV26;12/08/2026;16:30:00;5230,00;5231,00;5230,00;5230,50;1203005,00;23
WDOV26;12/08/2026;16:29:00;5228,00;5230,50;5228,00;5230,00;7269685,00;139
WDOV26;12/08/2026;16:27:00;5227,00;5227,00;5227,00;5227,00;261350,00;5
WDOV26;12/08/2026;16:26:00;5226,50;5226,50;5226,50;5226,50;1620215,00;31
WDOV26;12/08/2026;16:25:00;5227,50;5227,50;5227,50;5227,50;52275,00;1
WDOV26;12/08/2026;16:24:00;5227,50;5227,50;5227,00;5227,00;104545,00;2
WDOV26;12/08/2026;16:21:00;5227,50;5227,50;5227,50;5227,50;52275,00;1
WDOV26;12/08/2026;16:18:00;5227,00;5227,00;5227,00;5227,00;52270,00;1
WDOV26;12/08/2026;16:15:00;5226,00;5226,00;5226,00;5226,00;679380,00;13
WDOV26;12/08/2026;16:14:00;5227,00;5228,00;5227,00;5227,00;261370,00;5
WDOV26;12/08/2026;16:12:00;5226,50;5226,50;5226,50;5226,50;52265,00;1
WDOV26;12/08/2026;16:11:00;5226,50;5226,50;5226,50;5226,50;888505,00;17
WDOV26;12/08/2026;16:10:00;5225,00;5226,00;5225,00;5226,00;418010,00;8
WDOV26;12/08/2026;16:09:00;5224,00;5225,00;5224,00;5225,00;156740,00;3
WDOV26;12/08/2026;16:07:00;5221,00;5221,00;5221,00;5221,00;783150,00;15
WDOV26;12/08/2026;16:06:00;5221,00;5221,00;5221,00;5221,00;52210,00;1
WDOV26;12/08/2026;16:05:00;5221,00;5221,00;5221,00;5221,00;261050,00;5
WDOV26;12/08/2026;16:00:00;5219,00;5219,00;5219,00;5219,00;52190,00;1
WDOV26;12/08/2026;15:54:00;5219,00;5219,00;5219,00;5219,00;52190,00;1
WDOV26;12/08/2026;15:53:00;5219,50;5219,50;5219,50;5219,50;574145,00;11
WDOV26;12/08/2026;15:46:00;5221,00;5222,00;5221,00;5222,00;208855,00;4
WDOV26;12/08/2026;15:41:00;5221,00;5221,00;5221,00;5221,00;52210,00;1
WDOV26;12/08/2026;15:40:00;5221,00;5221,00;5221,00;5221,00;52210,00;1
WDOV26;12/08/2026;15:38:00;5220,50;5220,50;5220,50;5220,50;104410,00;2
WDOV26;12/08/2026;15:37:00;5220,00;5220,00;5219,50;5219,50;104395,00;2
WDOV26;12/08/2026;15:34:00;5221,50;5221,50;5221,50;5221,50;52215,00;1
WDOV26;12/08/2026;15:33:00;5222,00;5222,00;5222,00;5222,00;52220,00;1
WDOV26;12/08/2026;15:32:00;5223,00;5224,00;5223,00;5224,00;470100,00;9
WDOV26;12/08/2026;15:31:00;5222,50;5222,50;5222,50;5222,50;3185725,00;61
WDOV26;12/08/2026;15:22:00;5220,50;5220,50;5220,50;5220,50;52205,00;1
WDOV26;12/08/2026;15:20:00;5220,50;5220,50;5220,50;5220,50;52205,00;1
WDOV26;12/08/2026;15:19:00;5221,50;5221,50;5221,50;5221,50;52215,00;1
WDOV26;12/08/2026;15:17:00;5221,50;5222,50;5221,50;5222,50;208880,00;4
WDOV26;12/08/2026;15:14:00;5222,00;5222,00;5222,00;5222,00;52220,00;1
WDOV26;12/08/2026;15:13:00;5220,50;5221,50;5220,50;5221,50;156635,00;3
WDOV26;12/08/2026;15:12:00;5220,50;5220,50;5220,50;5220,50;1044100,00;20
WDOV26;12/08/2026;15:11:00;5221,50;5221,50;5221,50;5221,50;626580,00;12
WDOV26;12/08/2026;15:10:00;5221,50;5221,50;5221,50;5221,50;417720,00;8
WDOV26;12/08/2026;15:09:00;5222,00;5222,00;5222,00;5222,00;1044400,00;20
WDOV26;12/08/2026;15:05:00;5222,00;5222,00;5222,00;5222,00;52220,00;1
WDOV26;12/08/2026;15:03:00;5220,50;5220,50;5220,50;5220,50;52205,00;1
WDOV26;12/08/2026;15:02:00;5221,00;5221,00;5221,00;5221,00;52210,00;1
WDOV26;12/08/2026;14:54:00;5222,00;5222,00;5222,00;5222,00;313320,00;6
WDOV26;12/08/2026;14:53:00;5221,50;5221,50;5221,50;5221,50;52215,00;1
WDOV26;12/08/2026;14:52:00;5220,00;5220,00;5220,00;5220,00;52200,00;1
WDOV26;12/08/2026;14:42:00;5219,50;5219,50;5219,50;5219,50;365365,00;7
WDOV26;12/08/2026;14:41:00;5219,50;5219,50;5219,50;5219,50;939510,00;18
WDOV26;12/08/2026;14:40:00;5219,50;5220,00;5219,50;5219,50;313180,00;6
WDOV26;12/08/2026;14:39:00;5219,50;5219,50;5219,50;5219,50;313170,00;6
WDOV26;12/08/2026;14:38:00;5219,50;5219,50;5219,50;5219,50;104390,00;2
WDOV26;12/08/2026;14:37:00;5219,00;5219,00;5219,00;5219,00;313140,00;6
WDOV26;12/08/2026;14:36:00;5219,00;5219,00;5219,00;5219,00;991610,00;19
WDOV26;12/08/2026;14:35:00;5219,50;5219,50;5219,00;5219,00;417550,00;8
WDOV26;12/08/2026;14:31:00;5219,00;5219,50;5219,00;5219,50;313165,00;6
WDOV26;12/08/2026;14:30:00;5218,50;5218,50;5218,00;5218,50;1513360,00;29
WDOV26;12/08/2026;14:29:00;5218,00;5218,00;5218,00;5218,00;52180,00;1
WDOV26;12/08/2026;14:28:00;5218,50;5218,50;5218,50;5218,50;626220,00;12
WDOV26;12/08/2026;14:27:00;5218,50;5218,50;5218,50;5218,50;208740,00;4
WDOV26;12/08/2026;14:26:00;5218,50;5218,50;5218,50;5218,50;417480,00;8
WDOV26;12/08/2026;14:24:00;5218,50;5218,50;5218,50;5218,50;3652950,00;70
WDOV26;12/08/2026;14:22:00;5218,00;5218,00;5218,00;5218,00;104360,00;2
WDOV26;12/08/2026;14:13:00;5218,00;5218,00;5218,00;5218,00;52180,00;1
WDOV26;12/08/2026;14:10:00;5217,00;5217,00;5217,00;5217,00;104340,00;2
WDOV26;12/08/2026;14:07:00;5217,00;5217,00;5217,00;5217,00;52170,00;1
WDOV26;12/08/2026;14:02:00;5217,00;5217,00;5217,00;5217,00;208680,00;4
WDOV26;12/08/2026;13:53:00;5218,50;5218,50;5218,50;5218,50;52185,00;1
WDOV26;12/08/2026;13:51:00;5218,50;5218,50;5218,50;5218,50;52185,00;1
WDOV26;12/08/2026;13:47:00;5217,00;5217,00;5217,00;5217,00;52170,00;1
WDOV26;12/08/2026;13:45:00;5217,00;5217,00;5216,00;5216,00;1773460,00;34
WDOV26;12/08/2026;13:41:00;5217,50;5217,50;5217,50;5217,50;52175,00;1
WDOV26;12/08/2026;13:40:00;5218,50;5218,50;5218,50;5218,50;52185,00;1
WDOV26;12/08/2026;13:35:00;5220,00;5220,00;5220,00;5220,00;52200,00;1
WDOV26;12/08/2026;13:28:00;5218,00;5219,50;5217,50;5219,50;1982840,00;38
WDOV26;12/08/2026;13:21:00;5218,00;5219,00;5218,00;5219,00;156560,00;3
WDOV26;12/08/2026;13:20:00;5219,00;5219,00;5219,00;5219,00;208760,00;4
WDOV26;12/08/2026;13:19:00;5220,50;5220,50;5220,00;5220,00;156605,00;3
WDOV26;12/08/2026;13:18:00;5220,50;5220,50;5220,50;5220,50;52205,00;1
WDOV26;12/08/2026;13:15:00;5222,00;5223,00;5222,00;5223,00;2611325,00;50
WDOV26;12/08/2026;13:08:00;5222,00;5222,00;5222,00;5222,00;104440,00;2
WDOV26;12/08/2026;13:07:00;5223,00;5223,00;5223,00;5223,00;52230,00;1
WDOV26;12/08/2026;13:05:00;5223,00;5223,00;5223,00;5223,00;365610,00;7
WDOV26;12/08/2026;13:00:00;5221,00;5221,00;5220,50;5220,50;104415,00;2
WDOV26;12/08/2026;12:57:00;5221,50;5221,50;5221,50;5221,50;104430,00;2
WDOV26;12/08/2026;12:55:00;5221,50;5221,50;5221,50;5221,50;52215,00;1
WDOV26;12/08/2026;12:53:00;5223,00;5223,00;5223,00;5223,00;156690,00;3
WDOV26;12/08/2026;12:50:00;5224,00;5224,00;5224,00;5224,00;52240,00;1
WDOV26;12/08/2026;12:49:00;5223,50;5224,00;5223,50;5224,00;104475,00;2
WDOV26;12/08/2026;12:36:00;5222,50;5222,50;5222,50;5222,50;52225,00;1
WDOV26;12/08/2026;12:31:00;5223,00;5224,50;5223,00;5224,50;261190,00;5
WDOV26;12/08/2026;12:28:00;5222,00;5222,00;5222,00;5222,00;104440,00;2
WDOV26;12/08/2026;12:27:00;5221,50;5221,50;5221,50;5221,50;574365,00;11
WDOV26;12/08/2026;12:26:00;5220,50;5221,00;5220,00;5221,00;261025,00;5
WDOV26;12/08/2026;12:25:00;5222,00;5222,00;5221,50;5221,50;731075,00;14
WDOV26;12/08/2026;12:24:00;5224,00;5224,00;5224,00;5224,00;52240,00;1
WDOV26;12/08/2026;12:23:00;5224,50;5224,50;5223,50;5223,50;470195,00;9
WDOV26;12/08/2026;12:22:00;5225,00;5225,00;5225,00;5225,00;52250,00;1
WDOV26;12/08/2026;12:21:00;5225,50;5225,50;5225,50;5225,50;52255,00;1
WDOV26;12/08/2026;12:20:00;5224,50;5224,50;5224,50;5224,50;52245,00;1
WDOV26;12/08/2026;12:19:00;5224,50;5224,50;5224,50;5224,50;783675,00;15
WDOV26;12/08/2026;12:18:00;5225,50;5225,50;5225,50;5225,50;52255,00;1
WDOV26;12/08/2026;12:14:00;5224,50;5224,50;5224,50;5224,50;1097145,00;21
WDOV26;12/08/2026;12:13:00;5226,00;5226,00;5225,00;5225,00;313550,00;6
WDOV26;12/08/2026;12:12:00;5227,00;5227,00;5226,00;5226,00;209055,00;4
WDOV26;12/08/2026;12:11:00;5228,00;5228,00;5228,00;5228,00;731920,00;14
WDOV26;12/08/2026;12:10:00;5230,00;5230,00;5230,00;5230,00;104600,00;2
WDOV26;12/08/2026;12:09:00;5229,50;5229,50;5229,50;5229,50;52295,00;1
WDOV26;12/08/2026;12:08:00;5230,00;5230,00;5230,00;5230,00;52300,00;1
WDOV26;12/08/2026;12:07:00;5230,00;5230,00;5230,00;5230,00;104600,00;2
WDOV26;12/08/2026;12:06:00;5231,50;5231,50;5231,50;5231,50;156945,00;3
WDOV26;12/08/2026;12:04:00;5232,50;5232,50;5232,50;5232,50;209300,00;4
WDOV26;12/08/2026;12:03:00;5232,50;5232,50;5232,50;5232,50;784875,00;15
WDOV26;12/08/2026;12:02:00;5232,50;5232,50;5232,50;5232,50;52325,00;1
WDOV26;12/08/2026;12:01:00;5232,00;5232,50;5232,00;5232,50;523225,00;10
WDOV26;12/08/2026;12:00:00;5231,50;5232,00;5231,50;5232,00;837095,00;16
WDOV26;12/08/2026;11:59:00;5231,50;5231,50;5231,50;5231,50;52315,00;1
WDOV26;12/08/2026;11:58:00;5231,50;5231,50;5231,50;5231,50;261575,00;5
WDOV26;12/08/2026;11:54:00;5230,00;5230,00;5230,00;5230,00;52300,00;1
WDOV26;12/08/2026;11:53:00;5230,50;5230,50;5229,50;5229,50;784475,00;15
WDOV26;12/08/2026;11:51:00;5230,50;5230,50;5230,50;5230,50;261525,00;5
WDOV26;12/08/2026;11:49:00;5229,50;5229,50;5229,50;5229,50;52295,00;1
WDOV26;12/08/2026;11:47:00;5230,00;5231,00;5230,00;5231,00;104610,00;2
WDOV26;12/08/2026;11:45:00;5231,00;5231,00;5231,00;5231,00;52310,00;1
WDOV26;12/08/2026;11:44:00;5230,50;5231,50;5230,50;5231,50;418470,00;8
WDOV26;12/08/2026;11:43:00;5230,00;5230,50;5230,00;5230,50;104605,00;2
WDOV26;12/08/2026;11:42:00;5228,00;5229,00;5228,00;5229,00;366015,00;7
WDOV26;12/08/2026;11:41:00;5226,50;5226,50;5226,50;5226,50;104530,00;2
WDOV26;12/08/2026;11:36:00;5228,50;5228,50;5228,50;5228,50;52285,00;1
WDOV26;12/08/2026;11:34:00;5227,50;5228,00;5227,50;5228,00;209115,00;4
WDOV26;12/08/2026;11:31:00;5225,50;5230,50;5225,50;5229,50;2980165,00;57
WDOV26;12/08/2026;11:30:00;5225,00;5225,00;5225,00;5225,00;52250,00;1
WDOV26;12/08/2026;11:27:00;5225,00;5225,00;5224,00;5224,50;1097125,00;21
WDOV26;12/08/2026;11:26:00;5224,50;5224,50;5224,50;5224,50;417960,00;8
WDOV26;12/08/2026;11:21:00;5223,00;5224,00;5223,00;5224,00;104470,00;2
WDOV26;12/08/2026;11:18:00;5226,00;5226,00;5225,50;5226,00;209030,00;4
WDOV26;12/08/2026;11:15:00;5228,50;5230,50;5228,50;5230,50;156895,00;3
WDOV26;12/08/2026;11:11:00;5227,00;5227,50;5227,00;5227,50;156820,00;3
WDOV26;12/08/2026;11:10:00;5228,00;5228,00;5228,00;5228,00;52280,00;1
WDOV26;12/08/2026;11:09:00;5228,50;5229,00;5228,50;5229,00;104575,00;2
WDOV26;12/08/2026;11:08:00;5228,00;5229,50;5228,00;5229,50;418265,00;8
WDOV26;12/08/2026;11:07:00;5227,50;5227,50;5227,50;5227,50;52275,00;1
WDOV26;12/08/2026;11:05:00;5223,50;5224,50;5223,00;5224,50;261190,00;5
WDOV26;12/08/2026;11:04:00;5225,50;5225,50;5225,50;5225,50;1045100,00;20
WDOV26;12/08/2026;11:01:00;5227,50;5227,50;5227,50;5227,50;52275,00;1
WDOV26;12/08/2026;11:00:00;5227,50;5228,00;5227,50;5228,00;104555,00;2
WDOV26;12/08/2026;10:56:00;5226,00;5226,00;5226,00;5226,00;1045200,00;20
WDOV26;12/08/2026;10:55:00;5226,00;5226,00;5226,00;5226,00;52260,00;1
WDOV26;12/08/2026;10:53:00;5222,50;5222,50;5222,50;5222,50;52225,00;1
WDOV26;12/08/2026;10:52:00;5222,50;5222,50;5222,50;5222,50;52225,00;1
WDOV26;12/08/2026;10:51:00;5224,50;5225,00;5224,50;5225,00;1044990,00;20
WDOV26;12/08/2026;10:48:00;5222,00;5224,00;5221,50;5224,00;887690,00;17
WDOV26;12/08/2026;10:47:00;5223,50;5223,50;5223,50;5223,50;417880,00;8
WDOV26;12/08/2026;10:44:00;5230,50;5230,50;5230,50;5230,50;52305,00;1
WDOV26;12/08/2026;10:40:00;5228,50;5228,50;5228,50;5228,50;313710,00;6
WDOV26;12/08/2026;10:38:00;5226,00;5226,00;5226,00;5226,00;52260,00;1
WDOV26;12/08/2026;10:37:00;5226,50;5226,50;5226,00;5226,00;104525,00;2
WDOV26;12/08/2026;10:36:00;5223,50;5224,50;5222,50;5224,50;365635,00;7
WDOV26;12/08/2026;10:35:00;5222,50;5223,50;5222,50;5223,50;522320,00;10
WDOV26;12/08/2026;10:34:00;5222,00;5222,00;5222,00;5222,00;104440,00;2
WDOV26;12/08/2026;10:30:00;5223,00;5223,00;5222,00;5222,00;208895,00;4
WDOV26;12/08/2026;10:29:00;5223,50;5223,50;5223,50;5223,50;52235,00;1
WDOV26;12/08/2026;10:28:00;5223,50;5223,50;5223,00;5223,00;522340,00;10
WDOV26;12/08/2026;10:27:00;5228,00;5228,00;5224,00;5224,00;313570,00;6
WDOV26;12/08/2026;10:26:00;5232,00;5233,00;5232,00;5233,00;732595,00;14
WDOV26;12/08/2026;10:25:00;5232,00;5232,00;5232,00;5232,00;104640,00;2
WDOV26;12/08/2026;10:24:00;5233,50;5233,50;5232,00;5232,00;4290285,00;82
WDOV26;12/08/2026;10:23:00;5234,50;5234,50;5234,50;5234,50;366415,00;7
WDOV26;12/08/2026;10:22:00;5235,00;5235,00;5234,00;5234,00;2617175,00;50
WDOV26;12/08/2026;10:21:00;5231,50;5235,50;5231,50;5235,00;2093365,00;40
WDOV26;12/08/2026;10:20:00;5231,50;5231,50;5231,00;5231,50;732400,00;14
WDOV26;12/08/2026;10:19:00;5233,00;5233,00;5230,50;5232,00;523165,00;10
WDOV26;12/08/2026;10:18:00;5229,50;5231,50;5229,50;5231,50;261510,00;5
WDOV26;12/08/2026;10:17:00;5225,50;5227,50;5225,50;5227,50;1045145,00;20
WDOV26;12/08/2026;10:16:00;5224,50;5226,00;5224,50;5226,00;156750,00;3
WDOV26;12/08/2026;10:14:00;5219,50;5221,00;5219,50;5221,00;678595,00;13
WDOV26;12/08/2026;10:12:00;5215,50;5219,50;5215,50;5219,50;260855,00;5
WDOV26;12/08/2026;10:10:00;5215,00;5215,50;5215,00;5215,50;156455,00;3
WDOV26;12/08/2026;10:08:00;5210,50;5210,50;5210,50;5210,50;312630,00;6
WDOV26;12/08/2026;10:07:00;5209,50;5212,50;5209,50;5212,50;104220,00;2
WDOV26;12/08/2026;10:06:00;5208,00;5208,00;5208,00;5208,00;52080,00;1
WDOV26;12/08/2026;10:04:00;5209,00;5209,00;5209,00;5209,00;572990,00;11
WDOV26;12/08/2026;10:02:00;5210,00;5210,00;5208,00;5208,00;260460,00;5
WDOV26;12/08/2026;10:00:00;5210,00;5210,50;5209,50;5209,50;312595,00;6
WDOV26;12/08/2026;09:59:00;5210,00;5210,00;5208,50;5208,50;104185,00;2
WDOV26;12/08/2026;09:58:00;5210,50;5211,50;5210,50;5211,50;416875,00;8
WDOV26;12/08/2026;09:57:00;5209,00;5210,00;5209,00;5210,00;625160,00;12
WDOV26;12/08/2026;09:55:00;5206,50;5206,50;5206,50;5206,50;52065,00;1
WDOV26;12/08/2026;09:54:00;5209,00;5209,00;5209,00;5209,00;52090,00;1
WDOV26;12/08/2026;09:53:00;5209,00;5209,00;5208,50;5209,00;260445,00;5
WDOV26;12/08/2026;09:52:00;5207,00;5207,00;5207,00;5207,00;52070,00;1
WDOV26;12/08/2026;09:50:00;5203,00;5204,00;5203,00;5204,00;156100,00;3
WDOV26;12/08/2026;09:49:00;5201,50;5202,50;5200,50;5202,50;208065,00;4
WDOV26;12/08/2026;09:47:00;5203,00;5207,00;5203,00;5207,00;572500,00;11
WDOV26;12/08/2026;09:46:00;5201,50;5201,50;5201,50;5201,50;208060,00;4
WDOV26;12/08/2026;09:45:00;5197,00;5201,50;5197,00;5201,50;987800,00;19
WDOV26;12/08/2026;09:44:00;5197,50;5197,50;5196,50;5196,50;311830,00;6
WDOV26;12/08/2026;09:43:00;5195,00;5196,50;5195,00;5196,50;155870,00;3
WDOV26;12/08/2026;09:42:00;5195,50;5195,50;5194,00;5195,00;519495,00;10
WDOV26;12/08/2026;09:41:00;5195,50;5197,00;5195,00;5196,50;3377115,00;65
WDOV26;12/08/2026;09:40:00;5199,00;5199,50;5196,00;5196,00;363885,00;7
WDOV26;12/08/2026;09:39:00;5200,50;5200,50;5197,00;5198,50;3014685,00;58
WDOV26;12/08/2026;09:38:00;5204,00;5204,50;5203,00;5203,00;416295,00;8
WDOV26;12/08/2026;09:37:00;5203,50;5203,50;5203,50;5203,50;104070,00;2
WDOV26;12/08/2026;09:36:00;5204,00;5204,00;5203,00;5203,00;416310,00;8
WDOV26;12/08/2026;09:35:00;5203,00;5204,00;5203,00;5204,00;1144690,00;22
WDOV26;12/08/2026;09:34:00;5201,50;5203,00;5200,00;5203,00;3381000,00;65
WDOV26;12/08/2026;09:33:00;5206,50;5206,50;5205,00;5205,00;260310,00;5
WDOV26;12/08/2026;09:32:00;5207,50;5209,00;5206,00;5209,00;520820,00;10
WDOV26;12/08/2026;09:31:00;5214,00;5215,00;5211,50;5211,50;1095105,00;21
WDOV26;12/08/2026;09:30:00;5205,50;5215,50;5199,50;5214,50;4476975,00;86
WDOV26;12/08/2026;09:28:00;5208,00;5209,00;5208,00;5209,00;208345,00;4
WDOV26;12/08/2026;09:27:00;5207,50;5207,50;5207,00;5207,50;208290,00;4
WDOV26;12/08/2026;09:26:00;5211,00;5211,00;5209,00;5209,00;625205,00;12
WDOV26;12/08/2026;09:25:00;5212,50;5212,50;5212,50;5212,50;208500,00;4
WDOV26;12/08/2026;09:24:00;5212,00;5212,50;5212,00;5212,50;208485,00;4
WDOV26;12/08/2026;09:23:00;5211,00;5211,00;5210,50;5210,50;208425,00;4
WDOV26;12/08/2026;09:22:00;5213,00;5213,00;5213,00;5213,00;2606500,00;50
WDOV26;12/08/2026;09:20:00;5212,50;5212,50;5212,50;5212,50;52125,00;1
WDOV26;12/08/2026;09:19:00;5211,50;5213,00;5211,50;5211,50;521180,00;10
WDOV26;12/08/2026;09:18:00;5213,00;5213,50;5213,00;5213,50;104265,00;2
WDOV26;12/08/2026;09:17:00;5215,00;5216,00;5215,00;5216,00;156460,00;3
WDOV26;12/08/2026;09:16:00;5213,50;5215,00;5213,50;5215,00;417140,00;8
WDOV26;12/08/2026;09:15:00;5212,50;5212,50;5212,00;5212,00;938245,00;18
WDOV26;12/08/2026;09:13:00;5214,50;5214,50;5214,50;5214,50;260725,00;5
WDOV26;12/08/2026;09:12:00;5214,00;5214,50;5214,00;5214,50;104285,00;2
WDOV26;12/08/2026;09:09:00;5210,00;5214,50;5210,00;5212,50;469195,00;9
WDOV26;12/08/2026;09:08:00;5211,00;5211,00;5210,50;5210,50;156325,00;3
WDOV26;12/08/2026;09:07:00;5211,50;5211,50;5211,50;5211,50;52115,00;1
WDOV26;12/08/2026;09:06:00;5211,50;5211,50;5210,50;5211,00;625320,00;12
WDOV26;12/08/2026;09:05:00;5211,50;5211,50;5211,50;5211,50;104230,00;2
WDOV26;12/08/2026;09:04:00;5210,00;5211,50;5210,00;5211,50;521105,00;10
WDOV26;12/08/2026;09:03:00;5213,00;5213,50;5210,00;5210,00;312700,00;6
WDOV26;12/08/2026;09:02:00;5214,00;5214,00;5209,50;5213,00;2867085,00;55
WDOV26;12/08/2026;09:01:00;5211,00;5215,00;5211,00;5215,00;208500,00;4
WDOV26;12/08/2026;09:00:00;5200,00;5218,00;5200,00;5211,50;833810,00;16
WDOV26;11/08/2026;18:29:00;5216,50;5216,50;5216,50;5216,50;104330,00;2
WDOV26;11/08/2026;18:28:00;5217,50;5217,50;5217,50;5217,50;730450,00;14
WDOV26;11/08/2026;18:27:00;5217,00;5217,00;5217,00;5217,00;104340,00;2
WDOV26;11/08/2026;18:26:00;5217,00;5217,00;5216,50;5216,50;521665,00;10
WDOV26;11/08/2026;18:25:00;5218,00;5218,00;5217,50;5217,50;5374530,00;103
WDOV26;11/08/2026;18:23:00;5218,50;5218,50;5218,50;5218,50;887145,00;17
WDOV26;11/08/2026;18:22:00;5219,00;5219,50;5218,50;5219,50;1252465,00;24
WDOV26;11/08/2026;18:21:00;5220,00;5220,00;5220,00;5220,00;261000,00;5
WDOV26;11/08/2026;18:20:00;5220,00;5220,00;5220,00;5220,00;1096200,00;21
WDOV26;11/08/2026;18:19:00;5220,50;5220,50;5219,50;5219,50;2714650,00;52
WDOV26;11/08/2026;18:18:00;5222,50;5222,50;5222,50;5222,50;52225,00;1
WDOV26;11/08/2026;18:17:00;5224,00;5224,00;5224,00;5224,00;940320,00;18
WDOV26;11/08/2026;18:16:00;5224,00;5224,00;5224,00;5224,00;1671680,00;32
WDOV26;11/08/2026;18:13:00;5224,50;5224,50;5224,50;5224,50;365715,00;7
WDOV26;11/08/2026;18:10:00;5224,50;5224,50;5224,50;5224,50;52245,00;1
WDOV26;11/08/2026;18:09:00;5224,00;5224,00;5224,00;5224,00;52240,00;1
WDOV26;11/08/2026;18:08:00;5223,00;5223,00;5223,00;5223,00;52230,00;1
WDOV26;11/08/2026;18:00:00;5221,00;5221,00;5221,00;5221,00;365470,00;7
WDOV26;11/08/2026;17:59:00;5220,50;5220,50;5220,50;5220,50;313230,00;6
WDOV26;11/08/2026;17:51:00;5223,00;5223,00;5223,00;5223,00;365610,00;7
WDOV26;11/08/2026;17:50:00;5220,50;5223,00;5220,50;5223,00;208860,00;4
WDOV26;11/08/2026;17:49:00;5220,00;5220,00;5220,00;5220,00;52200,00;1
WDOV26;11/08/2026;17:47:00;5219,50;5219,50;5219,50;5219,50;260975,00;5
WDOV26;11/08/2026;17:45:00;5219,50;5219,50;5219,50;5219,50;52195,00;1
WDOV26;11/08/2026;17:44:00;5219,00;5219,00;5218,50;5218,50;104375,00;2
WDOV26;11/08/2026;17:36:00;5220,50;5221,00;5220,50;5221,00;365440,00;7
WDOV26;11/08/2026;17:31:00;5219,00;5219,00;5219,00;5219,00;208760,00;4
WDOV26;11/08/2026;17:11:00;5218,50;5218,50;5218,00;5218,00;104365,00;2
WDOV26;11/08/2026;17:07:00;5221,50;5221,50;5221,50;5221,50;52215,00;1
WDOV26;11/08/2026;17:00:00;5222,50;5222,50;5221,00;5221,00;417730,00;8
WDOV26;11/08/2026;16:57:00;5222,00;5222,00;5222,00;5222,00;261100,00;5
WDOV26;11/08/2026;16:54:00;5221,50;5221,50;5221,50;5221,50;52215,00;1
WDOV26;11/08/2026;16:50:00;5223,00;5223,00;5223,00;5223,00;104460,00;2
WDOV26;11/08/2026;16:49:00;5222,00;5222,00;5222,00;5222,00;52220,00;1
WDOV26;11/08/2026;16:48:00;5222,00;5222,50;5222,00;5222,50;1096720,00;21
WDOV26;11/08/2026;16:46:00;5221,50;5221,50;5221,50;5221,50;52215,00;1
WDOV26;11/08/2026;16:38:00;5220,50;5220,50;5220,50;5220,50;52205,00;1
WDOV26;11/08/2026;16:37:00;5222,00;5222,00;5221,00;5221,00;261080,00;5
WDOV26;11/08/2026;16:36:00;5221,50;5221,50;5221,50;5221,50;52215,00;1
WDOV26;11/08/2026;16:32:00;5223,00;5223,00;5223,00;5223,00;104460,00;2
WDOV26;11/08/2026;16:28:00;5222,50;5222,50;5222,50;5222,50;52225,00;1
WDOV26;11/08/2026;16:26:00;5224,00;5224,00;5224,00;5224,00;52240,00;1
WDOV26;11/08/2026;16:24:00;5224,50;5224,50;5224,50;5224,50;52245,00;1
WDOV26;11/08/2026;16:22:00;5225,50;5225,50;5225,50;5225,50;261275,00;5
WDOV26;11/08/2026;16:19:00;5226,00;5226,00;5226,00;5226,00;52260,00;1
WDOV26;11/08/2026;16:15:00;5225,50;5226,00;5225,50;5226,00;940675,00;18
WDOV26;11/08/2026;16:12:00;5224,00;5225,00;5224,00;5225,00;261210,00;5
WDOV26;11/08/2026;16:11:00;5224,00;5224,00;5224,00;5224,00;52240,00;1
WDOV26;11/08/2026;16:10:00;5224,00;5224,00;5224,00;5224,00;52240,00;1
WDOV26;11/08/2026;16:09:00;5224,00;5224,00;5224,00;5224,00;52240,00;1
WDOV26;11/08/2026;16:03:00;5226,00;5226,00;5226,00;5226,00;52260,00;1
WDOV26;11/08/2026;16:02:00;5227,00;5227,00;5227,00;5227,00;104540,00;2
WDOV26;11/08/2026;16:01:00;5227,00;5227,00;5227,00;5227,00;52270,00;1
WDOV26;11/08/2026;16:00:00;5227,50;5227,50;5226,50;5227,50;679565,00;13
WDOV26;11/08/2026;15:59:00;5230,00;5230,00;5230,00;5230,00;104600,00;2
WDOV26;11/08/2026;15:55:00;5230,00;5230,00;5230,00;5230,00;313800,00;6
WDOV26;11/08/2026;15:49:00;5231,00;5231,00;5230,00;5230,00;261530,00;5
WDOV26;11/08/2026;15:48:00;5231,00;5231,00;5230,50;5230,50;156925,00;3
WDOV26;11/08/2026;15:45:00;5232,50;5232,50;5232,50;5232,50;52325,00;1
WDOV26;11/08/2026;15:41:00;5232,50;5232,50;5232,50;5232,50;156975,00;3
WDOV26;11/08/2026;15:40:00;5231,50;5231,50;5231,50;5231,50;104630,00;2
WDOV26;11/08/2026;15:37:00;5232,50;5232,50;5232,50;5232,50;104650,00;2
WDOV26;11/08/2026;15:35:00;5233,00;5233,00;5232,50;5232,50;261640,00;5
WDOV26;11/08/2026;15:31:00;5234,50;5234,50;5232,50;5232,50;157010,00;3
WDOV26;11/08/2026;15:30:00;5236,00;5236,00;5235,00;5235,00;157065,00;3
WDOV26;11/08/2026;15:29:00;5233,50;5236,50;5233,50;5236,50;1046795,00;20
WDOV26;11/08/2026;15:28:00;5233,50;5233,50;5232,50;5232,50;156995,00;3
WDOV26;11/08/2026;15:27:00;5232,00;5232,50;5232,00;5232,50;523230,00;10
WDOV26;11/08/2026;15:26:00;5233,00;5233,00;5232,50;5232,50;261635,00;5
WDOV26;11/08/2026;15:25:00;5232,00;5234,00;5232,00;5233,50;1099005,00;21
WDOV26;11/08/2026;15:24:00;5232,00;5232,50;5231,50;5232,00;1046450,00;20
WDOV26;11/08/2026;15:23:00;5231,50;5232,50;5231,50;5232,50;313930,00;6
WDOV26;11/08/2026;15:22:00;5230,50;5232,50;5230,50;5231,50;1150970,00;22
WDOV26;11/08/2026;15:21:00;5228,50;5230,00;5228,50;5230,00;1202790,00;23
WDOV26;11/08/2026;15:20:00;5227,50;5228,50;5227,50;5228,50;209130,00;4
WDOV26;11/08/2026;15:19:00;5227,00;5227,00;5227,00;5227,00;52270,00;1
WDOV26;11/08/2026;15:18:00;5225,50;5226,00;5225,50;5226,00;104515,00;2
WDOV26;11/08/2026;15:17:00;5225,50;5226,00;5225,50;5226,00;418050,00;8
WDOV26;11/08/2026;15:16:00;5225,50;5225,50;5225,50;5225,50;52255,00;1
WDOV26;11/08/2026;15:11:00;5225,00;5225,00;5225,00;5225,00;104500,00;2
WDOV26;11/08/2026;15:10:00;5224,50;5224,50;5224,50;5224,50;156735,00;3
WDOV26;11/08/2026;15:09:00;5223,50;5223,50;5223,50;5223,50;52235,00;1
WDOV26;11/08/2026;15:07:00;5224,50;5224,50;5224,50;5224,50;104490,00;2
WDOV26;11/08/2026;15:06:00;5225,00;5225,50;5225,00;5225,50;313520,00;6
WDOV26;11/08/2026;15:05:00;5224,50;5224,50;5224,50;5224,50;156735,00;3
WDOV26;11/08/2026;15:04:00;5224,50;5224,50;5224,50;5224,50;52245,00;1
WDOV26;11/08/2026;15:03:00;5224,00;5224,00;5224,00;5224,00;104480,00;2
WDOV26;11/08/2026;15:02:00;5222,00;5223,50;5222,00;5223,50;522265,00;10
WDOV26;11/08/2026;14:55:00;5219,00;5219,00;5219,00;5219,00;104380,00;2
WDOV26;11/08/2026;14:54:00;5218,00;5218,50;5218,00;5218,50;260915,00;5
WDOV26;11/08/2026;14:51:00;5218,00;5218,50;5218,00;5218,00;1043615,00;20
WDOV26;11/08/2026;14:49:00;5217,50;5217,50;5217,00;5217,00;156520,00;3
WDOV26;11/08/2026;14:48:00;5217,00;5217,00;5217,00;5217,00;52170,00;1
WDOV26;11/08/2026;14:47:00;5218,50;5218,50;5218,50;5218,50;104370,00;2
WDOV26;11/08/2026;14:46:00;5219,00;5219,00;5219,00;5219,00;52190,00;1
WDOV26;11/08/2026;14:43:00;5218,50;5218,50;5218,50;5218,50;52185,00;1
WDOV26;11/08/2026;14:37:00;5220,00;5220,00;5220,00;5220,00;261000,00;5
WDOV26;11/08/2026;14:35:00;5221,50;5222,00;5221,50;5222,00;783295,00;15
WDOV26;11/08/2026;14:34:00;5220,50;5220,50;5220,00;5220,00;208815,00;4
WDOV26;11/08/2026;14:33:00;5221,50;5221,50;5221,50;5221,50;1096515,00;21
WDOV26;11/08/2026;14:31:00;5222,50;5222,50;5222,50;5222,50;104450,00;2
WDOV26;11/08/2026;14:30:00;5221,50;5221,50;5221,50;5221,50;52215,00;1
WDOV26;11/08/2026;14:27:00;5225,00;5225,00;5224,50;5224,50;156745,00;3
WDOV26;11/08/2026;14:26:00;5223,50;5224,00;5223,50;5224,00;365675,00;7
WDOV26;11/08/2026;14:20:00;5220,50;5220,50;5220,50;5220,50;52205,00;1
WDOV26;11/08/2026;14:17:00;5219,50;5220,50;5219,00;5220,50;156590,00;3
WDOV26;11/08/2026;14:08:00;5222,00;5222,00;5222,00;5222,00;52220,00;1
WDOV26;11/08/2026;14:07:00;5221,50;5221,50;5221,50;5221,50;208860,00;4
WDOV26;11/08/2026;14:05:00;5221,00;5221,00;5221,00;5221,00;52210,00;1
WDOV26;11/08/2026;14:04:00;5220,50;5220,50;5220,00;5220,00;156605,00;3
WDOV26;11/08/2026;14:02:00;5219,00;5219,00;5219,00;5219,00;417520,00;8
WDOV26;11/08/2026;14:00:00;5219,00;5219,00;5219,00;5219,00;52190,00;1
WDOV26;11/08/2026;13:59:00;5218,00;5219,00;5218,00;5219,00;104370,00;2
WDOV26;11/08/2026;13:58:00;5219,00;5219,00;5219,00;5219,00;52190,00;1
WDOV26;11/08/2026;13:57:00;5219,00;5219,00;5219,00;5219,00;52190,00;1
WDOV26;11/08/2026;13:56:00;5217,00;5217,00;5217,00;5217,00;156510,00;3
WDOV26;11/08/2026;13:50:00;5220,00;5220,00;5220,00;5220,00;52200,00;1
WDOV26;11/08/2026;13:49:00;5219,00;5219,00;5219,00;5219,00;104380,00;2
WDOV26;11/08/2026;13:46:00;5218,00;5218,50;5218,00;5218,50;104365,00;2
WDOV26;11/08/2026;13:45:00;5219,00;5219,00;5219,00;5219,00;52190,00;1
WDOV26;11/08/2026;13:44:00;5219,00;5219,00;5219,00;5219,00;52190,00;1
WDOV26;11/08/2026;13:43:00;5219,50;5219,50;5219,50;5219,50;156585,00;3
WDOV26;11/08/2026;13:40:00;5218,50;5218,50;5218,50;5218,50;52185,00;1
WDOV26;11/08/2026;13:39:00;5220,00;5220,00;5220,00;5220,00;208800,00;4
WDOV26;11/08/2026;13:38:00;5219,50;5219,50;5219,50;5219,50;52195,00;1
WDOV26;11/08/2026;13:36:00;5219,00;5219,50;5219,00;5219,50;104385,00;2
WDOV26;11/08/2026;13:35:00;5220,00;5220,00;5218,00;5218,00;782795,00;15
WDOV26;11/08/2026;13:33:00;5222,00;5222,00;5222,00;5222,00;104440,00;2
WDOV26;11/08/2026;13:32:00;5222,00;5222,00;5222,00;5222,00;52220,00;1
WDOV26;11/08/2026;13:31:00;5221,50;5221,50;5221,50;5221,50;52215,00;1
WDOV26;11/08/2026;13:26:00;5222,00;5222,00;5222,00;5222,00;52220,00;1
WDOV26;11/08/2026;13:22:00;5219,50;5219,50;5219,50;5219,50;52195,00;1
WDOV26;11/08/2026;13:20:00;5219,50;5219,50;5219,50;5219,50;52195,00;1
WDOV26;11/08/2026;13:18:00;5223,00;5223,00;5222,50;5222,50;156680,00;3
WDOV26;11/08/2026;13:13:00;5219,50;5219,50;5219,00;5219,00;1043805,00;20
WDOV26;11/08/2026;13:12:00;5220,00;5220,00;5220,00;5220,00;52200,00;1
WDOV26;11/08/2026;13:11:00;5221,00;5221,00;5220,50;5220,50;104415,00;2
WDOV26;11/08/2026;13:09:00;5221,00;5221,00;5221,00;5221,00;52210,00;1
WDOV26;11/08/2026;13:07:00;5224,00;5224,00;5221,00;5221,00;208870,00;4
WDOV26;11/08/2026;13:05:00;5223,50;5224,00;5223,50;5224,00;208955,00;4
WDOV26;11/08/2026;13:04:00;5221,00;5221,00;5221,00;5221,00;52210,00;1
WDOV26;11/08/2026;13:03:00;5222,50;5222,50;5222,50;5222,50;208900,00;4
WDOV26;11/08/2026;13:02:00;5221,50;5222,50;5221,50;5222,50;156660,00;3
WDOV26;11/08/2026;12:59:00;5219,00;5219,00;5219,00;5219,00;208760,00;4
WDOV26;11/08/2026;12:55:00;5219,50;5219,50;5219,50;5219,50;52195,00;1
WDOV26;11/08/2026;12:54:00;5219,00;5219,00;5218,50;5218,50;365305,00;7
WDOV26;11/08/2026;12:52:00;5220,00;5220,50;5220,00;5220,00;417620,00;8
WDOV26;11/08/2026;12:51:00;5220,00;5220,00;5220,00;5220,00;104400,00;2
WDOV26;11/08/2026;12:50:00;5219,50;5219,50;5219,50;5219,50;104390,00;2
WDOV26;11/08/2026;12:49:00;5220,00;5220,00;5220,00;5220,00;104400,00;2
WDOV26;11/08/2026;12:48:00;5221,50;5221,50;5221,50;5221,50;156645,00;3
WDOV26;11/08/2026;12:45:00;5221,50;5221,50;5221,50;5221,50;574365,00;11
WDOV26;11/08/2026;12:44:00;5225,50;5225,50;5225,50;5225,50;52255,00;1
WDOV26;11/08/2026;12:42:00;5230,00;5230,00;5230,00;5230,00;104600,00;2
WDOV26;11/08/2026;12:41:00;5226,50;5226,50;5225,50;5226,50;574855,00;11
WDOV26;11/08/2026;12:40:00;5227,50;5228,00;5223,50;5223,50;3762325,00;72
WDOV26;11/08/2026;12:39:00;5223,00;5227,00;5222,50;5227,00;1515065,00;29
WDOV26;11/08/2026;12:38:00;5222,50;5224,00;5222,50;5224,00;1149265,00;22
WDOV26;11/08/2026;12:37:00;5222,00;5222,00;5222,00;5222,00;52220,00;1
WDOV26;11/08/2026;12:36:00;5221,50;5223,50;5221,50;5223,00;1358030,00;26
WDOV26;11/08/2026;12:35:00;5222,50;5222,50;5221,50;5222,00;992155,00;19
WDOV26;11/08/2026;12:34:00;5218,50;5221,50;5218,50;5221,50;5846360,00;112
WDOV26;11/08/2026;12:32:00;5213,00;5213,50;5213,00;5213,50;260665,00;5
WDOV26;11/08/2026;12:30:00;5214,00;5216,00;5214,00;5214,00;2294815,00;44
WDOV26;11/08/2026;12:29:00;5213,00;5213,00;5213,00;5213,00;260650,00;5
WDOV26;11/08/2026;12:28:00;5213,00;5213,00;5213,00;5213,00;260650,00;5
WDOV26;11/08/2026;12:27:00;5212,50;5213,00;5212,50;5213,00;781925,00;15
WDOV26;11/08/2026;12:26:00;5211,50;5212,50;5211,50;5212,50;208480,00;4
WDOV26;11/08/2026;12:25:00;5210,00;5210,00;5210,00;5210,00;104200,00;2
WDOV26;11/08/2026;12:24:00;5208,00;5208,00;5208,00;5208,00;260400,00;5
WDOV26;11/08/2026;12:23:00;5209,50;5209,50;5208,00;5208,00;104175,00;2
WDOV26;11/08/2026;12:22:00;5209,50;5209,50;5209,50;5209,50;52095,00;1
WDOV26;11/08/2026;12:21:00;5211,50;5211,50;5211,00;5211,50;781720,00;15
WDOV26;11/08/2026;12:20:00;5212,00;5212,00;5211,50;5211,50;104235,00;2
WDOV26;11/08/2026;12:19:00;5211,50;5211,50;5211,50;5211,50;104230,00;2
WDOV26;11/08/2026;12:18:00;5209,50;5209,50;5209,50;5209,50;52095,00;1
WDOV26;11/08/2026;12:17:00;5208,50;5208,50;5208,50;5208,50;260425,00;5
WDOV26;11/08/2026;12:16:00;5209,00;5210,00;5209,00;5210,00;520940,00;10
WDOV26;11/08/2026;12:15:00;5208,50;5212,50;5208,50;5209,50;573160,00;11
WDOV26;11/08/2026;12:14:00;5207,50;5208,00;5207,50;5208,00;312475,00;6
WDOV26;11/08/2026;12:12:00;5206,50;5208,00;5206,50;5208,00;156225,00;3
WDOV26;11/08/2026;12:11:00;5204,50;5204,50;5204,50;5204,50;260225,00;5
WDOV26;11/08/2026;12:10:00;5206,00;5206,00;5205,50;5205,50;104115,00;2
WDOV26;11/08/2026;12:09:00;5204,00;5206,00;5204,00;5206,00;312315,00;6
WDOV26;11/08/2026;12:08:00;5203,00;5203,00;5203,00;5203,00;156090,00;3
WDOV26;11/08/2026;12:07:00;5202,50;5202,50;5202,50;5202,50;260125,00;5
WDOV26;11/08/2026;12:06:00;5204,00;5204,50;5203,50;5203,50;988745,00;19
WDOV26;11/08/2026;12:05:00;5201,50;5202,50;5201,50;5202,50;884265,00;17
WDOV26;11/08/2026;12:03:00;5200,50;5200,50;5200,50;5200,50;104010,00;2
WDOV26;11/08/2026;12:02:00;5197,50;5199,00;5197,50;5199,00;103965,00;2
WDOV26;11/08/2026;12:01:00;5198,00;5198,00;5198,00;5198,00;259900,00;5
WDOV26;11/08/2026;12:00:00;5198,50;5199,50;5198,00;5199,00;1351690,00;26
WDOV26;11/08/2026;11:59:00;5201,50;5201,50;5201,00;5201,00;364075,00;7
WDOV26;11/08/2026;11:58:00;5201,00;5201,00;5201,00;5201,00;312060,00;6
WDOV26;11/08/2026;11:56:00;5202,50;5202,50;5202,50;5202,50;260125,00;5
WDOV26;11/08/2026;11:54:00;5202,50;5202,50;5202,50;5202,50;52025,00;1
WDOV26;11/08/2026;11:52:00;5204,00;5204,00;5204,00;5204,00;104080,00;2
WDOV26;11/08/2026;11:51:00;5202,50;5202,50;5202,00;5202,00;104045,00;2
WDOV26;11/08/2026;11:50:00;5202,00;5203,50;5202,00;5203,50;364155,00;7
WDOV26;11/08/2026;11:49:00;5201,50;5204,00;5201,50;5204,00;520265,00;10
WDOV26;11/08/2026;11:48:00;5199,50;5203,00;5199,50;5201,50;1300335,00;25
WDOV26;11/08/2026;11:47:00;5197,00;5200,00;5196,00;5200,00;1299495,00;25
WDOV26;11/08/2026;11:46:00;5197,00;5197,00;5197,00;5197,00;103940,00;2
WDOV26;11/08/2026;11:45:00;5193,50;5193,50;5193,00;5193,50;311590,00;6
WDOV26;11/08/2026;11:43:00;5194,00;5196,00;5194,00;5196,00;207815,00;4
WDOV26;11/08/2026;11:42:00;5193,00;5194,00;5193,00;5193,50;1402240,00;27
WDOV26;11/08/2026;11:41:00;5193,00;5193,00;5193,00;5193,00;51930,00;1
WDOV26;11/08/2026;11:40:00;5189,50;5191,00;5188,50;5191,00;3165875,00;61
WDOV26;11/08/2026;11:39:00;5187,00;5189,00;5187,00;5189,00;570680,00;11
WDOV26;11/08/2026;11:38:00;5185,50;5186,00;5185,00;5186,00;466695,00;9
WDOV26;11/08/2026;11:37:00;5183,50;5185,50;5183,50;5185,50;259230,00;5
WDOV26;11/08/2026;11:36:00;5183,00;5183,00;5183,00;5183,00;51830,00;1
WDOV26;11/08/2026;11:35:00;5183,50;5183,50;5183,50;5183,50;311010,00;6
WDOV26;11/08/2026;11:33:00;5183,50;5183,50;5183,50;5183,50;51835,00;1
WDOV26;11/08/2026;11:32:00;5184,00;5184,50;5183,00;5183,00;1814540,00;35
WDOV26;11/08/2026;11:30:00;5184,00;5184,00;5183,00;5183,50;881150,00;17
WDOV26;11/08/2026;11:28:00;5186,00;5187,00;5186,00;5186,50;207465,00;4
WDOV26;11/08/2026;11:27:00;5185,00;5185,50;5185,00;5185,50;414820,00;8
WDOV26;11/08/2026;11:25:00;5185,00;5185,00;5184,00;5184,00;155540,00;3
WDOV26;11/08/2026;11:24:00;5184,00;5184,00;5184,00;5184,00;311040,00;6
WDOV26;11/08/2026;11:23:00;5183,50;5185,00;5183,50;5184,50;414750,00;8
WDOV26;11/08/2026;11:22:00;5181,50;5182,50;5181,50;5182,50;259095,00;5
WDOV26;11/08/2026;11:21:00;5180,00;5183,00;5180,00;5181,50;3056400,00;59
WDOV26;11/08/2026;11:20:00;5178,50;5179,00;5178,50;5179,00;466100,00;9
WDOV26;11/08/2026;11:19:00;5180,00;5180,00;5179,50;5179,50;673390,00;13
WDOV26;11/08/2026;11:18:00;5179,50;5179,50;5179,50;5179,50;103590,00;2
WDOV26;11/08/2026;11:17:00;5177,50;5179,00;5177,50;5179,00;207125,00;4
WDOV26;11/08/2026;11:16:00;5177,50;5177,50;5177,00;5177,00;103545,00;2
WDOV26;11/08/2026;11:15:00;5177,00;5177,50;5177,00;5177,00;414170,00;8
WDOV26;11/08/2026;11:14:00;5175,50;5178,00;5175,50;5176,00;1449600,00;28
WDOV26;11/08/2026;11:13:00;5173,00;5175,00;5173,00;5175,00;3880990,00;75
WDOV26;11/08/2026;11:09:00;5171,50;5172,00;5171,50;5172,00;103435,00;2
WDOV26;11/08/2026;11:08:00;5170,00;5170,00;5170,00;5170,00;51700,00;1
WDOV26;11/08/2026;11:07:00;5171,00;5171,00;5171,00;5171,00;103420,00;2
WDOV26;11/08/2026;11:06:00;5171,00;5171,00;5171,00;5171,00;103420,00;2
WDOV26;11/08/2026;11:05:00;5171,00;5172,00;5171,00;5172,00;310300,00;6
WDOV26;11/08/2026;11:02:00;5170,50;5170,50;5170,50;5170,50;103410,00;2
WDOV26;11/08/2026;10:56:00;5171,50;5171,50;5170,50;5170,50;206845,00;4
WDOV26;11/08/2026;10:55:00;5172,00;5172,00;5172,00;5172,00;465480,00;9
WDOV26;11/08/2026;10:54:00;5172,00;5172,00;5172,00;5172,00;103440,00;2
WDOV26;11/08/2026;10:53:00;5170,00;5170,50;5170,00;5170,50;206815,00;4
WDOV26;11/08/2026;10:52:00;5170,00;5170,00;5170,00;5170,00;103400,00;2
WDOV26;11/08/2026;10:51:00;5170,00;5170,00;5170,00;5170,00;51700,00;1
WDOV26;11/08/2026;10:50:00;5170,00;5170,00;5170,00;5170,00;103400,00;2
WDOV26;11/08/2026;10:48:00;5168,00;5170,00;5168,00;5169,50;361810,00;7
WDOV26;11/08/2026;10:43:00;5169,00;5169,50;5169,00;5169,50;310145,00;6
WDOV26;11/08/2026;10:42:00;5169,50;5169,50;5169,50;5169,50;51695,00;1
WDOV26;11/08/2026;10:41:00;5168,00;5168,00;5168,00;5168,00;103360,00;2
WDOV26;11/08/2026;10:40:00;5166,50;5167,50;5166,50;5167,00;155010,00;3
WDOV26;11/08/2026;10:39:00;5165,50;5165,50;5165,50;5165,50;51655,00;1
WDOV26;11/08/2026;10:38:00;5164,00;5164,00;5164,00;5164,00;103280,00;2
WDOV26;11/08/2026;10:37:00;5163,00;5165,00;5163,00;5165,00;154925,00;3
WDOV26;11/08/2026;10:36:00;5163,50;5163,50;5163,50;5163,50;258175,00;5
WDOV26;11/08/2026;10:35:00;5168,00;5168,00;5166,00;5166,00;2273675,00;44
WDOV26;11/08/2026;10:34:00;5170,00;5170,00;5170,00;5170,00;5273400,00;102
WDOV26;11/08/2026;10:32:00;5168,00;5169,50;5167,50;5169,50;361770,00;7
WDOV26;11/08/2026;10:31:00;5167,50;5168,00;5167,50;5168,00;1343675,00;26
WDOV26;11/08/2026;10:30:00;5167,00;5167,00;5166,50;5166,50;103335,00;2
WDOV26;11/08/2026;10:27:00;5165,00;5166,50;5165,00;5166,50;206635,00;4
WDOV26;11/08/2026;10:24:00;5163,00;5163,00;5163,00;5163,00;51630,00;1
WDOV26;11/08/2026;10:20:00;5163,50;5164,50;5162,50;5162,50;258180,00;5
WDOV26;11/08/2026;10:17:00;5164,00;5164,00;5163,50;5163,50;103275,00;2
WDOV26;11/08/2026;10:16:00;5165,50;5166,50;5165,50;5166,50;258315,00;5
WDOV26;11/08/2026;10:15:00;5163,50;5165,00;5163,50;5165,00;464785,00;9
WDOV26;11/08/2026;10:14:00;5162,50;5162,50;5162,50;5162,50;51625,00;1
WDOV26;11/08/2026;10:12:00;5160,50;5162,50;5160,50;5162,50;154850,00;3
WDOV26;11/08/2026;10:10:00;5160,50;5160,50;5160,50;5160,50;206420,00;4
WDOV26;11/08/2026;10:09:00;5159,00;5159,00;5159,00;5159,00;154770,00;3
WDOV26;11/08/2026;10:07:00;5159,00;5159,50;5159,00;5159,00;257955,00;5
WDOV26;11/08/2026;10:05:00;5159,50;5160,00;5159,50;5160,00;103195,00;2
WDOV26;11/08/2026;10:04:00;5159,50;5159,50;5159,50;5159,50;51595,00;1
WDOV26;11/08/2026;10:03:00;5159,00;5159,00;5159,00;5159,00;51590,00;1
WDOV26;11/08/2026;10:02:00;5160,50;5161,00;5160,00;5160,00;361250,00;7
WDOV26;11/08/2026;10:00:00;5162,00;5162,00;5162,00;5162,00;51620,00;1
WDOV26;11/08/2026;09:59:00;5163,00;5163,00;5162,50;5162,50;464635,00;9
WDOV26;11/08/2026;09:57:00;5161,00;5161,00;5160,50;5160,50;103215,00;2
WDOV26;11/08/2026;09:56:00;5160,00;5161,00;5158,50;5160,50;5056695,00;98
WDOV26;11/08/2026;09:55:00;5161,50;5161,50;5161,50;5161,50;258075,00;5
WDOV26;11/08/2026;09:54:00;5161,00;5161,50;5160,00;5161,50;4076495,00;79
WDOV26;11/08/2026;09:53:00;5161,00;5161,00;5160,00;5160,00;309640,00;6
WDOV26;11/08/2026;09:51:00;5162,00;5162,00;5162,00;5162,00;206480,00;4
WDOV26;11/08/2026;09:50:00;5163,00;5163,00;5163,00;5163,00;51630,00;1
WDOV26;11/08/2026;09:49:00;5164,00;5164,00;5164,00;5164,00;103280,00;2
WDOV26;11/08/2026;09:46:00;5164,50;5164,50;5164,50;5164,50;103290,00;2
WDOV26;11/08/2026;09:45:00;5165,00;5165,00;5165,00;5165,00;51650,00;1
WDOV26;11/08/2026;09:39:00;5166,50;5167,50;5166,50;5167,50;2841595,00;55
WDOV26;11/08/2026;09:37:00;5166,00;5166,50;5166,00;5166,50;258320,00;5
WDOV26;11/08/2026;09:35:00;5166,00;5166,00;5166,00;5166,00;51660,00;1
WDOV26;11/08/2026;09:34:00;5166,00;5166,00;5166,00;5166,00;51660,00;1
WDOV26;11/08/2026;09:33:00;5163,50;5163,50;5162,50;5163,50;258165,00;5
WDOV26;11/08/2026;09:32:00;5164,00;5164,00;5164,00;5164,00;51640,00;1
WDOV26;11/08/2026;09:31:00;5165,00;5165,00;5165,00;5165,00;1033000,00;20
WDOV26;11/08/2026;09:29:00;5167,00;5168,00;5167,00;5168,00;103350,00;2
WDOV26;11/08/2026;09:28:00;5166,50;5168,00;5166,50;5168,00;103345,00;2
WDOV26;11/08/2026;09:24:00;5168,50;5168,50;5168,50;5168,50;51685,00;1
WDOV26;11/08/2026;09:23:00;5169,00;5169,50;5169,00;5169,50;413525,00;8
WDOV26;11/08/2026;09:22:00;5164,00;5167,00;5164,00;5167,00;619845,00;12
WDOV26;11/08/2026;09:18:00;5166,00;5166,50;5166,00;5166,50;154985,00;3
WDOV26;11/08/2026;09:16:00;5166,00;5166,00;5165,00;5165,00;103310,00;2
WDOV26;11/08/2026;09:15:00;5167,50;5167,50;5167,50;5167,50;310050,00;6
WDOV26;11/08/2026;09:14:00;5167,50;5167,50;5167,50;5167,50;51675,00;1
WDOV26;11/08/2026;09:13:00;5167,50;5167,50;5167,50;5167,50;51675,00;1
WDOV26;11/08/2026;09:12:00;5168,00;5168,50;5168,00;5168,50;465145,00;9
WDOV26;11/08/2026;09:10:00;5163,50;5164,00;5163,50;5164,00;154910,00;3
WDOV26;11/08/2026;09:09:00;5165,50;5165,50;5164,50;5164,50;1084555,00;21
WDOV26;11/08/2026;09:08:00;5165,00;5165,00;5165,00;5165,00;51650,00;1
WDOV26;11/08/2026;09:07:00;5164,50;5166,00;5164,00;5166,00;361535,00;7
WDOV26;11/08/2026;09:05:00;5165,00;5165,50;5165,00;5165,50;103305,00;2
WDOV26;11/08/2026;09:04:00;5165,00;5166,50;5165,00;5166,50;103315,00;2
WDOV26;11/08/2026;09:03:00;5165,00;5165,00;5165,00;5165,00;103300,00;2
WDOV26;11/08/2026;09:02:00;5165,00;5165,00;5165,00;5165,00;51650,00;1
WDOV26;11/08/2026;09:01:00;5165,50;5165,50;5165,50;5165,50;154965,00;3
WDOV26;11/08/2026;09:00:00;5171,00;5171,00;5161,00;5165,00;413325,00;8
WDOV26;10/08/2026;18:29:00;5166,00;5166,50;5166,00;5166,00;206645,00;4
WDOV26;10/08/2026;18:28:00;5167,50;5169,00;5167,00;5169,00;465120,00;9
WDOV26;10/08/2026;18:27:00;5167,50;5167,50;5167,50;5167,50;310050,00;6
WDOV26;10/08/2026;18:25:00;5168,50;5168,50;5168,00;5168,00;568530,00;11
WDOV26;10/08/2026;18:22:00;5168,00;5168,00;5168,00;5168,00;51680,00;1
WDOV26;10/08/2026;18:20:00;5168,50;5168,50;5168,00;5168,00;310085,00;6
WDOV26;10/08/2026;18:19:00;5169,00;5169,00;5169,00;5169,00;155070,00;3
WDOV26;10/08/2026;18:17:00;5169,50;5169,50;5169,50;5169,50;103390,00;2
WDOV26;10/08/2026;18:16:00;5171,00;5171,00;5171,00;5171,00;51710,00;1
WDOV26;10/08/2026;18:14:00;5171,00;5171,00;5171,00;5171,00;51710,00;1
WDOV26;10/08/2026;18:09:00;5171,00;5171,00;5171,00;5171,00;51710,00;1
WDOV26;10/08/2026;18:08:00;5171,00;5171,00;5171,00;5171,00;51710,00;1
WDOV26;10/08/2026;17:59:00;5171,50;5171,50;5171,00;5171,50;310270,00;6
WDOV26;10/08/2026;17:54:00;5173,50;5173,50;5173,50;5173,50;51735,00;1
WDOV26;10/08/2026;17:53:00;5172,00;5172,00;5172,00;5172,00;51720,00;1
WDOV26;10/08/2026;17:51:00;5170,00;5171,00;5170,00;5171,00;310230,00;6
WDOV26;10/08/2026;17:48:00;5169,50;5169,50;5169,00;5169,00;206770,00;4
WDOV26;10/08/2026;17:36:00;5169,00;5169,00;5169,00;5169,00;51690,00;1
WDOV26;10/08/2026;17:35:00;5169,00;5169,00;5169,00;5169,00;51690,00;1
WDOV26;10/08/2026;17:33:00;5170,00;5170,00;5170,00;5170,00;103400,00;2
WDOV26;10/08/2026;17:20:00;5169,00;5169,00;5169,00;5169,00;51690,00;1
WDOV26;10/08/2026;17:19:00;5168,00;5168,00;5168,00;5168,00;516800,00;10
WDOV26;10/08/2026;17:16:00;5167,50;5167,50;5167,50;5167,50;51675,00;1
WDOV26;10/08/2026;17:15:00;5168,50;5168,50;5168,50;5168,50;103370,00;2
WDOV26;10/08/2026;17:09:00;5170,00;5170,00;5170,00;5170,00;51700,00;1
WDOV26;10/08/2026;17:07:00;5170,50;5170,50;5170,50;5170,50;103410,00;2
WDOV26;10/08/2026;17:06:00;5169,00;5169,00;5169,00;5169,00;51690,00;1
WDOV26;10/08/2026;17:05:00;5170,00;5170,00;5170,00;5170,00;1551000,00;30
WDOV26;10/08/2026;17:04:00;5170,00;5170,00;5170,00;5170,00;103400,00;2
WDOV26;10/08/2026;17:03:00;5170,00;5170,00;5170,00;5170,00;3515600,00;68
WDOV26;10/08/2026;17:02:00;5170,50;5170,50;5170,50;5170,50;51705,00;1
WDOV26;10/08/2026;17:01:00;5170,50;5170,50;5170,50;5170,50;155115,00;3
WDOV26;10/08/2026;16:46:00;5173,00;5173,00;5172,00;5172,00;517270,00;10
WDOV26;10/08/2026;16:38:00;5171,50;5171,50;5171,50;5171,50;51715,00;1
WDOV26;10/08/2026;16:25:00;5171,50;5171,50;5171,50;5171,50;517150,00;10
WDOV26;10/08/2026;16:23:00;5172,00;5172,00;5172,00;5172,00;103440,00;2
WDOV26;10/08/2026;16:19:00;5173,00;5173,00;5173,00;5173,00;51730,00;1
WDOV26;10/08/2026;16:01:00;5174,00;5174,00;5174,00;5174,00;206960,00;4
WDOV26;10/08/2026;15:57:00;5172,50;5172,50;5172,50;5172,50;51725,00;1
WDOV26;10/08/2026;15:55:00;5173,50;5173,50;5173,50;5173,50;517350,00;10
WDOV26;10/08/2026;15:53:00;5173,50;5173,50;5173,50;5173,50;51735,00;1
WDOV26;10/08/2026;15:48:00;5173,50;5173,50;5173,50;5173,50;51735,00;1
WDOV26;10/08/2026;15:47:00;5173,50;5173,50;5173,50;5173,50;517350,00;10
WDOV26;10/08/2026;15:44:00;5173,50;5173,50;5172,50;5172,50;155190,00;3
WDOV26;10/08/2026;15:43:00;5174,50;5174,50;5174,00;5174,00;569190,00;11
WDOV26;10/08/2026;15:34:00;5175,50;5175,50;5175,50;5175,50;103510,00;2
WDOV26;10/08/2026;15:33:00;5176,00;5176,00;5176,00;5176,00;672880,00;13
WDOV26;10/08/2026;15:31:00;5176,00;5176,00;5176,00;5176,00;51760,00;1
WDOV26;10/08/2026;15:16:00;5176,50;5176,50;5176,50;5176,50;51765,00;1
WDOV26;10/08/2026;15:09:00;5177,50;5177,50;5177,50;5177,50;51775,00;1
WDOV26;10/08/2026;15:08:00;5177,50;5177,50;5177,50;5177,50;51775,00;1
WDOV26;10/08/2026;15:07:00;5177,00;5177,00;5177,00;5177,00;103540,00;2
WDOV26;10/08/2026;15:06:00;5176,00;5176,00;5176,00;5176,00;51760,00;1
WDOV26;10/08/2026;15:04:00;5176,50;5176,50;5176,50;5176,50;51765,00;1
WDOV26;10/08/2026;15:03:00;5176,50;5176,50;5176,00;5176,50;414090,00;8
WDOV26;10/08/2026;15:02:00;5178,00;5178,00;5178,00;5178,00;51780,00;1
WDOV26;10/08/2026;15:01:00;5178,50;5178,50;5178,00;5178,00;155345,00;3
WDOV26;10/08/2026;14:59:00;5179,00;5179,00;5179,00;5179,00;103580,00;2
WDOV26;10/08/2026;14:57:00;5178,50;5178,50;5178,00;5178,00;517810,00;10
WDOV26;10/08/2026;14:54:00;5180,00;5180,00;5179,50;5179,50;362585,00;7
WDOV26;10/08/2026;14:53:00;5179,50;5179,50;5178,50;5179,50;1553740,00;30
WDOV26;10/08/2026;14:52:00;5180,00;5180,00;5178,50;5178,50;1087570,00;21
WDOV26;10/08/2026;14:51:00;5179,50;5180,00;5178,50;5180,00;3677090,00;71
WDOV26;10/08/2026;14:48:00;5180,50;5181,00;5180,50;5181,00;3626670,00;70
WDOV26;10/08/2026;14:46:00;5180,00;5181,00;5180,00;5181,00;5801615,00;112
WDOV26;10/08/2026;14:45:00;5180,00;5180,00;5179,50;5179,50;1139590,00;22
WDOV26;10/08/2026;14:44:00;5179,50;5179,50;5179,50;5179,50;51795,00;1
WDOV26;10/08/2026;14:43:00;5179,00;5179,00;5179,00;5179,00;517900,00;10
WDOV26;10/08/2026;14:42:00;5179,00;5179,00;5179,00;5179,00;207160,00;4
WDOV26;10/08/2026;14:40:00;5179,50;5179,50;5179,00;5179,50;258970,00;5
WDOV26;10/08/2026;14:38:00;5178,00;5179,00;5178,00;5179,00;258930,00;5
WDOV26;10/08/2026;14:37:00;5177,50;5177,50;5177,50;5177,50;51775,00;1
WDOV26;10/08/2026;14:36:00;5177,00;5177,00;5177,00;5177,00;828320,00;16
WDOV26;10/08/2026;14:33:00;5177,00;5177,00;5177,00;5177,00;51770,00;1
WDOV26;10/08/2026;14:32:00;5176,50;5176,50;5176,50;5176,50;103530,00;2
WDOV26;10/08/2026;14:31:00;5176,50;5176,50;5175,00;5175,00;569325,00;11
WDOV26;10/08/2026;14:29:00;5177,50;5177,50;5177,50;5177,50;103550,00;2
WDOV26;10/08/2026;14:28:00;5177,00;5177,50;5177,00;5177,50;155320,00;3
WDOV26;10/08/2026;14:26:00;5177,50;5177,50;5177,50;5177,50;51775,00;1
WDOV26;10/08/2026;14:25:00;5177,50;5177,50;5177,50;5177,50;103550,00;2
WDOV26;10/08/2026;14:24:00;5176,00;5178,50;5176,00;5177,00;776580,00;15
WDOV26;10/08/2026;14:23:00;5175,00;5176,50;5175,00;5176,50;621095,00;12
WDOV26;10/08/2026;14:22:00;5175,50;5175,50;5175,00;5175,00;310505,00;6
WDOV26;10/08/2026;14:21:00;5174,00;5176,50;5174,00;5176,50;3830145,00;74
WDOV26;10/08/2026;14:20:00;5173,50;5174,00;5173,50;5173,50;465635,00;9
WDOV26;10/08/2026;14:18:00;5172,50;5173,00;5172,50;5173,00;103455,00;2
WDOV26;10/08/2026;14:17:00;5169,50;5172,00;5169,50;5172,00;9564780,00;185
WDOV26;10/08/2026;14:08:00;5168,50;5168,50;5168,50;5168,50;155055,00;3
WDOV26;10/08/2026;14:07:00;5169,00;5169,00;5169,00;5169,00;103380,00;2
WDOV26;10/08/2026;14:05:00;5168,00;5169,00;5168,00;5168,00;206730,00;4
WDOV26;10/08/2026;14:04:00;5165,50;5167,50;5165,50;5167,50;826640,00;16
WDOV26;10/08/2026;14:02:00;5164,00;5164,00;5164,00;5164,00;51640,00;1
WDOV26;10/08/2026;14:01:00;5164,50;5164,50;5164,50;5164,50;103290,00;2
WDOV26;10/08/2026;13:55:00;5164,00;5164,00;5164,00;5164,00;51640,00;1
WDOV26;10/08/2026;13:54:00;5163,50;5163,50;5163,50;5163,50;103270,00;2
WDOV26;10/08/2026;13:49:00;5165,00;5165,00;5165,00;5165,00;51650,00;1
WDOV26;10/08/2026;13:48:00;5165,50;5165,50;5165,00;5165,50;1342945,00;26
WDOV26;10/08/2026;13:42:00;5165,00;5165,00;5165,00;5165,00;1084650,00;21
WDOV26;10/08/2026;13:39:00;5163,00;5163,00;5163,00;5163,00;154890,00;3
WDOV26;10/08/2026;13:32:00;5166,00;5166,00;5163,00;5164,50;1394700,00;27
WDOV26;10/08/2026;13:31:00;5163,00;5166,00;5163,00;5166,00;929470,00;18
WDOV26;10/08/2026;13:30:00;5161,00;5162,50;5161,00;5162,50;361300,00;7
WDOV26;10/08/2026;13:03:00;5159,50;5159,50;5159,50;5159,50;103190,00;2
WDOV26;10/08/2026;13:02:00;5159,50;5159,50;5159,50;5159,50;103190,00;2
WDOV26;10/08/2026;13:01:00;5160,00;5160,00;5159,50;5159,50;103195,00;2
WDOV26;10/08/2026;13:00:00;5161,00;5161,00;5161,00;5161,00;51610,00;1
WDOV26;10/08/2026;12:58:00;5162,00;5163,00;5162,00;5163,00;258135,00;5
WDOV26;10/08/2026;12:56:00;5161,00;5161,00;5161,00;5161,00;309660,00;6
WDOV26;10/08/2026;12:51:00;5161,00;5161,00;5161,00;5161,00;51610,00;1
WDOV26;10/08/2026;12:44:00;5164,00;5164,00;5163,00;5163,00;877730,00;17
WDOV26;10/08/2026;12:35:00;5163,50;5163,50;5163,00;5163,00;103265,00;2
WDOV26;10/08/2026;12:32:00;5163,00;5163,00;5163,00;5163,00;722820,00;14
WDOV26;10/08/2026;12:31:00;5163,00;5163,00;5163,00;5163,00;206520,00;4
WDOV26;10/08/2026;12:30:00;5163,50;5163,50;5163,50;5163,50;619620,00;12
WDOV26;10/08/2026;12:29:00;5164,00;5164,50;5163,50;5163,50;154920,00;3
WDOV26;10/08/2026;12:27:00;5163,50;5163,50;5163,50;5163,50;877795,00;17
WDOV26;10/08/2026;12:26:00;5164,00;5164,00;5164,00;5164,00;309840,00;6
WDOV26;10/08/2026;12:22:00;5162,50;5162,50;5162,50;5162,50;2168250,00;42
WDOV26;10/08/2026;12:15:00;5163,00;5163,00;5163,00;5163,00;103260,00;2
WDOV26;10/08/2026;12:12:00;5163,00;5163,00;5163,00;5163,00;103260,00;2
WDOV26;10/08/2026;12:11:00;5162,50;5162,50;5162,50;5162,50;51625,00;1
WDOV26;10/08/2026;12:10:00;5162,50;5164,00;5162,50;5164,00;361440,00;7
WDOV26;10/08/2026;12:09:00;5160,00;5160,00;5160,00;5160,00;103200,00;2
WDOV26;10/08/2026;12:08:00;5159,50;5160,00;5159,50;5159,50;309575,00;6
WDOV26;10/08/2026;12:02:00;5160,00;5160,00;5160,00;5160,00;619200,00;12
WDOV26;10/08/2026;12:01:00;5161,00;5162,00;5160,00;5160,00;5316635,00;103
WDOV26;10/08/2026;11:51:00;5162,00;5162,00;5161,50;5161,50;154850,00;3
WDOV26;10/08/2026;11:50:00;5161,50;5162,00;5161,50;5162,00;567770,00;11
WDOV26;10/08/2026;11:49:00;5159,50;5160,00;5159,50;5160,00;206385,00;4
WDOV26;10/08/2026;11:48:00;5161,00;5161,00;5161,00;5161,00;51610,00;1
WDOV26;10/08/2026;11:47:00;5160,50;5160,50;5160,50;5160,50;51605,00;1
WDOV26;10/08/2026;11:46:00;5160,00;5160,00;5160,00;5160,00;103200,00;2
WDOV26;10/08/2026;11:45:00;5161,50;5161,50;5159,00;5159,00;3147910,00;61
WDOV26;10/08/2026;11:43:00;5161,50;5161,50;5161,50;5161,50;722610,00;14
WDOV26;10/08/2026;11:40:00;5160,00;5160,00;5160,00;5160,00;103200,00;2
WDOV26;10/08/2026;11:34:00;5158,00;5158,00;5158,00;5158,00;51580,00;1
WDOV26;10/08/2026;11:31:00;5159,50;5159,50;5159,50;5159,50;51595,00;1
WDOV26;10/08/2026;11:28:00;5159,50;5159,50;5159,50;5159,50;51595,00;1
WDOV26;10/08/2026;11:26:00;5160,00;5160,00;5160,00;5160,00;516000,00;10
WDOV26;10/08/2026;11:25:00;5160,50;5160,50;5160,50;5160,50;51605,00;1
WDOV26;10/08/2026;11:24:00;5160,00;5162,00;5160,00;5161,50;1032160,00;20
WDOV26;10/08/2026;11:18:00;5158,50;5158,50;5158,50;5158,50;51585,00;1
WDOV26;10/08/2026;11:16:00;5160,00;5160,00;5160,00;5160,00;258000,00;5
WDOV26;10/08/2026;11:15:00;5157,50;5158,00;5157,50;5158,00;103155,00;2
WDOV26;10/08/2026;11:13:00;5156,00;5157,50;5156,00;5157,50;824985,00;16
WDOV26;10/08/2026;11:12:00;5157,00;5157,00;5157,00;5157,00;773550,00;15
WDOV26;10/08/2026;11:09:00;5157,00;5157,00;5157,00;5157,00;103140,00;2
WDOV26;10/08/2026;11:07:00;5158,50;5159,00;5157,50;5157,50;206325,00;4
WDOV26;10/08/2026;11:06:00;5159,00;5159,00;5158,00;5158,00;154760,00;3
WDOV26;10/08/2026;11:05:00;5157,50;5157,50;5157,50;5157,50;206300,00;4
WDOV26;10/08/2026;11:04:00;5157,50;5157,50;5157,50;5157,50;103150,00;2
WDOV26;10/08/2026;11:03:00;5157,50;5157,50;5156,50;5156,50;206285,00;4
WDOV26;10/08/2026;11:02:00;5157,00;5157,50;5157,00;5157,50;825180,00;16
WDOV26;10/08/2026;11:01:00;5157,00;5157,00;5157,00;5157,00;51570,00;1
WDOV26;10/08/2026;11:00:00;5158,00;5158,00;5158,00;5158,00;103160,00;2
WDOV26;10/08/2026;10:59:00;5159,50;5159,50;5158,00;5158,00;722205,00;14
WDOV26;10/08/2026;10:58:00;5160,00;5160,00;5159,00;5159,00;154790,00;3
WDOV26;10/08/2026;10:57:00;5160,00;5161,00;5160,00;5160,00;5314830,00;103
WDOV26;10/08/2026;10:56:00;5160,00;5160,00;5160,00;5160,00;516000,00;10
WDOV26;10/08/2026;10:54:00;5159,00;5159,00;5158,50;5158,50;412715,00;8
WDOV26;10/08/2026;10:53:00;5158,00;5158,50;5158,00;5158,50;567395,00;11
WDOV26;10/08/2026;10:52:00;5158,00;5158,00;5158,00;5158,00;1083180,00;21
WDOV26;10/08/2026;10:51:00;5157,50;5157,50;5157,50;5157,50;154725,00;3
WDOV26;10/08/2026;10:50:00;5157,00;5157,00;5157,00;5157,00;51570,00;1
WDOV26;10/08/2026;10:49:00;5156,50;5156,50;5156,50;5156,50;51565,00;1
WDOV26;10/08/2026;10:45:00;5158,00;5158,00;5158,00;5158,00;980020,00;19
WDOV26;10/08/2026;10:43:00;5157,00;5157,00;5157,00;5157,00;154710,00;3
WDOV26;10/08/2026;10:41:00;5156,00;5156,00;5156,00;5156,00;51560,00;1
WDOV26;10/08/2026;10:38:00;5156,00;5156,50;5155,00;5155,00;257795,00;5
WDOV26;10/08/2026;10:37:00;5155,00;5156,00;5155,00;5156,00;206210,00;4
WDOV26;10/08/2026;10:36:00;5153,50;5153,50;5153,50;5153,50;206140,00;4
WDOV26;10/08/2026;10:35:00;5154,00;5154,00;5154,00;5154,00;103080,00;2
WDOV26;10/08/2026;10:31:00;5154,00;5154,00;5154,00;5154,00;670020,00;13
WDOV26;10/08/2026;10:30:00;5152,00;5154,00;5151,50;5154,00;2627825,00;51
WDOV26;10/08/2026;10:29:00;5152,00;5152,00;5151,50;5151,50;2009270,00;39
WDOV26;10/08/2026;10:27:00;5152,50;5152,50;5152,50;5152,50;103050,00;2
WDOV26;10/08/2026;10:26:00;5153,00;5153,00;5153,00;5153,00;51530,00;1
WDOV26;10/08/2026;10:25:00;5154,00;5154,00;5154,00;5154,00;154620,00;3
WDOV26;10/08/2026;10:24:00;5153,50;5153,50;5153,50;5153,50;51535,00;1
WDOV26;10/08/2026;10:22:00;5150,50;5150,50;5150,50;5150,50;51505,00;1
WDOV26;10/08/2026;10:18:00;5152,00;5153,50;5152,00;5152,50;1185070,00;23
WDOV26;10/08/2026;10:15:00;5152,00;5152,00;5152,00;5152,00;206080,00;4
WDOV26;10/08/2026;10:14:00;5151,00;5151,00;5150,50;5150,50;515060,00;10
WDOV26;10/08/2026;10:13:00;5150,00;5150,50;5150,00;5150,50;154510,00;3
WDOV26;10/08/2026;10:11:00;5148,50;5148,50;5148,50;5148,50;102970,00;2
WDOV26;10/08/2026;10:10:00;5149,00;5150,00;5149,00;5150,00;1184280,00;23
WDOV26;10/08/2026;10:09:00;5150,50;5151,00;5150,50;5151,00;103015,00;2
WDOV26;10/08/2026;10:08:00;5151,00;5151,00;5151,00;5151,00;51510,00;1
WDOV26;10/08/2026;10:03:00;5151,00;5151,00;5151,00;5151,00;103020,00;2
WDOV26;10/08/2026;10:00:00;5150,50;5150,50;5150,50;5150,50;51505,00;1
WDOV26;10/08/2026;09:57:00;5151,50;5151,50;5151,50;5151,50;51515,00;1
WDOV26;10/08/2026;09:56:00;5152,50;5152,50;5152,50;5152,50;51525,00;1
WDOV26;10/08/2026;09:52:00;5154,00;5154,00;5154,00;5154,00;51540,00;1
WDOV26;10/08/2026;09:51:00;5153,50;5153,50;5153,50;5153,50;103070,00;2
WDOV26;10/08/2026;09:50:00;5153,50;5153,50;5153,00;5153,00;206125,00;4
WDOV26;10/08/2026;09:46:00;5154,00;5154,00;5154,00;5154,00;360780,00;7
WDOV26;10/08/2026;09:45:00;5154,50;5154,50;5154,00;5154,00;103085,00;2
WDOV26;10/08/2026;09:44:00;5154,00;5154,50;5154,00;5154,50;103085,00;2
WDOV26;10/08/2026;09:43:00;5154,50;5154,50;5154,50;5154,50;51545,00;1
WDOV26;10/08/2026;09:41:00;5154,00;5154,00;5153,50;5154,00;309225,00;6
WDOV26;10/08/2026;09:38:00;5155,00;5156,00;5155,00;5156,00;257770,00;5
WDOV26;10/08/2026;09:37:00;5152,50;5152,50;5152,50;5152,50;51525,00;1
WDOV26;10/08/2026;09:36:00;5152,00;5152,00;5152,00;5152,00;103040,00;2
WDOV26;10/08/2026;09:35:00;5152,50;5152,50;5152,00;5152,00;566725,00;11
WDOV26;10/08/2026;09:30:00;5149,50;5149,50;5149,00;5149,00;205970,00;4
WDOV26;10/08/2026;09:29:00;5152,00;5152,00;5152,00;5152,00;51520,00;1
WDOV26;10/08/2026;09:21:00;5151,00;5151,00;5151,00;5151,00;206040,00;4
WDOV26;10/08/2026;09:20:00;5152,00;5152,00;5151,00;5151,00;1339510,00;26
WDOV26;10/08/2026;09:19:00;5151,00;5152,00;5151,00;5152,00;618160,00;12
WDOV26;10/08/2026;09:18:00;5151,00;5151,00;5151,00;5151,00;206040,00;4
WDOV26;10/08/2026;09:16:00;5151,00;5151,00;5151,00;5151,00;51510,00;1
WDOV26;10/08/2026;09:15:00;5151,00;5151,00;5150,50;5150,50;669580,00;13
WDOV26;10/08/2026;09:13:00;5150,50;5150,50;5150,50;5150,50;154515,00;3
WDOV26;10/08/2026;09:12:00;5150,00;5150,50;5150,00;5150,50;154505,00;3
WDOV26;10/08/2026;09:11:00;5148,00;5149,00;5148,00;5149,00;308930,00;6
WDOV26;10/08/2026;09:10:00;5147,00;5148,50;5147,00;5148,00;875145,00;17
WDOV26;10/08/2026;09:07:00;5148,50;5148,50;5146,50;5148,50;1750175,00;34
WDOV26;10/08/2026;09:06:00;5148,50;5148,50;5148,50;5148,50;5457410,00;106
WDOV26;10/08/2026;09:03:00;5146,50;5147,50;5146,50;5147,50;102940,00;2
WDOV26;10/08/2026;09:02:00;5144,50;5146,50;5144,00;5146,50;308675,00;6
WDOV26;10/08/2026;09:01:00;5147,50;5149,00;5147,50;5149,00;102965,00;2
WDOV26;07/08/2026;18:29:00;5145,00;5145,00;5144,00;5144,00;463030,00;9
WDOV26;07/08/2026;18:27:00;5144,00;5144,00;5144,00;5144,00;2572000,00;50
WDOV26;07/08/2026;18:25:00;5142,50;5143,50;5142,00;5143,00;2365410,00;46
WDOV26;07/08/2026;18:24:00;5143,00;5143,00;5142,00;5143,00;925620,00;18
WDOV26;07/08/2026;18:22:00;5143,00;5143,00;5143,00;5143,00;51430,00;1
WDOV26;07/08/2026;18:20:00;5144,50;5144,50;5144,50;5144,50;51445,00;1
WDOV26;07/08/2026;18:18:00;5144,50;5144,50;5144,50;5144,50;51445,00;1
WDOV26;07/08/2026;18:17:00;5143,50;5143,50;5143,50;5143,50;51435,00;1
WDOV26;07/08/2026;18:15:00;5145,50;5145,50;5144,50;5145,00;257250,00;5
WDOV26;07/08/2026;18:14:00;5145,50;5145,50;5145,50;5145,50;102910,00;2
WDOV26;07/08/2026;18:10:00;5145,50;5145,50;5145,50;5145,50;1543650,00;30
WDOV26;07/08/2026;18:08:00;5145,00;5145,00;5145,00;5145,00;360150,00;7
WDOV26;07/08/2026;18:05:00;5145,00;5145,00;5145,00;5145,00;257250,00;5
WDOV26;07/08/2026;17:59:00;5143,00;5145,00;5143,00;5145,00;462955,00;9
WDOV26;07/08/2026;17:54:00;5143,50;5143,50;5143,50;5143,50;51435,00;1
WDOV26;07/08/2026;17:53:00;5143,50;5143,50;5143,50;5143,50;154305,00;3
WDOV26;07/08/2026;17:52:00;5143,00;5143,00;5143,00;5143,00;154290,00;3
WDOV26;07/08/2026;17:51:00;5144,00;5144,00;5144,00;5144,00;51440,00;1
WDOV26;07/08/2026;17:48:00;5144,00;5144,00;5144,00;5144,00;51440,00;1
WDOV26;07/08/2026;17:47:00;5145,00;5145,00;5145,00;5145,00;51450,00;1
WDOV26;07/08/2026;17:46:00;5145,50;5145,50;5144,00;5144,00;154335,00;3
WDOV26;07/08/2026;17:45:00;5144,50;5144,50;5144,50;5144,50;771675,00;15
WDOV26;07/08/2026;17:40:00;5144,50;5144,50;5144,50;5144,50;51445,00;1
WDOV26;07/08/2026;17:38:00;5146,00;5146,00;5146,00;5146,00;51460,00;1
WDOV26;07/08/2026;17:35:00;5146,00;5146,00;5146,00;5146,00;411680,00;8
WDOV26;07/08/2026;17:30:00;5146,00;5146,00;5145,50;5145,50;102915,00;2
WDOV26;07/08/2026;17:11:00;5147,00;5147,00;5147,00;5147,00;51470,00;1
WDOV26;07/08/2026;17:10:00;5147,00;5147,00;5147,00;5147,00;51470,00;1
WDOV26;07/08/2026;17:09:00;5146,00;5146,00;5145,50;5145,50;2058265,00;40
WDOV26;07/08/2026;16:47:00;5147,00;5147,00;5147,00;5147,00;102940,00;2
WDOV26;07/08/2026;16:45:00;5147,50;5147,50;5147,50;5147,50;51475,00;1
WDOV26;07/08/2026;16:35:00;5147,50;5148,50;5147,50;5148,50;102960,00;2
WDOV26;07/08/2026;16:33:00;5147,00;5147,00;5147,00;5147,00;51470,00;1
WDOV26;07/08/2026;16:29:00;5148,50;5148,50;5148,50;5148,50;51485,00;1
WDOV26;07/08/2026;16:27:00;5148,00;5148,00;5147,50;5147,50;205905,00;4
WDOV26;07/08/2026;16:22:00;5146,50;5147,50;5146,50;5147,50;154410,00;3
WDOV26;07/08/2026;16:21:00;5145,50;5145,50;5145,50;5145,50;51455,00;1
WDOV26;07/08/2026;16:13:00;5149,50;5149,50;5149,00;5149,00;411930,00;8
WDOV26;07/08/2026;16:08:00;5147,50;5149,50;5147,50;5149,50;463375,00;9
WDOV26;07/08/2026;16:05:00;5147,00;5147,00;5147,00;5147,00;51470,00;1
WDOV26;07/08/2026;16:02:00;5147,50;5148,50;5147,50;5148,00;205920,00;4
WDOV26;07/08/2026;15:57:00;5149,00;5149,00;5149,00;5149,00;205960,00;4
WDOV26;07/08/2026;15:52:00;5146,00;5146,00;5146,00;5146,00;51460,00;1
WDOV26;07/08/2026;15:43:00;5145,50;5146,00;5145,50;5146,00;154375,00;3
WDOV26;07/08/2026;15:34:00;5146,00;5146,00;5146,00;5146,00;51460,00;1
WDOV26;07/08/2026;15:24:00;5148,00;5148,00;5147,50;5147,50;257390,00;5
WDOV26;07/08/2026;15:22:00;5147,50;5147,50;5147,50;5147,50;51475,00;1
WDOV26;07/08/2026;15:21:00;5146,00;5147,00;5146,00;5147,00;257335,00;5
WDOV26;07/08/2026;15:18:00;5143,00;5143,00;5143,00;5143,00;102860,00;2
WDOV26;07/08/2026;15:13:00;5145,00;5145,00;5145,00;5145,00;51450,00;1
WDOV26;07/08/2026;15:01:00;5145,00;5145,00;5144,00;5144,00;102890,00;2
WDOV26;07/08/2026;14:44:00;5145,50;5145,50;5145,50;5145,50;102910,00;2
WDOV26;07/08/2026;14:43:00;5143,50;5144,00;5143,50;5144,00;102875,00;2
WDOV26;07/08/2026;14:41:00;5142,00;5142,00;5142,00;5142,00;51420,00;1
WDOV26;07/08/2026;14:40:00;5143,00;5143,00;5143,00;5143,00;154290,00;3
WDOV26;07/08/2026;14:39:00;5143,00;5143,00;5141,50;5141,50;205695,00;4
WDOV26;07/08/2026;14:30:00;5145,50;5145,50;5145,50;5145,50;51455,00;1
WDOV26;07/08/2026;14:28:00;5143,50;5145,50;5143,50;5145,50;617420,00;12
WDOV26;07/08/2026;14:27:00;5144,50;5144,50;5144,00;5144,00;360085,00;7
WDOV26;07/08/2026;14:22:00;5146,00;5146,00;5146,00;5146,00;514600,00;10
WDOV26;07/08/2026;14:20:00;5146,50;5146,50;5146,50;5146,50;51465,00;1
WDOV26;07/08/2026;14:17:00;5147,00;5147,00;5147,00;5147,00;51470,00;1
WDOV26;07/08/2026;14:12:00;5146,00;5146,00;5146,00;5146,00;51460,00;1
WDOV26;07/08/2026;14:11:00;5145,50;5146,00;5145,00;5146,00;411615,00;8
WDOV26;07/08/2026;14:10:00;5147,00;5148,00;5145,00;5145,00;771895,00;15
WDOV26;07/08/2026;14:09:00;5146,00;5146,00;5146,00;5146,00;51460,00;1
WDOV26;07/08/2026;14:06:00;5147,00;5147,00;5147,00;5147,00;51470,00;1
WDOV26;07/08/2026;13:55:00;5151,00;5151,00;5151,00;5151,00;51510,00;1
WDOV26;07/08/2026;13:51:00;5150,00;5150,00;5150,00;5150,00;1030000,00;20
WDOV26;07/08/2026;13:38:00;5149,50;5150,00;5149,50;5150,00;154495,00;3
WDOV26;07/08/2026;13:34:00;5149,00;5149,00;5149,00;5149,00;51490,00;1
WDOV26;07/08/2026;13:33:00;5148,00;5148,00;5148,00;5148,00;51480,00;1
WDOV26;07/08/2026;13:32:00;5148,00;5148,00;5148,00;5148,00;51480,00;1
WDOV26;07/08/2026;13:29:00;5148,50;5148,50;5148,00;5148,00;257405,00;5
WDOV26;07/08/2026;13:28:00;5150,00;5150,00;5150,00;5150,00;51500,00;1
WDOV26;07/08/2026;13:26:00;5148,50;5148,50;5148,50;5148,50;51485,00;1
WDOV26;07/08/2026;13:25:00;5149,00;5149,00;5149,00;5149,00;308940,00;6
WDOV26;07/08/2026;13:23:00;5149,00;5149,00;5149,00;5149,00;51490,00;1
WDOV26;07/08/2026;13:21:00;5148,00;5148,50;5148,00;5148,50;154450,00;3
WDOV26;07/08/2026;13:20:00;5146,00;5146,00;5144,00;5144,00;154345,00;3
WDOV26;07/08/2026;13:19:00;5145,50;5145,50;5145,50;5145,50;51455,00;1
WDOV26;07/08/2026;13:18:00;5145,50;5146,00;5145,50;5146,00;102915,00;2
WDOV26;07/08/2026;13:17:00;5144,50;5144,50;5144,50;5144,50;51445,00;1
WDOV26;07/08/2026;13:16:00;5146,00;5146,00;5144,00;5144,00;3807710,00;74
WDOV26;07/08/2026;13:15:00;5145,50;5145,50;5145,50;5145,50;102910,00;2
WDOV26;07/08/2026;13:14:00;5145,00;5145,50;5145,00;5145,50;102905,00;2
WDOV26;07/08/2026;13:13:00;5145,00;5145,00;5144,50;5144,50;102895,00;2
WDOV26;07/08/2026;13:12:00;5148,00;5148,00;5147,00;5147,00;102950,00;2
WDOV26;07/08/2026;13:11:00;5149,00;5149,00;5149,00;5149,00;51490,00;1
WDOV26;07/08/2026;13:10:00;5149,50;5149,50;5148,50;5148,50;411910,00;8
WDOV26;07/08/2026;13:09:00;5150,00;5150,00;5150,00;5150,00;51500,00;1
WDOV26;07/08/2026;13:08:00;5149,00;5149,00;5149,00;5149,00;102980,00;2
WDOV26;07/08/2026;13:07:00;5150,00;5150,00;5150,00;5150,00;1699500,00;33
WDOV26;07/08/2026;13:06:00;5150,00;5150,00;5150,00;5150,00;3141500,00;61
WDOV26;07/08/2026;13:04:00;5151,00;5151,00;5151,00;5151,00;51510,00;1
WDOV26;07/08/2026;13:03:00;5151,50;5151,50;5151,50;5151,50;103030,00;2
WDOV26;07/08/2026;12:59:00;5154,00;5154,00;5154,00;5154,00;51540,00;1
WDOV26;07/08/2026;12:47:00;5150,00;5150,50;5150,00;5150,50;618005,00;12
WDOV26;07/08/2026;12:46:00;5150,00;5150,00;5150,00;5150,00;309000,00;6
WDOV26;07/08/2026;12:31:00;5155,00;5155,00;5155,00;5155,00;51550,00;1
WDOV26;07/08/2026;12:30:00;5153,00;5153,00;5153,00;5153,00;51530,00;1
WDOV26;07/08/2026;12:24:00;5151,50;5151,50;5151,50;5151,50;51515,00;1
WDOV26;07/08/2026;12:15:00;5154,00;5154,00;5154,00;5154,00;51540,00;1
WDOV26;07/08/2026;12:11:00;5152,00;5152,00;5152,00;5152,00;51520,00;1
WDOV26;07/08/2026;12:10:00;5153,00;5153,00;5153,00;5153,00;51530,00;1
WDOV26;07/08/2026;12:06:00;5154,50;5154,50;5154,50;5154,50;51545,00;1
WDOV26;07/08/2026;12:02:00;5155,50;5155,50;5155,50;5155,50;51555,00;1
WDOV26;07/08/2026;12:00:00;5155,00;5155,00;5155,00;5155,00;103100,00;2
WDOV26;07/08/2026;11:57:00;5153,00;5153,00;5153,00;5153,00;51530,00;1
WDOV26;07/08/2026;11:54:00;5154,00;5154,00;5154,00;5154,00;309240,00;6
WDOV26;07/08/2026;11:51:00;5154,00;5154,00;5154,00;5154,00;154620,00;3
WDOV26;07/08/2026;11:49:00;5154,00;5154,00;5154,00;5154,00;103080,00;2
WDOV26;07/08/2026;11:43:00;5155,50;5155,50;5155,00;5155,00;103105,00;2
WDOV26;07/08/2026;11:38:00;5158,50;5158,50;5158,50;5158,50;51585,00;1
WDOV26;07/08/2026;11:22:00;5153,50;5153,50;5153,50;5153,50;51535,00;1
WDOV26;07/08/2026;11:20:00;5154,00;5154,00;5153,50;5153,50;154610,00;3
WDOV26;07/08/2026;11:19:00;5153,50;5153,50;5153,50;5153,50;51535,00;1
WDOV26;07/08/2026;11:18:00;5155,00;5155,00;5155,00;5155,00;51550,00;1
WDOV26;07/08/2026;11:17:00;5155,50;5155,50;5155,50;5155,50;154665,00;3
WDOV26;07/08/2026;11:16:00;5156,50;5156,50;5156,50;5156,50;154695,00;3
WDOV26;07/08/2026;11:15:00;5157,00;5157,00;5157,00;5157,00;154710,00;3
WDOV26;07/08/2026;11:14:00;5157,00;5157,00;5157,00;5157,00;51570,00;1
WDOV26;07/08/2026;11:06:00;5156,50;5156,50;5156,50;5156,50;103130,00;2
WDOV26;07/08/2026;10:57:00;5160,00;5160,00;5159,50;5159,50;154790,00;3
WDOV26;07/08/2026;10:56:00;5157,50;5159,00;5157,50;5159,00;464235,00;9
WDOV26;07/08/2026;10:55:00;5154,50;5155,00;5154,50;5155,00;154640,00;3
WDOV26;07/08/2026;10:54:00;5159,00;5159,00;5154,00;5154,00;463970,00;9
WDOV26;07/08/2026;10:53:00;5158,50;5158,50;5158,50;5158,50;51585,00;1
WDOV26;07/08/2026;10:52:00;5160,00;5160,00;5159,50;5159,50;103195,00;2
WDOV26;07/08/2026;10:51:00;5158,50;5161,00;5158,50;5161,00;8462345,00;164
WDOV26;07/08/2026;10:49:00;5157,50;5159,50;5157,50;5158,00;1083220,00;21
WDOV26;07/08/2026;10:48:00;5157,00;5157,00;5157,00;5157,00;51570,00;1
WDOV26;07/08/2026;10:47:00;5158,50;5159,00;5158,50;5159,00;103175,00;2
WDOV26;07/08/2026;10:46:00;5156,00;5158,00;5156,00;5158,00;257880,00;5
WDOV26;07/08/2026;10:43:00;5153,50;5153,50;5153,50;5153,50;103070,00;2
WDOV26;07/08/2026;10:42:00;5153,00;5153,00;5153,00;5153,00;51530,00;1
WDOV26;07/08/2026;10:41:00;5153,00;5153,00;5153,00;5153,00;51530,00;1
WDOV26;07/08/2026;10:40:00;5154,00;5154,00;5154,00;5154,00;51540,00;1
WDOV26;07/08/2026;10:39:00;5154,00;5154,00;5153,50;5153,50;154615,00;3
WDOV26;07/08/2026;10:38:00;5155,50;5155,50;5155,50;5155,50;51555,00;1
WDOV26;07/08/2026;10:37:00;5156,00;5156,00;5156,00;5156,00;103120,00;2
WDOV26;07/08/2026;10:36:00;5157,50;5157,50;5157,50;5157,50;51575,00;1
WDOV26;07/08/2026;10:34:00;5158,50;5158,50;5157,00;5157,00;103155,00;2
WDOV26;07/08/2026;10:33:00;5157,00;5159,00;5157,00;5159,00;361070,00;7
WDOV26;07/08/2026;10:32:00;5155,00;5157,50;5155,00;5157,50;206235,00;4
WDOV26;07/08/2026;10:30:00;5154,00;5155,00;5154,00;5155,00;618525,00;12
WDOV26;07/08/2026;10:27:00;5150,50;5152,00;5150,00;5152,00;566565,00;11
WDOV26;07/08/2026;10:26:00;5151,50;5151,50;5151,00;5151,00;206050,00;4
WDOV26;07/08/2026;10:25:00;5152,00;5152,00;5152,00;5152,00;103040,00;2
WDOV26;07/08/2026;10:23:00;5153,50;5153,50;5153,50;5153,50;51535,00;1
WDOV26;07/08/2026;10:21:00;5153,50;5154,50;5153,50;5154,50;154615,00;3
WDOV26;07/08/2026;10:20:00;5153,00;5154,00;5153,00;5154,00;154605,00;3
WDOV26;07/08/2026;10:16:00;5154,50;5154,50;5153,50;5153,50;309235,00;6
WDOV26;07/08/2026;10:15:00;5150,00;5151,00;5150,00;5151,00;154510,00;3
WDOV26;07/08/2026;10:14:00;5152,50;5152,50;5151,00;5151,00;103035,00;2
WDOV26;07/08/2026;10:13:00;5154,50;5154,50;5153,50;5153,50;154620,00;3
WDOV26;07/08/2026;10:11:00;5153,00;5154,50;5153,00;5153,50;360775,00;7
WDOV26;07/08/2026;10:10:00;5151,50;5153,00;5151,50;5153,00;206075,00;4
WDOV26;07/08/2026;10:07:00;5150,50;5150,50;5150,50;5150,50;51505,00;1
WDOV26;07/08/2026;10:06:00;5152,00;5152,00;5151,50;5151,50;515160,00;10
WDOV26;07/08/2026;10:05:00;5151,50;5151,50;5151,50;5151,50;103030,00;2
WDOV26;07/08/2026;10:04:00;5151,50;5151,50;5151,50;5151,50;154545,00;3
WDOV26;07/08/2026;10:03:00;5151,50;5151,50;5151,50;5151,50;51515,00;1
WDOV26;07/08/2026;10:02:00;5152,00;5152,00;5152,00;5152,00;206080,00;4
WDOV26;07/08/2026;10:01:00;5149,00;5150,00;5149,00;5150,00;5613440,00;109
WDOV26;07/08/2026;10:00:00;5145,50;5145,50;5144,50;5144,50;102900,00;2
WDOV26;07/08/2026;09:58:00;5147,00;5147,00;5147,00;5147,00;51470,00;1
WDOV26;07/08/2026;09:57:00;5147,50;5148,50;5147,50;5148,50;360350,00;7
WDOV26;07/08/2026;09:56:00;5145,50;5146,00;5145,50;5146,00;102915,00;2
WDOV26;07/08/2026;09:48:00;5142,00;5142,00;5141,00;5141,00;154240,00;3
WDOV26;07/08/2026;09:47:00;5141,00;5141,00;5141,00;5141,00;102820,00;2
WDOV26;07/08/2026;09:46:00;5140,00;5140,50;5139,50;5139,50;205600,00;4
WDOV26;07/08/2026;09:45:00;5143,00;5143,00;5142,50;5142,50;102855,00;2
WDOV26;07/08/2026;09:44:00;5141,00;5141,50;5141,00;5141,50;411315,00;8
WDOV26;07/08/2026;09:43:00;5141,50;5141,50;5138,50;5138,50;5756745,00;112
WDOV26;07/08/2026;09:42:00;5144,00;5145,00;5144,00;5144,50;308670,00;6
WDOV26;07/08/2026;09:41:00;5142,50;5142,50;5142,50;5142,50;51425,00;1
WDOV26;07/08/2026;09:40:00;5145,00;5145,00;5145,00;5145,00;463050,00;9
WDOV26;07/08/2026;09:39:00;5143,00;5143,00;5143,00;5143,00;154290,00;3
WDOV26;07/08/2026;09:37:00;5143,50;5144,00;5143,50;5143,50;205745,00;4
WDOV26;07/08/2026;09:36:00;5142,50;5144,50;5142,00;5144,50;1131350,00;22
WDOV26;07/08/2026;09:35:00;5140,00;5143,50;5140,00;5143,50;616890,00;12
WDOV26;07/08/2026;09:34:00;5142,50;5143,00;5138,00;5138,00;3290915,00;64
WDOV26;07/08/2026;09:33:00;5145,00;5145,00;5140,00;5142,00;1285575,00;25
WDOV26;07/08/2026;09:32:00;5147,50;5147,50;5143,50;5145,00;4734050,00;92
WDOV26;07/08/2026;09:31:00;5153,00;5153,00;5147,00;5147,50;6076800,00;118
WDOV26;07/08/2026;09:30:00;5162,00;5168,00;5150,00;5157,00;7118385,00;138
WDOV26;07/08/2026;09:29:00;5164,00;5164,00;5164,00;5164,00;51640,00;1
WDOV26;07/08/2026;09:27:00;5163,50;5163,50;5163,50;5163,50;103270,00;2
WDOV26;07/08/2026;09:24:00;5165,00;5165,00;5165,00;5165,00;413200,00;8
WDOV26;07/08/2026;09:23:00;5164,00;5165,00;5164,00;5165,00;206570,00;4
WDOV26;07/08/2026;09:21:00;5164,00;5164,00;5164,00;5164,00;51640,00;1
WDOV26;07/08/2026;09:20:00;5164,00;5165,00;5164,00;5164,50;361510,00;7
WDOV26;07/08/2026;09:16:00;5164,00;5164,00;5164,00;5164,00;51640,00;1
WDOV26;07/08/2026;09:14:00;5163,00;5164,00;5163,00;5164,00;103270,00;2
WDOV26;07/08/2026;09:12:00;5162,50;5162,50;5162,50;5162,50;103250,00;2
WDOV26;07/08/2026;09:11:00;5163,00;5163,00;5162,50;5162,50;206505,00;4
WDOV26;07/08/2026;09:10:00;5162,50;5162,50;5162,50;5162,50;51625,00;1
WDOV26;07/08/2026;09:09:00;5164,50;5164,50;5162,50;5164,00;516330,00;10
WDOV26;07/08/2026;09:08:00;5163,50;5164,00;5163,50;5164,00;568020,00;11
WDOV26;07/08/2026;09:07:00;5163,50;5163,50;5163,50;5163,50;103270,00;2
WDOV26;07/08/2026;09:06:00;5162,50;5162,50;5162,50;5162,50;51625,00;1
WDOV26;07/08/2026;09:05:00;5162,00;5162,00;5160,00;5160,50;1857630,00;36
WDOV26;07/08/2026;09:04:00;5162,00;5162,00;5162,00;5162,00;51620,00;1
WDOV26;07/08/2026;09:03:00;5161,00;5161,00;5160,50;5160,50;154825,00;3
WDOV26;07/08/2026;09:02:00;5165,00;5165,00;5161,00;5162,00;567875,00;11
WDOV26;07/08/2026;09:01:00;5164,00;5165,00;5163,50;5164,00;929545,00;18
WDOV26;07/08/2026;09:00:00;5161,50;5161,50;5161,50;5161,50;51615,00;1
WDOV26;06/08/2026;18:29:00;5176,00;5176,00;5174,50;5174,50;207005,00;4
WDOV26;06/08/2026;18:28:00;5175,50;5175,50;5175,50;5175,50;51755,00;1
WDOV26;06/08/2026;18:27:00;5177,00;5177,00;5173,50;5173,50;2690345,00;52
WDOV26;06/08/2026;18:26:00;5178,00;5178,00;5178,00;5178,00;51780,00;1
WDOV26;06/08/2026;18:25:00;5177,50;5177,50;5177,00;5177,00;103545,00;2
WDOV26;06/08/2026;18:22:00;5177,50;5177,50;5177,50;5177,50;155325,00;3
WDOV26;06/08/2026;18:21:00;5178,00;5178,00;5178,00;5178,00;362460,00;7
WDOV26;06/08/2026;18:20:00;5178,50;5178,50;5178,00;5178,00;207125,00;4
WDOV26;06/08/2026;18:19:00;5177,50;5178,50;5177,50;5178,50;207110,00;4
WDOV26;06/08/2026;18:18:00;5178,00;5178,00;5178,00;5178,00;310680,00;6
WDOV26;06/08/2026;18:16:00;5176,50;5176,50;5176,50;5176,50;51765,00;1
WDOV26;06/08/2026;18:14:00;5178,00;5178,00;5178,00;5178,00;51780,00;1
WDOV26;06/08/2026;18:13:00;5178,00;5178,00;5178,00;5178,00;207120,00;4
WDOV26;06/08/2026;18:11:00;5177,50;5177,50;5177,50;5177,50;51775,00;1
WDOV26;06/08/2026;18:10:00;5177,00;5177,00;5177,00;5177,00;51770,00;1
WDOV26;06/08/2026;18:09:00;5176,00;5176,50;5176,00;5176,50;258815,00;5
WDOV26;06/08/2026;18:08:00;5175,50;5175,50;5175,50;5175,50;51755,00;1
WDOV26;06/08/2026;18:00:00;5175,00;5175,00;5175,00;5175,00;51750,00;1
WDOV26;06/08/2026;17:59:00;5175,50;5175,50;5175,50;5175,50;51755,00;1
WDOV26;06/08/2026;17:56:00;5174,50;5174,50;5174,50;5174,50;103490,00;2
WDOV26;06/08/2026;17:55:00;5175,50;5175,50;5175,50;5175,50;51755,00;1
WDOV26;06/08/2026;17:52:00;5175,00;5175,00;5175,00;5175,00;310500,00;6
WDOV26;06/08/2026;17:39:00;5174,50;5174,50;5174,00;5174,00;103485,00;2
WDOV26;06/08/2026;17:37:00;5175,00;5175,00;5175,00;5175,00;310500,00;6
WDOV26;06/08/2026;17:35:00;5174,50;5174,50;5174,50;5174,50;51745,00;1
WDOV26;06/08/2026;17:29:00;5175,00;5175,00;5175,00;5175,00;51750,00;1
WDOV26;06/08/2026;17:21:00;5175,00;5175,00;5175,00;5175,00;103500,00;2
WDOV26;06/08/2026;17:20:00;5174,50;5174,50;5174,50;5174,50;51745,00;1
WDOV26;06/08/2026;17:19:00;5173,50;5174,00;5173,50;5174,00;103475,00;2
WDOV26;06/08/2026;17:12:00;5173,00;5173,00;5172,00;5172,00;103450,00;2
WDOV26;06/08/2026;17:03:00;5173,00;5173,00;5173,00;5173,00;51730,00;1
WDOV26;06/08/2026;17:01:00;5172,00;5172,00;5172,00;5172,00;103440,00;2
WDOV26;06/08/2026;17:00:00;5170,00;5171,50;5170,00;5171,50;1551015,00;30
WDOV26;06/08/2026;16:59:00;5170,00;5170,00;5170,00;5170,00;51700,00;1
WDOV26;06/08/2026;16:52:00;5170,50;5170,50;5170,50;5170,50;155115,00;3
WDOV26;06/08/2026;16:48:00;5171,50;5171,50;5170,50;5170,50;206835,00;4
WDOV26;06/08/2026;16:41:00;5170,50;5170,50;5170,50;5170,50;51705,00;1
WDOV26;06/08/2026;16:39:00;5169,00;5169,00;5169,00;5169,00;51690,00;1
WDOV26;06/08/2026;16:30:00;5169,50;5169,50;5169,50;5169,50;51695,00;1
WDOV26;06/08/2026;16:26:00;5170,00;5170,00;5170,00;5170,00;51700,00;1
WDOV26;06/08/2026;16:25:00;5170,00;5171,00;5170,00;5171,00;155110,00;3
WDOV26;06/08/2026;16:22:00;5167,00;5167,00;5167,00;5167,00;51670,00;1
WDOV26;06/08/2026;16:17:00;5167,00;5167,00;5167,00;5167,00;51670,00;1
WDOV26;06/08/2026;16:16:00;5167,00;5167,00;5167,00;5167,00;51670,00;1
WDOV26;06/08/2026;16:00:00;5165,50;5166,00;5165,00;5166,00;309935,00;6
WDOV26;06/08/2026;15:48:00;5165,50;5165,50;5164,50;5164,50;206595,00;4
WDOV26;06/08/2026;15:45:00;5167,00;5167,00;5167,00;5167,00;155010,00;3
WDOV26;06/08/2026;15:40:00;5168,00;5168,00;5167,50;5167,50;361740,00;7
WDOV26;06/08/2026;15:39:00;5168,50;5168,50;5168,50;5168,50;206740,00;4
WDOV26;06/08/2026;15:22:00;5169,50;5169,50;5169,50;5169,50;51695,00;1
WDOV26;06/08/2026;15:21:00;5168,00;5168,00;5168,00;5168,00;51680,00;1
WDOV26;06/08/2026;15:12:00;5167,00;5167,00;5167,00;5167,00;51670,00;1
WDOV26;06/08/2026;15:11:00;5168,00;5168,00;5168,00;5168,00;51680,00;1
WDOV26;06/08/2026;14:51:00;5168,00;5168,00;5168,00;5168,00;51680,00;1
WDOV26;06/08/2026;14:50:00;5167,00;5167,00;5167,00;5167,00;51670,00;1
WDOV26;06/08/2026;14:44:00;5167,00;5167,00;5167,00;5167,00;51670,00;1
WDOV26;06/08/2026;14:39:00;5165,00;5165,00;5165,00;5165,00;51650,00;1
WDOV26;06/08/2026;14:34:00;5165,00;5165,00;5165,00;5165,00;51650,00;1
WDOV26;06/08/2026;14:21:00;5166,50;5166,50;5166,00;5166,00;103325,00;2
WDOV26;06/08/2026;14:16:00;5167,50;5168,50;5167,50;5168,50;155040,00;3
WDOV26;06/08/2026;14:08:00;5168,50;5168,50;5168,50;5168,50;103370,00;2
WDOV26;06/08/2026;14:02:00;5168,00;5168,00;5168,00;5168,00;51680,00;1
WDOV26;06/08/2026;13:56:00;5168,50;5168,50;5168,50;5168,50;51685,00;1
WDOV26;06/08/2026;13:52:00;5167,00;5167,00;5167,00;5167,00;51670,00;1
WDOV26;06/08/2026;13:50:00;5168,00;5168,00;5168,00;5168,00;51680,00;1
WDOV26;06/08/2026;13:49:00;5167,00;5167,00;5167,00;5167,00;51670,00;1
WDOV26;06/08/2026;13:48:00;5167,00;5167,00;5166,50;5166,50;206670,00;4
WDOV26;06/08/2026;13:43:00;5168,00;5168,00;5168,00;5168,00;51680,00;1
WDOV26;06/08/2026;13:40:00;5168,00;5168,50;5166,50;5168,50;413395,00;8
WDOV26;06/08/2026;13:33:00;5169,50;5169,50;5169,50;5169,50;51695,00;1
WDOV26;06/08/2026;13:26:00;5170,50;5170,50;5170,50;5170,50;103410,00;2
WDOV26;06/08/2026;13:25:00;5172,00;5172,00;5171,00;5171,00;568820,00;11
WDOV26;06/08/2026;13:20:00;5172,50;5172,50;5172,00;5172,00;827525,00;16
WDOV26;06/08/2026;13:18:00;5172,00;5172,00;5172,00;5172,00;51720,00;1
WDOV26;06/08/2026;13:15:00;5173,00;5173,00;5173,00;5173,00;465570,00;9
WDOV26;06/08/2026;13:14:00;5173,00;5173,00;5173,00;5173,00;51730,00;1
WDOV26;06/08/2026;13:13:00;5172,00;5172,00;5172,00;5172,00;51720,00;1
WDOV26;06/08/2026;13:11:00;5170,00;5170,00;5170,00;5170,00;51700,00;1
WDOV26;06/08/2026;13:08:00;5170,50;5170,50;5170,50;5170,50;51705,00;1
WDOV26;06/08/2026;13:04:00;5171,00;5171,00;5171,00;5171,00;155130,00;3
WDOV26;06/08/2026;13:03:00;5170,00;5170,00;5170,00;5170,00;155100,00;3
WDOV26;06/08/2026;12:59:00;5172,50;5172,50;5172,00;5172,00;103445,00;2
WDOV26;06/08/2026;12:56:00;5173,00;5173,00;5172,50;5172,50;155180,00;3
WDOV26;06/08/2026;12:55:00;5174,50;5174,50;5173,50;5174,50;569185,00;11
WDOV26;06/08/2026;12:54:00;5172,00;5174,00;5172,00;5174,00;258645,00;5
WDOV26;06/08/2026;12:53:00;5171,50;5171,50;5171,50;5171,50;362005,00;7
WDOV26;06/08/2026;12:51:00;5170,00;5170,00;5170,00;5170,00;5273400,00;102
WDOV26;06/08/2026;12:50:00;5168,50;5168,50;5168,50;5168,50;103370,00;2
WDOV26;06/08/2026;12:45:00;5168,50;5168,50;5168,50;5168,50;103370,00;2
WDOV26;06/08/2026;12:44:00;5168,50;5168,50;5168,50;5168,50;155055,00;3
WDOV26;06/08/2026;12:43:00;5169,50;5169,50;5169,50;5169,50;155085,00;3
WDOV26;06/08/2026;12:42:00;5168,50;5168,50;5168,50;5168,50;51685,00;1
WDOV26;06/08/2026;12:41:00;5169,00;5169,00;5169,00;5169,00;465210,00;9
WDOV26;06/08/2026;12:39:00;5168,00;5168,50;5168,00;5168,50;516845,00;10
WDOV26;06/08/2026;12:36:00;5167,00;5167,00;5167,00;5167,00;206680,00;4
WDOV26;06/08/2026;12:33:00;5166,00;5166,00;5165,50;5165,50;103315,00;2
WDOV26;06/08/2026;12:32:00;5166,00;5166,00;5166,00;5166,00;51660,00;1
WDOV26;06/08/2026;12:31:00;5165,00;5166,00;5165,00;5166,00;258270,00;5
WDOV26;06/08/2026;12:27:00;5165,00;5165,00;5165,00;5165,00;51650,00;1
WDOV26;06/08/2026;12:26:00;5163,00;5163,00;5162,50;5162,50;309755,00;6
WDOV26;06/08/2026;12:24:00;5165,50;5165,50;5165,50;5165,50;51655,00;1
WDOV26;06/08/2026;12:23:00;5165,50;5165,50;5165,00;5165,50;361580,00;7
WDOV26;06/08/2026;12:21:00;5165,00;5165,00;5165,00;5165,00;51650,00;1
WDOV26;06/08/2026;12:20:00;5165,00;5165,00;5165,00;5165,00;154950,00;3
WDOV26;06/08/2026;12:18:00;5164,00;5164,50;5164,00;5164,00;671330,00;13
WDOV26;06/08/2026;12:17:00;5164,00;5164,00;5164,00;5164,00;51640,00;1
WDOV26;06/08/2026;12:16:00;5162,00;5164,00;5162,00;5164,00;154890,00;3
WDOV26;06/08/2026;12:11:00;5158,50;5158,50;5158,50;5158,50;51585,00;1
WDOV26;06/08/2026;12:05:00;5158,00;5158,00;5158,00;5158,00;980020,00;19
WDOV26;06/08/2026;12:04:00;5159,50;5159,50;5159,50;5159,50;51595,00;1
WDOV26;06/08/2026;12:02:00;5159,50;5159,50;5159,50;5159,50;51595,00;1
WDOV26;06/08/2026;12:00:00;5158,00;5158,50;5158,00;5158,50;103165,00;2
WDOV26;06/08/2026;11:59:00;5161,00;5161,00;5159,50;5159,50;515980,00;10
WDOV26;06/08/2026;11:58:00;5161,50;5161,50;5161,50;5161,50;103230,00;2
WDOV26;06/08/2026;11:56:00;5160,50;5162,50;5160,50;5161,50;2426005,00;47
WDOV26;06/08/2026;11:55:00;5159,00;5160,00;5159,00;5160,00;103190,00;2
WDOV26;06/08/2026;11:53:00;5158,50;5159,50;5158,50;5159,50;257965,00;5
WDOV26;06/08/2026;11:52:00;5158,50;5158,50;5158,50;5158,50;51585,00;1
WDOV26;06/08/2026;11:47:00;5159,00;5159,00;5159,00;5159,00;103180,00;2
WDOV26;06/08/2026;11:43:00;5157,00;5157,00;5156,50;5156,50;1701650,00;33
WDOV26;06/08/2026;11:42:00;5156,50;5156,50;5156,50;5156,50;51565,00;1
WDOV26;06/08/2026;11:41:00;5157,50;5157,50;5156,50;5156,50;464110,00;9
WDOV26;06/08/2026;11:39:00;5158,00;5158,00;5158,00;5158,00;51580,00;1
WDOV26;06/08/2026;11:37:00;5159,50;5160,00;5159,50;5160,00;515990,00;10
WDOV26;06/08/2026;11:36:00;5159,50;5160,00;5159,50;5160,00;257990,00;5
WDOV26;06/08/2026;11:35:00;5157,50;5157,50;5157,50;5157,50;51575,00;1
WDOV26;06/08/2026;11:34:00;5157,50;5157,50;5157,50;5157,50;51575,00;1
WDOV26;06/08/2026;11:33:00;5159,00;5159,00;5159,00;5159,00;51590,00;1
WDOV26;06/08/2026;11:32:00;5160,50;5160,50;5160,50;5160,50;51605,00;1
WDOV26;06/08/2026;11:30:00;5158,50;5159,50;5158,50;5159,50;103180,00;2
WDOV26;06/08/2026;11:29:00;5159,50;5159,50;5159,50;5159,50;412760,00;8
WDOV26;06/08/2026;11:26:00;5160,50;5160,50;5160,50;5160,50;464445,00;9
WDOV26;06/08/2026;11:25:00;5160,00;5160,00;5159,00;5160,00;2270385,00;44
WDOV26;06/08/2026;11:24:00;5160,50;5160,50;5160,00;5160,00;3663640,00;71
WDOV26;06/08/2026;11:23:00;5161,50;5161,50;5161,50;5161,50;51615,00;1
WDOV26;06/08/2026;11:22:00;5163,00;5163,00;5160,50;5160,50;16103890,00;312
WDOV26;06/08/2026;11:21:00;5162,00;5163,00;5162,00;5163,00;1032585,00;20
WDOV26;06/08/2026;11:19:00;5161,50;5161,50;5161,50;5161,50;51615,00;1
WDOV26;06/08/2026;11:17:00;5162,50;5162,50;5162,50;5162,50;51625,00;1
WDOV26;06/08/2026;11:16:00;5161,00;5163,00;5161,00;5163,00;309750,00;6
WDOV26;06/08/2026;11:15:00;5162,50;5162,50;5162,50;5162,50;154875,00;3
WDOV26;06/08/2026;11:14:00;5162,50;5162,50;5162,00;5162,50;258120,00;5
WDOV26;06/08/2026;11:11:00;5163,50;5163,50;5163,00;5163,00;154900,00;3
WDOV26;06/08/2026;11:10:00;5162,50;5164,00;5162,50;5164,00;154895,00;3
WDOV26;06/08/2026;11:09:00;5162,00;5162,50;5162,00;5162,00;309735,00;6
WDOV26;06/08/2026;11:07:00;5161,50;5161,50;5161,50;5161,50;103230,00;2
WDOV26;06/08/2026;11:06:00;5163,00;5163,00;5163,00;5163,00;51630,00;1
WDOV26;06/08/2026;11:02:00;5161,00;5161,50;5160,00;5160,00;464450,00;9
WDOV26;06/08/2026;11:01:00;5162,50;5162,50;5162,50;5162,50;51625,00;1
WDOV26;06/08/2026;10:59:00;5161,50;5161,50;5161,50;5161,50;154845,00;3
WDOV26;06/08/2026;10:53:00;5163,00;5163,00;5162,00;5163,00;206510,00;4
WDOV26;06/08/2026;10:51:00;5165,50;5165,50;5165,50;5165,50;51655,00;1
WDOV26;06/08/2026;10:47:00;5164,50;5165,50;5164,00;5165,50;154940,00;3
WDOV26;06/08/2026;10:45:00;5166,00;5166,00;5166,00;5166,00;51660,00;1
WDOV26;06/08/2026;10:44:00;5164,00;5165,00;5164,00;5165,00;154930,00;3
WDOV26;06/08/2026;10:41:00;5163,00;5164,50;5163,00;5164,00;206555,00;4
WDOV26;06/08/2026;10:39:00;5162,00;5162,50;5161,50;5162,50;154860,00;3
WDOV26;06/08/2026;10:38:00;5162,50;5162,50;5162,50;5162,50;51625,00;1
WDOV26;06/08/2026;10:36:00;5165,50;5165,50;5165,00;5165,50;206610,00;4
WDOV26;06/08/2026;10:35:00;5165,50;5165,50;5165,50;5165,50;309930,00;6
WDOV26;06/08/2026;10:31:00;5166,00;5166,00;5165,50;5165,50;206625,00;4
WDOV26;06/08/2026;10:30:00;5168,50;5168,50;5168,50;5168,50;51685,00;1
WDOV26;06/08/2026;10:28:00;5168,00;5168,00;5168,00;5168,00;51680,00;1
WDOV26;06/08/2026;10:27:00;5167,50;5168,00;5167,50;5168,00;103355,00;2
WDOV26;06/08/2026;10:26:00;5165,00;5165,00;5165,00;5165,00;51650,00;1
WDOV26;06/08/2026;10:25:00;5164,00;5164,00;5162,50;5163,50;206540,00;4
WDOV26;06/08/2026;10:24:00;5164,00;5164,00;5162,50;5162,50;1239020,00;24
WDOV26;06/08/2026;10:23:00;5166,00;5166,00;5166,00;5166,00;51660,00;1
WDOV26;06/08/2026;10:22:00;5167,00;5167,00;5167,00;5167,00;51670,00;1
WDOV26;06/08/2026;10:21:00;5165,50;5165,50;5165,00;5165,00;309910,00;6
WDOV26;06/08/2026;10:20:00;5166,50;5166,50;5166,00;5166,00;464965,00;9
WDOV26;06/08/2026;10:19:00;5169,00;5169,00;5167,00;5167,00;258410,00;5
WDOV26;06/08/2026;10:18:00;5170,00;5170,00;5169,00;5169,00;155090,00;3
WDOV26;06/08/2026;10:17:00;5169,50;5169,50;5169,50;5169,50;103390,00;2
WDOV26;06/08/2026;10:16:00;5170,50;5170,50;5170,00;5170,00;5480210,00;106
WDOV26;06/08/2026;10:15:00;5171,00;5171,00;5171,00;5171,00;51710,00;1
WDOV26;06/08/2026;10:13:00;5173,00;5173,00;5172,50;5172,50;103455,00;2
WDOV26;06/08/2026;10:11:00;5173,50;5173,50;5173,00;5173,00;103465,00;2
WDOV26;06/08/2026;10:05:00;5175,00;5175,00;5175,00;5175,00;51750,00;1
WDOV26;06/08/2026;10:03:00;5178,00;5178,50;5176,00;5176,00;155325,00;3
WDOV26;06/08/2026;10:01:00;5173,00;5173,00;5173,00;5173,00;155190,00;3
WDOV26;06/08/2026;10:00:00;5172,50;5173,00;5172,50;5173,00;103455,00;2
WDOV26;06/08/2026;09:58:00;5176,00;5176,00;5176,00;5176,00;51760,00;1
WDOV26;06/08/2026;09:57:00;5175,50;5176,00;5175,50;5176,00;2587990,00;50
WDOV26;06/08/2026;09:52:00;5176,50;5176,50;5176,00;5176,00;103525,00;2
WDOV26;06/08/2026;09:48:00;5176,50;5176,50;5176,50;5176,50;103530,00;2
WDOV26;06/08/2026;09:47:00;5176,00;5176,00;5176,00;5176,00;51760,00;1
WDOV26;06/08/2026;09:45:00;5177,00;5177,50;5177,00;5177,50;258865,00;5
WDOV26;06/08/2026;09:44:00;5175,00;5175,00;5175,00;5175,00;103500,00;2
WDOV26;06/08/2026;09:41:00;5181,50;5181,50;5181,50;5181,50;51815,00;1
WDOV26;06/08/2026;09:40:00;5178,00;5178,00;5178,00;5178,00;51780,00;1
WDOV26;06/08/2026;09:39:00;5177,50;5178,00;5177,50;5178,00;362430,00;7
WDOV26;06/08/2026;09:38:00;5177,00;5177,50;5177,00;5177,50;103545,00;2
WDOV26;06/08/2026;09:36:00;5177,00;5177,00;5177,00;5177,00;51770,00;1
WDOV26;06/08/2026;09:35:00;5178,00;5178,00;5178,00;5178,00;51780,00;1
WDOV26;06/08/2026;09:33:00;5178,00;5178,00;5178,00;5178,00;207120,00;4
WDOV26;06/08/2026;09:32:00;5178,00;5178,00;5177,00;5177,00;155320,00;3
WDOV26;06/08/2026;09:31:00;5177,50;5177,50;5177,50;5177,50;207100,00;4
WDOV26;06/08/2026;09:30:00;5175,50;5176,50;5175,50;5175,50;155275,00;3
WDOV26;06/08/2026;09:29:00;5175,00;5175,00;5175,00;5175,00;207000,00;4
WDOV26;06/08/2026;09:28:00;5175,00;5177,00;5174,50;5175,00;569265,00;11
WDOV26;06/08/2026;09:27:00;5182,00;5182,00;5175,00;5175,00;6837275,00;132
WDOV26;06/08/2026;09:26:00;5184,50;5184,50;5182,00;5182,00;259165,00;5
WDOV26;06/08/2026;09:25:00;5188,00;5188,00;5183,50;5184,50;311105,00;6
WDOV26;06/08/2026;09:23:00;5188,50;5188,50;5188,50;5188,50;103770,00;2
WDOV26;06/08/2026;09:18:00;5192,00;5192,00;5192,00;5192,00;51920,00;1
WDOV26;06/08/2026;09:16:00;5192,00;5192,50;5192,00;5192,50;103845,00;2
WDOV26;06/08/2026;09:15:00;5189,00;5190,50;5189,00;5189,50;311395,00;6
WDOV26;06/08/2026;09:14:00;5190,50;5190,50;5189,50;5189,50;207595,00;4
WDOV26;06/08/2026;09:13:00;5193,00;5193,00;5193,00;5193,00;51930,00;1
WDOV26;06/08/2026;09:12:00;5193,00;5193,00;5191,00;5191,00;207670,00;4
WDOV26;06/08/2026;09:11:00;5191,50;5192,00;5191,50;5192,00;259580,00;5
WDOV26;06/08/2026;09:10:00;5190,00;5191,00;5190,00;5191,00;259520,00;5
WDOV26;06/08/2026;09:08:00;5185,00;5187,50;5185,00;5187,50;103725,00;2
WDOV26;06/08/2026;09:07:00;5187,00;5187,00;5186,50;5186,50;155605,00;3
WDOV26;06/08/2026;09:04:00;5183,50;5184,50;5183,00;5184,50;207340,00;4
WDOV26;06/08/2026;09:03:00;5185,00;5185,50;5185,00;5185,50;155560,00;3
WDOV26;06/08/2026;09:02:00;5184,50;5185,00;5184,50;5185,00;311095,00;6
WDOV26;06/08/2026;09:01:00;5182,00;5182,50;5182,00;5182,50;518245,00;10
WDOV26;06/08/2026;09:00:00;5186,00;5188,50;5185,00;5185,00;4150075,00;80
WDOV26;05/08/2026;18:29:00;5186,00;5186,00;5186,00;5186,00;1607660,00;31
WDOV26;05/08/2026;18:27:00;5185,00;5185,00;5185,00;5185,00;3007300,00;58
WDOV26;05/08/2026;18:25:00;5186,00;5186,00;5185,00;5185,00;777770,00;15
WDOV26;05/08/2026;18:24:00;5186,00;5186,00;5185,50;5185,50;985325,00;19
WDOV26;05/08/2026;18:23:00;5186,00;5186,00;5186,00;5186,00;311160,00;6
WDOV26;05/08/2026;18:22:00;5186,00;5186,00;5186,00;5186,00;259300,00;5
WDOV26;05/08/2026;18:21:00;5187,50;5187,50;5187,50;5187,50;51875,00;1
WDOV26;05/08/2026;18:20:00;5187,50;5187,50;5187,00;5187,00;363110,00;7
WDOV26;05/08/2026;18:16:00;5189,00;5189,00;5189,00;5189,00;103780,00;2
WDOV26;05/08/2026;18:06:00;5187,50;5187,50;5187,50;5187,50;51875,00;1
WDOV26;05/08/2026;18:02:00;5187,00;5187,00;5187,00;5187,00;51870,00;1
WDOV26;05/08/2026;18:00:00;5187,00;5187,00;5187,00;5187,00;829920,00;16
WDOV26;05/08/2026;17:59:00;5188,50;5188,50;5188,00;5188,00;415050,00;8
WDOV26;05/08/2026;17:52:00;5190,00;5191,50;5190,00;5190,50;415260,00;8
WDOV26;05/08/2026;17:51:00;5188,50;5190,00;5188,50;5190,00;155685,00;3
WDOV26;05/08/2026;17:50:00;5187,50;5187,50;5187,50;5187,50;51875,00;1
WDOV26;05/08/2026;17:36:00;5187,50;5187,50;5187,50;5187,50;51875,00;1
WDOV26;05/08/2026;17:35:00;5187,50;5187,50;5187,50;5187,50;103750,00;2
WDOV26;05/08/2026;17:34:00;5186,50;5187,00;5186,50;5187,00;207470,00;4
WDOV26;05/08/2026;17:33:00;5187,00;5187,00;5187,00;5187,00;103740,00;2
WDOV26;05/08/2026;17:32:00;5187,50;5187,50;5187,50;5187,50;103750,00;2
WDOV26;05/08/2026;17:31:00;5188,00;5188,50;5188,00;5188,00;155645,00;3
WDOV26;05/08/2026;17:30:00;5188,50;5188,50;5188,50;5188,50;155655,00;3
WDOV26;05/08/2026;17:29:00;5188,50;5188,50;5188,50;5188,50;103770,00;2
WDOV26;05/08/2026;17:28:00;5188,00;5188,50;5188,00;5188,50;259420,00;5
WDOV26;05/08/2026;17:23:00;5189,00;5189,00;5189,00;5189,00;311340,00;6
WDOV26;05/08/2026;17:22:00;5189,00;5189,00;5189,00;5189,00;51890,00;1
WDOV26;05/08/2026;17:21:00;5189,00;5189,00;5189,00;5189,00;2594500,00;50
WDOV26;05/08/2026;17:20:00;5189,00;5189,00;5188,00;5188,00;259425,00;5
WDOV26;05/08/2026;17:19:00;5190,50;5190,50;5190,50;5190,50;51905,00;1
WDOV26;05/08/2026;17:17:00;5190,00;5190,00;5189,50;5189,50;103795,00;2
WDOV26;05/08/2026;17:16:00;5190,00;5190,00;5190,00;5190,00;51900,00;1
WDOV26;05/08/2026;17:15:00;5191,50;5191,50;5190,50;5190,50;207640,00;4
WDOV26;05/08/2026;17:13:00;5192,00;5192,00;5191,50;5192,00;571115,00;11
WDOV26;05/08/2026;17:10:00;5195,00;5195,00;5194,00;5194,00;467475,00;9
WDOV26;05/08/2026;17:08:00;5195,50;5195,50;5195,50;5195,50;51955,00;1
WDOV26;05/08/2026;16:56:00;5194,00;5194,00;5194,00;5194,00;51940,00;1
WDOV26;05/08/2026;16:54:00;5194,00;5194,00;5193,50;5193,50;155815,00;3
WDOV26;05/08/2026;16:49:00;5195,50;5195,50;5195,50;5195,50;51955,00;1
WDOV26;05/08/2026;16:44:00;5196,50;5196,50;5196,50;5196,50;51965,00;1
WDOV26;05/08/2026;16:41:00;5197,00;5197,00;5197,00;5197,00;103940,00;2
WDOV26;05/08/2026;16:40:00;5197,00;5197,00;5197,00;5197,00;103940,00;2
WDOV26;05/08/2026;16:39:00;5196,00;5196,50;5196,00;5196,50;259820,00;5
WDOV26;05/08/2026;16:37:00;5195,50;5196,50;5195,50;5196,50;103920,00;2
WDOV26;05/08/2026;16:36:00;5197,00;5197,00;5196,00;5196,00;103930,00;2
WDOV26;05/08/2026;16:35:00;5197,00;5197,00;5197,00;5197,00;51970,00;1
WDOV26;05/08/2026;16:34:00;5197,00;5197,00;5197,00;5197,00;103940,00;2
WDOV26;05/08/2026;16:33:00;5196,50;5196,50;5196,50;5196,50;2598250,00;50
WDOV26;05/08/2026;16:32:00;5197,00;5197,00;5197,00;5197,00;155910,00;3
WDOV26;05/08/2026;16:31:00;5197,50;5197,50;5197,50;5197,50;51975,00;1
WDOV26;05/08/2026;16:30:00;5197,50;5197,50;5197,00;5197,00;103945,00;2
WDOV26;05/08/2026;16:28:00;5196,00;5198,50;5196,00;5198,50;363775,00;7
WDOV26;05/08/2026;16:20:00;5195,00;5195,00;5195,00;5195,00;51950,00;1
WDOV26;05/08/2026;16:19:00;5195,00;5195,00;5193,50;5193,50;779185,00;15
WDOV26;05/08/2026;16:18:00;5195,50;5195,50;5194,50;5195,00;415610,00;8
WDOV26;05/08/2026;16:17:00;5195,00;5195,00;5195,00;5195,00;103900,00;2
WDOV26;05/08/2026;16:14:00;5194,00;5194,00;5194,00;5194,00;51940,00;1
WDOV26;05/08/2026;16:10:00;5193,00;5193,00;5193,00;5193,00;51930,00;1
WDOV26;05/08/2026;16:08:00;5191,50;5191,50;5191,50;5191,50;51915,00;1
WDOV26;05/08/2026;16:05:00;5192,50;5192,50;5192,50;5192,50;51925,00;1
WDOV26;05/08/2026;16:03:00;5193,00;5193,00;5193,00;5193,00;51930,00;1
WDOV26;05/08/2026;16:00:00;5193,00;5194,50;5193,00;5194,50;207745,00;4
WDOV26;05/08/2026;15:59:00;5192,00;5192,00;5192,00;5192,00;51920,00;1
WDOV26;05/08/2026;15:50:00;5189,50;5189,50;5189,00;5189,00;103785,00;2
WDOV26;05/08/2026;15:46:00;5190,50;5190,50;5190,50;5190,50;51905,00;1
WDOV26;05/08/2026;15:43:00;5190,50;5190,50;5190,50;5190,50;51905,00;1
WDOV26;05/08/2026;15:39:00;5190,00;5190,00;5190,00;5190,00;103800,00;2
WDOV26;05/08/2026;15:32:00;5190,00;5191,50;5190,00;5191,50;103815,00;2
WDOV26;05/08/2026;15:29:00;5189,50;5189,50;5189,50;5189,50;103790,00;2
WDOV26;05/08/2026;15:26:00;5188,00;5188,00;5188,00;5188,00;51880,00;1
WDOV26;05/08/2026;15:23:00;5188,00;5188,00;5188,00;5188,00;466920,00;9
WDOV26;05/08/2026;15:22:00;5188,50;5188,50;5188,50;5188,50;51885,00;1
WDOV26;05/08/2026;15:21:00;5189,00;5189,00;5189,00;5189,00;155670,00;3
WDOV26;05/08/2026;15:19:00;5190,00;5190,00;5190,00;5190,00;51900,00;1
WDOV26;05/08/2026;15:15:00;5191,00;5191,00;5191,00;5191,00;51910,00;1
WDOV26;05/08/2026;15:04:00;5191,00;5191,00;5191,00;5191,00;51910,00;1
WDOV26;05/08/2026;14:49:00;5191,50;5191,50;5191,50;5191,50;51915,00;1
WDOV26;05/08/2026;14:48:00;5192,00;5193,00;5192,00;5193,00;363495,00;7
WDOV26;05/08/2026;14:47:00;5190,50;5190,50;5190,50;5190,50;51905,00;1
WDOV26;05/08/2026;14:44:00;5190,00;5191,00;5190,00;5191,00;103810,00;2
WDOV26;05/08/2026;14:40:00;5192,00;5192,00;5191,00;5191,00;207650,00;4
WDOV26;05/08/2026;14:34:00;5195,50;5195,50;5195,50;5195,50;51955,00;1
WDOV26;05/08/2026;14:33:00;5195,00;5195,00;5195,00;5195,00;103900,00;2
WDOV26;05/08/2026;14:26:00;5197,00;5197,00;5196,50;5197,00;155905,00;3
WDOV26;05/08/2026;14:25:00;5198,50;5198,50;5198,00;5198,00;155945,00;3
WDOV26;05/08/2026;14:24:00;5198,50;5198,50;5198,00;5198,00;103965,00;2
WDOV26;05/08/2026;14:23:00;5199,50;5199,50;5199,50;5199,50;51995,00;1
WDOV26;05/08/2026;14:22:00;5199,50;5199,50;5199,50;5199,50;467955,00;9
WDOV26;05/08/2026;14:21:00;5196,00;5200,00;5196,00;5199,50;1403615,00;27
WDOV26;05/08/2026;14:20:00;5195,00;5195,00;5194,50;5194,50;103895,00;2
WDOV26;05/08/2026;14:19:00;5195,50;5195,50;5195,00;5195,00;259765,00;5
WDOV26;05/08/2026;14:18:00;5195,00;5195,00;5194,00;5195,00;5610575,00;108
WDOV26;05/08/2026;14:17:00;5194,00;5194,50;5194,00;5194,50;207770,00;4
WDOV26;05/08/2026;14:16:00;5193,00;5193,00;5193,00;5193,00;51930,00;1
WDOV26;05/08/2026;14:14:00;5192,00;5192,00;5191,50;5191,50;103835,00;2
WDOV26;05/08/2026;14:11:00;5193,00;5193,00;5192,50;5192,50;830845,00;16
WDOV26;05/08/2026;14:10:00;5193,00;5193,00;5193,00;5193,00;103860,00;2
WDOV26;05/08/2026;14:08:00;5193,00;5193,00;5193,00;5193,00;103860,00;2
WDOV26;05/08/2026;14:02:00;5190,50;5190,50;5190,50;5190,50;259525,00;5
WDOV26;05/08/2026;14:00:00;5191,00;5191,00;5191,00;5191,00;51910,00;1
WDOV26;05/08/2026;13:59:00;5192,00;5192,00;5192,00;5192,00;155760,00;3
WDOV26;05/08/2026;13:58:00;5192,50;5192,50;5192,50;5192,50;51925,00;1
WDOV26;05/08/2026;13:57:00;5192,00;5192,50;5192,00;5192,50;5451620,00;105
WDOV26;05/08/2026;13:56:00;5191,00;5191,00;5191,00;5191,00;207640,00;4
WDOV26;05/08/2026;13:53:00;5190,50;5190,50;5190,00;5190,00;726645,00;14
WDOV26;05/08/2026;13:52:00;5190,00;5190,00;5190,00;5190,00;207600,00;4
WDOV26;05/08/2026;13:51:00;5190,00;5190,50;5190,00;5190,50;311405,00;6
WDOV26;05/08/2026;13:50:00;5190,00;5190,00;5190,00;5190,00;1349400,00;26
WDOV26;05/08/2026;13:49:00;5189,50;5190,00;5189,50;5190,00;4619095,00;89
WDOV26;05/08/2026;13:48:00;5189,00;5189,00;5189,00;5189,00;311340,00;6
WDOV26;05/08/2026;13:47:00;5189,00;5189,00;5189,00;5189,00;415120,00;8
WDOV26;05/08/2026;13:46:00;5189,00;5189,00;5189,00;5189,00;51890,00;1
WDOV26;05/08/2026;13:44:00;5188,00;5188,00;5188,00;5188,00;51880,00;1
WDOV26;05/08/2026;13:43:00;5189,00;5189,00;5189,00;5189,00;51890,00;1
WDOV26;05/08/2026;13:40:00;5188,00;5188,00;5188,00;5188,00;51880,00;1
WDOV26;05/08/2026;13:36:00;5189,50;5189,50;5189,50;5189,50;155685,00;3
WDOV26;05/08/2026;13:35:00;5188,50;5188,50;5188,50;5188,50;155655,00;3
WDOV26;05/08/2026;13:33:00;5188,00;5188,00;5188,00;5188,00;415040,00;8
WDOV26;05/08/2026;13:28:00;5187,00;5187,00;5187,00;5187,00;51870,00;1
WDOV26;05/08/2026;13:24:00;5185,00;5185,00;5185,00;5185,00;51850,00;1
WDOV26;05/08/2026;13:22:00;5185,50;5185,50;5185,50;5185,50;103710,00;2
WDOV26;05/08/2026;13:20:00;5186,00;5186,00;5186,00;5186,00;155580,00;3
WDOV26;05/08/2026;13:19:00;5186,50;5186,50;5186,50;5186,50;51865,00;1
WDOV26;05/08/2026;13:16:00;5188,50;5188,50;5188,50;5188,50;51885,00;1
WDOV26;05/08/2026;13:13:00;5189,50;5189,50;5189,00;5189,00;155675,00;3
WDOV26;05/08/2026;13:12:00;5189,50;5190,00;5189,00;5189,00;5293765,00;102
WDOV26;05/08/2026;13:11:00;5188,00;5188,00;5188,00;5188,00;259400,00;5
WDOV26;05/08/2026;13:10:00;5187,00;5187,00;5187,00;5187,00;103740,00;2
WDOV26;05/08/2026;12:55:00;5182,50;5183,00;5182,50;5183,00;932910,00;18
WDOV26;05/08/2026;12:54:00;5183,00;5183,00;5183,00;5183,00;259150,00;5
WDOV26;05/08/2026;12:41:00;5182,50;5182,50;5182,50;5182,50;51825,00;1
WDOV26;05/08/2026;12:30:00;5181,50;5181,50;5181,50;5181,50;51815,00;1
WDOV26;05/08/2026;12:28:00;5179,50;5180,50;5179,50;5180,50;569835,00;11
WDOV26;05/08/2026;12:27:00;5180,00;5180,00;5178,50;5179,00;11810020,00;228
WDOV26;05/08/2026;12:24:00;5181,00;5181,00;5181,00;5181,00;51810,00;1
WDOV26;05/08/2026;12:23:00;5181,50;5181,50;5181,50;5181,50;51815,00;1
WDOV26;05/08/2026;12:22:00;5181,00;5181,50;5181,00;5181,00;207245,00;4
WDOV26;05/08/2026;12:21:00;5183,00;5183,00;5182,00;5182,00;310950,00;6
WDOV26;05/08/2026;12:18:00;5188,00;5188,00;5185,50;5185,50;155595,00;3
WDOV26;05/08/2026;12:17:00;5186,00;5186,00;5186,00;5186,00;51860,00;1
WDOV26;05/08/2026;12:16:00;5185,50;5186,00;5185,50;5186,00;155575,00;3
WDOV26;05/08/2026;12:15:00;5185,00;5185,00;5185,00;5185,00;259250,00;5
WDOV26;05/08/2026;12:14:00;5184,00;5185,00;5184,00;5185,00;5184985,00;100
WDOV26;05/08/2026;12:12:00;5183,50;5183,50;5183,50;5183,50;51835,00;1
WDOV26;05/08/2026;12:06:00;5186,00;5186,50;5186,00;5186,50;103725,00;2
WDOV26;05/08/2026;12:04:00;5184,00;5184,00;5183,50;5183,50;103675,00;2
WDOV26;05/08/2026;11:58:00;5188,00;5188,00;5188,00;5188,00;51880,00;1
WDOV26;05/08/2026;11:57:00;5187,00;5187,00;5187,00;5187,00;51870,00;1
WDOV26;05/08/2026;11:54:00;5190,00;5190,00;5190,00;5190,00;51900,00;1
WDOV26;05/08/2026;11:53:00;5190,00;5192,00;5190,00;5192,00;207635,00;4
WDOV26;05/08/2026;11:51:00;5187,50;5188,00;5187,50;5188,00;103755,00;2
WDOV26;05/08/2026;11:46:00;5190,00;5190,00;5190,00;5190,00;51900,00;1
WDOV26;05/08/2026;11:44:00;5188,00;5188,00;5188,00;5188,00;51880,00;1
WDOV26;05/08/2026;11:41:00;5187,00;5187,00;5187,00;5187,00;51870,00;1
WDOV26;05/08/2026;11:35:00;5185,00;5185,00;5185,00;5185,00;51850,00;1
WDOV26;05/08/2026;11:34:00;5186,50;5187,00;5186,50;5187,00;363085,00;7
WDOV26;05/08/2026;11:33:00;5190,00;5190,00;5185,00;5185,00;1556170,00;30
WDOV26;05/08/2026;11:32:00;5190,50;5190,50;5190,50;5190,50;155715,00;3
WDOV26;05/08/2026;11:31:00;5192,50;5192,50;5190,50;5192,00;622975,00;12
WDOV26;05/08/2026;11:30:00;5192,50;5194,00;5192,50;5194,00;1298310,00;25
WDOV26;05/08/2026;11:29:00;5189,00;5193,50;5189,00;5193,00;11833700,00;228
WDOV26;05/08/2026;11:27:00;5181,00;5186,00;5181,00;5186,00;777405,00;15
WDOV26;05/08/2026;11:26:00;5178,00;5180,00;5178,00;5180,00;5594240,00;108
WDOV26;05/08/2026;11:21:00;5176,00;5178,00;5176,00;5178,00;207065,00;4
WDOV26;05/08/2026;11:20:00;5171,00;5172,00;5171,00;5172,00;155140,00;3
WDOV26;05/08/2026;11:19:00;5170,50;5170,50;5170,50;5170,50;51705,00;1
WDOV26;05/08/2026;11:18:00;5170,00;5170,00;5170,00;5170,00;103400,00;2
WDOV26;05/08/2026;11:11:00;5170,00;5170,00;5170,00;5170,00;51700,00;1
WDOV26;05/08/2026;11:10:00;5168,00;5168,00;5168,00;5168,00;413440,00;8
WDOV26;05/08/2026;11:09:00;5167,00;5169,00;5167,00;5169,00;155040,00;3
WDOV26;05/08/2026;11:08:00;5165,00;5165,00;5165,00;5165,00;103300,00;2
WDOV26;05/08/2026;11:07:00;5167,00;5167,00;5166,00;5166,00;671610,00;13
WDOV26;05/08/2026;11:06:00;5168,00;5168,00;5165,50;5165,50;206660,00;4
WDOV26;05/08/2026;11:05:00;5170,00;5170,00;5168,50;5170,00;6875830,00;133
WDOV26;05/08/2026;11:04:00;5172,50;5173,00;5171,50;5171,50;775840,00;15
WDOV26;05/08/2026;11:03:00;5174,00;5174,50;5172,00;5172,00;5329200,00;103
WDOV26;05/08/2026;11:02:00;5174,50;5174,50;5174,50;5174,50;51745,00;1
WDOV26;05/08/2026;11:01:00;5175,00;5175,00;5172,50;5174,00;465655,00;9
WDOV26;05/08/2026;11:00:00;5176,50;5176,50;5176,50;5176,50;103530,00;2
WDOV26;05/08/2026;10:59:00;5176,00;5176,50;5175,50;5176,00;258800,00;5
WDOV26;05/08/2026;10:58:00;5177,50;5177,50;5177,50;5177,50;51775,00;1
WDOV26;05/08/2026;10:56:00;5179,00;5179,50;5176,50;5176,50;517790,00;10
WDOV26;05/08/2026;10:54:00;5180,00;5180,00;5180,00;5180,00;51800,00;1
WDOV26;05/08/2026;10:53:00;5180,50;5180,50;5180,00;5180,00;155405,00;3
WDOV26;05/08/2026;10:52:00;5181,50;5181,50;5181,00;5181,00;207245,00;4
WDOV26;05/08/2026;10:51:00;5182,50;5183,00;5182,50;5183,00;103655,00;2
WDOV26;05/08/2026;10:50:00;5182,00;5183,00;5182,00;5182,00;310940,00;6
WDOV26;05/08/2026;10:49:00;5182,50;5182,50;5181,50;5181,50;259090,00;5
WDOV26;05/08/2026;10:48:00;5184,00;5184,50;5184,00;5184,50;414730,00;8
WDOV26;05/08/2026;10:45:00;5182,00;5182,00;5182,00;5182,00;51820,00;1
WDOV26;05/08/2026;10:40:00;5179,00;5179,50;5179,00;5179,50;155380,00;3
WDOV26;05/08/2026;10:39:00;5180,50;5180,50;5178,00;5178,00;2847990,00;55
WDOV26;05/08/2026;10:31:00;5176,50;5176,50;5176,50;5176,50;103530,00;2
WDOV26;05/08/2026;10:30:00;5178,00;5178,00;5178,00;5178,00;51780,00;1
WDOV26;05/08/2026;10:29:00;5178,50;5178,50;5177,00;5177,00;310655,00;6
WDOV26;05/08/2026;10:27:00;5179,50;5180,00;5179,50;5180,00;258995,00;5
WDOV26;05/08/2026;10:26:00;5179,00;5180,50;5179,00;5179,50;673335,00;13
WDOV26;05/08/2026;10:25:00;5180,50;5180,50;5180,50;5180,50;51805,00;1
WDOV26;05/08/2026;10:24:00;5181,00;5181,00;5180,00;5180,50;10878040,00;210
WDOV26;05/08/2026;10:23:00;5182,00;5182,00;5181,00;5181,50;259070,00;5
WDOV26;05/08/2026;10:22:00;5184,00;5184,00;5184,00;5184,00;51840,00;1
WDOV26;05/08/2026;10:21:00;5183,50;5184,50;5183,50;5184,50;155515,00;3
WDOV26;05/08/2026;10:20:00;5183,00;5183,00;5183,00;5183,00;51830,00;1
WDOV26;05/08/2026;10:19:00;5183,50;5183,50;5183,00;5183,00;103665,00;2
WDOV26;05/08/2026;10:14:00;5187,50;5187,50;5187,50;5187,50;51875,00;1
WDOV26;05/08/2026;10:13:00;5187,00;5187,00;5187,00;5187,00;2593500,00;50
WDOV26;05/08/2026;10:12:00;5185,00;5185,00;5185,00;5185,00;51850,00;1
WDOV26;05/08/2026;10:09:00;5185,00;5185,00;5183,00;5183,00;414775,00;8
WDOV26;05/08/2026;10:05:00;5186,50;5186,50;5186,50;5186,50;51865,00;1
WDOV26;05/08/2026;10:01:00;5187,00;5187,00;5187,00;5187,00;51870,00;1
WDOV26;05/08/2026;10:00:00;5186,50;5187,00;5186,50;5187,00;103735,00;2
WDOV26;05/08/2026;09:58:00;5186,50;5186,50;5186,50;5186,50;311190,00;6
WDOV26;05/08/2026;09:57:00;5186,00;5186,00;5186,00;5186,00;51860,00;1
WDOV26;05/08/2026;09:56:00;5187,00;5187,00;5187,00;5187,00;51870,00;1
WDOV26;05/08/2026;09:55:00;5188,00;5188,00;5188,00;5188,00;51880,00;1
WDOV26;05/08/2026;09:50:00;5184,50;5184,50;5184,50;5184,50;155535,00;3
WDOV26;05/08/2026;09:47:00;5185,00;5185,00;5185,00;5185,00;51850,00;1
WDOV26;05/08/2026;09:43:00;5184,00;5185,00;5184,00;5185,00;103690,00;2
WDOV26;05/08/2026;09:42:00;5183,50;5184,00;5183,50;5184,00;207350,00;4
WDOV26;05/08/2026;09:41:00;5185,00;5185,00;5185,00;5185,00;51850,00;1
WDOV26;05/08/2026;09:34:00;5188,50;5188,50;5188,50;5188,50;103770,00;2
WDOV26;05/08/2026;09:33:00;5189,00;5189,00;5189,00;5189,00;103780,00;2
WDOV26;05/08/2026;09:32:00;5189,00;5189,50;5189,00;5189,50;103785,00;2
WDOV26;05/08/2026;09:31:00;5190,00;5190,00;5189,50;5189,50;5293795,00;102
WDOV26;05/08/2026;09:28:00;5185,50;5185,50;5185,50;5185,50;103710,00;2
WDOV26;05/08/2026;09:24:00;5181,50;5182,00;5181,50;5182,00;362735,00;7
WDOV26;05/08/2026;09:23:00;5182,00;5182,00;5182,00;5182,00;51820,00;1
WDOV26;05/08/2026;09:22:00;5182,00;5182,00;5182,00;5182,00;51820,00;1
WDOV26;05/08/2026;09:21:00;5182,00;5182,00;5182,00;5182,00;518200,00;10
WDOV26;05/08/2026;09:16:00;5182,00;5182,00;5182,00;5182,00;51820,00;1
WDOV26;05/08/2026;09:14:00;5184,50;5184,50;5182,00;5182,00;207355,00;4
WDOV26;05/08/2026;09:12:00;5183,50;5184,50;5183,50;5184,50;103680,00;2
WDOV26;05/08/2026;09:09:00;5181,00;5181,00;5181,00;5181,00;51810,00;1
WDOV26;05/08/2026;09:08:00;5180,00;5181,00;5180,00;5181,00;932455,00;18
WDOV26;05/08/2026;09:07:00;5180,00;5180,00;5179,50;5179,50;5749750,00;111
WDOV26;05/08/2026;09:06:00;5180,50;5182,00;5180,50;5182,00;569905,00;11
WDOV26;05/08/2026;09:05:00;5182,00;5182,50;5180,00;5180,00;3627305,00;70
WDOV26;05/08/2026;09:04:00;5178,00;5178,00;5178,00;5178,00;51780,00;1
WDOV26;05/08/2026;09:03:00;5180,00;5180,50;5177,00;5177,00;258980,00;5
WDOV26;05/08/2026;09:02:00;5180,00;5181,00;5180,00;5181,00;569875,00;11
WDOV26;05/08/2026;09:01:00;5179,00;5180,50;5174,00;5180,50;5695975,00;110
WDOV26;05/08/2026;09:00:00;5185,00;5185,00;5180,00;5180,00;259145,00;5
WDOV26;04/08/2026;18:29:00;5192,00;5193,50;5192,00;5193,50;155775,00;3
WDOV26;04/08/2026;18:28:00;5193,00;5193,00;5192,00;5192,00;311570,00;6
WDOV26;04/08/2026;18:27:00;5194,00;5194,00;5193,00;5193,00;519365,00;10
WDOV26;04/08/2026;18:26:00;5194,00;5194,00;5194,00;5194,00;51940,00;1
WDOV26;04/08/2026;18:22:00;5195,00;5196,00;5194,50;5196,00;779270,00;15
WDOV26;04/08/2026;18:21:00;5195,50;5195,50;5195,50;5195,50;103910,00;2
WDOV26;04/08/2026;18:20:00;5197,00;5197,00;5196,00;5196,00;467680,00;9
WDOV26;04/08/2026;18:19:00;5197,00;5197,50;5197,00;5197,50;103945,00;2
WDOV26;04/08/2026;18:16:00;5198,00;5198,00;5198,00;5198,00;51980,00;1
WDOV26;04/08/2026;18:15:00;5196,50;5197,50;5196,50;5197,50;935490,00;18
WDOV26;04/08/2026;18:13:00;5196,00;5196,00;5196,00;5196,00;51960,00;1
WDOV26;04/08/2026;18:11:00;5196,50;5196,50;5196,50;5196,50;51965,00;1
WDOV26;04/08/2026;18:05:00;5197,50;5197,50;5197,00;5197,50;363815,00;7
WDOV26;04/08/2026;18:02:00;5198,50;5199,50;5198,50;5199,50;571930,00;11
WDOV26;04/08/2026;17:59:00;5195,50;5195,50;5194,50;5194,50;935090,00;18
WDOV26;04/08/2026;17:51:00;5197,50;5197,50;5197,50;5197,50;415800,00;8
WDOV26;04/08/2026;17:50:00;5194,00;5194,00;5194,00;5194,00;10024420,00;193
WDOV26;04/08/2026;17:49:00;5194,00;5194,00;5194,00;5194,00;415520,00;8
WDOV26;04/08/2026;17:47:00;5194,50;5194,50;5194,50;5194,50;51945,00;1
WDOV26;04/08/2026;17:34:00;5192,00;5192,50;5192,00;5192,50;155770,00;3
WDOV26;04/08/2026;17:29:00;5192,00;5192,00;5191,50;5191,50;103835,00;2
WDOV26;04/08/2026;17:28:00;5192,00;5192,00;5192,00;5192,00;51920,00;1
WDOV26;04/08/2026;17:27:00;5192,50;5192,50;5192,50;5192,50;51925,00;1
WDOV26;04/08/2026;17:26:00;5192,00;5192,00;5191,50;5191,50;363420,00;7
WDOV26;04/08/2026;17:25:00;5191,00;5192,00;5191,00;5192,00;415320,00;8
WDOV26;04/08/2026;17:24:00;5191,50;5191,50;5190,50;5190,50;1401540,00;27
WDOV26;04/08/2026;17:23:00;5191,00;5191,00;5190,50;5191,00;467160,00;9
WDOV26;04/08/2026;17:22:00;5193,00;5193,00;5191,50;5191,50;259605,00;5
WDOV26;04/08/2026;17:20:00;5194,00;5194,00;5194,00;5194,00;51940,00;1
WDOV26;04/08/2026;17:18:00;5196,00;5196,00;5194,00;5194,00;155860,00;3
WDOV26;04/08/2026;17:15:00;5197,00;5198,50;5197,00;5198,50;415785,00;8
WDOV26;04/08/2026;17:14:00;5194,00;5194,00;5194,00;5194,00;51940,00;1
WDOV26;04/08/2026;17:13:00;5195,50;5195,50;5195,00;5195,00;311705,00;6
WDOV26;04/08/2026;17:06:00;5195,50;5195,50;5195,50;5195,50;51955,00;1
WDOV26;04/08/2026;17:02:00;5195,50;5195,50;5195,50;5195,50;51955,00;1
WDOV26;04/08/2026;17:01:00;5198,00;5198,00;5196,50;5196,50;207885,00;4
WDOV26;04/08/2026;17:00:00;5199,00;5199,00;5199,00;5199,00;1039800,00;20
WDOV26;04/08/2026;16:59:00;5199,00;5199,00;5199,00;5199,00;1559700,00;30
WDOV26;04/08/2026;16:58:00;5200,00;5200,00;5199,00;5199,00;363970,00;7
WDOV26;04/08/2026;16:54:00;5201,00;5201,00;5201,00;5201,00;104020,00;2
WDOV26;04/08/2026;16:53:00;5201,50;5201,50;5201,50;5201,50;52015,00;1
WDOV26;04/08/2026;16:52:00;5202,00;5202,00;5201,50;5201,50;208070,00;4
WDOV26;04/08/2026;16:48:00;5204,50;5204,50;5204,50;5204,50;52045,00;1
WDOV26;04/08/2026;16:47:00;5202,50;5202,50;5202,50;5202,50;52025,00;1
WDOV26;04/08/2026;16:37:00;5204,00;5204,00;5204,00;5204,00;104080,00;2
WDOV26;04/08/2026;16:32:00;5203,50;5204,50;5203,50;5204,00;208160,00;4
WDOV26;04/08/2026;16:31:00;5202,50;5202,50;5202,50;5202,50;52025,00;1
WDOV26;04/08/2026;16:29:00;5201,50;5201,50;5201,00;5201,00;104025,00;2
WDOV26;04/08/2026;16:28:00;5201,50;5201,50;5201,50;5201,50;52015,00;1
WDOV26;04/08/2026;16:27:00;5202,50;5202,50;5202,50;5202,50;52025,00;1
WDOV26;04/08/2026;16:26:00;5202,00;5202,00;5202,00;5202,00;2601000,00;50
WDOV26;04/08/2026;16:25:00;5201,50;5201,50;5201,50;5201,50;208060,00;4
WDOV26;04/08/2026;16:24:00;5201,50;5201,50;5201,50;5201,50;104030,00;2
WDOV26;04/08/2026;16:23:00;5201,50;5201,50;5201,50;5201,50;52015,00;1
WDOV26;04/08/2026;16:22:00;5202,00;5202,00;5201,50;5201,50;1924565,00;37
WDOV26;04/08/2026;16:21:00;5201,50;5201,50;5201,50;5201,50;52015,00;1
WDOV26;04/08/2026;16:18:00;5202,00;5202,00;5202,00;5202,00;52020,00;1
WDOV26;04/08/2026;16:17:00;5202,50;5202,50;5202,50;5202,50;156075,00;3
WDOV26;04/08/2026;16:16:00;5203,00;5203,00;5203,00;5203,00;208120,00;4
WDOV26;04/08/2026;16:15:00;5202,00;5202,00;5202,00;5202,00;52020,00;1
WDOV26;04/08/2026;16:13:00;5202,00;5202,00;5202,00;5202,00;52020,00;1
WDOV26;04/08/2026;16:12:00;5202,00;5202,00;5202,00;5202,00;52020,00;1
WDOV26;04/08/2026;16:11:00;5203,00;5203,00;5203,00;5203,00;104060,00;2
WDOV26;04/08/2026;16:10:00;5201,50;5201,50;5201,50;5201,50;52015,00;1
WDOV26;04/08/2026;16:09:00;5202,50;5202,50;5201,50;5201,50;832340,00;16
WDOV26;04/08/2026;16:08:00;5202,50;5202,50;5202,50;5202,50;52025,00;1
WDOV26;04/08/2026;16:07:00;5204,00;5204,00;5203,00;5203,00;312190,00;6
WDOV26;04/08/2026;16:06:00;5204,00;5204,50;5204,00;5204,50;156125,00;3
WDOV26;04/08/2026;16:05:00;5203,50;5203,50;5203,50;5203,50;52035,00;1
WDOV26;04/08/2026;16:00:00;5205,50;5205,50;5205,00;5205,00;364375,00;7
WDOV26;04/08/2026;15:59:00;5205,00;5205,50;5204,00;5204,00;520495,00;10
WDOV26;04/08/2026;15:58:00;5204,00;5204,00;5204,00;5204,00;104080,00;2
WDOV26;04/08/2026;15:57:00;5204,00;5204,50;5204,00;5204,50;364295,00;7
WDOV26;04/08/2026;15:56:00;5204,50;5205,00;5203,50;5203,50;6766000,00;130
WDOV26;04/08/2026;15:55:00;5205,50;5206,50;5205,00;5205,00;2498660,00;48
WDOV26;04/08/2026;15:54:00;5205,50;5205,50;5204,50;5205,50;1405440,00;27
WDOV26;04/08/2026;15:53:00;5207,00;5207,50;5206,00;5206,00;260330,00;5
WDOV26;04/08/2026;15:52:00;5206,50;5207,50;5206,50;5207,50;572775,00;11
WDOV26;04/08/2026;15:51:00;5211,00;5211,00;5206,00;5206,00;4220230,00;81
WDOV26;04/08/2026;15:50:00;5212,50;5212,50;5212,50;5212,50;208500,00;4
WDOV26;04/08/2026;15:49:00;5214,50;5214,50;5213,50;5213,50;208550,00;4
WDOV26;04/08/2026;15:48:00;5215,00;5215,00;5215,00;5215,00;104300,00;2
WDOV26;04/08/2026;15:47:00;5213,50;5215,00;5213,50;5215,00;208575,00;4
WDOV26;04/08/2026;15:46:00;5213,00;5213,00;5213,00;5213,00;104260,00;2
WDOV26;04/08/2026;15:45:00;5212,50;5213,50;5212,50;5213,00;260645,00;5
WDOV26;04/08/2026;15:42:00;5213,00;5213,00;5212,50;5213,00;312770,00;6
WDOV26;04/08/2026;15:41:00;5211,50;5213,00;5211,50;5213,00;833875,00;16
WDOV26;04/08/2026;15:40:00;5210,50;5210,50;5210,50;5210,50;52105,00;1
WDOV26;04/08/2026;15:39:00;5209,00;5210,00;5209,00;5210,00;208380,00;4
WDOV26;04/08/2026;15:38:00;5209,00;5209,50;5208,00;5209,50;468830,00;9
WDOV26;04/08/2026;15:37:00;5210,00;5211,50;5209,00;5209,50;2709100,00;52
WDOV26;04/08/2026;15:36:00;5207,50;5209,00;5207,50;5209,00;156240,00;3
WDOV26;04/08/2026;15:35:00;5205,50;5206,00;5205,50;5206,00;104115,00;2
WDOV26;04/08/2026;15:33:00;5203,50;5207,00;5203,50;5207,00;260240,00;5
WDOV26;04/08/2026;15:32:00;5204,00;5204,00;5204,00;5204,00;208160,00;4
WDOV26;04/08/2026;15:31:00;5202,50;5203,50;5202,50;5203,50;156090,00;3
WDOV26;04/08/2026;15:30:00;5204,00;5204,00;5201,50;5201,50;312170,00;6
WDOV26;04/08/2026;15:29:00;5206,50;5206,50;5205,00;5205,00;676715,00;13
WDOV26;04/08/2026;15:28:00;5208,50;5208,50;5207,00;5207,50;312460,00;6
WDOV26;04/08/2026;15:27:00;5208,00;5211,00;5208,00;5209,50;2187895,00;42
WDOV26;04/08/2026;15:26:00;5204,50;5207,50;5204,50;5207,50;1301525,00;25
WDOV26;04/08/2026;15:25:00;5204,50;5204,50;5204,50;5204,50;1405215,00;27
WDOV26;04/08/2026;15:24:00;5204,00;5205,50;5204,00;5205,50;208205,00;4
WDOV26;04/08/2026;15:22:00;5205,00;5205,00;5205,00;5205,00;156150,00;3
WDOV26;04/08/2026;15:20:00;5203,50;5206,00;5203,50;5206,00;572510,00;11
WDOV26;04/08/2026;15:19:00;5202,00;5202,50;5202,00;5202,50;208085,00;4
WDOV26;04/08/2026;15:18:00;5201,50;5202,50;5201,00;5201,00;572235,00;11
WDOV26;04/08/2026;15:17:00;5199,50;5201,50;5199,50;5201,00;6656110,00;128
WDOV26;04/08/2026;15:16:00;5197,00;5197,00;5196,50;5196,50;103935,00;2
WDOV26;04/08/2026;15:15:00;5197,00;5197,50;5196,50;5196,50;727585,00;14
WDOV26;04/08/2026;15:14:00;5198,00;5198,00;5197,00;5198,00;3846270,00;74
WDOV26;04/08/2026;15:13:00;5197,50;5198,50;5197,50;5198,50;103960,00;2
WDOV26;04/08/2026;15:12:00;5196,50;5196,50;5196,50;5196,50;51965,00;1
WDOV26;04/08/2026;15:11:00;5196,00;5196,00;5196,00;5196,00;51960,00;1
WDOV26;04/08/2026;15:10:00;5194,00;5195,00;5194,00;5195,00;987005,00;19
WDOV26;04/08/2026;15:09:00;5192,50;5194,00;5192,50;5194,00;311590,00;6
WDOV26;04/08/2026;15:08:00;5191,00;5191,50;5191,00;5191,50;311485,00;6
WDOV26;04/08/2026;15:07:00;5191,50;5191,50;5191,50;5191,50;103830,00;2
WDOV26;04/08/2026;15:05:00;5191,50;5192,00;5191,00;5192,00;622965,00;12
WDOV26;04/08/2026;15:04:00;5191,50;5192,50;5191,00;5192,50;207675,00;4
WDOV26;04/08/2026;15:03:00;5190,00;5191,50;5190,00;5191,50;882425,00;17
WDOV26;04/08/2026;15:02:00;5189,50;5190,00;5189,00;5190,00;4203800,00;81
WDOV26;04/08/2026;15:01:00;5188,00;5190,00;5188,00;5189,50;3321165,00;64
WDOV26;04/08/2026;15:00:00;5187,00;5187,50;5187,00;5187,00;155615,00;3
WDOV26;04/08/2026;14:59:00;5186,00;5186,00;5185,50;5185,50;414850,00;8
WDOV26;04/08/2026;14:58:00;5184,50;5185,00;5184,50;5185,00;311080,00;6
WDOV26;04/08/2026;14:57:00;5184,00;5184,50;5184,00;5184,50;362910,00;7
WDOV26;04/08/2026;14:56:00;5184,00;5184,00;5184,00;5184,00;103680,00;2
WDOV26;04/08/2026;14:54:00;5186,00;5186,00;5185,00;5185,00;2229970,00;43
WDOV26;04/08/2026;14:53:00;5183,00;5186,00;5183,00;5185,50;2073660,00;40
WDOV26;04/08/2026;14:50:00;5182,50;5183,00;5182,50;5183,00;518295,00;10
WDOV26;04/08/2026;14:48:00;5182,00;5182,00;5182,00;5182,00;310920,00;6
WDOV26;04/08/2026;14:47:00;5182,00;5182,00;5182,00;5182,00;310920,00;6
WDOV26;04/08/2026;14:44:00;5181,00;5181,00;5181,00;5181,00;51810,00;1
WDOV26;04/08/2026;14:41:00;5181,00;5181,00;5181,00;5181,00;51810,00;1
WDOV26;04/08/2026;14:40:00;5181,00;5181,00;5181,00;5181,00;362670,00;7
WDOV26;04/08/2026;14:37:00;5180,00;5180,00;5180,00;5180,00;51800,00;1
WDOV26;04/08/2026;14:35:00;5180,50;5180,50;5179,50;5179,50;880530,00;17
WDOV26;04/08/2026;14:24:00;5180,00;5180,00;5180,00;5180,00;103600,00;2
WDOV26;04/08/2026;14:23:00;5179,00;5179,00;5179,00;5179,00;103580,00;2
WDOV26;04/08/2026;14:20:00;5179,50;5179,50;5179,50;5179,50;103590,00;2
WDOV26;04/08/2026;14:19:00;5180,00;5180,00;5180,00;5180,00;725200,00;14
WDOV26;04/08/2026;14:17:00;5178,50;5178,50;5178,50;5178,50;51785,00;1
WDOV26;04/08/2026;14:14:00;5178,00;5178,00;5178,00;5178,00;51780,00;1
WDOV26;04/08/2026;14:13:00;5178,00;5178,00;5178,00;5178,00;51780,00;1
WDOV26;04/08/2026;14:09:00;5178,50;5178,50;5178,50;5178,50;51785,00;1
WDOV26;04/08/2026;14:05:00;5177,50;5177,50;5177,50;5177,50;258875,00;5
WDOV26;04/08/2026;14:04:00;5178,00;5178,00;5178,00;5178,00;258900,00;5
WDOV26;04/08/2026;14:03:00;5178,50;5178,50;5178,50;5178,50;258925,00;5
WDOV26;04/08/2026;14:01:00;5178,00;5178,00;5178,00;5178,00;103560,00;2
WDOV26;04/08/2026;14:00:00;5178,00;5178,00;5178,00;5178,00;51780,00;1
WDOV26;04/08/2026;13:59:00;5177,50;5177,50;5177,50;5177,50;51775,00;1
WDOV26;04/08/2026;13:55:00;5179,50;5179,50;5179,50;5179,50;51795,00;1
WDOV26;04/08/2026;13:51:00;5178,50;5178,50;5178,50;5178,50;103570,00;2
WDOV26;04/08/2026;13:50:00;5179,00;5180,00;5179,00;5180,00;1191345,00;23
WDOV26;04/08/2026;13:44:00;5180,00;5180,00;5179,00;5179,00;103590,00;2
WDOV26;04/08/2026;13:36:00;5183,50;5183,50;5183,00;5183,00;103665,00;2
WDOV26;04/08/2026;13:35:00;5183,50;5185,50;5183,50;5185,50;1036990,00;20
WDOV26;04/08/2026;13:34:00;5182,00;5182,00;5182,00;5182,00;51820,00;1
WDOV26;04/08/2026;13:33:00;5182,50;5182,50;5182,50;5182,50;51825,00;1
WDOV26;04/08/2026;13:29:00;5182,00;5182,00;5182,00;5182,00;51820,00;1
WDOV26;04/08/2026;13:27:00;5182,00;5182,00;5182,00;5182,00;51820,00;1
WDOV26;04/08/2026;13:21:00;5182,50;5182,50;5182,50;5182,50;51825,00;1
WDOV26;04/08/2026;13:19:00;5182,50;5183,50;5182,50;5183,50;155485,00;3
WDOV26;04/08/2026;13:10:00;5180,00;5180,00;5180,00;5180,00;621600,00;12
WDOV26;04/08/2026;13:09:00;5181,50;5181,50;5181,50;5181,50;103630,00;2
WDOV26;04/08/2026;13:08:00;5180,50;5181,50;5180,50;5181,50;414460,00;8
WDOV26;04/08/2026;13:07:00;5181,00;5181,00;5180,50;5180,50;103615,00;2
WDOV26;04/08/2026;13:06:00;5180,00;5181,00;5180,00;5181,00;155410,00;3
WDOV26;04/08/2026;13:05:00;5179,00;5179,00;5179,00;5179,00;51790,00;1
WDOV26;04/08/2026;13:04:00;5179,00;5179,00;5179,00;5179,00;51790,00;1
WDOV26;04/08/2026;13:03:00;5177,50;5177,50;5177,50;5177,50;51775,00;1
WDOV26;04/08/2026;13:02:00;5178,00;5178,00;5177,50;5177,50;310655,00;6
WDOV26;04/08/2026;13:01:00;5179,00;5179,00;5179,00;5179,00;310740,00;6
WDOV26;04/08/2026;12:59:00;5178,00;5178,00;5178,00;5178,00;310680,00;6
WDOV26;04/08/2026;12:58:00;5178,00;5178,00;5178,00;5178,00;258900,00;5
WDOV26;04/08/2026;12:56:00;5178,50;5179,50;5178,50;5179,50;155370,00;3
WDOV26;04/08/2026;12:43:00;5177,50;5177,50;5177,50;5177,50;51775,00;1
WDOV26;04/08/2026;12:40:00;5178,50;5178,50;5178,00;5178,00;103565,00;2
WDOV26;04/08/2026;12:38:00;5182,50;5182,50;5179,00;5179,00;466280,00;9
WDOV26;04/08/2026;12:36:00;5181,00;5181,00;5181,00;5181,00;51810,00;1
WDOV26;04/08/2026;12:33:00;5179,50;5179,50;5179,50;5179,50;310770,00;6
WDOV26;04/08/2026;12:32:00;5179,00;5179,00;5179,00;5179,00;51790,00;1
WDOV26;04/08/2026;12:26:00;5178,00;5178,00;5178,00;5178,00;51780,00;1
WDOV26;04/08/2026;12:25:00;5179,00;5179,00;5179,00;5179,00;51790,00;1
WDOV26;04/08/2026;12:20:00;5180,50;5181,00;5179,00;5179,00;1813070,00;35
WDOV26;04/08/2026;12:19:00;5180,00;5180,00;5179,50;5180,00;6371380,00;123
WDOV26;04/08/2026;12:18:00;5178,50;5179,00;5178,50;5179,00;310735,00;6
WDOV26;04/08/2026;12:17:00;5176,00;5177,00;5175,00;5177,00;776450,00;15
WDOV26;04/08/2026;12:16:00;5176,50;5177,00;5176,50;5177,00;103535,00;2
WDOV26;04/08/2026;12:14:00;5174,50;5174,50;5174,50;5174,50;206980,00;4
WDOV26;04/08/2026;12:13:00;5174,50;5174,50;5174,50;5174,50;258725,00;5
WDOV26;04/08/2026;12:06:00;5172,00;5172,00;5172,00;5172,00;51720,00;1
WDOV26;04/08/2026;12:04:00;5171,00;5171,00;5171,00;5171,00;620520,00;12
WDOV26;04/08/2026;12:02:00;5172,50;5172,50;5172,00;5172,00;310325,00;6
WDOV26;04/08/2026;11:58:00;5171,50;5171,50;5171,50;5171,50;51715,00;1
WDOV26;04/08/2026;11:57:00;5173,50;5173,50;5172,50;5172,50;103460,00;2
WDOV26;04/08/2026;11:55:00;5174,00;5174,00;5174,00;5174,00;310440,00;6
WDOV26;04/08/2026;11:54:00;5174,00;5174,00;5174,00;5174,00;51740,00;1
WDOV26;04/08/2026;11:53:00;5176,00;5176,00;5175,00;5175,00;103510,00;2
WDOV26;04/08/2026;11:52:00;5174,00;5175,50;5174,00;5175,50;103495,00;2
WDOV26;04/08/2026;11:50:00;5175,50;5175,50;5175,00;5175,00;310525,00;6
WDOV26;04/08/2026;11:48:00;5174,00;5174,00;5174,00;5174,00;103480,00;2
WDOV26;04/08/2026;11:45:00;5173,00;5175,00;5173,00;5175,00;155210,00;3
WDOV26;04/08/2026;11:44:00;5173,50;5173,50;5173,50;5173,50;51735,00;1
WDOV26;04/08/2026;11:43:00;5174,00;5174,50;5173,50;5173,50;206960,00;4
WDOV26;04/08/2026;11:42:00;5172,50;5173,00;5172,50;5172,50;310355,00;6
WDOV26;04/08/2026;11:40:00;5171,50;5171,50;5170,50;5171,00;413680,00;8
WDOV26;04/08/2026;11:39:00;5171,50;5171,50;5171,50;5171,50;51715,00;1
WDOV26;04/08/2026;11:38:00;5174,50;5174,50;5170,00;5171,50;1344610,00;26
WDOV26;04/08/2026;11:37:00;5173,50;5176,00;5173,50;5176,00;1138580,00;22
WDOV26;04/08/2026;11:28:00;5170,50;5170,50;5170,50;5170,50;517050,00;10
WDOV26;04/08/2026;11:27:00;5171,00;5171,00;5169,50;5169,50;413590,00;8
WDOV26;04/08/2026;11:25:00;5170,50;5170,50;5170,50;5170,50;206820,00;4
WDOV26;04/08/2026;11:24:00;5170,50;5171,50;5170,50;5171,50;103420,00;2
WDOV26;04/08/2026;11:23:00;5171,50;5171,50;5170,00;5170,00;878945,00;17
WDOV26;04/08/2026;11:18:00;5175,00;5177,50;5175,00;5175,50;1035315,00;20
WDOV26;04/08/2026;11:16:00;5172,00;5172,00;5172,00;5172,00;51720,00;1
WDOV26;04/08/2026;11:14:00;5172,50;5172,50;5172,50;5172,50;465525,00;9
WDOV26;04/08/2026;11:13:00;5173,00;5173,50;5173,00;5173,50;931145,00;18
WDOV26;04/08/2026;11:12:00;5172,00;5172,50;5172,00;5172,50;103445,00;2
WDOV26;04/08/2026;11:11:00;5173,50;5173,50;5172,00;5172,50;362070,00;7
WDOV26;04/08/2026;11:08:00;5171,50;5171,50;5171,50;5171,50;51715,00;1
WDOV26;04/08/2026;11:05:00;5170,50;5170,50;5170,50;5170,50;413640,00;8
WDOV26;04/08/2026;11:04:00;5171,00;5171,00;5170,50;5170,50;155120,00;3
WDOV26;04/08/2026;11:03:00;5171,50;5172,00;5171,00;5172,00;517165,00;10
WDOV26;04/08/2026;11:02:00;5174,00;5174,00;5172,50;5173,50;465600,00;9
WDOV26;04/08/2026;11:01:00;5173,50;5174,00;5172,50;5174,00;413855,00;8
WDOV26;04/08/2026;11:00:00;5172,50;5172,50;5170,00;5172,00;1189380,00;23
WDOV26;04/08/2026;10:58:00;5171,50;5172,00;5170,50;5172,00;413720,00;8
WDOV26;04/08/2026;10:57:00;5171,00;5174,50;5170,50;5171,00;1862125,00;36
WDOV26;04/08/2026;10:56:00;5169,50;5169,50;5169,50;5169,50;310170,00;6
WDOV26;04/08/2026;10:55:00;5168,50;5169,50;5168,50;5169,50;878655,00;17
WDOV26;04/08/2026;10:54:00;5168,50;5168,50;5168,00;5168,00;155045,00;3
WDOV26;04/08/2026;10:53:00;5169,00;5169,50;5168,50;5168,50;206760,00;4
WDOV26;04/08/2026;10:52:00;5169,50;5170,00;5168,50;5168,50;7703270,00;149
WDOV26;04/08/2026;10:50:00;5167,50;5168,00;5167,00;5167,50;1240140,00;24
WDOV26;04/08/2026;10:49:00;5169,00;5169,50;5169,00;5169,50;258465,00;5
WDOV26;04/08/2026;10:48:00;5169,50;5169,50;5169,50;5169,50;51695,00;1
WDOV26;04/08/2026;10:46:00;5169,00;5170,00;5169,00;5169,50;1033975,00;20
WDOV26;04/08/2026;10:45:00;5166,50;5169,00;5166,00;5168,50;361715,00;7
WDOV26;04/08/2026;10:42:00;5164,50;5164,50;5164,50;5164,50;51645,00;1
WDOV26;04/08/2026;10:37:00;5165,50;5166,50;5165,50;5166,50;103320,00;2
WDOV26;04/08/2026;10:36:00;5163,00;5163,50;5163,00;5163,50;103265,00;2
WDOV26;04/08/2026;10:34:00;5163,00;5163,00;5162,00;5162,00;361355,00;7
WDOV26;04/08/2026;10:32:00;5163,00;5163,50;5162,50;5163,50;258145,00;5
WDOV26;04/08/2026;10:29:00;5163,50;5163,50;5163,50;5163,50;258175,00;5
WDOV26;04/08/2026;10:28:00;5163,00;5163,00;5163,00;5163,00;103260,00;2
WDOV26;04/08/2026;10:27:00;5163,00;5163,00;5163,00;5163,00;51630,00;1
WDOV26;04/08/2026;10:26:00;5165,00;5165,00;5165,00;5165,00;103300,00;2
WDOV26;04/08/2026;10:24:00;5163,00;5163,00;5163,00;5163,00;103260,00;2
WDOV26;04/08/2026;10:23:00;5162,00;5162,00;5162,00;5162,00;51620,00;1
WDOV26;04/08/2026;10:21:00;5163,50;5163,50;5163,50;5163,50;51635,00;1
WDOV26;04/08/2026;10:20:00;5166,00;5166,00;5162,00;5162,00;1032725,00;20
WDOV26;04/08/2026;10:17:00;5163,50;5165,00;5163,50;5165,00;258220,00;5
WDOV26;04/08/2026;10:15:00;5162,50;5162,50;5162,50;5162,50;51625,00;1
WDOV26;04/08/2026;10:12:00;5160,50;5162,50;5160,50;5162,50;103230,00;2
WDOV26;04/08/2026;10:11:00;5160,00;5160,00;5159,00;5159,00;103190,00;2
WDOV26;04/08/2026;10:10:00;5164,50;5164,50;5161,00;5161,00;877595,00;17
WDOV26;04/08/2026;10:09:00;5164,00;5164,00;5164,00;5164,00;258200,00;5
WDOV26;04/08/2026;10:08:00;5166,50;5166,50;5163,50;5163,50;671310,00;13
WDOV26;04/08/2026;10:07:00;5166,50;5166,50;5165,00;5166,00;309950,00;6
WDOV26;04/08/2026;10:06:00;5166,50;5168,00;5166,00;5166,50;826635,00;16
WDOV26;04/08/2026;10:05:00;5166,00;5166,00;5163,50;5166,00;1291360,00;25
WDOV26;04/08/2026;10:04:00;5164,50;5166,50;5164,50;5166,50;1343125,00;26
WDOV26;04/08/2026;10:03:00;5163,50;5163,50;5163,00;5163,00;516310,00;10
WDOV26;04/08/2026;10:02:00;5164,00;5164,50;5163,50;5164,00;516405,00;10
WDOV26;04/08/2026;10:01:00;5164,50;5166,00;5164,50;5166,00;4545550,00;88
WDOV26;04/08/2026;10:00:00;5161,00;5162,50;5159,50;5162,50;980450,00;19
WDOV26;04/08/2026;09:59:00;5159,50;5159,50;5159,50;5159,50;154785,00;3
WDOV26;04/08/2026;09:58:00;5158,00;5160,00;5158,00;5159,50;515930,00;10
WDOV26;04/08/2026;09:57:00;5158,00;5158,50;5158,00;5158,50;309490,00;6
WDOV26;04/08/2026;09:56:00;5157,00;5157,00;5157,00;5157,00;51570,00;1
WDOV26;04/08/2026;09:54:00;5157,50;5157,50;5157,00;5157,00;567275,00;11
WDOV26;04/08/2026;09:53:00;5157,00;5158,00;5157,00;5158,00;309440,00;6
WDOV26;04/08/2026;09:50:00;5154,50;5154,50;5154,50;5154,50;51545,00;1
WDOV26;04/08/2026;09:49:00;5154,50;5154,50;5154,50;5154,50;51545,00;1
WDOV26;04/08/2026;09:42:00;5157,50;5157,50;5157,00;5157,00;154715,00;3
WDOV26;04/08/2026;09:40:00;5154,50;5154,50;5154,50;5154,50;103090,00;2
WDOV26;04/08/2026;09:39:00;5155,00;5155,50;5154,50;5154,50;206200,00;4
WDOV26;04/08/2026;09:38:00;5155,00;5155,00;5154,50;5154,50;206190,00;4
WDOV26;04/08/2026;09:36:00;5155,50;5155,50;5155,50;5155,50;103110,00;2
WDOV26;04/08/2026;09:35:00;5156,00;5156,00;5156,00;5156,00;51560,00;1
WDOV26;04/08/2026;09:34:00;5157,00;5157,00;5156,00;5156,00;360970,00;7
WDOV26;04/08/2026;09:33:00;5157,50;5157,50;5157,50;5157,50;257875,00;5
WDOV26;04/08/2026;09:27:00;5158,00;5158,00;5157,50;5157,50;103155,00;2
WDOV26;04/08/2026;09:26:00;5159,00;5161,50;5159,00;5160,00;516030,00;10
WDOV26;04/08/2026;09:25:00;5157,00;5160,00;5157,00;5160,00;154745,00;3
WDOV26;04/08/2026;09:22:00;5154,00;5154,00;5154,00;5154,00;103080,00;2
WDOV26;04/08/2026;09:21:00;5151,50;5155,00;5151,50;5155,00;103065,00;2
WDOV26;04/08/2026;09:20:00;5152,00;5152,50;5152,00;5152,50;103045,00;2
WDOV26;04/08/2026;09:19:00;5152,50;5153,50;5152,00;5153,50;206105,00;4
WDOV26;04/08/2026;09:18:00;5155,00;5156,00;5153,50;5153,50;567035,00;11
WDOV26;04/08/2026;09:17:00;5154,00;5154,50;5154,00;5154,50;103085,00;2
WDOV26;04/08/2026;09:16:00;5152,00;5152,00;5151,50;5151,50;154550,00;3
WDOV26;04/08/2026;09:14:00;5150,00;5150,00;5149,00;5149,50;669390,00;13
WDOV26;04/08/2026;09:13:00;5151,50;5151,50;5151,00;5151,00;103025,00;2
WDOV26;04/08/2026;09:12:00;5150,00;5150,00;5149,50;5149,50;154495,00;3
WDOV26;04/08/2026;09:11:00;5150,00;5150,00;5150,00;5150,00;154500,00;3
WDOV26;04/08/2026;09:10:00;5148,00;5148,00;5148,00;5148,00;257400,00;5
WDOV26;04/08/2026;09:09:00;5147,50;5147,50;5147,50;5147,50;51475,00;1
WDOV26;04/08/2026;09:08:00;5145,00;5145,00;5145,00;5145,00;154350,00;3
WDOV26;04/08/2026;09:07:00;5146,50;5146,50;5146,00;5146,00;669040,00;13
WDOV26;04/08/2026;09:06:00;5145,00;5146,00;5144,00;5146,00;411640,00;8
WDOV26;04/08/2026;09:05:00;5147,00;5147,00;5147,00;5147,00;51470,00;1
WDOV26;04/08/2026;09:04:00;5146,50;5147,00;5146,50;5147,00;102935,00;2
WDOV26;04/08/2026;09:03:00;5142,00;5145,00;5142,00;5145,00;257160,00;5
WDOV26;04/08/2026;09:02:00;5144,00;5145,00;5143,50;5143,50;617260,00;12
WDOV26;04/08/2026;09:01:00;5143,00;5146,00;5143,00;5145,00;1543100,00;30
WDOV26;04/08/2026;09:00:00;5146,00;5146,00;5140,00;5141,00;2828270,00;55
WDOV26;03/08/2026;18:29:00;5157,00;5157,00;5157,00;5157,00;3661470,00;71
WDOV26;03/08/2026;18:28:00;5157,00;5157,00;5157,00;5157,00;360990,00;7
WDOV26;03/08/2026;18:19:00;5157,50;5157,50;5157,00;5157,00;103145,00;2
WDOV26;03/08/2026;17:55:00;5154,50;5154,50;5154,50;5154,50;103090,00;2
WDOV26;03/08/2026;17:53:00;5154,00;5154,00;5154,00;5154,00;154620,00;3
WDOV26;03/08/2026;17:51:00;5154,00;5154,00;5154,00;5154,00;206160,00;4
WDOV26;03/08/2026;17:50:00;5153,00;5153,00;5153,00;5153,00;154590,00;3
WDOV26;03/08/2026;17:41:00;5150,00;5150,00;5150,00;5150,00;3193000,00;62
WDOV26;03/08/2026;17:38:00;5150,50;5150,50;5150,50;5150,50;51505,00;1
WDOV26;03/08/2026;17:21:00;5152,00;5152,00;5150,00;5150,00;360560,00;7
WDOV26;03/08/2026;17:10:00;5153,50;5153,50;5153,50;5153,50;51535,00;1
WDOV26;03/08/2026;17:05:00;5153,50;5153,50;5153,50;5153,50;103070,00;2
WDOV26;03/08/2026;17:04:00;5153,50;5153,50;5153,50;5153,50;103070,00;2
WDOV26;03/08/2026;16:52:00;5153,50;5153,50;5153,50;5153,50;51535,00;1
WDOV26;03/08/2026;16:51:00;5153,50;5153,50;5153,50;5153,50;154605,00;3
WDOV26;03/08/2026;16:41:00;5153,50;5153,50;5153,50;5153,50;51535,00;1
WDOV26;03/08/2026;16:35:00;5154,50;5154,50;5154,50;5154,50;51545,00;1
WDOV26;03/08/2026;16:20:00;5155,00;5155,00;5155,00;5155,00;51550,00;1
WDOV26;03/08/2026;16:15:00;5156,00;5156,00;5156,00;5156,00;51560,00;1
WDOV26;03/08/2026;16:07:00;5156,00;5156,00;5156,00;5156,00;51560,00;1
WDOV26;03/08/2026;16:05:00;5155,50;5155,50;5153,50;5154,00;515425,00;10
WDOV26;03/08/2026;15:52:00;5156,00;5156,00;5156,00;5156,00;51560,00;1
WDOV26;03/08/2026;15:51:00;5156,00;5156,00;5156,00;5156,00;51560,00;1
WDOV26;03/08/2026;15:35:00;5156,50;5156,50;5156,50;5156,50;51565,00;1
WDOV26;03/08/2026;15:29:00;5157,50;5157,50;5157,50;5157,50;51575,00;1
WDOV26;03/08/2026;15:28:00;5156,50;5156,50;5156,50;5156,50;154695,00;3
WDOV26;03/08/2026;15:16:00;5156,00;5156,00;5156,00;5156,00;51560,00;1
WDOV26;03/08/2026;15:14:00;5156,00;5156,00;5156,00;5156,00;103120,00;2
WDOV26;03/08/2026;15:13:00;5156,00;5156,00;5156,00;5156,00;51560,00;1
WDOV26;03/08/2026;15:10:00;5156,50;5156,50;5155,50;5155,50;103120,00;2
WDOV26;03/08/2026;15:09:00;5156,50;5156,50;5156,00;5156,00;154685,00;3
WDOV26;03/08/2026;15:08:00;5156,50;5156,50;5156,00;5156,00;206255,00;4
WDOV26;03/08/2026;15:05:00;5157,50;5157,50;5157,50;5157,50;51575,00;1
WDOV26;03/08/2026;15:01:00;5159,50;5159,50;5159,50;5159,50;51595,00;1
WDOV26;03/08/2026;15:00:00;5159,50;5159,50;5159,50;5159,50;103190,00;2
WDOV26;03/08/2026;14:59:00;5160,00;5160,00;5159,50;5159,50;5211570,00;101
WDOV26;03/08/2026;14:55:00;5157,00;5157,00;5157,00;5157,00;51570,00;1
WDOV26;03/08/2026;14:52:00;5159,00;5160,00;5159,00;5159,00;1135100,00;22
WDOV26;03/08/2026;14:50:00;5157,00;5157,00;5157,00;5157,00;103140,00;2
WDOV26;03/08/2026;14:41:00;5156,50;5156,50;5156,50;5156,50;51565,00;1
WDOV26;03/08/2026;14:39:00;5156,50;5156,50;5156,00;5156,00;257810,00;5
WDOV26;03/08/2026;14:37:00;5156,00;5156,00;5156,00;5156,00;51560,00;1
WDOV26;03/08/2026;14:36:00;5155,00;5155,50;5155,00;5155,50;154660,00;3
WDOV26;03/08/2026;14:30:00;5153,50;5153,50;5153,50;5153,50;103070,00;2
WDOV26;03/08/2026;14:27:00;5154,00;5154,00;5153,50;5153,50;876105,00;17
WDOV26;03/08/2026;14:21:00;5157,00;5158,50;5157,00;5158,50;928485,00;18
WDOV26;03/08/2026;14:20:00;5156,50;5156,50;5156,50;5156,50;51565,00;1
WDOV26;03/08/2026;14:19:00;5155,00;5155,00;5155,00;5155,00;51550,00;1
WDOV26;03/08/2026;14:17:00;5154,00;5154,00;5154,00;5154,00;51540,00;1
WDOV26;03/08/2026;14:15:00;5154,50;5154,50;5154,00;5154,00;206165,00;4
WDOV26;03/08/2026;14:07:00;5154,00;5154,00;5153,50;5153,50;927640,00;18
WDOV26;03/08/2026;14:04:00;5154,00;5154,00;5154,00;5154,00;51540,00;1
WDOV26;03/08/2026;14:02:00;5154,50;5154,50;5154,50;5154,50;51545,00;1
WDOV26;03/08/2026;14:01:00;5154,00;5157,00;5154,00;5156,50;1031190,00;20
WDOV26;03/08/2026;14:00:00;5153,00;5153,50;5153,00;5153,50;103065,00;2
WDOV26;03/08/2026;13:59:00;5152,00;5152,00;5152,00;5152,00;51520,00;1
WDOV26;03/08/2026;13:53:00;5151,00;5151,00;5151,00;5151,00;51510,00;1
WDOV26;03/08/2026;13:37:00;5151,00;5151,00;5151,00;5151,00;51510,00;1
WDOV26;03/08/2026;13:35:00;5150,50;5150,50;5150,50;5150,50;51505,00;1
WDOV26;03/08/2026;13:29:00;5152,50;5152,50;5152,50;5152,50;257625,00;5
WDOV26;03/08/2026;13:27:00;5153,50;5153,50;5153,50;5153,50;154605,00;3
WDOV26;03/08/2026;13:26:00;5151,50;5151,50;5150,50;5151,50;1081660,00;21
WDOV26;03/08/2026;13:22:00;5150,50;5150,50;5150,50;5150,50;51505,00;1
WDOV26;03/08/2026;13:20:00;5150,00;5150,00;5149,50;5149,50;772495,00;15
WDOV26;03/08/2026;13:19:00;5149,50;5149,50;5149,50;5149,50;51495,00;1
WDOV26;03/08/2026;13:09:00;5150,00;5150,00;5150,00;5150,00;154500,00;3
WDOV26;03/08/2026;13:00:00;5147,00;5147,00;5147,00;5147,00;51470,00;1
WDOV26;03/08/2026;12:59:00;5145,50;5145,50;5145,00;5145,00;257255,00;5
WDOV26;03/08/2026;12:56:00;5148,00;5148,00;5147,00;5147,00;154430,00;3
WDOV26;03/08/2026;12:55:00;5146,50;5148,00;5146,50;5148,00;154425,00;3
WDOV26;03/08/2026;12:54:00;5146,00;5146,00;5146,00;5146,00;51460,00;1
WDOV26;03/08/2026;12:53:00;5146,00;5146,00;5146,00;5146,00;205840,00;4
WDOV26;03/08/2026;12:48:00;5147,50;5147,50;5147,50;5147,50;51475,00;1
WDOV26;03/08/2026;12:46:00;5146,00;5146,00;5146,00;5146,00;102920,00;2
WDOV26;03/08/2026;12:45:00;5147,00;5148,00;5147,00;5148,00;1544300,00;30
WDOV26;03/08/2026;12:42:00;5146,00;5146,00;5146,00;5146,00;51460,00;1
WDOV26;03/08/2026;12:41:00;5148,50;5149,00;5148,50;5149,00;875325,00;17
WDOV26;03/08/2026;12:35:00;5151,50;5151,50;5151,50;5151,50;51515,00;1
WDOV26;03/08/2026;12:34:00;5153,00;5153,00;5152,00;5152,00;875855,00;17
WDOV26;03/08/2026;12:28:00;5150,00;5153,00;5150,00;5152,00;1751455,00;34
WDOV26;03/08/2026;12:25:00;5150,00;5150,00;5150,00;5150,00;309000,00;6
WDOV26;03/08/2026;12:14:00;5148,50;5148,50;5148,50;5148,50;102970,00;2
WDOV26;03/08/2026;12:08:00;5148,50;5148,50;5148,50;5148,50;51485,00;1
WDOV26;03/08/2026;12:05:00;5149,00;5149,00;5149,00;5149,00;51490,00;1
WDOV26;03/08/2026;12:03:00;5148,00;5148,00;5148,00;5148,00;102960,00;2
WDOV26;03/08/2026;11:57:00;5147,00;5147,00;5147,00;5147,00;102940,00;2
WDOV26;03/08/2026;11:56:00;5148,00;5148,00;5146,50;5146,50;308805,00;6
WDOV26;03/08/2026;11:52:00;5149,00;5149,00;5149,00;5149,00;51490,00;1
WDOV26;03/08/2026;11:50:00;5149,00;5149,00;5146,50;5146,50;926430,00;18
WDOV26;03/08/2026;11:48:00;5152,00;5153,00;5149,50;5152,00;1236575,00;24
WDOV26;03/08/2026;11:45:00;5150,00;5150,00;5148,00;5148,00;875195,00;17
WDOV26;03/08/2026;11:44:00;5151,00;5151,00;5151,00;5151,00;51510,00;1
WDOV26;03/08/2026;11:43:00;5150,00;5153,50;5150,00;5153,50;1545445,00;30
WDOV26;03/08/2026;11:42:00;5150,00;5150,00;5150,00;5150,00;4017000,00;78
WDOV26;03/08/2026;11:41:00;5150,00;5150,00;5150,00;5150,00;772500,00;15
WDOV26;03/08/2026;11:40:00;5149,00;5149,00;5149,00;5149,00;205960,00;4
WDOV26;03/08/2026;11:38:00;5147,00;5147,00;5147,00;5147,00;102940,00;2
WDOV26;03/08/2026;11:37:00;5148,00;5148,00;5148,00;5148,00;102960,00;2
WDOV26;03/08/2026;11:34:00;5149,50;5149,50;5148,50;5148,50;308955,00;6
WDOV26;03/08/2026;11:33:00;5148,50;5150,00;5148,50;5150,00;463450,00;9
WDOV26;03/08/2026;11:31:00;5147,50;5147,50;5147,50;5147,50;51475,00;1
WDOV26;03/08/2026;11:24:00;5145,50;5145,50;5144,50;5145,50;154355,00;3
WDOV26;03/08/2026;11:23:00;5147,00;5147,00;5147,00;5147,00;51470,00;1
WDOV26;03/08/2026;11:22:00;5147,00;5147,00;5147,00;5147,00;102940,00;2
WDOV26;03/08/2026;11:20:00;5148,00;5148,00;5146,50;5147,00;1080840,00;21
WDOV26;03/08/2026;11:19:00;5150,00;5150,00;5150,00;5150,00;103000,00;2
WDOV26;03/08/2026;11:18:00;5148,00;5148,00;5148,00;5148,00;257400,00;5
WDOV26;03/08/2026;11:17:00;5147,00;5150,00;5147,00;5150,00;1544575,00;30
WDOV26;03/08/2026;11:16:00;5145,00;5145,00;5145,00;5145,00;51450,00;1
WDOV26;03/08/2026;11:15:00;5144,50;5145,50;5143,50;5145,50;3704150,00;72
WDOV26;03/08/2026;11:13:00;5143,00;5143,00;5142,50;5142,50;205705,00;4
WDOV26;03/08/2026;11:12:00;5143,00;5143,00;5142,50;5142,50;102855,00;2
WDOV26;03/08/2026;11:11:00;5142,00;5142,00;5142,00;5142,00;51420,00;1
WDOV26;03/08/2026;11:09:00;5143,00;5143,00;5143,00;5143,00;205720,00;4
WDOV26;03/08/2026;11:08:00;5142,00;5143,00;5142,00;5143,00;359960,00;7
WDOV26;03/08/2026;11:05:00;5140,00;5140,00;5139,50;5139,50;2415770,00;47
WDOV26;03/08/2026;11:04:00;5140,00;5140,00;5140,00;5140,00;3700800,00;72
WDOV26;03/08/2026;11:03:00;5136,50;5136,50;5136,50;5136,50;1284125,00;25
WDOV26;03/08/2026;11:00:00;5138,00;5138,50;5138,00;5138,00;308285,00;6
WDOV26;03/08/2026;10:59:00;5136,00;5136,00;5136,00;5136,00;51360,00;1
WDOV26;03/08/2026;10:55:00;5136,00;5136,00;5136,00;5136,00;51360,00;1
WDOV26;03/08/2026;10:49:00;5136,00;5136,00;5136,00;5136,00;51360,00;1
WDOV26;03/08/2026;10:47:00;5136,00;5136,00;5136,00;5136,00;462240,00;9
WDOV26;03/08/2026;10:45:00;5135,50;5135,50;5135,50;5135,50;308130,00;6
WDOV26;03/08/2026;10:41:00;5137,50;5137,50;5135,50;5135,50;154090,00;3
WDOV26;03/08/2026;10:40:00;5139,50;5139,50;5137,00;5137,00;359700,00;7
WDOV26;03/08/2026;10:39:00;5138,00;5139,00;5138,00;5139,00;359710,00;7
WDOV26;03/08/2026;10:38:00;5137,00;5137,00;5137,00;5137,00;51370,00;1
WDOV26;03/08/2026;10:37:00;5136,00;5136,00;5136,00;5136,00;51360,00;1
WDOV26;03/08/2026;10:35:00;5137,50;5137,50;5135,50;5136,00;1027135,00;20
WDOV26;03/08/2026;10:34:00;5134,50;5135,00;5134,50;5135,00;102695,00;2
WDOV26;03/08/2026;10:33:00;5134,00;5134,00;5134,00;5134,00;102680,00;2
WDOV26;03/08/2026;10:30:00;5131,50;5131,50;5131,50;5131,50;307890,00;6
WDOV26;03/08/2026;10:27:00;5132,50;5132,50;5132,50;5132,50;51325,00;1
WDOV26;03/08/2026;10:26:00;5133,00;5133,50;5133,00;5133,00;513305,00;10
WDOV26;03/08/2026;10:22:00;5133,00;5134,00;5133,00;5134,00;154005,00;3
WDOV26;03/08/2026;10:21:00;5132,00;5132,00;5132,00;5132,00;102640,00;2
WDOV26;03/08/2026;10:18:00;5131,50;5132,00;5131,50;5132,00;102635,00;2
WDOV26;03/08/2026;10:16:00;5131,50;5131,50;5130,50;5130,50;307840,00;6
WDOV26;03/08/2026;10:15:00;5130,50;5131,50;5130,50;5131,50;307850,00;6
WDOV26;03/08/2026;10:14:00;5131,50;5131,50;5131,50;5131,50;102630,00;2
WDOV26;03/08/2026;10:13:00;5131,00;5131,00;5131,00;5131,00;51310,00;1
WDOV26;03/08/2026;10:12:00;5131,50;5131,50;5131,50;5131,50;51315,00;1
WDOV26;03/08/2026;10:09:00;5130,50;5130,50;5130,50;5130,50;51305,00;1
WDOV26;03/08/2026;10:07:00;5130,50;5132,00;5130,50;5132,00;2565765,00;50
WDOV26;03/08/2026;10:06:00;5128,50;5128,50;5128,50;5128,50;51285,00;1
WDOV26;03/08/2026;10:05:00;5128,00;5128,00;5128,00;5128,00;51280,00;1
WDOV26;03/08/2026;10:04:00;5131,00;5131,00;5131,00;5131,00;51310,00;1
WDOV26;03/08/2026;10:03:00;5129,00;5130,00;5129,00;5130,00;872090,00;17
WDOV26;03/08/2026;10:02:00;5126,00;5126,00;5126,00;5126,00;102520,00;2
WDOV26;03/08/2026;10:01:00;5124,50;5127,50;5124,50;5127,50;1076355,00;21
WDOV26;03/08/2026;09:59:00;5125,00;5125,50;5124,50;5124,50;205005,00;4
WDOV26;03/08/2026;09:57:00;5125,00;5125,00;5125,00;5125,00;51250,00;1
WDOV26;03/08/2026;09:56:00;5127,50;5127,50;5126,50;5127,50;153815,00;3
WDOV26;03/08/2026;09:45:00;5133,00;5133,00;5133,00;5133,00;51330,00;1
WDOV26;03/08/2026;09:42:00;5133,00;5133,00;5133,00;5133,00;102660,00;2
WDOV26;03/08/2026;09:37:00;5132,00;5132,00;5132,00;5132,00;51320,00;1
WDOV26;03/08/2026;09:36:00;5132,00;5132,00;5130,00;5130,00;102620,00;2
WDOV26;03/08/2026;09:35:00;5128,00;5128,50;5128,00;5128,50;102565,00;2
WDOV26;03/08/2026;09:34:00;5130,00;5131,50;5130,00;5131,00;461775,00;9
WDOV26;03/08/2026;09:33:00;5130,50;5130,50;5129,00;5129,00;4052730,00;79
WDOV26;03/08/2026;09:32:00;5133,50;5134,00;5133,50;5134,00;102675,00;2
WDOV26;03/08/2026;09:31:00;5134,50;5134,50;5133,00;5133,00;667330,00;13
WDOV26;03/08/2026;09:30:00;5137,00;5137,00;5135,00;5135,00;154070,00;3
WDOV26;03/08/2026;09:28:00;5136,00;5136,00;5136,00;5136,00;51360,00;1
WDOV26;03/08/2026;09:27:00;5140,50;5140,50;5140,50;5140,50;51405,00;1
WDOV26;03/08/2026;09:25:00;5140,00;5140,00;5140,00;5140,00;51400,00;1
WDOV26;03/08/2026;09:23:00;5137,50;5137,50;5137,50;5137,50;51375,00;1
WDOV26;03/08/2026;09:22:00;5139,50;5139,50;5139,50;5139,50;51395,00;1
WDOV26;03/08/2026;09:21:00;5135,50;5135,50;5135,50;5135,50;51355,00;1
WDOV26;03/08/2026;09:20:00;5136,50;5137,50;5135,50;5137,50;154095,00;3
WDOV26;03/08/2026;09:19:00;5138,00;5140,00;5138,00;5140,00;154175,00;3
WDOV26;03/08/2026;09:18:00;5138,00;5138,00;5138,00;5138,00;51380,00;1
WDOV26;03/08/2026;09:13:00;5136,00;5139,00;5136,00;5137,00;308235,00;6
WDOV26;03/08/2026;09:12:00;5136,00;5136,00;5136,00;5136,00;51360,00;1
WDOV26;03/08/2026;09:11:00;5137,50;5137,50;5135,50;5135,50;102730,00;2
WDOV26;03/08/2026;09:10:00;5136,00;5137,00;5136,00;5137,00;154100,00;3
WDOV26;03/08/2026;09:08:00;5135,00;5136,00;5134,50;5134,50;205405,00;4
WDOV26;03/08/2026;09:07:00;5135,50;5137,50;5135,50;5137,00;410925,00;8
WDOV26;03/08/2026;09:06:00;5135,00;5138,00;5135,00;5137,50;1643840,00;32
WDOV26;03/08/2026;09:05:00;5133,00;5134,50;5133,00;5134,50;205335,00;4
WDOV26;03/08/2026;09:04:00;5130,00;5130,00;5130,00;5130,00;1641600,00;32
WDOV26;03/08/2026;09:03:00;5135,00;5135,00;5131,50;5131,50;154015,00;3
WDOV26;03/08/2026;09:02:00;5134,50;5134,50;5134,50;5134,50;51345,00;1
WDOV26;03/08/2026;09:01:00;5141,50;5141,50;5133,50;5133,50;308310,00;6
WDOV26;31/07/2026;18:23:00;5151,00;5151,00;5151,00;5151,00;51510,00;1
WDOV26;31/07/2026;18:21:00;5150,00;5150,00;5150,00;5150,00;5201500,00;101
WDOV26;31/07/2026;18:20:00;5149,00;5149,00;5149,00;5149,00;102980,00;2
WDOV26;31/07/2026;18:18:00;5146,50;5146,50;5146,50;5146,50;51465,00;1
WDOV26;31/07/2026;18:08:00;5148,00;5148,00;5148,00;5148,00;51480,00;1
WDOV26;31/07/2026;18:00:00;5146,00;5146,00;5146,00;5146,00;51460,00;1
WDOV26;31/07/2026;17:59:00;5141,50;5144,00;5141,50;5142,50;514205,00;10
WDOV26;31/07/2026;17:55:00;5142,50;5142,50;5140,00;5140,00;102825,00;2
WDOV26;31/07/2026;17:54:00;5140,00;5140,00;5140,00;5140,00;51400,00;1
WDOV26;31/07/2026;17:37:00;5142,50;5144,00;5140,00;5140,00;1131370,00;22
WDOV26;31/07/2026;17:30:00;5140,00;5140,00;5140,00;5140,00;257000,00;5
WDOV26;31/07/2026;17:29:00;5140,00;5140,00;5140,00;5140,00;102800,00;2
WDOV26;31/07/2026;17:20:00;5140,00;5140,00;5140,00;5140,00;51400,00;1
WDOV26;31/07/2026;17:09:00;5140,50;5140,50;5140,50;5140,50;51405,00;1
WDOV26;31/07/2026;17:08:00;5140,00;5143,00;5140,00;5143,00;102830,00;2
WDOV26;31/07/2026;16:54:00;5139,00;5139,00;5138,50;5138,50;102775,00;2
WDOV26;31/07/2026;16:49:00;5139,00;5139,00;5139,00;5139,00;51390,00;1
WDOV26;31/07/2026;16:47:00;5140,00;5140,00;5139,50;5139,50;4368995,00;85
WDOV26;31/07/2026;16:46:00;5140,00;5140,00;5140,00;5140,00;102800,00;2
WDOV26;31/07/2026;16:45:00;5141,00;5141,00;5140,50;5140,50;205635,00;4
WDOV26;31/07/2026;16:44:00;5143,00;5143,00;5143,00;5143,00;51430,00;1
WDOV26;31/07/2026;16:43:00;5142,00;5142,00;5142,00;5142,00;154260,00;3
WDOV26;31/07/2026;16:41:00;5143,00;5143,00;5143,00;5143,00;205720,00;4
WDOV26;31/07/2026;16:39:00;5145,00;5145,00;5145,00;5145,00;257250,00;5
WDOV26;31/07/2026;16:31:00;5144,00;5144,00;5144,00;5144,00;51440,00;1
WDOV26;31/07/2026;16:27:00;5143,00;5143,00;5143,00;5143,00;51430,00;1
WDOV26;31/07/2026;16:19:00;5144,00;5144,00;5144,00;5144,00;102880,00;2
WDOV26;31/07/2026;16:18:00;5146,50;5146,50;5146,50;5146,50;51465,00;1
WDOV26;31/07/2026;16:17:00;5146,50;5147,00;5146,50;5147,00;154400,00;3
WDOV26;31/07/2026;16:16:00;5144,00;5144,00;5144,00;5144,00;102880,00;2
WDOV26;31/07/2026;16:10:00;5143,00;5143,00;5143,00;5143,00;51430,00;1
WDOV26;31/07/2026;16:09:00;5143,00;5144,00;5143,00;5144,00;205750,00;4
WDOV26;31/07/2026;16:08:00;5144,00;5144,00;5144,00;5144,00;51440,00;1
WDOV26;31/07/2026;16:05:00;5141,50;5141,50;5141,50;5141,50;51415,00;1
WDOV26;31/07/2026;16:04:00;5146,50;5146,50;5146,50;5146,50;51465,00;1
WDOV26;31/07/2026;16:03:00;5146,00;5146,00;5146,00;5146,00;51460,00;1
WDOV26;31/07/2026;16:00:00;5142,00;5142,00;5142,00;5142,00;102840,00;2
WDOV26;31/07/2026;15:59:00;5145,00;5145,00;5143,00;5143,00;874470,00;17
WDOV26;31/07/2026;15:53:00;5144,50;5144,50;5144,00;5144,00;102885,00;2
WDOV26;31/07/2026;15:38:00;5145,00;5145,00;5145,00;5145,00;51450,00;1
WDOV26;31/07/2026;15:37:00;5145,00;5145,00;5144,00;5144,00;102890,00;2
WDOV26;31/07/2026;15:35:00;5146,00;5146,00;5146,00;5146,00;51460,00;1
WDOV26;31/07/2026;15:25:00;5144,00;5144,00;5144,00;5144,00;51440,00;1
WDOV26;31/07/2026;15:21:00;5144,00;5144,00;5144,00;5144,00;51440,00;1
WDOV26;31/07/2026;15:17:00;5144,00;5144,00;5144,00;5144,00;51440,00;1
WDOV26;31/07/2026;15:11:00;5144,50;5144,50;5144,00;5144,00;154325,00;3
WDOV26;31/07/2026;15:10:00;5146,00;5146,00;5146,00;5146,00;102920,00;2
WDOV26;31/07/2026;15:07:00;5146,50;5146,50;5146,00;5146,00;720470,00;14
WDOV26;31/07/2026;15:06:00;5142,50;5142,50;5142,50;5142,50;51425,00;1
WDOV26;31/07/2026;15:05:00;5146,50;5146,50;5146,50;5146,50;257325,00;5
WDOV26;31/07/2026;15:01:00;5141,50;5141,50;5141,50;5141,50;51415,00;1
WDOV26;31/07/2026;15:00:00;5142,50;5142,50;5142,50;5142,50;51425,00;1
WDOV26;31/07/2026;14:58:00;5143,00;5143,00;5143,00;5143,00;205720,00;4
WDOV26;31/07/2026;14:55:00;5141,50;5141,50;5141,50;5141,50;51415,00;1
WDOV26;31/07/2026;14:53:00;5141,50;5142,00;5141,50;5142,00;102835,00;2
WDOV26;31/07/2026;14:50:00;5142,00;5142,00;5141,50;5141,50;257090,00;5
WDOV26;31/07/2026;14:49:00;5145,00;5145,00;5144,00;5144,00;102890,00;2
WDOV26;31/07/2026;14:48:00;5142,00;5149,50;5140,00;5140,00;2828215,00;55
WDOV26;31/07/2026;14:45:00;5146,00;5146,50;5146,00;5146,50;154385,00;3
WDOV26;31/07/2026;14:44:00;5142,50;5142,50;5142,00;5142,00;8330050,00;162
WDOV26;31/07/2026;14:39:00;5145,50;5145,50;5145,00;5145,00;102905,00;2
WDOV26;31/07/2026;14:29:00;5144,50;5144,50;5144,50;5144,50;51445,00;1
WDOV26;31/07/2026;14:25:00;5145,00;5145,00;5145,00;5145,00;51450,00;1
WDOV26;31/07/2026;14:24:00;5144,50;5144,50;5144,50;5144,50;154335,00;3
WDOV26;31/07/2026;14:18:00;5145,50;5145,50;5145,00;5145,00;102905,00;2
WDOV26;31/07/2026;14:17:00;5145,00;5145,00;5145,00;5145,00;257250,00;5
WDOV26;31/07/2026;14:14:00;5145,50;5145,50;5145,00;5145,00;205810,00;4
WDOV26;31/07/2026;14:13:00;5144,50;5144,50;5143,50;5143,50;360095,00;7
WDOV26;31/07/2026;14:07:00;5150,50;5150,50;5150,50;5150,50;51505,00;1
WDOV26;31/07/2026;13:59:00;5149,50;5150,00;5149,50;5150,00;5355995,00;104
WDOV26;31/07/2026;13:52:00;5150,00;5150,00;5150,00;5150,00;103000,00;2
WDOV26;31/07/2026;13:45:00;5147,00;5148,50;5145,50;5148,50;463195,00;9
WDOV26;31/07/2026;13:43:00;5145,00;5145,00;5145,00;5145,00;51450,00;1
WDOV26;31/07/2026;13:41:00;5145,00;5146,00;5145,00;5146,00;102910,00;2
WDOV26;31/07/2026;13:39:00;5144,00;5144,00;5144,00;5144,00;360080,00;7
WDOV26;31/07/2026;13:36:00;5143,00;5143,00;5143,00;5143,00;51430,00;1
WDOV26;31/07/2026;13:23:00;5140,00;5142,00;5140,00;5142,00;205645,00;4
WDOV26;31/07/2026;13:21:00;5139,50;5140,50;5139,50;5140,00;308400,00;6
WDOV26;31/07/2026;13:20:00;5139,50;5139,50;5139,50;5139,50;205580,00;4
WDOV26;31/07/2026;13:19:00;5140,00;5140,00;5138,00;5138,00;102780,00;2
WDOV26;31/07/2026;13:16:00;5140,00;5140,50;5140,00;5140,50;102805,00;2
WDOV26;31/07/2026;13:15:00;5140,00;5140,00;5139,00;5139,50;4009185,00;78
WDOV26;31/07/2026;13:14:00;5140,00;5140,00;5140,00;5140,00;668200,00;13
WDOV26;31/07/2026;13:13:00;5145,50;5145,50;5140,50;5140,50;257165,00;5
WDOV26;31/07/2026;13:12:00;5145,50;5145,50;5145,50;5145,50;51455,00;1
WDOV26;31/07/2026;13:05:00;5146,00;5146,00;5146,00;5146,00;51460,00;1
WDOV26;31/07/2026;13:04:00;5144,50;5144,50;5144,50;5144,50;51445,00;1
WDOV26;31/07/2026;13:03:00;5145,50;5145,50;5145,50;5145,50;51455,00;1
WDOV26;31/07/2026;13:02:00;5144,00;5144,50;5144,00;5144,00;462980,00;9
WDOV26;31/07/2026;12:59:00;5144,50;5144,50;5144,50;5144,50;102890,00;2
WDOV26;31/07/2026;12:58:00;5144,50;5144,50;5144,50;5144,50;102890,00;2
WDOV26;31/07/2026;12:57:00;5142,00;5142,50;5141,00;5141,00;205675,00;4
WDOV26;31/07/2026;12:52:00;5143,50;5143,50;5143,50;5143,50;51435,00;1
WDOV26;31/07/2026;12:50:00;5143,50;5143,50;5143,50;5143,50;51435,00;1
WDOV26;31/07/2026;12:47:00;5146,00;5146,00;5146,00;5146,00;102920,00;2
WDOV26;31/07/2026;12:46:00;5144,00;5144,00;5144,00;5144,00;51440,00;1
WDOV26;31/07/2026;12:45:00;5142,00;5143,50;5142,00;5143,50;102855,00;2
WDOV26;31/07/2026;12:43:00;5142,00;5142,00;5142,00;5142,00;51420,00;1
WDOV26;31/07/2026;12:39:00;5146,00;5146,00;5146,00;5146,00;51460,00;1
WDOV26;31/07/2026;12:38:00;5143,00;5143,00;5143,00;5143,00;154290,00;3
WDOV26;31/07/2026;12:37:00;5146,50;5146,50;5146,00;5146,00;308780,00;6
WDOV26;31/07/2026;12:36:00;5148,00;5148,00;5147,50;5147,50;308875,00;6
WDOV26;31/07/2026;12:35:00;5147,50;5150,00;5147,00;5147,00;360350,00;7
WDOV26;31/07/2026;12:34:00;5153,00;5153,00;5150,00;5150,00;4635060,00;90
WDOV26;31/07/2026;12:33:00;5150,00;5160,00;5150,00;5160,00;412300,00;8
WDOV26;31/07/2026;12:32:00;5140,00;5140,00;5140,00;5140,00;102800,00;2
WDOV26;30/07/2026;18:24:00;5134,50;5134,50;5134,50;5134,50;51345,00;1
WDOV26;30/07/2026;18:11:00;5135,00;5135,00;5135,00;5135,00;102700,00;2
WDOV26;30/07/2026;18:04:00;5135,00;5135,00;5135,00;5135,00;51350,00;1
WDOV26;30/07/2026;17:52:00;5134,00;5134,00;5134,00;5134,00;51340,00;1
WDOV26;30/07/2026;17:38:00;5135,00;5135,00;5135,00;5135,00;51350,00;1
WDOV26;30/07/2026;17:20:00;5135,00;5135,00;5135,00;5135,00;102700,00;2
WDOV26;30/07/2026;16:58:00;5137,00;5137,00;5136,00;5136,00;102730,00;2
WDOV26;30/07/2026;16:57:00;5138,00;5138,00;5138,00;5138,00;205520,00;4
WDOV26;30/07/2026;16:48:00;5143,00;5143,00;5143,00;5143,00;51430,00;1
WDOV26;30/07/2026;16:40:00;5141,00;5141,00;5141,00;5141,00;51410,00;1
WDOV26;30/07/2026;16:25:00;5140,50;5140,50;5140,50;5140,50;51405,00;1
WDOV26;30/07/2026;16:07:00;5143,00;5143,00;5143,00;5143,00;51430,00;1
WDOV26;30/07/2026;15:25:00;5145,50;5145,50;5145,50;5145,50;51455,00;1
WDOV26;30/07/2026;14:36:00;5143,50;5143,50;5143,50;5143,50;360045,00;7
WDOV26;30/07/2026;13:43:00;5141,00;5141,00;5141,00;5141,00;1439480,00;28
WDOV26;30/07/2026;13:42:00;5140,00;5140,00;5140,00;5140,00;1233600,00;24
WDOV26;30/07/2026;13:41:00;5139,50;5140,00;5139,50;5140,00;976555,00;19
WDOV26;30/07/2026;13:40:00;5138,00;5139,00;5138,00;5139,00;565265,00;11
WDOV26;30/07/2026;13:38:00;5138,50;5138,50;5138,50;5138,50;513850,00;10
WDOV26;30/07/2026;13:37:00;5137,50;5137,50;5137,50;5137,50;1746750,00;34
WDOV26;30/07/2026;13:36:00;5136,50;5136,50;5136,50;5136,50;51365,00;1
WDOV26;30/07/2026;13:35:00;5136,50;5136,50;5136,50;5136,50;770475,00;15
WDOV26;30/07/2026;13:17:00;5139,00;5139,00;5139,00;5139,00;359730,00;7
WDOV26;30/07/2026;12:55:00;5141,00;5141,00;5141,00;5141,00;51410,00;1
WDOV26;30/07/2026;12:20:00;5139,00;5139,00;5139,00;5139,00;51390,00;1
WDOV26;30/07/2026;12:13:00;5141,00;5141,50;5141,00;5141,50;1542425,00;30
WDOV26;30/07/2026;11:33:00;5145,50;5145,50;5145,50;5145,50;51455,00;1
WDOV26;30/07/2026;11:23:00;5143,00;5143,00;5143,00;5143,00;514300,00;10
WDOV26;30/07/2026;11:21:00;5145,50;5145,50;5145,50;5145,50;51455,00;1
WDOV26;30/07/2026;11:17:00;5142,00;5142,00;5142,00;5142,00;51420,00;1
WDOV26;30/07/2026;11:14:00;5143,50;5143,50;5143,50;5143,50;102870,00;2
WDOV26;30/07/2026;11:13:00;5143,50;5143,50;5143,50;5143,50;102870,00;2
WDOV26;30/07/2026;11:09:00;5144,50;5145,00;5144,50;5145,00;1028995,00;20
WDOV26;30/07/2026;10:59:00;5142,00;5142,00;5139,00;5139,00;1285035,00;25
WDOV26;30/07/2026;10:49:00;5143,00;5143,00;5140,50;5140,50;102835,00;2
WDOV26;30/07/2026;10:48:00;5145,00;5145,00;5145,00;5145,00;1131900,00;22
WDOV26;30/07/2026;10:35:00;5149,50;5149,50;5149,50;5149,50;51495,00;1
WDOV26;30/07/2026;10:34:00;5154,00;5154,00;5154,00;5154,00;51540,00;1
WDOV26;30/07/2026;10:33:00;5155,50;5155,50;5155,50;5155,50;51555,00;1
WDOV26;30/07/2026;10:31:00;5156,50;5156,50;5156,50;5156,50;51565,00;1
WDOV26;30/07/2026;10:23:00;5160,00;5160,00;5159,00;5159,00;5211585,00;101
WDOV26;30/07/2026;10:22:00;5160,00;5160,00;5160,00;5160,00;51600,00;1
WDOV26;30/07/2026;10:19:00;5163,00;5163,00;5163,00;5163,00;51630,00;1
WDOV26;30/07/2026;09:54:00;5170,00;5171,00;5170,00;5171,00;517090,00;10
WDOV26;30/07/2026;09:45:00;5164,50;5164,50;5164,50;5164,50;51645,00;1
WDOV26;30/07/2026;09:41:00;5167,50;5167,50;5167,50;5167,50;51675,00;1
WDOV26;30/07/2026;09:37:00;5167,00;5167,00;5167,00;5167,00;51670,00;1
WDOV26;30/07/2026;09:32:00;5167,00;5167,00;5167,00;5167,00;51670,00;1
WDOV26;30/07/2026;09:30:00;5165,00;5165,00;5165,00;5165,00;51650,00;1
WDOV26;30/07/2026;09:27:00;5167,50;5167,50;5165,50;5165,50;103330,00;2
WDOV26;30/07/2026;09:18:00;5176,50;5177,50;5176,50;5177,50;207090,00;4
WDOV26;30/07/2026;09:15:00;5173,00;5173,00;5173,00;5173,00;51730,00;1
WDOV26;30/07/2026;09:05:00;5173,50;5173,50;5173,50;5173,50;51735,00;1
WDOV26;29/07/2026;18:29:00;5193,00;5193,00;5193,00;5193,00;51930,00;1
WDOV26;29/07/2026;18:28:00;5192,00;5192,00;5192,00;5192,00;51920,00;1
WDOV26;29/07/2026;18:11:00;5188,50;5188,50;5188,50;5188,50;103770,00;2
WDOV26;29/07/2026;17:15:00;5188,50;5188,50;5188,50;5188,50;51885,00;1
WDOV26;29/07/2026;17:10:00;5189,50;5189,50;5189,50;5189,50;51895,00;1
WDOV26;29/07/2026;17:09:00;5189,00;5189,00;5189,00;5189,00;51890,00;1
WDOV26;29/07/2026;16:33:00;5180,00;5180,00;5180,00;5180,00;51800,00;1
WDOV26;29/07/2026;16:28:00;5173,00;5173,00;5173,00;5173,00;51730,00;1
WDOV26;29/07/2026;16:25:00;5167,50;5167,50;5167,50;5167,50;310050,00;6
WDOV26;29/07/2026;16:18:00;5164,00;5164,00;5164,00;5164,00;51640,00;1
WDOV26;29/07/2026;16:01:00;5166,00;5166,00;5166,00;5166,00;51660,00;1
WDOV26;29/07/2026;16:00:00;5169,00;5169,00;5168,00;5168,00;1085290,00;21
WDOV26;29/07/2026;15:49:00;5170,50;5170,50;5170,00;5170,00;1189105,00;23
WDOV26;29/07/2026;15:48:00;5172,00;5172,00;5172,00;5172,00;258600,00;5
WDOV26;29/07/2026;15:46:00;5174,50;5174,50;5174,00;5174,00;103485,00;2
WDOV26;29/07/2026;15:43:00;5182,50;5182,50;5182,00;5182,00;103645,00;2
WDOV26;29/07/2026;15:41:00;5185,00;5185,00;5185,00;5185,00;362950,00;7
WDOV26;29/07/2026;15:27:00;5196,00;5196,00;5196,00;5196,00;51960,00;1
WDOV26;29/07/2026;15:20:00;5193,00;5195,50;5193,00;5195,50;363535,00;7
WDOV26;29/07/2026;15:11:00;5189,00;5189,00;5189,00;5189,00;622680,00;12
WDOV26;29/07/2026;15:05:00;5186,00;5186,00;5186,00;5186,00;103720,00;2
WDOV26;29/07/2026;15:03:00;5186,00;5186,00;5186,00;5186,00;51860,00;1
WDOV26;29/07/2026;15:00:00;5195,00;5195,00;5185,00;5185,00;1921490,00;37
WDOV26;29/07/2026;12:19:00;5204,00;5204,00;5204,00;5204,00;312240,00;6
WDOV26;29/07/2026;12:00:00;5207,00;5207,00;5207,00;5207,00;52070,00;1
WDOV26;29/07/2026;11:43:00;5203,00;5203,00;5203,00;5203,00;52030,00;1
WDOV26;29/07/2026;11:41:00;5200,00;5200,00;5200,00;5200,00;416000,00;8
WDOV26;29/07/2026;11:27:00;5198,00;5198,00;5198,00;5198,00;51980,00;1
WDOV26;29/07/2026;11:25:00;5195,00;5195,00;5195,00;5195,00;51950,00;1
WDOV26;29/07/2026;11:10:00;5185,50;5185,50;5185,50;5185,50;155565,00;3
WDOV26;29/07/2026;11:02:00;5182,00;5182,00;5182,00;5182,00;310920,00;6
WDOV26;29/07/2026;10:50:00;5187,00;5187,00;5187,00;5187,00;51870,00;1
WDOV26;29/07/2026;10:33:00;5190,00;5190,00;5190,00;5190,00;415200,00;8
WDOV26;29/07/2026;10:16:00;5187,50;5187,50;5187,50;5187,50;1296875,00;25
WDOV26;29/07/2026;10:12:00;5187,50;5187,50;5187,50;5187,50;103750,00;2
WDOV26;29/07/2026;10:02:00;5185,00;5185,00;5185,00;5185,00;51850,00;1
WDOV26;29/07/2026;10:01:00;5189,50;5189,50;5187,00;5187,00;363210,00;7
WDOV26;29/07/2026;09:47:00;5189,50;5189,50;5189,50;5189,50;51895,00;1
WDOV26;29/07/2026;09:46:00;5190,50;5190,50;5190,00;5190,00;155710,00;3
WDOV26;29/07/2026;09:45:00;5191,00;5191,00;5191,00;5191,00;51910,00;1
WDOV26;29/07/2026;09:44:00;5193,00;5193,00;5193,00;5193,00;51930,00;1
WDOV26;29/07/2026;09:33:00;5198,00;5198,00;5198,00;5198,00;51980,00;1
WDOV26;29/07/2026;09:26:00;5192,00;5192,00;5192,00;5192,00;51920,00;1
WDOV26;29/07/2026;09:24:00;5195,00;5195,00;5195,00;5195,00;51950,00;1
WDOV26;29/07/2026;09:16:00;5198,00;5200,00;5198,00;5200,00;155980,00;3
WDOV26;29/07/2026;09:05:00;5192,00;5192,00;5192,00;5192,00;51920,00;1
WDOV26;29/07/2026;09:03:00;5195,50;5195,50;5195,50;5195,50;51955,00;1
WDOV26;28/07/2026;18:29:00;5200,00;5200,00;5200,00;5200,00;52000,00;1
WDOV26;28/07/2026;18:25:00;5200,00;5200,00;5200,00;5200,00;52000,00;1
WDOV26;28/07/2026;18:22:00;5200,00;5200,00;5200,00;5200,00;156000,00;3
WDOV26;28/07/2026;18:19:00;5198,00;5198,00;5198,00;5198,00;51980,00;1
WDOV26;28/07/2026;18:18:00;5196,00;5196,00;5196,00;5196,00;51960,00;1
WDOV26;28/07/2026;17:57:00;5195,00;5195,00;5195,00;5195,00;311700,00;6
WDOV26;28/07/2026;16:11:00;5192,00;5192,00;5192,00;5192,00;363440,00;7
WDOV26;28/07/2026;16:09:00;5193,00;5193,00;5193,00;5193,00;207720,00;4
WDOV26;28/07/2026;16:00:00;5193,00;5193,00;5193,00;5193,00;155790,00;3
WDOV26;28/07/2026;15:59:00;5193,00;5193,00;5193,00;5193,00;51930,00;1
WDOV26;28/07/2026;15:17:00;5190,00;5190,00;5190,00;5190,00;51900,00;1
WDOV26;28/07/2026;14:00:00;5185,00;5185,00;5185,00;5185,00;103700,00;2
WDOV26;28/07/2026;12:45:00;5184,00;5184,00;5184,00;5184,00;51840,00;1
WDOV26;28/07/2026;12:42:00;5186,00;5186,00;5186,00;5186,00;51860,00;1
WDOV26;28/07/2026;11:17:00;5200,00;5200,00;5200,00;5200,00;52000,00;1
WDOV26;28/07/2026;11:10:00;5197,50;5197,50;5197,50;5197,50;1039500,00;20
WDOV26;28/07/2026;11:01:00;5195,50;5195,50;5195,50;5195,50;103910,00;2
WDOV26;28/07/2026;10:46:00;5200,00;5200,00;5200,00;5200,00;104000,00;2
WDOV26;28/07/2026;10:06:00;5188,00;5188,00;5188,00;5188,00;51880,00;1
WDOV26;28/07/2026;09:49:00;5191,00;5191,00;5191,00;5191,00;51910,00;1
WDOV26;28/07/2026;09:34:00;5197,50;5197,50;5197,50;5197,50;51975,00;1
WDOV26;28/07/2026;09:25:00;5197,50;5197,50;5197,50;5197,50;259875,00;5
WDOV26;28/07/2026;09:21:00;5195,50;5195,50;5195,50;5195,50;51955,00;1
WDOV26;28/07/2026;09:14:00;5195,00;5195,00;5195,00;5195,00;51950,00;1
WDOV26;28/07/2026;09:04:00;5193,00;5193,00;5193,00;5193,00;103860,00;2
WDOV26;28/07/2026;09:03:00;5193,00;5193,00;5193,00;5193,00;155790,00;3
WDOV26;28/07/2026;09:02:00;5195,00;5195,00;5195,00;5195,00;51950,00;1
WDOV26;27/07/2026;18:22:00;5191,00;5191,00;5191,00;5191,00;51910,00;1
WDOV26;27/07/2026;18:12:00;5190,50;5190,50;5190,50;5190,50;51905,00;1
WDOV26;27/07/2026;17:50:00;5190,50;5190,50;5190,50;5190,50;51905,00;1
WDOV26;27/07/2026;17:35:00;5190,00;5190,00;5190,00;5190,00;103800,00;2
WDOV26;27/07/2026;17:01:00;5188,00;5188,00;5188,00;5188,00;51880,00;1
WDOV26;27/07/2026;16:43:00;5185,00;5185,00;5185,00;5185,00;985150,00;19
WDOV26;27/07/2026;16:41:00;5185,00;5185,00;5185,00;5185,00;51850,00;1
WDOV26;27/07/2026;16:18:00;5185,00;5185,00;5185,00;5185,00;518500,00;10
WDOV26;27/07/2026;16:09:00;5185,00;5185,00;5185,00;5185,00;51850,00;1
WDOV26;27/07/2026;16:00:00;5185,00;5185,00;5185,00;5185,00;51850,00;1
WDOV26;27/07/2026;15:39:00;5186,00;5186,00;5186,00;5186,00;51860,00;1
WDOV26;27/07/2026;15:35:00;5185,00;5185,00;5185,00;5185,00;103700,00;2
WDOV26;27/07/2026;14:39:00;5182,00;5182,00;5182,00;5182,00;51820,00;1
WDOV26;27/07/2026;14:17:00;5182,00;5182,00;5182,00;5182,00;51820,00;1
WDOV26;27/07/2026;13:31:00;5175,00;5175,00;5175,00;5175,00;103500,00;2
WDOV26;27/07/2026;13:03:00;5178,00;5178,00;5178,00;5178,00;103560,00;2
WDOV26;27/07/2026;11:32:00;5185,00;5185,00;5185,00;5185,00;51850,00;1
WDOV26;27/07/2026;11:29:00;5180,00;5180,00;5180,00;5180,00;5283600,00;102
WDOV26;27/07/2026;11:27:00;5179,50;5179,50;5179,50;5179,50;51795,00;1
WDOV26;27/07/2026;11:25:00;5177,50;5177,50;5177,50;5177,50;51775,00;1
WDOV26;27/07/2026;10:56:00;5174,00;5174,00;5174,00;5174,00;51740,00;1
WDOV26;27/07/2026;10:55:00;5174,00;5174,00;5174,00;5174,00;51740,00;1
WDOV26;27/07/2026;10:32:00;5171,50;5171,50;5171,50;5171,50;51715,00;1
WDOV26;27/07/2026;10:30:00;5170,00;5170,00;5170,00;5170,00;51700,00;1
WDOV26;27/07/2026;10:28:00;5170,00;5170,00;5170,00;5170,00;51700,00;1
WDOV26;27/07/2026;10:09:00;5166,00;5166,00;5166,00;5166,00;51660,00;1
WDOV26;27/07/2026;10:05:00;5170,00;5170,00;5170,00;5170,00;51700,00;1
WDOV26;27/07/2026;10:04:00;5166,50;5166,50;5166,50;5166,50;51665,00;1
WDOV26;27/07/2026;10:01:00;5162,00;5162,00;5162,00;5162,00;51620,00;1
WDOV26;27/07/2026;09:42:00;5159,50;5159,50;5159,50;5159,50;51595,00;1
WDOV26;27/07/2026;09:22:00;5156,50;5156,50;5156,50;5156,50;515650,00;10
WDOV26;24/07/2026;18:24:00;5165,50;5165,50;5165,50;5165,50;51655,00;1
WDOV26;24/07/2026;18:20:00;5168,50;5168,50;5168,50;5168,50;51685,00;1
WDOV26;24/07/2026;18:05:00;5163,00;5163,00;5163,00;5163,00;1032600,00;20
WDOV26;24/07/2026;18:02:00;5162,50;5162,50;5162,50;5162,50;51625,00;1
WDOV26;24/07/2026;17:50:00;5159,50;5160,00;5159,50;5160,00;103195,00;2
WDOV26;24/07/2026;17:42:00;5160,00;5160,00;5160,00;5160,00;670800,00;13
WDOV26;24/07/2026;17:41:00;5160,00;5160,00;5160,00;5160,00;309600,00;6
WDOV26;24/07/2026;17:34:00;5160,00;5160,00;5160,00;5160,00;51600,00;1
WDOV26;24/07/2026;17:08:00;5160,00;5160,00;5160,00;5160,00;1238400,00;24
WDOV26;24/07/2026;17:03:00;5159,50;5160,00;5159,50;5160,00;4231170,00;82
WDOV26;24/07/2026;16:58:00;5159,00;5159,00;5159,00;5159,00;51590,00;1
WDOV26;24/07/2026;16:49:00;5156,00;5156,00;5156,00;5156,00;309360,00;6
WDOV26;24/07/2026;16:35:00;5156,00;5156,00;5156,00;5156,00;51560,00;1
WDOV26;24/07/2026;16:23:00;5155,00;5155,00;5155,00;5155,00;51550,00;1
WDOV26;24/07/2026;16:15:00;5154,00;5154,00;5154,00;5154,00;103080,00;2
WDOV26;24/07/2026;16:09:00;5153,50;5153,50;5153,00;5153,00;103065,00;2
WDOV26;24/07/2026;15:32:00;5150,00;5150,00;5150,00;5150,00;154500,00;3
WDOV26;24/07/2026;15:20:00;5149,00;5149,00;5149,00;5149,00;51490,00;1
WDOV26;24/07/2026;14:55:00;5150,00;5150,00;5150,00;5150,00;3965500,00;77
WDOV26;24/07/2026;14:54:00;5150,00;5150,00;5150,00;5150,00;927000,00;18
WDOV26;24/07/2026;14:08:00;5150,00;5150,00;5150,00;5150,00;103000,00;2
WDOV26;24/07/2026;13:44:00;5147,50;5147,50;5147,50;5147,50;51475,00;1
WDOV26;24/07/2026;12:15:00;5130,00;5130,00;5130,00;5130,00;256500,00;5
WDOV26;24/07/2026;12:14:00;5133,00;5133,00;5133,00;5133,00;307980,00;6
WDOV26;24/07/2026;12:11:00;5135,00;5135,00;5135,00;5135,00;102700,00;2
WDOV26;24/07/2026;12:10:00;5136,50;5136,50;5136,50;5136,50;410920,00;8
WDOV26;24/07/2026;12:07:00;5141,50;5142,00;5141,50;5142,00;154255,00;3
WDOV26;24/07/2026;12:06:00;5140,00;5140,00;5140,00;5140,00;1028000,00;20
WDOV26;24/07/2026;12:01:00;5140,00;5140,00;5140,00;5140,00;2056000,00;40
WDOV26;24/07/2026;12:00:00;5140,00;5140,00;5140,00;5140,00;2672800,00;52
WDOV26;24/07/2026;11:55:00;5140,00;5140,00;5140,00;5140,00;411200,00;8
WDOV26;24/07/2026;11:33:00;5147,50;5147,50;5147,50;5147,50;617700,00;12
WDOV26;24/07/2026;11:23:00;5147,50;5147,50;5147,50;5147,50;51475,00;1
WDOV26;24/07/2026;11:13:00;5150,00;5150,00;5150,00;5150,00;51500,00;1
WDOV26;24/07/2026;11:02:00;5150,00;5150,00;5150,00;5150,00;51500,00;1
WDOV26;24/07/2026;09:53:00;5156,00;5156,00;5156,00;5156,00;51560,00;1
WDOV26;24/07/2026;09:23:00;5155,00;5155,00;5155,00;5155,00;51550,00;1
WDOV26;24/07/2026;09:22:00;5154,00;5154,00;5154,00;5154,00;51540,00;1
WDOV26;23/07/2026;18:29:00;5161,50;5161,50;5161,50;5161,50;51615,00;1
WDOV26;23/07/2026;17:45:00;5161,50;5161,50;5161,50;5161,50;154845,00;3
WDOV26;23/07/2026;17:25:00;5163,00;5163,00;5163,00;5163,00;51630,00;1
WDOV26;23/07/2026;16:30:00;5163,00;5163,00;5163,00;5163,00;258150,00;5
WDOV26;23/07/2026;15:10:00;5171,50;5171,50;5171,50;5171,50;103430,00;2
WDOV26;23/07/2026;14:24:00;5166,50;5166,50;5166,50;5166,50;51665,00;1
WDOV26;23/07/2026;13:41:00;5167,50;5167,50;5167,50;5167,50;51675,00;1
WDOV26;23/07/2026;12:43:00;5163,00;5163,00;5163,00;5163,00;258150,00;5
WDOV26;23/07/2026;12:32:00;5170,00;5170,00;5170,00;5170,00;51700,00;1
WDOV26;23/07/2026;12:28:00;5166,00;5167,00;5166,00;5167,00;103330,00;2
WDOV26;23/07/2026;12:27:00;5165,00;5165,00;5165,00;5165,00;51650,00;1
WDOV26;23/07/2026;12:18:00;5162,00;5162,00;5162,00;5162,00;51620,00;1
WDOV26;23/07/2026;11:37:00;5156,00;5156,00;5156,00;5156,00;51560,00;1
WDOV26;23/07/2026;11:30:00;5155,50;5155,50;5155,50;5155,50;515550,00;10
WDOV26;23/07/2026;11:26:00;5157,00;5157,00;5157,00;5157,00;51570,00;1
WDOV26;23/07/2026;11:25:00;5157,50;5157,50;5157,50;5157,50;51575,00;1
WDOV26;23/07/2026;11:20:00;5161,00;5161,00;5161,00;5161,00;51610,00;1
WDOV26;23/07/2026;11:19:00;5160,00;5160,00;5160,00;5160,00;103200,00;2
WDOV26;23/07/2026;11:18:00;5157,50;5158,50;5157,50;5158,50;103160,00;2
WDOV26;23/07/2026;11:17:00;5156,00;5156,00;5156,00;5156,00;51560,00;1
WDOV26;23/07/2026;10:59:00;5166,00;5166,00;5166,00;5166,00;258300,00;5
WDOV26;23/07/2026;10:28:00;5167,00;5167,00;5166,00;5166,00;258340,00;5
WDOV26;23/07/2026;10:21:00;5167,50;5167,50;5167,50;5167,50;51675,00;1
WDOV26;23/07/2026;10:13:00;5170,00;5170,00;5170,00;5170,00;51700,00;1
WDOV26;23/07/2026;10:06:00;5160,00;5160,00;5160,00;5160,00;5160000,00;100
WDOV26;23/07/2026;10:01:00;5159,00;5159,00;5159,00;5159,00;51590,00;1
WDOV26;23/07/2026;09:48:00;5166,00;5166,00;5166,00;5166,00;51660,00;1
WDOV26;23/07/2026;09:24:00;5158,00;5158,00;5158,00;5158,00;51580,00;1
WDOV26;23/07/2026;09:16:00;5158,00;5158,00;5158,00;5158,00;51580,00;1
WDOV26;23/07/2026;09:11:00;5150,50;5150,50;5150,50;5150,50;51505,00;1
WDOV26;23/07/2026;09:10:00;5149,00;5149,00;5149,00;5149,00;51490,00;1
WDOV26;23/07/2026;09:08:00;5152,00;5155,00;5151,50;5155,00;618275,00;12
WDOV26;23/07/2026;09:07:00;5153,00;5153,00;5153,00;5153,00;257650,00;5
WDOV26;23/07/2026;09:04:00;5148,00;5149,00;5148,00;5149,00;308890,00;6
WDOV26;23/07/2026;09:00:00;5154,50;5155,00;5154,50;5155,00;103095,00;2
WDOV26;22/07/2026;18:29:00;5135,50;5136,00;5135,50;5136,00;154075,00;3
WDOV26;22/07/2026;18:28:00;5136,00;5136,00;5135,50;5135,50;102715,00;2
WDOV26;22/07/2026;18:22:00;5137,50;5138,50;5137,50;5138,50;513760,00;10
WDOV26;22/07/2026;18:21:00;5137,50;5137,50;5137,50;5137,50;308250,00;6
WDOV26;22/07/2026;17:58:00;5138,50;5138,50;5138,50;5138,50;51385,00;1
WDOV26;22/07/2026;17:42:00;5138,50;5138,50;5138,50;5138,50;770775,00;15
WDOV26;22/07/2026;17:40:00;5134,50;5134,50;5134,50;5134,50;256725,00;5
WDOV26;22/07/2026;16:59:00;5134,00;5134,00;5134,00;5134,00;102680,00;2
WDOV26;22/07/2026;16:51:00;5140,00;5140,00;5140,00;5140,00;51400,00;1
WDOV26;22/07/2026;14:44:00;5141,00;5141,00;5141,00;5141,00;51410,00;1
WDOV26;22/07/2026;14:43:00;5142,00;5142,00;5142,00;5142,00;51420,00;1
WDOV26;22/07/2026;12:38:00;5141,50;5141,50;5141,50;5141,50;51415,00;1
WDOV26;22/07/2026;12:27:00;5143,00;5143,00;5143,00;5143,00;51430,00;1
WDOV26;22/07/2026;11:02:00;5135,00;5135,00;5135,00;5135,00;102700,00;2
WDOV26;22/07/2026;11:01:00;5137,00;5137,00;5137,00;5137,00;51370,00;1
WDOV26;22/07/2026;10:55:00;5141,50;5141,50;5141,50;5141,50;514150,00;10
WDOV26;22/07/2026;10:41:00;5143,50;5143,50;5142,50;5142,50;257145,00;5
WDOV26;22/07/2026;10:31:00;5145,00;5145,00;5145,00;5145,00;51450,00;1
WDOV26;22/07/2026;10:24:00;5149,50;5149,50;5149,50;5149,50;51495,00;1
WDOV26;22/07/2026;10:22:00;5150,00;5150,00;5150,00;5150,00;51500,00;1
WDOV26;22/07/2026;10:21:00;5150,00;5150,00;5150,00;5150,00;1030000,00;20
WDOV26;22/07/2026;09:38:00;5158,00;5158,00;5158,00;5158,00;51580,00;1
WDOV26;22/07/2026;09:16:00;5157,00;5157,00;5157,00;5157,00;257850,00;5
WDOV26;22/07/2026;09:15:00;5155,50;5155,50;5155,50;5155,50;257775,00;5
WDOV26;21/07/2026;18:00:00;5154,50;5154,50;5154,50;5154,50;1855620,00;36
WDOV26;21/07/2026;17:30:00;5154,00;5154,00;5154,00;5154,00;51540,00;1
WDOV26;21/07/2026;16:22:00;5152,50;5152,50;5152,50;5152,50;772875,00;15
WDOV26;21/07/2026;14:52:00;5155,00;5155,00;5155,00;5155,00;51550,00;1
WDOV26;21/07/2026;14:08:00;5153,50;5153,50;5153,50;5153,50;1185305,00;23
WDOV26;21/07/2026;14:03:00;5159,00;5159,00;5159,00;5159,00;103180,00;2
WDOV26;21/07/2026;13:52:00;5158,00;5158,00;5158,00;5158,00;51580,00;1
WDOV26;21/07/2026;11:56:00;5165,00;5165,00;5165,00;5165,00;51650,00;1
WDOV26;21/07/2026;11:27:00;5160,00;5160,00;5160,00;5160,00;51600,00;1
WDOV26;21/07/2026;11:20:00;5164,00;5164,00;5164,00;5164,00;51640,00;1
WDOV26;21/07/2026;10:32:00;5164,00;5164,00;5164,00;5164,00;51640,00;1
WDOV26;21/07/2026;09:49:00;5155,50;5155,50;5155,50;5155,50;1546650,00;30
WDOV26;21/07/2026;09:47:00;5155,00;5155,00;5155,00;5155,00;51550,00;1
WDOV26;21/07/2026;09:39:00;5156,00;5156,00;5156,00;5156,00;51560,00;1
WDOV26;21/07/2026;09:12:00;5165,00;5165,00;5158,50;5158,50;103235,00;2
WDOV26;21/07/2026;09:07:00;5165,00;5165,00;5165,00;5165,00;51650,00;1
WDOV26;20/07/2026;18:25:00;5179,50;5179,50;5179,50;5179,50;51795,00;1
WDOV26;20/07/2026;16:36:00;5175,00;5175,00;5175,00;5175,00;51750,00;1
WDOV26;20/07/2026;16:33:00;5174,00;5174,00;5174,00;5174,00;103480,00;2
WDOV26;20/07/2026;16:32:00;5175,00;5175,00;5174,00;5174,00;103490,00;2
WDOV26;20/07/2026;16:31:00;5175,00;5175,00;5175,00;5175,00;51750,00;1
WDOV26;20/07/2026;16:29:00;5176,00;5176,00;5175,00;5175,00;103510,00;2
WDOV26;20/07/2026;16:27:00;5175,00;5175,00;5175,00;5175,00;51750,00;1
WDOV26;20/07/2026;15:54:00;5175,00;5175,00;5175,00;5175,00;51750,00;1
WDOV26;20/07/2026;15:49:00;5180,00;5180,00;5180,00;5180,00;51800,00;1
WDOV26;20/07/2026;15:34:00;5178,00;5178,00;5178,00;5178,00;51780,00;1
WDOV26;20/07/2026;13:41:00;5173,50;5173,50;5173,50;5173,50;206940,00;4
WDOV26;20/07/2026;13:17:00;5169,00;5169,00;5169,00;5169,00;51690,00;1
WDOV26;20/07/2026;12:57:00;5170,50;5170,50;5170,50;5170,50;51705,00;1
WDOV26;20/07/2026;12:55:00;5167,00;5167,00;5167,00;5167,00;51670,00;1
WDOV26;20/07/2026;12:27:00;5174,00;5174,00;5174,00;5174,00;51740,00;1
WDOV26;20/07/2026;10:46:00;5174,00;5174,00;5174,00;5174,00;51740,00;1
WDOV26;20/07/2026;10:02:00;5179,00;5179,00;5179,00;5179,00;51790,00;1
WDOV26;20/07/2026;09:54:00;5180,00;5180,00;5180,00;5180,00;1087800,00;21
WDOV26;20/07/2026;09:10:00;5192,50;5192,50;5192,50;5192,50;51925,00;1
WDOV26;20/07/2026;09:06:00;5193,50;5193,50;5193,50;5193,50;207740,00;4
WDOV26;17/07/2026;18:22:00;5199,00;5199,00;5199,00;5199,00;51990,00;1
WDOV26;17/07/2026;17:07:00;5192,50;5192,50;5192,50;5192,50;51925,00;1
WDOV26;17/07/2026;16:42:00;5196,00;5196,00;5196,00;5196,00;207840,00;4
WDOV26;17/07/2026;16:30:00;5196,00;5196,00;5196,00;5196,00;51960,00;1
WDOV26;17/07/2026;15:30:00;5196,00;5196,00;5196,00;5196,00;51960,00;1
WDOV26;17/07/2026;12:59:00;5196,00;5196,00;5196,00;5196,00;103920,00;2
WDOV26;17/07/2026;11:53:00;5195,50;5195,50;5195,50;5195,50;103910,00;2
WDOV26;17/07/2026;11:36:00;5200,00;5200,00;5200,00;5200,00;104000,00;2
WDOV26;17/07/2026;11:18:00;5201,50;5201,50;5201,50;5201,50;104030,00;2
WDOV26;17/07/2026;11:17:00;5207,00;5207,00;5207,00;5207,00;104140,00;2
WDOV26;17/07/2026;11:15:00;5207,00;5207,00;5207,00;5207,00;260350,00;5
WDOV26;17/07/2026;11:05:00;5210,00;5210,00;5210,00;5210,00;52100,00;1
WDOV26;17/07/2026;10:39:00;5220,00;5220,00;5216,00;5216,00;313000,00;6
WDOV26;17/07/2026;10:35:00;5219,50;5219,50;5219,50;5219,50;52195,00;1
WDOV26;17/07/2026;10:23:00;5218,50;5218,50;5218,50;5218,50;52185,00;1
WDOV26;17/07/2026;10:18:00;5212,50;5212,50;5212,50;5212,50;104250,00;2
WDOV26;17/07/2026;10:03:00;5212,50;5212,50;5212,50;5212,50;990375,00;19
WDOV26;17/07/2026;10:02:00;5212,50;5212,50;5212,50;5212,50;52125,00;1
WDOV26;17/07/2026;10:01:00;5210,00;5210,00;5210,00;5210,00;104200,00;2
WDOV26;17/07/2026;09:58:00;5207,00;5207,00;5207,00;5207,00;52070,00;1
WDOV26;17/07/2026;09:31:00;5207,00;5207,00;5207,00;5207,00;104140,00;2
WDOV26;16/07/2026;17:33:00;5187,00;5187,00;5187,00;5187,00;51870,00;1
WDOV26;16/07/2026;16:59:00;5187,00;5187,00;5187,00;5187,00;259350,00;5
WDOV26;16/07/2026;14:08:00;5200,50;5200,50;5200,50;5200,50;156015,00;3
WDOV26;16/07/2026;14:06:00;5197,00;5197,00;5197,00;5197,00;103940,00;2
WDOV26;16/07/2026;12:29:00;5186,50;5186,50;5186,50;5186,50;103730,00;2
WDOV26;16/07/2026;11:52:00;5191,50;5191,50;5191,50;5191,50;51915,00;1
WDOV26;16/07/2026;11:39:00;5191,50;5191,50;5191,50;5191,50;259575,00;5
WDOV26;16/07/2026;11:35:00;5189,50;5189,50;5189,50;5189,50;259475,00;5
WDOV26;16/07/2026;11:11:00;5186,00;5186,00;5186,00;5186,00;51860,00;1
WDOV26;16/07/2026;11:01:00;5186,00;5186,00;5186,00;5186,00;259300,00;5
WDOV26;16/07/2026;10:54:00;5187,50;5187,50;5187,50;5187,50;259375,00;5
WDOV26;16/07/2026;10:38:00;5188,50;5188,50;5188,50;5188,50;51885,00;1
WDOV26;16/07/2026;10:36:00;5188,00;5188,00;5188,00;5188,00;259400,00;5
WDOV26;16/07/2026;10:34:00;5190,00;5190,00;5190,00;5190,00;1141800,00;22
WDOV26;16/07/2026;09:36:00;5179,50;5179,50;5179,50;5179,50;155385,00;3
WDOV26;16/07/2026;09:33:00;5180,00;5180,00;5180,00;5180,00;51800,00;1
WDOV26;16/07/2026;09:16:00;5180,00;5180,00;5180,00;5180,00;51800,00;1
WDOV26;16/07/2026;09:00:00;5180,00;5180,00;5180,00;5180,00;1036000,00;20
WDOV26;15/07/2026;17:11:00;5163,50;5163,50;5163,50;5163,50;877795,00;17
WDOV26;15/07/2026;17:09:00;5166,50;5166,50;5166,50;5166,50;258325,00;5
WDOV26;15/07/2026;16:29:00;5167,50;5167,50;5167,50;5167,50;51675,00;1
WDOV26;15/07/2026;16:16:00;5167,50;5167,50;5167,50;5167,50;258375,00;5
WDOV26;15/07/2026;16:15:00;5167,00;5167,00;5167,00;5167,00;103340,00;2
WDOV26;15/07/2026;16:14:00;5167,00;5167,00;5167,00;5167,00;258350,00;5
WDOV26;15/07/2026;16:10:00;5167,00;5167,00;5167,00;5167,00;51670,00;1
WDOV26;15/07/2026;14:30:00;5168,00;5168,00;5168,00;5168,00;258400,00;5
WDOV26;15/07/2026;13:55:00;5174,00;5176,00;5174,00;5176,00;258740,00;5
WDOV26;15/07/2026;12:35:00;5174,00;5174,00;5174,00;5174,00;51740,00;1
WDOV26;15/07/2026;12:24:00;5171,50;5171,50;5171,50;5171,50;465435,00;9
WDOV26;15/07/2026;12:14:00;5170,00;5170,00;5170,00;5170,00;258500,00;5
WDOV26;15/07/2026;11:50:00;5166,50;5166,50;5166,50;5166,50;51665,00;1
WDOV26;15/07/2026;11:44:00;5167,50;5167,50;5167,50;5167,50;51675,00;1
WDOV26;15/07/2026;11:42:00;5168,50;5168,50;5168,50;5168,50;51685,00;1
WDOV26;15/07/2026;11:24:00;5170,00;5171,50;5170,00;5171,50;103415,00;2
WDOV26;15/07/2026;11:02:00;5164,00;5164,00;5164,00;5164,00;51640,00;1
WDOV26;15/07/2026;10:04:00;5150,00;5150,00;5150,00;5150,00;1030000,00;20
WDOV26;15/07/2026;09:48:00;5158,00;5158,00;5158,00;5158,00;51580,00;1
WDOV26;15/07/2026;09:32:00;5158,50;5158,50;5158,00;5158,00;515815,00;10
WDOV26;15/07/2026;09:30:00;5168,00;5168,00;5168,00;5168,00;103360,00;2
WDOV26;15/07/2026;09:29:00;5169,00;5169,00;5169,00;5169,00;103380,00;2
WDOV26;15/07/2026;09:21:00;5170,00;5170,00;5170,00;5170,00;51700,00;1
WDOV26;15/07/2026;09:18:00;5169,00;5169,00;5169,00;5169,00;103380,00;2
WDOV26;15/07/2026;09:09:00;5174,00;5174,00;5174,00;5174,00;51740,00;1
WDOV26;15/07/2026;09:08:00;5170,00;5170,00;5170,00;5170,00;258500,00;5
WDOV26;14/07/2026;18:18:00;5166,00;5167,00;5166,00;5167,00;103330,00;2
WDOV26;14/07/2026;18:16:00;5165,00;5165,00;5165,00;5165,00;51650,00;1
WDOV26;14/07/2026;18:11:00;5162,50;5162,50;5162,50;5162,50;516250,00;10
WDOV26;14/07/2026;18:05:00;5163,00;5163,00;5161,50;5161,50;103245,00;2
WDOV26;14/07/2026;18:02:00;5165,00;5165,00;5165,00;5165,00;51650,00;1
WDOV26;14/07/2026;18:01:00;5166,00;5166,00;5166,00;5166,00;51660,00;1
WDOV26;14/07/2026;17:56:00;5168,00;5168,00;5168,00;5168,00;51680,00;1
WDOV26;14/07/2026;14:03:00;5163,00;5163,00;5163,00;5163,00;671190,00;13
WDOV26;14/07/2026;14:02:00;5163,00;5163,00;5163,00;5163,00;361410,00;7
WDOV26;14/07/2026;13:36:00;5172,50;5172,50;5172,50;5172,50;51725,00;1
WDOV26;14/07/2026;12:04:00;5162,00;5162,00;5162,00;5162,00;51620,00;1
WDOV26;14/07/2026;11:58:00;5163,50;5163,50;5163,50;5163,50;51635,00;1
WDOV26;14/07/2026;11:34:00;5163,50;5163,50;5163,50;5163,50;51635,00;1
WDOV26;14/07/2026;10:41:00;5169,00;5169,00;5169,00;5169,00;258450,00;5
WDOV26;14/07/2026;10:32:00;5167,50;5167,50;5167,50;5167,50;51675,00;1
WDOV26;14/07/2026;10:29:00;5170,50;5170,50;5170,50;5170,50;51705,00;1
WDOV26;14/07/2026;10:26:00;5164,00;5164,00;5164,00;5164,00;51640,00;1
WDOV26;14/07/2026;10:17:00;5170,00;5170,00;5170,00;5170,00;51700,00;1
WDOV26;14/07/2026;10:09:00;5176,50;5176,50;5176,50;5176,50;51765,00;1
WDOV26;14/07/2026;10:06:00;5172,50;5172,50;5172,50;5172,50;51725,00;1
WDOV26;14/07/2026;10:05:00;5175,00;5175,00;5175,00;5175,00;1035000,00;20
WDOV26;14/07/2026;09:35:00;5173,00;5173,00;5172,50;5172,50;103455,00;2
WDOV26;14/07/2026;09:34:00;5163,50;5163,50;5163,50;5163,50;51635,00;1
WDOV26;14/07/2026;09:30:00;5191,50;5191,50;5163,50;5163,50;777110,00;15
WDOV26;14/07/2026;09:29:00;5200,00;5200,00;5200,00;5200,00;52000,00;1
WDOV26;14/07/2026;09:16:00;5210,00;5210,00;5210,00;5210,00;104200,00;2
WDOV26;14/07/2026;09:14:00;5217,50;5217,50;5217,50;5217,50;208700,00;4
WDOV26;14/07/2026;09:03:00;5219,50;5219,50;5219,50;5219,50;52195,00;1
WDOV26;13/07/2026;17:50:00;5233,00;5233,00;5233,00;5233,00;104660,00;2
WDOV26;13/07/2026;17:44:00;5230,00;5230,00;5230,00;5230,00;52300,00;1
WDOV26;13/07/2026;15:22:00;5230,00;5230,00;5230,00;5230,00;261500,00;5
WDOV26;13/07/2026;15:19:00;5227,00;5227,00;5227,00;5227,00;52270,00;1
WDOV26;13/07/2026;14:05:00;5227,00;5227,00;5227,00;5227,00;993130,00;19
WDOV26;13/07/2026;13:35:00;5230,00;5230,00;5230,00;5230,00;52300,00;1
WDOV26;13/07/2026;11:50:00;5225,00;5226,50;5220,00;5226,50;156715,00;3
WDOV26;13/07/2026;11:47:00;5220,50;5220,50;5220,50;5220,50;52205,00;1
WDOV26;13/07/2026;11:46:00;5219,00;5219,00;5219,00;5219,00;52190,00;1
WDOV26;13/07/2026;11:18:00;5222,50;5222,50;5219,50;5219,50;574185,00;11
WDOV26;13/07/2026;11:16:00;5219,00;5225,00;5219,00;5225,00;4074665,00;78
WDOV26;13/07/2026;10:19:00;5217,00;5219,00;5217,00;5219,00;156550,00;3
WDOV26;13/07/2026;09:40:00;5213,00;5213,00;5213,00;5213,00;52130,00;1
WDOV26;13/07/2026;09:20:00;5216,00;5216,00;5216,00;5216,00;104320,00;2
WDOV26;13/07/2026;09:12:00;5214,00;5214,00;5214,00;5214,00;52140,00;1
WDOV26;13/07/2026;09:01:00;5210,50;5210,50;5210,50;5210,50;52105,00;1
WDOV26;10/07/2026;18:01:00;5204,50;5204,50;5204,50;5204,50;1040900,00;20
WDOV26;10/07/2026;17:17:00;5202,50;5202,50;5202,50;5202,50;520250,00;10
WDOV26;10/07/2026;16:14:00;5207,00;5207,00;5207,00;5207,00;52070,00;1
WDOV26;10/07/2026;15:28:00;5204,50;5205,00;5204,50;5205,00;104095,00;2
WDOV26;10/07/2026;14:53:00;5203,00;5203,00;5203,00;5203,00;52030,00;1
WDOV26;10/07/2026;14:19:00;5201,50;5201,50;5201,50;5201,50;52015,00;1
WDOV26;10/07/2026;14:04:00;5202,50;5204,50;5202,50;5204,50;1613375,00;31
WDOV26;10/07/2026;13:59:00;5201,00;5201,00;5201,00;5201,00;260050,00;5
WDOV26;10/07/2026;13:25:00;5197,00;5197,00;5197,00;5197,00;259850,00;5
WDOV26;10/07/2026;13:22:00;5198,00;5198,00;5198,00;5198,00;1039600,00;20
WDOV26;10/07/2026;12:56:00;5204,50;5204,50;5204,50;5204,50;520450,00;10
WDOV26;10/07/2026;12:53:00;5200,00;5200,00;5200,00;5200,00;52000,00;1
WDOV26;10/07/2026;12:33:00;5202,50;5202,50;5202,50;5202,50;52025,00;1
WDOV26;10/07/2026;12:32:00;5200,50;5200,50;5200,50;5200,50;52005,00;1
WDOV26;10/07/2026;12:18:00;5200,00;5200,00;5200,00;5200,00;52000,00;1
WDOV26;10/07/2026;11:33:00;5223,00;5223,00;5223,00;5223,00;52230,00;1
WDOV26;10/07/2026;11:10:00;5213,00;5213,00;5213,00;5213,00;521300,00;10
WDOV26;10/07/2026;09:53:00;5210,00;5210,00;5210,00;5210,00;52100,00;1
WDOV26;10/07/2026;09:22:00;5212,50;5212,50;5212,50;5212,50;52125,00;1
WDOV26;10/07/2026;09:13:00;5211,00;5211,00;5211,00;5211,00;52110,00;1
WDOV26;10/07/2026;09:11:00;5212,50;5212,50;5212,50;5212,50;521250,00;10
WDOV26;09/07/2026;18:22:00;5210,00;5210,00;5210,00;5210,00;52100,00;1
WDOV26;09/07/2026;18:10:00;5210,00;5210,00;5210,00;5210,00;52100,00;1
WDOV26;09/07/2026;17:32:00;5222,00;5222,00;5222,00;5222,00;52220,00;1
WDOV26;09/07/2026;17:28:00;5220,50;5220,50;5220,50;5220,50;52205,00;1
WDOV26;09/07/2026;17:02:00;5220,00;5220,00;5220,00;5220,00;1305000,00;25
WDOV26;09/07/2026;15:26:00;5222,00;5222,00;5222,00;5222,00;522200,00;10
WDOV26;09/07/2026;14:37:00;5212,50;5212,50;5212,50;5212,50;1042500,00;20
WDOV26;09/07/2026;12:53:00;5224,00;5224,00;5224,00;5224,00;52240,00;1
WDOV26;09/07/2026;12:11:00;5220,00;5220,00;5220,00;5220,00;52200,00;1
WDOV26;09/07/2026;12:08:00;5220,00;5220,00;5220,00;5220,00;52200,00;1
WDOV26;09/07/2026;11:49:00;5225,00;5225,00;5225,00;5225,00;313500,00;6
WDOV26;09/07/2026;11:43:00;5230,00;5230,00;5230,00;5230,00;52300,00;1
WDOV26;09/07/2026;11:24:00;5230,00;5230,00;5230,00;5230,00;784500,00;15
WDOV26;09/07/2026;11:17:00;5234,50;5234,50;5234,50;5234,50;52345,00;1
WDOV26;09/07/2026;11:04:00;5234,50;5234,50;5234,50;5234,50;52345,00;1
WDOV26;09/07/2026;11:01:00;5238,50;5238,50;5238,50;5238,50;52385,00;1
WDOV26;09/07/2026;11:00:00;5240,00;5240,00;5240,00;5240,00;52400,00;1
WDOV26;09/07/2026;09:24:00;5238,50;5238,50;5238,50;5238,50;785775,00;15
WDOV26;08/07/2026;18:08:00;5251,00;5251,00;5251,00;5251,00;52510,00;1
WDOV26;08/07/2026;17:32:00;5251,00;5251,00;5251,00;5251,00;52510,00;1
WDOV26;08/07/2026;17:26:00;5250,00;5250,00;5250,00;5250,00;52500,00;1
WDOV26;08/07/2026;17:22:00;5249,00;5249,00;5249,00;5249,00;52490,00;1
WDOV26;08/07/2026;17:05:00;5249,50;5249,50;5249,50;5249,50;787425,00;15
WDOV26;08/07/2026;15:10:00;5245,00;5245,00;5245,00;5245,00;52450,00;1
WDOV26;08/07/2026;15:02:00;5250,00;5250,00;5250,00;5250,00;52500,00;1
WDOV26;08/07/2026;14:20:00;5250,00;5250,00;5250,00;5250,00;3937500,00;75
WDOV26;08/07/2026;12:37:00;5260,00;5260,00;5260,00;5260,00;3945000,00;75
WDOV26;08/07/2026;12:07:00;5255,50;5255,50;5255,50;5255,50;52555,00;1
WDOV26;08/07/2026;11:11:00;5251,00;5251,00;5251,00;5251,00;52510,00;1
WDOV26;08/07/2026;11:10:00;5251,00;5251,00;5251,00;5251,00;52510,00;1
WDOV26;08/07/2026;10:28:00;5245,00;5245,00;5245,00;5245,00;104900,00;2
WDOV26;08/07/2026;10:14:00;5244,50;5245,50;5244,50;5245,00;209795,00;4
WDOV26;08/07/2026;10:01:00;5250,00;5250,00;5250,00;5250,00;105000,00;2
WDOV26;08/07/2026;09:57:00;5247,00;5247,00;5247,00;5247,00;104940,00;2
WDOV26;08/07/2026;09:52:00;5245,00;5245,00;5245,00;5245,00;52450,00;1
WDOV26;08/07/2026;09:40:00;5251,00;5251,00;5251,00;5251,00;105020,00;2
WDOV26;08/07/2026;09:39:00;5252,00;5252,00;5252,00;5252,00;52520,00;1
WDOV26;08/07/2026;09:37:00;5252,00;5252,00;5252,00;5252,00;367640,00;7
WDOV26;08/07/2026;09:36:00;5252,50;5253,00;5252,00;5253,00;472745,00;9
WDOV26;08/07/2026;09:33:00;5250,00;5250,00;5250,00;5250,00;105000,00;2
WDOV26;08/07/2026;09:30:00;5254,50;5254,50;5254,50;5254,50;105090,00;2
WDOV26;08/07/2026;09:21:00;5253,50;5253,50;5253,50;5253,50;52535,00;1
WDOV26;08/07/2026;09:17:00;5253,00;5253,00;5253,00;5253,00;105060,00;2
WDOV26;08/07/2026;09:16:00;5256,00;5256,00;5256,00;5256,00;105120,00;2
WDOV26;08/07/2026;09:08:00;5260,50;5260,50;5260,50;5260,50;52605,00;1
WDOV26;08/07/2026;09:05:00;5263,00;5263,00;5263,00;5263,00;52630,00;1
WDOV26;08/07/2026;09:02:00;5271,50;5271,50;5271,50;5271,50;52715,00;1
WDOV26;08/07/2026;09:01:00;5275,50;5275,50;5275,50;5275,50;52755,00;1
WDOV26;08/07/2026;09:00:00;5275,50;5275,50;5275,50;5275,50;316530,00;6
WDOV26;07/07/2026;18:18:00;5270,00;5271,00;5270,00;5271,00;210820,00;4
WDOV26;07/07/2026;17:58:00;5261,00;5261,00;5261,00;5261,00;52610,00;1
WDOV26;07/07/2026;16:46:00;5255,00;5255,00;5254,00;5254,00;788130,00;15
WDOV26;07/07/2026;16:38:00;5255,00;5255,00;5255,00;5255,00;52550,00;1
WDOV26;07/07/2026;16:37:00;5260,00;5260,00;5260,00;5260,00;52600,00;1
WDOV26;07/07/2026;16:29:00;5261,00;5261,00;5261,00;5261,00;52610,00;1
WDOV26;07/07/2026;16:26:00;5259,50;5260,50;5259,50;5260,50;157800,00;3
WDOV26;07/07/2026;16:17:00;5265,00;5265,00;5265,00;5265,00;52650,00;1
WDOV26;07/07/2026;16:10:00;5260,50;5260,50;5260,50;5260,50;52605,00;1
WDOV26;07/07/2026;16:07:00;5260,50;5260,50;5260,50;5260,50;105210,00;2
WDOV26;07/07/2026;15:51:00;5257,00;5257,00;5257,00;5257,00;105140,00;2
WDOV26;07/07/2026;15:49:00;5255,00;5255,00;5255,00;5255,00;52550,00;1
WDOV26;07/07/2026;15:36:00;5247,00;5247,00;5247,00;5247,00;262350,00;5
WDOV26;07/07/2026;12:58:00;5255,00;5255,00;5255,00;5255,00;52550,00;1
WDOV26;07/07/2026;12:36:00;5248,50;5249,00;5248,50;5248,50;1469590,00;28
WDOV26;07/07/2026;12:35:00;5249,00;5249,50;5249,00;5249,50;104985,00;2
WDOV26;07/07/2026;12:27:00;5249,00;5249,50;5248,00;5249,50;3149425,00;60
WDOV26;07/07/2026;11:45:00;5248,00;5248,00;5248,00;5248,00;104960,00;2
WDOV26;07/07/2026;11:43:00;5249,50;5249,50;5249,50;5249,50;104990,00;2
WDOV26;07/07/2026;11:14:00;5250,00;5250,00;5250,00;5250,00;105000,00;2
WDOV26;07/07/2026;10:54:00;5247,50;5247,50;5246,50;5247,00;1049440,00;20
WDOV26;07/07/2026;09:25:00;5235,50;5235,50;5235,50;5235,50;104710,00;2
WDOV26;06/07/2026;18:15:00;5229,00;5229,00;5229,00;5229,00;52290,00;1
WDOV26;06/07/2026;16:02:00;5234,50;5234,50;5234,50;5234,50;52345,00;1
WDOV26;06/07/2026;15:49:00;5235,00;5235,00;5235,00;5235,00;52350,00;1
WDOV26;06/07/2026;15:33:00;5238,50;5238,50;5238,50;5238,50;104770,00;2
WDOV26;06/07/2026;15:02:00;5237,00;5237,00;5237,00;5237,00;52370,00;1
WDOV26;06/07/2026;14:43:00;5239,50;5239,50;5239,50;5239,50;52395,00;1
WDOV26;06/07/2026;14:23:00;5242,50;5242,50;5242,50;5242,50;1572750,00;30
WDOV26;06/07/2026;14:14:00;5250,50;5250,50;5250,50;5250,50;52505,00;1
WDOV26;06/07/2026;14:03:00;5253,50;5253,50;5253,50;5253,50;52535,00;1
WDOV26;06/07/2026;13:51:00;5254,00;5254,00;5254,00;5254,00;157620,00;3
WDOV26;06/07/2026;12:58:00;5253,50;5253,50;5253,50;5253,50;105070,00;2
WDOV26;06/07/2026;12:50:00;5255,00;5255,00;5255,00;5255,00;52550,00;1
WDOV26;06/07/2026;12:39:00;5261,50;5261,50;5261,50;5261,50;52615,00;1
WDOV26;06/07/2026;12:38:00;5266,50;5266,50;5266,50;5266,50;105330,00;2
WDOV26;06/07/2026;12:37:00;5265,00;5265,00;5265,00;5265,00;1053000,00;20
WDOV26;06/07/2026;12:29:00;5269,50;5269,50;5269,50;5269,50;52695,00;1
WDOV26;06/07/2026;12:28:00;5271,00;5271,00;5271,00;5271,00;105420,00;2
WDOV26;06/07/2026;11:12:00;5269,00;5269,00;5269,00;5269,00;1475320,00;28
WDOV26;06/07/2026;10:55:00;5276,00;5276,00;5276,00;5276,00;105520,00;2
WDOV26;06/07/2026;10:45:00;5271,50;5271,50;5271,50;5271,50;1317875,00;25
WDOV26;06/07/2026;10:38:00;5277,50;5277,50;5277,50;5277,50;263875,00;5
WDOV26;06/07/2026;10:11:00;5277,50;5277,50;5277,50;5277,50;52775,00;1
WDOV26;06/07/2026;09:56:00;5282,00;5282,00;5282,00;5282,00;52820,00;1
WDOV26;06/07/2026;09:19:00;5278,50;5278,50;5278,50;5278,50;52785,00;1
WDOV26;06/07/2026;09:07:00;5287,00;5287,00;5287,00;5287,00;105740,00;2
WDOV26;06/07/2026;09:03:00;5287,00;5287,00;5287,00;5287,00;52870,00;1
WDOV26;06/07/2026;09:01:00;5280,00;5280,00;5280,00;5280,00;1320000,00;25
WDOV26;03/07/2026;18:27:00;5279,00;5279,00;5279,00;5279,00;52790,00;1
WDOV26;03/07/2026;18:10:00;5278,00;5278,00;5278,00;5278,00;52780,00;1
WDOV26;03/07/2026;17:35:00;5275,50;5275,50;5275,50;5275,50;52755,00;1
WDOV26;03/07/2026;16:08:00;5276,50;5276,50;5276,50;5276,50;52765,00;1
WDOV26;03/07/2026;15:55:00;5274,50;5274,50;5274,50;5274,50;52745,00;1
WDOV26;03/07/2026;15:42:00;5276,00;5276,00;5276,00;5276,00;52760,00;1
WDOV26;03/07/2026;15:38:00;5275,00;5275,00;5275,00;5275,00;52750,00;1
WDOV26;03/07/2026;15:36:00;5274,00;5274,00;5274,00;5274,00;52740,00;1
WDOV26;03/07/2026;14:03:00;5277,00;5277,00;5277,00;5277,00;52770,00;1
WDOV26;03/07/2026;12:07:00;5276,00;5276,00;5276,00;5276,00;1055200,00;20
WDOV26;03/07/2026;11:54:00;5280,00;5280,00;5280,00;5280,00;52800,00;1
WDOV26;03/07/2026;11:53:00;5283,00;5283,00;5283,00;5283,00;264150,00;5
WDOV26;03/07/2026;10:12:00;5282,50;5282,50;5282,50;5282,50;52825,00;1
WDOV26;03/07/2026;10:02:00;5280,00;5280,00;5280,00;5280,00;1056000,00;20
WDOV26;03/07/2026;09:43:00;5289,00;5289,00;5289,00;5289,00;52890,00;1
WDOV26;03/07/2026;09:38:00;5290,00;5290,50;5290,00;5290,50;105805,00;2
WDOV26;03/07/2026;09:36:00;5285,00;5285,00;5284,50;5284,50;1056905,00;20
WDOV26;03/07/2026;09:31:00;5286,50;5286,50;5286,50;5286,50;370055,00;7
WDOV26;03/07/2026;09:24:00;5298,50;5298,50;5298,50;5298,50;52985,00;1
WDOV26;03/07/2026;09:23:00;5295,00;5295,00;5295,00;5295,00;52950,00;1
WDOV26;03/07/2026;09:08:00;5300,00;5300,00;5300,00;5300,00;10600000,00;200
WDOV26;03/07/2026;09:07:00;5300,00;5300,00;5300,00;5300,00;5300000,00;100
WDOV26;03/07/2026;09:01:00;5303,00;5303,00;5303,00;5303,00;53030,00;1
WDOV26;02/07/2026;18:12:00;5309,00;5309,00;5309,00;5309,00;53090,00;1
WDOV26;02/07/2026;16:25:00;5320,00;5320,00;5320,00;5320,00;53200,00;1
WDOV26;02/07/2026;16:00:00;5312,50;5312,50;5312,50;5312,50;53125,00;1
WDOV26;02/07/2026;15:56:00;5315,00;5315,00;5315,00;5315,00;265750,00;5
WDOV26;02/07/2026;15:52:00;5312,00;5312,00;5312,00;5312,00;53120,00;1
WDOV26;02/07/2026;15:03:00;5324,00;5324,00;5324,00;5324,00;53240,00;1
WDOV26;02/07/2026;13:37:00;5323,50;5323,50;5323,50;5323,50;53235,00;1
WDOV26;02/07/2026;13:18:00;5323,50;5323,50;5323,50;5323,50;53235,00;1
WDOV26;02/07/2026;13:12:00;5311,50;5311,50;5311,50;5311,50;53115,00;1
WDOV26;02/07/2026;13:09:00;5315,00;5315,50;5315,00;5315,50;584700,00;11
WDOV26;02/07/2026;13:08:00;5314,00;5314,00;5314,00;5314,00;53140,00;1
WDOV26;02/07/2026;12:24:00;5305,00;5305,00;5305,00;5305,00;265250,00;5
WDOV26;02/07/2026;11:49:00;5305,50;5305,50;5305,50;5305,50;795825,00;15
WDOV26;02/07/2026;11:25:00;5304,50;5304,50;5304,50;5304,50;53045,00;1
WDOV26;02/07/2026;10:44:00;5290,50;5290,50;5290,50;5290,50;52905,00;1
WDOV26;02/07/2026;10:39:00;5295,50;5295,50;5295,50;5295,50;529550,00;10
WDOV26;02/07/2026;10:29:00;5305,00;5305,00;5305,00;5305,00;1061000,00;20
WDOV26;02/07/2026;10:28:00;5305,00;5305,00;5305,00;5305,00;53050,00;1
WDOV26;02/07/2026;10:12:00;5293,00;5293,00;5293,00;5293,00;264650,00;5
WDOV26;02/07/2026;10:05:00;5293,00;5293,00;5293,00;5293,00;52930,00;1
WDOV26;02/07/2026;10:01:00;5298,50;5298,50;5298,50;5298,50;105970,00;2
WDOV26;02/07/2026;09:49:00;5277,00;5277,00;5277,00;5277,00;52770,00;1
WDOV26;02/07/2026;09:45:00;5273,50;5273,50;5273,50;5273,50;52735,00;1
WDOV26;02/07/2026;09:39:00;5273,50;5273,50;5273,50;5273,50;52735,00;1
WDOV26;02/07/2026;09:38:00;5270,00;5270,00;5270,00;5270,00;52700,00;1
WDOV26;02/07/2026;09:37:00;5270,50;5270,50;5270,50;5270,50;52705,00;1
WDOV26;02/07/2026;09:31:00;5291,00;5291,00;5291,00;5291,00;52910,00;1
WDOV26;02/07/2026;09:30:00;5294,50;5294,50;5294,50;5294,50;52945,00;1
WDOV26;02/07/2026;09:28:00;5319,50;5319,50;5319,50;5319,50;53195,00;1
WDOV26;02/07/2026;09:07:00;5310,00;5310,00;5310,00;5310,00;53100,00;1
WDOV26;01/07/2026;18:22:00;5319,00;5319,00;5319,00;5319,00;159570,00;3
WDOV26;01/07/2026;16:56:00;5320,00;5320,00;5320,00;5320,00;106400,00;2
WDOV26;01/07/2026;16:40:00;5320,00;5320,00;5320,00;5320,00;106400,00;2
WDOV26;01/07/2026;16:32:00;5319,50;5319,50;5319,50;5319,50;53195,00;1
WDOV26;01/07/2026;15:52:00;5316,50;5316,50;5316,50;5316,50;53165,00;1
WDOV26;01/07/2026;15:34:00;5315,50;5315,50;5315,50;5315,50;53155,00;1
WDOV26;01/07/2026;15:15:00;5310,00;5310,00;5310,00;5310,00;53100,00;1
WDOV26;01/07/2026;14:10:00;5307,00;5307,00;5307,00;5307,00;53070,00;1
WDOV26;01/07/2026;12:09:00;5320,00;5320,00;5320,00;5320,00;1064000,00;20
WDOV26;01/07/2026;12:02:00;5311,50;5311,50;5311,50;5311,50;53115,00;1
WDOV26;01/07/2026;11:55:00;5311,50;5311,50;5311,50;5311,50;53115,00;1
WDOV26;01/07/2026;11:54:00;5312,50;5312,50;5312,50;5312,50;53125,00;1
WDOV26;01/07/2026;11:50:00;5310,00;5310,00;5310,00;5310,00;53100,00;1
WDOV26;01/07/2026;11:48:00;5310,00;5310,00;5310,00;5310,00;106200,00;2
WDOV26;01/07/2026;11:32:00;5302,50;5302,50;5302,50;5302,50;53025,00;1
WDOV26;01/07/2026;09:22:00;5293,00;5293,00;5293,00;5293,00;52930,00;1
WDOV26;01/07/2026;09:08:00;5291,50;5298,00;5291,50;5298,00;158810,00;3
WDOV26;01/07/2026;09:05:00;5289,00;5289,00;5289,00;5289,00;52890,00;1
WDOV26;30/06/2026;17:50:00;5278,00;5278,00;5278,00;5278,00;52780,00;1
WDOV26;30/06/2026;16:40:00;5279,00;5279,00;5279,00;5279,00;52790,00;1
WDOV26;30/06/2026;16:38:00;5281,50;5281,50;5281,50;5281,50;52815,00;1
WDOV26;30/06/2026;14:56:00;5282,50;5282,50;5282,50;5282,50;52825,00;1
WDOV26;30/06/2026;14:35:00;5280,50;5280,50;5280,50;5280,50;52805,00;1
WDOV26;30/06/2026;09:22:00;5307,00;5307,00;5307,00;5307,00;53070,00;1
WDOV26;29/06/2026;17:51:00;5288,00;5288,00;5288,00;5288,00;52880,00;1
WDOV26;29/06/2026;17:50:00;5286,00;5286,00;5286,00;5286,00;52860,00;1
WDOV26;29/06/2026;17:47:00;5286,00;5286,00;5286,00;5286,00;52860,00;1
WDOV26;29/06/2026;17:45:00;5285,00;5285,00;5285,00;5285,00;52850,00;1
WDOV26;29/06/2026;17:44:00;5284,00;5284,00;5284,00;5284,00;52840,00;1
WDOV26;29/06/2026;17:43:00;5283,00;5283,00;5283,00;5283,00;52830,00;1
WDOV26;29/06/2026;09:06:00;5293,50;5293,50;5293,50;5293,50;52935,00;1
WDOV26;26/06/2026;11:19:00;5280,50;5280,50;5280,50;5280,50;105610,00;2
WDOV26;25/06/2026;10:59:00;5316,00;5316,00;5316,00;5316,00;53160,00;1
WDOV26;25/06/2026;10:56:00;5309,50;5309,50;5309,50;5309,50;53095,00;1
WDOV26;25/06/2026;10:54:00;5303,00;5303,00;5303,00;5303,00;53030,00;1
WDOV26;22/06/2026;18:22:00;5265,00;5265,00;5265,00;5265,00;52650,00;1
WDOV26;22/06/2026;18:19:00;5268,00;5268,00;5268,00;5268,00;52680,00;1
WDOV26;22/06/2026;18:16:00;5269,00;5269,00;5269,00;5269,00;52690,00;1
WDOV26;22/06/2026;18:15:00;5268,00;5269,50;5268,00;5269,00;210755,00;4
WDOV26;22/06/2026;15:59:00;5264,00;5264,00;5264,00;5264,00;52640,00;1
WDOV26;22/06/2026;15:51:00;5265,00;5265,00;5265,00;5265,00;52650,00;1
WDOV26;22/06/2026;15:45:00;5266,00;5266,00;5266,00;5266,00;52660,00;1
WDOV26;22/06/2026;15:44:00;5267,00;5267,00;5267,00;5267,00;52670,00;1
WDOV26;22/06/2026;15:41:00;5268,00;5268,00;5268,00;5268,00;52680,00;1
WDOV26;22/06/2026;14:18:00;5261,00;5261,00;5261,00;5261,00;52610,00;1
WDOV26;22/06/2026;12:25:00;5250,50;5250,50;5250,50;5250,50;52505,00;1
WDOV26;22/06/2026;12:18:00;5251,50;5251,50;5251,50;5251,50;52515,00;1
WDOV26;22/06/2026;12:14:00;5253,50;5253,50;5252,50;5252,50;105060,00;2
WDOV26;22/06/2026;12:03:00;5257,50;5257,50;5257,50;5257,50;52575,00;1
WDOV26;22/06/2026;11:35:00;5265,00;5265,00;5265,00;5265,00;52650,00;1
WDOV26;22/06/2026;11:30:00;5258,50;5258,50;5258,50;5258,50;52585,00;1
WDOV26;22/06/2026;11:29:00;5259,50;5259,50;5259,50;5259,50;52595,00;1
WDOV26;22/06/2026;11:28:00;5260,50;5260,50;5260,50;5260,50;52605,00;1
WDOV26;22/06/2026;11:27:00;5262,50;5262,50;5261,50;5261,50;105240,00;2
WDOV26;22/06/2026;11:25:00;5263,50;5263,50;5263,50;5263,50;52635,00;1
WDOV26;22/06/2026;11:09:00;5264,50;5264,50;5264,50;5264,50;52645,00;1
WDOV26;22/06/2026;11:08:00;5267,50;5267,50;5265,50;5265,50;157995,00;3
WDOV26;22/06/2026;11:00:00;5274,00;5274,00;5274,00;5274,00;52740,00;1
WDOV26;22/06/2026;10:56:00;5268,50;5268,50;5268,50;5268,50;52685,00;1
WDOV26;22/06/2026;10:47:00;5270,50;5270,50;5269,50;5269,50;105400,00;2
WDOV26;22/06/2026;10:45:00;5271,50;5271,50;5271,50;5271,50;52715,00;1
WDOV26;22/06/2026;10:44:00;5276,50;5276,50;5272,50;5272,50;105490,00;2
WDOV26;22/06/2026;10:40:00;5270,00;5270,00;5270,00;5270,00;52700,00;1
WDOV26;22/06/2026;10:34:00;5265,00;5265,00;5265,00;5265,00;52650,00;1
WDOV26;22/06/2026;10:32:00;5270,00;5270,00;5270,00;5270,00;52700,00;1
WDOV26;22/06/2026;10:23:00;5266,00;5266,00;5266,00;5266,00;52660,00;1
WDOV26;22/06/2026;09:47:00;5275,50;5275,50;5275,50;5275,50;52755,00;1
WDOV26;22/06/2026;09:20:00;5277,50;5277,50;5277,50;5277,50;52775,00;1
WDOV26;22/06/2026;09:09:00;5278,50;5278,50;5277,50;5277,50;105560,00;2
WDOV26;22/06/2026;09:02:00;5279,50;5279,50;5279,50;5279,50;52795,00;1
WDOV26;22/06/2026;09:00:00;5280,50;5280,50;5280,50;5280,50;52805,00;1
WDOV26;19/06/2026;18:27:00;5282,00;5282,00;5282,00;5282,00;52820,00;1
WDOV26;19/06/2026;18:25:00;5282,00;5282,00;5282,00;5282,00;52820,00;1
WDOV26;19/06/2026;18:24:00;5280,00;5280,00;5279,00;5279,00;105590,00;2
WDOV26;19/06/2026;18:18:00;5279,00;5279,00;5279,00;5279,00;52790,00;1
WDOV26;19/06/2026;18:17:00;5279,00;5279,00;5279,00;5279,00;52790,00;1
WDOV26;19/06/2026;18:16:00;5282,50;5282,50;5280,00;5280,00;158435,00;3
WDOV26;19/06/2026;18:15:00;5280,00;5280,00;5280,00;5280,00;52800,00;1
WDOV26;19/06/2026;18:14:00;5278,00;5278,00;5278,00;5278,00;52780,00;1
WDOV26;19/06/2026;18:06:00;5277,00;5277,00;5277,00;5277,00;52770,00;1
WDOV26;19/06/2026;18:04:00;5278,00;5278,00;5278,00;5278,00;52780,00;1
WDOV26;19/06/2026;18:00:00;5280,50;5280,50;5280,50;5280,50;52805,00;1
WDOV26;19/06/2026;17:56:00;5280,00;5280,00;5278,00;5278,00;158370,00;3
WDOV26;19/06/2026;17:53:00;5280,50;5280,50;5279,50;5279,50;105600,00;2
WDOV26;19/06/2026;17:50:00;5276,00;5276,00;5276,00;5276,00;52760,00;1
WDOV26;19/06/2026;17:48:00;5280,50;5280,50;5277,00;5277,00;211140,00;4
WDOV26;19/06/2026;17:42:00;5278,50;5278,50;5278,00;5278,00;1319600,00;25
WDOV26;19/06/2026;17:41:00;5276,00;5276,00;5276,00;5276,00;52760,00;1
WDOV26;19/06/2026;17:40:00;5277,00;5277,00;5277,00;5277,00;52770,00;1
WDOV26;19/06/2026;17:36:00;5283,00;5283,00;5278,00;5278,00;316830,00;6
WDOV26;19/06/2026;17:11:00;5284,00;5284,00;5284,00;5284,00;52840,00;1
WDOV26;19/06/2026;17:10:00;5286,00;5286,00;5285,00;5285,00;105710,00;2
WDOV26;19/06/2026;17:09:00;5288,00;5288,00;5287,00;5287,00;105750,00;2
WDOV26;19/06/2026;16:11:00;5275,50;5275,50;5275,50;5275,50;52755,00;1
WDOV26;19/06/2026;13:14:00;5273,50;5273,50;5273,50;5273,50;52735,00;1
WDOV26;19/06/2026;13:13:00;5277,50;5277,50;5277,50;5277,50;52775,00;1
WDOV26;19/06/2026;13:06:00;5279,50;5279,50;5276,50;5276,50;105560,00;2
WDOV26;19/06/2026;10:32:00;5280,50;5280,50;5280,50;5280,50;52805,00;1
WDOV26;19/06/2026;10:23:00;5283,00;5283,00;5283,00;5283,00;52830,00;1
WDOV26;19/06/2026;10:21:00;5283,00;5283,00;5283,00;5283,00;52830,00;1
WDOV26;19/06/2026;10:17:00;5284,00;5284,00;5284,00;5284,00;52840,00;1
WDOV26;19/06/2026;10:06:00;5285,00;5285,00;5285,00;5285,00;52850,00;1
WDOV26;19/06/2026;10:03:00;5286,00;5286,00;5285,00;5285,00;105710,00;2
WDOV26;19/06/2026;09:41:00;5287,00;5287,00;5287,00;5287,00;52870,00;1
WDOV26;19/06/2026;09:38:00;5289,50;5289,50;5288,50;5288,50;105780,00;2
WDOV26;19/06/2026;09:36:00;5290,50;5290,50;5290,50;5290,50;52905,00;1
WDOV26;19/06/2026;09:35:00;5294,00;5294,00;5291,50;5291,50;158780,00;3
WDOV26;19/06/2026;09:34:00;5304,00;5304,00;5300,50;5300,50;106045,00;2
WDOV26;19/06/2026;09:31:00;5317,00;5317,00;5317,00;5317,00;53170,00;1
WDOV26;02/06/2026;13:30:00;5172,50;5172,50;5172,50;5172,50;3879375,00;75
WDOV26;29/05/2026;18:22:00;5187,00;5187,00;5187,00;5187,00;51870,00;1
WDOV26;29/05/2026;09:55:00;5162,00;5162,00;5162,00;5162,00;51620,00;1
WDOV26;01/12/2025;13:00:00;5708,50;5708,50;5708,50;5708,50;1370040,00;24
WDOV26;01/12/2025;12:59:00;5708,00;5708,00;5708,00;5708,00;57080,00;1
WDOV26;03/10/2025;10:39:00;5809,00;5809,00;5809,00;5809,00;1452250,00;25
WDOV26;29/08/2025;12:15:00;5860,00;5860,00;5860,00;5860,00;1465000,00;25
