WDOV26;02/09/2026;15:20:00;5138,50;5142,00;5135,00;5140,00;2252021900,00;43823
WDOV26;02/09/2026;15:10:00;5137,00;5139,50;5133,50;5138,50;1105653685,00;21524
WDOV26;02/09/2026;15:00:00;5138,50;5138,50;5136,00;5137,00;717864705,00;13974
WDOV26;02/09/2026;14:50:00;5137,00;5140,00;5137,00;5138,00;643480805,00;12523
WDOV26;02/09/2026;14:40:00;5139,50;5140,00;5135,00;5137,50;1078850555,00;21001
WDOV26;02/09/2026;14:30:00;5137,50;5140,00;5136,50;5140,00;895961315,00;17437
WDOV26;02/09/2026;14:20:00;5139,50;5140,50;5136,00;5137,00;953609345,00;18560
WDOV26;02/09/2026;14:10:00;5135,50;5140,50;5135,50;5140,00;1254565510,00;24417
WDOV26;02/09/2026;14:00:00;5135,00;5136,00;5133,00;5135,50;801827235,00;15616
WDOV26;02/09/2026;13:50:00;5133,50;5136,00;5132,50;5135,00;1504543165,00;29305
WDOV26;02/09/2026;13:40:00;5132,50;5134,50;5131,00;5133,50;1088878065,00;21215
WDOV26;02/09/2026;13:30:00;5134,00;5134,50;5130,00;5132,50;981941115,00;19135
WDOV26;02/09/2026;13:20:00;5132,50;5135,00;5130,00;5133,50;2499387940,00;48699
WDOV26;02/09/2026;13:10:00;5138,00;5138,50;5131,50;5132,50;1575310425,00;30682
WDOV26;02/09/2026;13:00:00;5137,50;5138,50;5136,00;5137,50;1224150510,00;23829
WDOV26;02/09/2026;12:50:00;5136,00;5139,00;5133,50;5137,50;1939924265,00;37769
WDOV26;02/09/2026;12:40:00;5139,00;5142,00;5133,00;5136,00;2485134815,00;48378
WDOV26;02/09/2026;12:30:00;5137,50;5141,00;5135,00;5139,50;1304054635,00;25381
WDOV26;02/09/2026;12:20:00;5137,50;5141,50;5137,00;5138,00;1727875380,00;33621
WDOV26;02/09/2026;12:10:00;5135,00;5139,50;5134,50;5138,00;1723109360,00;33541
WDOV26;02/09/2026;12:00:00;5142,00;5143,50;5133,50;5135,00;3595507895,00;69972
WDOV26;02/09/2026;11:50:00;5138,00;5144,00;5134,50;5142,00;4186938735,00;81449
WDOV26;02/09/2026;11:40:00;5136,00;5139,50;5134,50;5138,00;3739619710,00;72795
WDOV26;02/09/2026;11:30:00;5142,50;5142,50;5134,50;5136,00;4174630945,00;81252
WDOV26;02/09/2026;11:20:00;5155,00;5156,00;5137,50;5142,50;8263531095,00;160540
WDOV26;02/09/2026;11:10:00;5164,00;5164,50;5151,00;5155,00;6170715240,00;119685
WDOV26;02/09/2026;11:00:00;5160,00;5165,00;5158,50;5164,00;4814173085,00;93275
WDOV26;02/09/2026;10:50:00;5170,50;5171,50;5159,00;5159,50;4859358595,00;94110
WDOV26;02/09/2026;10:40:00;5175,00;5176,50;5166,50;5170,50;5002321415,00;96740
WDOV26;02/09/2026;10:30:00;5176,00;5180,50;5173,50;5175,50;5367465670,00;103673
WDOV26;02/09/2026;10:20:00;5192,00;5192,50;5170,50;5176,50;7452153075,00;143875
WDOV26;02/09/2026;10:10:00;5194,50;5201,50;5187,50;5192,50;5242091040,00;100890
WDOV26;02/09/2026;10:00:00;5193,00;5194,50;5189,00;5194,00;2589119730,00;49862
WDOV26;02/09/2026;09:50:00;5188,50;5193,00;5188,50;5193,00;1629594515,00;31396
WDOV26;02/09/2026;09:40:00;5189,00;5194,50;5188,00;5188,50;2548641860,00;49095
WDOV26;02/09/2026;09:30:00;5189,00;5190,50;5186,00;5189,00;1423047800,00;27425
WDOV26;02/09/2026;09:20:00;5190,50;5190,50;5181,50;5189,00;3862853280,00;74490
WDOV26;02/09/2026;09:10:00;5182,50;5191,50;5181,50;5190,00;2867110730,00;55267
WDOV26;02/09/2026;09:00:00;5189,00;5192,00;5179,50;5182,00;6030311875,00;116299
WDOV26;01/09/2026;18:20:00;5186,50;5188,50;5185,50;5187,00;383540210,00;7394
WDOV26;01/09/2026;18:10:00;5188,00;5188,50;5186,00;5186,50;557114685,00;10740
WDOV26;01/09/2026;18:00:00;5189,50;5190,00;5186,50;5187,50;466362400,00;8989
WDOV26;01/09/2026;17:50:00;5189,00;5190,00;5187,00;5189,00;509531980,00;9821
WDOV26;01/09/2026;17:40:00;5190,00;5190,00;5187,00;5189,00;405831950,00;7822
WDOV26;01/09/2026;17:30:00;5189,00;5190,00;5187,50;5190,00;477483775,00;9202
WDOV26;01/09/2026;17:20:00;5190,00;5190,50;5187,50;5189,00;549467090,00;10590
WDOV26;01/09/2026;17:10:00;5188,50;5191,50;5187,50;5190,50;970232680,00;18695
WDOV26;01/09/2026;17:00:00;5186,50;5192,50;5186,50;5188,50;2673770080,00;51519
WDOV26;01/09/2026;16:50:00;5185,00;5187,00;5184,00;5187,00;1459151355,00;28139
WDOV26;01/09/2026;16:40:00;5185,50;5186,00;5184,00;5185,00;1398127535,00;26965
WDOV26;01/09/2026;16:30:00;5183,50;5186,00;5183,50;5185,50;784211505,00;15125
WDOV26;01/09/2026;16:20:00;5185,00;5185,50;5182,50;5184,00;719102125,00;13872
WDOV26;01/09/2026;16:10:00;5183,50;5185,00;5183,00;5185,00;744186215,00;14355
WDOV26;01/09/2026;16:00:00;5182,50;5184,00;5182,00;5184,00;1136825980,00;21934
WDOV26;01/09/2026;15:50:00;5184,00;5186,00;5181,00;5182,50;2168538180,00;41840
WDOV26;01/09/2026;15:40:00;5186,00;5189,00;5184,00;5184,00;2012906110,00;38812
WDOV26;01/09/2026;15:30:00;5180,00;5187,00;5180,00;5186,50;2236565005,00;43149
WDOV26;01/09/2026;15:20:00;5177,00;5181,50;5176,50;5180,50;1797831640,00;34715
WDOV26;01/09/2026;15:10:00;5175,50;5177,00;5173,00;5176,50;1142749235,00;22082
WDOV26;01/09/2026;15:00:00;5175,50;5178,00;5174,00;5176,00;1242178305,00;23999
WDOV26;01/09/2026;14:50:00;5176,50;5178,00;5174,00;5175,50;1067297685,00;20622
WDOV26;01/09/2026;14:40:00;5175,00;5178,00;5174,00;5176,50;919569575,00;17766
WDOV26;01/09/2026;14:30:00;5174,50;5175,50;5172,50;5175,00;1319663515,00;25505
WDOV26;01/09/2026;14:20:00;5174,00;5177,00;5173,50;5174,50;1639724820,00;31684
WDOV26;01/09/2026;14:10:00;5178,50;5178,50;5171,00;5174,50;3449600740,00;66676
WDOV26;01/09/2026;14:00:00;5183,00;5184,50;5177,50;5178,00;2741720310,00;52919
WDOV26;01/09/2026;13:50:00;5183,00;5184,00;5180,50;5183,50;1300191180,00;25087
WDOV26;01/09/2026;13:40:00;5183,50;5184,50;5180,50;5183,00;1275604120,00;24612
WDOV26;01/09/2026;13:30:00;5185,00;5188,00;5182,50;5183,00;1677481950,00;32348
WDOV26;01/09/2026;13:20:00;5181,00;5185,50;5181,00;5185,00;2907835935,00;56096
WDOV26;01/09/2026;13:10:00;5178,50;5182,00;5177,00;5181,00;1625728880,00;31389
WDOV26;01/09/2026;13:00:00;5179,00;5180,00;5177,50;5178,50;1163855785,00;22474
WDOV26;01/09/2026;12:50:00;5179,50;5181,00;5178,00;5179,50;951827830,00;18377
WDOV26;01/09/2026;12:40:00;5180,00;5183,00;5179,50;5179,50;1457870180,00;28139
WDOV26;01/09/2026;12:30:00;5180,50;5182,00;5179,00;5180,00;972643730,00;18776
WDOV26;01/09/2026;12:20:00;5179,00;5183,00;5179,00;5180,50;1086417025,00;20969
WDOV26;01/09/2026;12:10:00;5178,00;5181,00;5176,00;5179,50;1554722830,00;30021
WDOV26;01/09/2026;12:00:00;5178,00;5183,50;5175,50;5178,00;4644217460,00;89666
WDOV26;01/09/2026;11:50:00;5174,50;5179,50;5174,00;5178,00;3301002700,00;63751
WDOV26;01/09/2026;11:40:00;5177,50;5177,50;5172,50;5174,50;2704319005,00;52260
WDOV26;01/09/2026;11:30:00;5182,00;5182,50;5176,00;5177,00;3135714840,00;60550
WDOV26;01/09/2026;11:20:00;5183,00;5184,00;5181,50;5182,50;2186559370,00;42187
WDOV26;01/09/2026;11:10:00;5180,50;5184,50;5178,50;5183,50;4257499080,00;82163
WDOV26;01/09/2026;11:00:00;5186,50;5187,00;5179,00;5181,00;5756667280,00;111070
WDOV26;01/09/2026;10:50:00;5194,50;5196,00;5185,00;5186,00;6000010940,00;115626
WDOV26;01/09/2026;10:40:00;5199,50;5200,50;5192,50;5194,50;3886551750,00;74797
WDOV26;01/09/2026;10:30:00;5204,50;5205,00;5197,00;5199,50;4337428605,00;83404
WDOV26;01/09/2026;10:20:00;5210,50;5211,00;5203,50;5205,00;2990426880,00;57433
WDOV26;01/09/2026;10:10:00;5215,00;5216,00;5209,00;5210,00;3691781250,00;70831
WDOV26;01/09/2026;10:00:00;5218,50;5219,00;5214,00;5214,50;3926055225,00;75263
WDOV26;01/09/2026;09:50:00;5223,00;5223,50;5217,50;5218,50;2200995410,00;42164
WDOV26;01/09/2026;09:40:00;5226,00;5228,00;5219,50;5223,00;2967741680,00;56821
WDOV26;01/09/2026;09:30:00;5227,00;5232,50;5224,50;5226,00;2912912515,00;55711
WDOV26;01/09/2026;09:20:00;5225,50;5228,00;5223,50;5227,50;3001824850,00;57447
WDOV26;01/09/2026;09:10:00;5233,00;5235,50;5224,50;5226,00;4756121060,00;90929
WDOV26;01/09/2026;09:00:00;5224,00;5233,00;5222,50;5232,50;3729261365,00;71338
WDOV26;31/08/2026;18:20:00;5217,50;5220,00;5216,50;5218,50;345549395,00;6622
WDOV26;31/08/2026;18:10:00;5219,00;5220,50;5217,00;5217,50;376912815,00;7223
WDOV26;31/08/2026;18:00:00;5220,00;5221,00;5218,50;5219,00;225474820,00;4320
WDOV26;31/08/2026;17:50:00;5221,00;5221,50;5219,50;5220,00;354686290,00;6794
WDOV26;31/08/2026;17:40:00;5220,00;5222,50;5220,00;5220,50;534474655,00;10236
WDOV26;31/08/2026;17:30:00;5219,00;5220,50;5219,00;5220,00;218703990,00;4190
WDOV26;31/08/2026;17:20:00;5220,00;5220,00;5217,00;5219,50;623651060,00;11951
WDOV26;31/08/2026;17:10:00;5216,50;5221,00;5215,50;5219,50;1979351985,00;37929
WDOV26;31/08/2026;17:00:00;5216,50;5217,50;5214,50;5216,50;943947570,00;18097
WDOV26;31/08/2026;16:50:00;5216,00;5217,00;5215,50;5216,50;652885360,00;12516
WDOV26;31/08/2026;16:40:00;5217,00;5217,00;5216,00;5216,50;996189550,00;19097
WDOV26;31/08/2026;16:30:00;5216,50;5217,50;5215,00;5217,00;1102269900,00;21132
WDOV26;31/08/2026;16:20:00;5219,50;5219,50;5215,50;5216,50;951504855,00;18238
WDOV26;31/08/2026;16:10:00;5218,50;5219,50;5217,00;5219,00;902367495,00;17293
WDOV26;31/08/2026;16:00:00;5219,50;5220,00;5216,00;5219,00;1929638870,00;36977
WDOV26;31/08/2026;15:50:00;5219,00;5220,50;5218,50;5219,50;1339094545,00;25656
WDOV26;31/08/2026;15:40:00;5224,50;5224,50;5217,50;5219,00;2290564700,00;43880
WDOV26;31/08/2026;15:30:00;5223,00;5224,50;5222,00;5224,00;862130405,00;16506
WDOV26;31/08/2026;15:20:00;5219,50;5223,00;5219,00;5223,00;895645820,00;17154
WDOV26;31/08/2026;15:10:00;5221,00;5221,50;5219,50;5220,00;753137205,00;14427
WDOV26;31/08/2026;15:00:00;5220,50;5222,00;5219,50;5220,50;805415870,00;15428
WDOV26;31/08/2026;14:50:00;5218,50;5221,00;5218,00;5220,00;1588837230,00;30440
WDOV26;31/08/2026;14:40:00;5221,00;5223,00;5218,00;5218,50;1184232640,00;22685
WDOV26;31/08/2026;14:30:00;5220,50;5223,00;5219,00;5221,00;1728294595,00;33102
WDOV26;31/08/2026;14:20:00;5216,00;5221,50;5216,00;5221,00;1161196950,00;22250
WDOV26;31/08/2026;14:10:00;5218,00;5219,00;5216,00;5216,00;569982555,00;10925
WDOV26;31/08/2026;14:00:00;5215,00;5219,00;5214,00;5218,50;1013558325,00;19429
WDOV26;31/08/2026;13:50:00;5214,00;5217,00;5213,00;5215,00;949744195,00;18211
WDOV26;31/08/2026;13:40:00;5214,00;5215,00;5212,50;5214,00;574098035,00;11011
WDOV26;31/08/2026;13:30:00;5213,50;5214,50;5213,00;5214,50;537907685,00;10317
WDOV26;31/08/2026;13:20:00;5213,00;5215,00;5212,00;5214,00;779422810,00;14950
WDOV26;31/08/2026;13:10:00;5215,00;5215,50;5213,00;5213,50;641201900,00;12298
WDOV26;31/08/2026;13:00:00;5216,50;5217,00;5213,50;5215,00;1417679815,00;27184
WDOV26;31/08/2026;12:50:00;5212,00;5217,00;5211,00;5216,50;1211386810,00;23232
WDOV26;31/08/2026;12:40:00;5211,50;5213,00;5210,00;5211,50;840943840,00;16137
WDOV26;31/08/2026;12:30:00;5211,50;5213,50;5210,50;5211,50;1444265310,00;27711
WDOV26;31/08/2026;12:20:00;5215,50;5216,50;5211,00;5211,50;1070038835,00;20524
WDOV26;31/08/2026;12:10:00;5216,00;5216,50;5213,00;5215,50;1387105405,00;26600
WDOV26;31/08/2026;12:00:00;5215,50;5218,00;5214,00;5216,00;2633261200,00;50482
WDOV26;31/08/2026;11:50:00;5220,00;5221,00;5214,00;5216,00;4096180585,00;78526
WDOV26;31/08/2026;11:40:00;5219,00;5221,00;5215,00;5220,00;1659881555,00;31813
WDOV26;31/08/2026;11:30:00;5218,50;5221,00;5216,50;5219,00;2199627665,00;42149
WDOV26;31/08/2026;11:20:00;5215,50;5219,50;5214,00;5218,00;2024679985,00;38811
WDOV26;31/08/2026;11:10:00;5216,00;5219,00;5214,50;5216,00;1728467285,00;33134
WDOV26;31/08/2026;11:00:00;5214,00;5218,50;5212,50;5215,50;3198955040,00;61334
WDOV26;31/08/2026;10:50:00;5204,50;5214,00;5204,50;5213,50;2902956495,00;55723
WDOV26;31/08/2026;10:40:00;5198,50;5206,00;5194,50;5204,50;4121274310,00;79258
WDOV26;31/08/2026;10:30:00;5202,50;5203,50;5196,00;5198,50;4115419990,00;79155
WDOV26;31/08/2026;10:20:00;5209,00;5211,00;5201,00;5202,00;2427287595,00;46624
WDOV26;31/08/2026;10:10:00;5209,50;5211,50;5207,00;5209,00;2535813450,00;48676
WDOV26;31/08/2026;10:00:00;5214,50;5217,00;5208,00;5210,00;3848111230,00;73820
WDOV26;31/08/2026;09:50:00;5212,00;5215,50;5207,00;5214,50;2380687835,00;45689
WDOV26;31/08/2026;09:40:00;5209,00;5215,00;5207,50;5212,00;3181997260,00;61059
WDOV26;31/08/2026;09:30:00;5203,50;5210,00;5200,00;5209,50;3530809750,00;67836
WDOV26;31/08/2026;09:20:00;5202,00;5205,00;5199,00;5203,50;2859650365,00;54972
WDOV26;31/08/2026;09:10:00;5206,50;5208,00;5199,00;5202,50;3259500890,00;62650
WDOV26;31/08/2026;09:00:00;5219,50;5221,00;5204,00;5207,00;5391909550,00;103483
WDOV26;28/08/2026;18:20:00;5225,00;5225,50;5222,00;5222,50;83837380,00;1605
WDOV26;28/08/2026;18:10:00;5230,50;5230,50;5224,00;5225,00;69777665,00;1335
WDOV26;28/08/2026;18:00:00;5231,50;5232,00;5230,50;5231,50;42111430,00;805
WDOV26;28/08/2026;17:50:00;5231,50;5233,00;5230,50;5231,50;96479400,00;1844
WDOV26;28/08/2026;17:40:00;5232,00;5234,00;5231,00;5232,00;35162985,00;672
WDOV26;28/08/2026;17:30:00;5233,00;5233,00;5230,50;5231,50;86739735,00;1658
WDOV26;28/08/2026;17:20:00;5233,50;5235,50;5233,50;5233,50;77571970,00;1482
WDOV26;28/08/2026;17:10:00;5234,00;5234,50;5232,50;5233,50;89024705,00;1701
WDOV26;28/08/2026;17:00:00;5233,00;5236,50;5232,50;5234,50;101427640,00;1938
WDOV26;28/08/2026;16:50:00;5236,00;5236,00;5232,00;5233,00;126298725,00;2413
WDOV26;28/08/2026;16:40:00;5237,50;5237,50;5233,50;5236,00;82983885,00;1585
WDOV26;28/08/2026;16:30:00;5238,50;5239,50;5237,50;5237,50;46205205,00;882
WDOV26;28/08/2026;16:20:00;5241,50;5241,50;5238,00;5238,00;41446910,00;791
WDOV26;28/08/2026;16:10:00;5241,50;5243,50;5240,00;5241,00;107667260,00;2054
WDOV26;28/08/2026;16:00:00;5242,00;5243,50;5240,50;5241,00;138288065,00;2638
WDOV26;28/08/2026;15:50:00;5244,00;5245,00;5241,00;5242,00;452776510,00;8636
WDOV26;28/08/2026;15:40:00;5244,00;5246,00;5243,00;5244,50;95238765,00;1816
WDOV26;28/08/2026;15:30:00;5249,50;5249,50;5241,50;5243,50;186120540,00;3549
WDOV26;28/08/2026;15:20:00;5250,50;5251,00;5246,00;5249,00;93425150,00;1780
WDOV26;28/08/2026;15:10:00;5251,50;5252,50;5248,50;5251,00;66157475,00;1260
WDOV26;28/08/2026;15:00:00;5250,50;5254,00;5249,50;5252,00;157296215,00;2995
WDOV26;28/08/2026;14:50:00;5252,00;5252,50;5248,50;5250,50;113093695,00;2154
WDOV26;28/08/2026;14:40:00;5257,00;5259,00;5251,50;5251,50;36257235,00;690
WDOV26;28/08/2026;14:30:00;5250,50;5256,50;5250,00;5256,50;55734955,00;1061
WDOV26;28/08/2026;14:20:00;5251,50;5252,50;5250,00;5251,00;63015550,00;1200
WDOV26;28/08/2026;14:10:00;5253,00;5254,50;5251,00;5252,00;33980160,00;647
WDOV26;28/08/2026;14:00:00;5251,50;5253,50;5250,50;5253,00;61497685,00;1171
WDOV26;28/08/2026;13:50:00;5248,50;5252,00;5247,50;5252,00;63046170,00;1201
WDOV26;28/08/2026;13:40:00;5252,00;5256,50;5248,50;5249,00;70955910,00;1351
WDOV26;28/08/2026;13:30:00;5256,50;5256,50;5250,00;5252,50;120869925,00;2301
WDOV26;28/08/2026;13:20:00;5265,00;5265,50;5255,50;5256,50;81211425,00;1544
WDOV26;28/08/2026;13:10:00;5262,00;5267,50;5260,50;5264,50;121176340,00;2302
WDOV26;28/08/2026;13:00:00;5254,00;5263,00;5253,00;5261,50;121034710,00;2302
WDOV26;28/08/2026;12:50:00;5252,00;5254,50;5249,00;5254,50;41376620,00;788
WDOV26;28/08/2026;12:40:00;5252,50;5252,50;5248,50;5251,50;437794005,00;8338
WDOV26;28/08/2026;12:30:00;5245,50;5252,50;5244,00;5252,50;52957785,00;1009
WDOV26;28/08/2026;12:20:00;5246,50;5248,00;5244,00;5245,50;56394290,00;1075
WDOV26;28/08/2026;12:10:00;5246,50;5250,50;5243,50;5246,50;210395685,00;4010
WDOV26;28/08/2026;12:00:00;5240,00;5247,50;5238,00;5246,00;144592855,00;2758
WDOV26;28/08/2026;11:50:00;5244,00;5244,00;5236,00;5240,50;75031990,00;1432
WDOV26;28/08/2026;11:40:00;5239,50;5246,00;5238,50;5245,50;84021635,00;1603
WDOV26;28/08/2026;11:30:00;5245,50;5245,50;5236,50;5239,50;165914605,00;3166
WDOV26;28/08/2026;11:20:00;5238,50;5249,00;5235,50;5246,00;254075975,00;4845
WDOV26;28/08/2026;11:10:00;5227,00;5238,50;5226,00;5238,50;206588205,00;3949
WDOV26;28/08/2026;11:00:00;5223,00;5231,00;5213,50;5227,50;307224565,00;5878
WDOV26;28/08/2026;10:50:00;5227,50;5228,50;5215,00;5225,00;199019030,00;3811
WDOV26;28/08/2026;10:40:00;5231,00;5233,00;5226,50;5227,00;135745390,00;2595
WDOV26;28/08/2026;10:30:00;5225,50;5232,00;5225,00;5230,50;747467460,00;14301
WDOV26;28/08/2026;10:20:00;5221,00;5228,00;5220,50;5225,50;156716530,00;3000
WDOV26;28/08/2026;10:10:00;5212,50;5221,50;5211,50;5221,00;116284845,00;2229
WDOV26;28/08/2026;10:00:00;5207,00;5212,50;5207,00;5212,00;73575700,00;1412
WDOV26;28/08/2026;09:50:00;5202,50;5208,50;5202,50;5206,50;62663650,00;1204
WDOV26;28/08/2026;09:40:00;5202,00;5203,50;5198,00;5203,50;139957400,00;2691
WDOV26;28/08/2026;09:30:00;5198,50;5202,50;5197,00;5202,00;53146510,00;1022
WDOV26;28/08/2026;09:20:00;5200,50;5201,00;5196,50;5199,50;33480115,00;644
WDOV26;28/08/2026;09:10:00;5200,50;5203,00;5199,00;5200,50;79945180,00;1537
WDOV26;28/08/2026;09:00:00;5200,00;5203,50;5194,00;5200,50;264252100,00;5083
WDOV26;27/08/2026;18:20:00;5200,50;5200,50;5200,00;5200,00;31564785,00;607
WDOV26;27/08/2026;18:10:00;5200,00;5201,50;5200,00;5200,00;138650050,00;2666
WDOV26;27/08/2026;18:00:00;5201,50;5202,50;5200,50;5200,50;52839440,00;1016
WDOV26;27/08/2026;17:50:00;5201,50;5202,00;5201,00;5201,00;107714715,00;2071
WDOV26;27/08/2026;17:40:00;5201,00;5202,00;5200,50;5202,00;56014130,00;1077
WDOV26;27/08/2026;17:30:00;5200,50;5201,50;5200,00;5201,50;64118065,00;1233
WDOV26;27/08/2026;17:20:00;5201,00;5201,50;5200,00;5201,50;15551260,00;299
WDOV26;27/08/2026;17:10:00;5200,50;5201,50;5200,50;5201,00;279242045,00;5369
WDOV26;27/08/2026;17:00:00;5202,00;5202,00;5199,50;5200,00;40922815,00;787
WDOV26;27/08/2026;16:50:00;5204,50;5205,00;5202,50;5202,50;2497905,00;48
WDOV26;27/08/2026;16:40:00;5204,00;5205,00;5204,00;5204,50;4840475,00;93
WDOV26;27/08/2026;16:30:00;5204,00;5204,50;5203,50;5204,50;5516595,00;106
WDOV26;27/08/2026;16:20:00;5202,50;5204,00;5202,00;5204,00;5567085,00;107
WDOV26;27/08/2026;16:10:00;5201,50;5202,50;5200,50;5202,50;370070045,00;7114
WDOV26;27/08/2026;16:00:00;5199,50;5202,50;5199,50;5201,50;4369520,00;84
WDOV26;27/08/2026;15:50:00;5202,00;5202,00;5198,50;5199,50;98539650,00;1895
WDOV26;27/08/2026;15:40:00;5200,00;5203,50;5199,50;5202,00;20024685,00;385
WDOV26;27/08/2026;15:30:00;5203,00;5203,50;5199,50;5200,00;43324020,00;833
WDOV26;27/08/2026;15:20:00;5203,00;5203,50;5201,50;5203,50;25699715,00;494
WDOV26;27/08/2026;15:10:00;5204,50;5204,50;5202,50;5202,50;58693740,00;1128
WDOV26;27/08/2026;15:00:00;5204,00;5207,00;5204,00;5204,50;20614060,00;396
WDOV26;27/08/2026;14:50:00;5206,50;5206,50;5203,00;5204,50;55581945,00;1068
WDOV26;27/08/2026;14:40:00;5206,00;5207,00;5204,50;5207,00;22645680,00;435
WDOV26;27/08/2026;14:30:00;5208,00;5208,00;5204,50;5206,00;47119455,00;905
WDOV26;27/08/2026;14:20:00;5209,50;5210,50;5207,50;5207,50;11564965,00;222
WDOV26;27/08/2026;14:10:00;5209,00;5210,50;5209,00;5210,00;2448625,00;47
WDOV26;27/08/2026;14:00:00;5209,50;5210,00;5208,50;5208,50;8282945,00;159
WDOV26;27/08/2026;13:50:00;5210,00;5210,50;5209,50;5209,50;3230120,00;62
WDOV26;27/08/2026;13:40:00;5209,00;5210,50;5208,50;5210,00;2240045,00;43
WDOV26;27/08/2026;13:30:00;5209,50;5209,50;5208,00;5209,00;4219375,00;81
WDOV26;27/08/2026;13:20:00;5211,50;5212,00;5209,00;5209,50;6929410,00;133
WDOV26;27/08/2026;13:10:00;5211,50;5213,00;5211,00;5212,50;3961120,00;76
WDOV26;27/08/2026;13:00:00;5208,50;5211,50;5208,50;5211,50;9222095,00;177
WDOV26;27/08/2026;12:50:00;5208,00;5209,00;5206,50;5209,00;7759105,00;149
WDOV26;27/08/2026;12:40:00;5208,50;5209,50;5206,50;5208,50;36661370,00;704
WDOV26;27/08/2026;12:30:00;5211,50;5213,50;5208,00;5208,00;43977000,00;844
WDOV26;27/08/2026;12:20:00;5212,50;5213,50;5211,00;5213,00;31480845,00;604
WDOV26;27/08/2026;12:10:00;5209,50;5213,00;5208,50;5212,00;33508935,00;643
WDOV26;27/08/2026;12:00:00;5208,50;5211,00;5207,50;5210,00;34589655,00;664
WDOV26;27/08/2026;11:50:00;5203,50;5209,50;5202,00;5209,00;28734205,00;552
WDOV26;27/08/2026;11:40:00;5200,00;5203,00;5198,50;5203,00;28916345,00;556
WDOV26;27/08/2026;11:30:00;5202,00;5202,00;5199,50;5200,50;45298440,00;871
WDOV26;27/08/2026;11:20:00;5200,00;5202,50;5199,00;5202,00;20905660,00;402
WDOV26;27/08/2026;11:10:00;5199,50;5203,00;5199,00;5199,00;29074485,00;559
WDOV26;27/08/2026;11:00:00;5194,50;5199,00;5194,00;5199,00;20421695,00;393
WDOV26;27/08/2026;10:50:00;5194,50;5195,50;5193,00;5194,50;10492710,00;202
WDOV26;27/08/2026;10:40:00;5192,50;5196,50;5191,50;5195,00;69177055,00;1332
WDOV26;27/08/2026;10:30:00;5189,50;5192,50;5189,50;5192,50;17806360,00;343
WDOV26;27/08/2026;10:20:00;5191,50;5192,50;5185,00;5189,00;617557205,00;11897
WDOV26;27/08/2026;10:10:00;5192,50;5193,50;5189,50;5192,50;39605495,00;763
WDOV26;27/08/2026;10:00:00;5194,00;5196,00;5192,00;5192,50;31892980,00;614
WDOV26;27/08/2026;09:50:00;5192,50;5196,00;5192,00;5193,50;16465685,00;317
WDOV26;27/08/2026;09:40:00;5189,00;5192,00;5187,50;5192,00;12403945,00;239
WDOV26;27/08/2026;09:30:00;5187,00;5190,00;5183,50;5189,00;14057875,00;271
WDOV26;27/08/2026;09:20:00;5184,50;5190,50;5183,50;5187,50;35425360,00;683
WDOV26;27/08/2026;09:10:00;5181,00;5185,50;5181,00;5184,00;29183825,00;563
WDOV26;27/08/2026;09:00:00;5188,00;5193,50;5180,50;5181,00;71848735,00;1385
WDOV26;26/08/2026;18:20:00;5183,00;5185,00;5182,50;5185,00;2695245,00;52
WDOV26;26/08/2026;18:10:00;5185,50;5186,00;5180,00;5184,00;9690100,00;187
WDOV26;26/08/2026;18:00:00;5188,00;5188,50;5185,50;5185,50;3838380,00;74
WDOV26;26/08/2026;17:50:00;5190,00;5190,00;5188,00;5188,00;3580080,00;69
WDOV26;26/08/2026;17:40:00;5190,00;5191,00;5190,00;5190,50;1764650,00;34
WDOV26;26/08/2026;17:30:00;5188,50;5189,50;5188,50;5188,50;1193445,00;23
WDOV26;26/08/2026;17:20:00;5189,50;5189,50;5188,00;5188,50;3631990,00;70
WDOV26;26/08/2026;17:10:00;5188,50;5189,50;5188,50;5189,00;933970,00;18
WDOV26;26/08/2026;17:00:00;5191,00;5191,50;5187,50;5187,50;4618955,00;89
WDOV26;26/08/2026;16:50:00;5193,50;5193,50;5191,50;5191,50;986545,00;19
WDOV26;26/08/2026;16:40:00;5191,50;5192,00;5191,50;5192,00;778750,00;15
WDOV26;26/08/2026;16:30:00;5192,50;5192,50;5192,00;5192,00;207685,00;4
WDOV26;26/08/2026;16:20:00;5194,50;5194,50;5191,50;5191,50;415420,00;8
WDOV26;26/08/2026;16:10:00;5193,00;5194,50;5193,00;5194,50;675190,00;13
WDOV26;26/08/2026;16:00:00;5194,00;5194,00;5192,00;5192,00;571305,00;11
WDOV26;26/08/2026;15:50:00;5192,00;5192,50;5191,50;5192,50;311535,00;6
WDOV26;26/08/2026;15:40:00;5192,00;5194,00;5192,00;5194,00;415435,00;8
WDOV26;26/08/2026;15:30:00;5192,50;5195,00;5191,50;5192,50;5245365,00;101
WDOV26;26/08/2026;15:20:00;5193,50;5194,50;5192,00;5192,50;5453085,00;105
WDOV26;26/08/2026;15:10:00;5192,00;5193,50;5192,00;5193,50;1557870,00;30
WDOV26;26/08/2026;15:00:00;5192,00;5194,00;5191,50;5194,00;311540,00;6
WDOV26;26/08/2026;14:50:00;5194,00;5194,00;5192,00;5192,00;363485,00;7
WDOV26;26/08/2026;14:40:00;5193,50;5194,50;5193,50;5194,50;882935,00;17
WDOV26;26/08/2026;14:30:00;5192,50;5194,00;5192,50;5194,00;311580,00;6
WDOV26;26/08/2026;14:20:00;5193,50;5193,50;5192,50;5192,50;2648620,00;51
WDOV26;26/08/2026;14:10:00;5195,50;5196,00;5193,50;5193,50;8416245,00;162
WDOV26;26/08/2026;14:00:00;5198,00;5198,00;5196,50;5197,00;1143320,00;22
WDOV26;26/08/2026;13:50:00;5198,50;5200,00;5198,50;5200,00;363940,00;7
WDOV26;26/08/2026;13:40:00;5199,50;5199,50;5198,50;5198,50;571870,00;11
WDOV26;26/08/2026;13:30:00;5197,00;5199,00;5197,00;5198,50;2235180,00;43
WDOV26;26/08/2026;13:20:00;5197,00;5197,50;5195,50;5196,50;675550,00;13
WDOV26;26/08/2026;13:10:00;5198,50;5198,50;5197,00;5198,00;935600,00;18
WDOV26;26/08/2026;13:00:00;5200,50;5202,00;5199,50;5199,50;1352035,00;26
WDOV26;26/08/2026;12:50:00;5199,00;5203,50;5199,00;5201,50;1248325,00;24
WDOV26;26/08/2026;12:40:00;5198,00;5198,50;5197,50;5198,50;1039650,00;20
WDOV26;26/08/2026;12:30:00;5199,00;5199,00;5198,00;5198,50;779730,00;15
WDOV26;26/08/2026;12:20:00;5200,50;5201,00;5200,00;5200,00;1872295,00;36
WDOV26;26/08/2026;12:10:00;5198,50;5200,00;5198,50;5200,00;1507645,00;29
WDOV26;26/08/2026;12:00:00;5201,00;5202,00;5198,00;5198,00;1456075,00;28
WDOV26;26/08/2026;11:50:00;5201,50;5203,00;5199,50;5199,50;2080255,00;40
WDOV26;26/08/2026;11:40:00;5199,50;5203,00;5199,00;5203,00;6919480,00;133
WDOV26;26/08/2026;11:30:00;5198,50;5200,00;5197,50;5198,50;8161685,00;157
WDOV26;26/08/2026;11:20:00;5195,00;5198,00;5195,00;5196,00;1143335,00;22
WDOV26;26/08/2026;11:10:00;5193,50;5194,50;5191,50;5194,50;1142530,00;22
WDOV26;26/08/2026;11:00:00;5194,50;5198,00;5191,00;5194,00;4466745,00;86
WDOV26;26/08/2026;10:50:00;5198,50;5199,00;5195,00;5196,00;4677015,00;90
WDOV26;26/08/2026;10:40:00;5200,00;5201,00;5197,50;5199,50;31505680,00;606
WDOV26;26/08/2026;10:30:00;5196,50;5202,50;5196,00;5200,00;27821275,00;535
WDOV26;26/08/2026;10:20:00;5196,00;5199,00;5196,00;5198,50;3066450,00;59
WDOV26;26/08/2026;10:10:00;5199,50;5200,00;5196,00;5196,50;12005525,00;231
WDOV26;26/08/2026;10:00:00;5201,00;5203,50;5198,00;5200,00;10766890,00;207
WDOV26;26/08/2026;09:50:00;5192,50;5201,00;5192,50;5201,00;6133945,00;118
WDOV26;26/08/2026;09:40:00;5190,50;5195,50;5190,50;5193,00;14749855,00;284
WDOV26;26/08/2026;09:30:00;5185,00;5191,00;5184,00;5190,50;9389220,00;181
WDOV26;26/08/2026;09:20:00;5183,00;5185,00;5182,50;5182,50;5753585,00;111
WDOV26;26/08/2026;09:10:00;5185,50;5186,00;5182,00;5185,00;3473130,00;67
WDOV26;26/08/2026;09:00:00;5185,00;5191,00;5178,50;5184,50;67631580,00;1305
WDOV26;25/08/2026;18:20:00;5188,00;5189,00;5187,00;5188,50;466890,00;9
WDOV26;25/08/2026;18:00:00;5188,00;5188,00;5188,00;5188,00;207520,00;4
WDOV26;25/08/2026;17:50:00;5187,00;5188,50;5186,50;5188,50;3786965,00;73
WDOV26;25/08/2026;17:40:00;5187,00;5188,00;5187,00;5187,50;778130,00;15
WDOV26;25/08/2026;17:30:00;5187,00;5187,50;5187,00;5187,00;933725,00;18
WDOV26;25/08/2026;17:20:00;5184,50;5187,00;5184,50;5187,00;5237530,00;101
WDOV26;25/08/2026;17:10:00;5181,00;5185,50;5180,00;5184,50;4405445,00;85
WDOV26;25/08/2026;17:00:00;5180,00;5182,50;5180,00;5181,50;6424360,00;124
WDOV26;25/08/2026;16:50:00;5184,50;5184,50;5180,00;5180,50;17305480,00;334
WDOV26;25/08/2026;16:40:00;5186,50;5187,00;5185,00;5185,00;1763080,00;34
WDOV26;25/08/2026;16:30:00;5187,00;5187,50;5186,50;5186,50;1089235,00;21
WDOV26;25/08/2026;16:20:00;5188,00;5188,00;5185,50;5187,00;1348580,00;26
WDOV26;25/08/2026;16:10:00;5185,50;5188,00;5185,50;5187,50;1919010,00;37
WDOV26;25/08/2026;16:00:00;5187,50;5188,00;5185,50;5185,50;15405035,00;297
WDOV26;25/08/2026;15:50:00;5186,50;5187,50;5186,50;5187,50;4823905,00;93
WDOV26;25/08/2026;15:40:00;5187,50;5188,00;5186,50;5187,00;4512720,00;87
WDOV26;25/08/2026;15:30:00;5188,50;5188,50;5186,50;5187,00;6795215,00;131
WDOV26;25/08/2026;15:20:00;5189,50;5190,00;5189,00;5189,50;726530,00;14
WDOV26;25/08/2026;15:10:00;5190,00;5190,00;5190,00;5190,00;155700,00;3
WDOV26;25/08/2026;15:00:00;5191,50;5192,00;5190,50;5190,50;1764875,00;34
WDOV26;25/08/2026;14:50:00;5191,00;5191,50;5190,00;5190,50;986265,00;19
WDOV26;25/08/2026;14:40:00;5192,50;5192,50;5189,50;5190,50;2283800,00;44
WDOV26;25/08/2026;14:30:00;5193,50;5193,50;5191,00;5192,00;1817200,00;35
WDOV26;25/08/2026;14:20:00;5191,50;5193,50;5191,50;5193,50;623075,00;12
WDOV26;25/08/2026;14:10:00;5192,00;5193,00;5191,50;5191,50;934645,00;18
WDOV26;25/08/2026;14:00:00;5191,00;5192,50;5190,50;5192,50;1038205,00;20
WDOV26;25/08/2026;13:50:00;5191,00;5191,50;5190,50;5191,50;1661125,00;32
WDOV26;25/08/2026;13:40:00;5189,00;5192,00;5188,50;5191,00;8253475,00;159
WDOV26;25/08/2026;13:30:00;5188,00;5190,50;5188,00;5188,50;1401200,00;27
WDOV26;25/08/2026;13:20:00;5189,50;5190,00;5188,00;5188,50;3528320,00;68
WDOV26;25/08/2026;13:10:00;5188,00;5189,00;5188,00;5189,00;882020,00;17
WDOV26;25/08/2026;13:00:00;5185,50;5188,00;5185,00;5188,00;1971030,00;38
WDOV26;25/08/2026;12:50:00;5187,00;5188,50;5185,50;5185,50;985560,00;19
WDOV26;25/08/2026;12:40:00;5188,00;5189,00;5188,00;5188,00;674480,00;13
WDOV26;25/08/2026;12:30:00;5188,00;5189,00;5184,50;5189,00;18045760,00;348
WDOV26;25/08/2026;12:20:00;5188,50;5190,50;5188,00;5189,00;6953405,00;134
WDOV26;25/08/2026;12:10:00;5187,00;5188,50;5187,00;5188,50;1556490,00;30
WDOV26;25/08/2026;12:00:00;5188,50;5188,50;5186,50;5187,50;2905200,00;56
WDOV26;25/08/2026;11:50:00;5188,00;5190,00;5188,00;5188,00;882085,00;17
WDOV26;25/08/2026;11:40:00;5187,50;5188,00;5184,50;5186,50;1192800,00;23
WDOV26;25/08/2026;11:30:00;5186,50;5191,00;5186,50;5189,00;8562690,00;165
WDOV26;25/08/2026;11:20:00;5186,50;5186,50;5185,00;5185,00;570435,00;11
WDOV26;25/08/2026;11:10:00;5190,50;5190,50;5188,00;5188,00;1141720,00;22
WDOV26;25/08/2026;11:00:00;5189,00;5191,50;5189,00;5189,00;1089855,00;21
WDOV26;25/08/2026;10:40:00;5189,00;5193,50;5189,00;5192,50;1712870,00;33
WDOV26;25/08/2026;10:30:00;5184,00;5187,00;5183,50;5187,00;6325665,00;122
WDOV26;25/08/2026;10:20:00;5185,00;5185,50;5183,00;5183,50;3784830,00;73
WDOV26;25/08/2026;10:10:00;5190,00;5190,00;5184,00;5186,00;4511755,00;87
WDOV26;25/08/2026;10:00:00;5193,00;5196,00;5189,00;5189,50;3478895,00;67
WDOV26;25/08/2026;09:50:00;5196,00;5197,00;5192,50;5192,50;7585030,00;146
WDOV26;25/08/2026;09:40:00;5203,00;5203,00;5194,50;5196,00;5510215,00;106
WDOV26;25/08/2026;09:30:00;5202,00;5205,50;5200,50;5203,50;4110850,00;79
WDOV26;25/08/2026;09:20:00;5195,50;5206,00;5195,00;5202,00;7281565,00;140
WDOV26;25/08/2026;09:10:00;5200,50;5201,00;5196,00;5197,00;2547255,00;49
WDOV26;25/08/2026;09:00:00;5192,50;5200,00;5187,00;5200,00;3635740,00;70
WDOV26;24/08/2026;18:20:00;5198,50;5200,00;5198,50;5199,50;1039840,00;20
WDOV26;24/08/2026;18:10:00;5199,00;5200,00;5198,50;5200,00;3171905,00;61
WDOV26;24/08/2026;18:00:00;5196,50;5199,50;5196,50;5199,50;1403655,00;27
WDOV26;24/08/2026;17:50:00;5194,00;5195,50;5193,50;5195,00;1298720,00;25
WDOV26;24/08/2026;17:40:00;5194,00;5194,00;5193,00;5193,00;571275,00;11
WDOV26;24/08/2026;17:30:00;5193,50;5194,50;5193,50;5193,50;415510,00;8
WDOV26;24/08/2026;17:20:00;5192,50;5192,50;5191,50;5192,50;986475,00;19
WDOV26;24/08/2026;17:10:00;5192,50;5192,50;5190,50;5190,50;363400,00;7
WDOV26;24/08/2026;17:00:00;5194,50;5194,50;5193,50;5193,50;155820,00;3
WDOV26;24/08/2026;16:50:00;5195,50;5195,50;5194,00;5195,50;519490,00;10
WDOV26;24/08/2026;16:40:00;5197,00;5197,00;5195,50;5195,50;311790,00;6
WDOV26;24/08/2026;16:30:00;5196,50;5197,00;5196,00;5197,00;467685,00;9
WDOV26;24/08/2026;16:20:00;5196,00;5196,00;5195,50;5195,50;467625,00;9
WDOV26;24/08/2026;16:10:00;5196,50;5197,50;5196,50;5196,50;467740,00;9
WDOV26;24/08/2026;16:00:00;5195,50;5196,50;5194,00;5195,50;727305,00;14
WDOV26;24/08/2026;15:50:00;5194,50;5196,50;5194,50;5196,50;675485,00;13
WDOV26;24/08/2026;15:40:00;5193,00;5194,50;5192,50;5194,00;1558090,00;30
WDOV26;24/08/2026;15:30:00;5193,00;5193,50;5192,50;5193,50;1038605,00;20
WDOV26;24/08/2026;15:20:00;5192,50;5193,50;5192,00;5192,50;311565,00;6
WDOV26;24/08/2026;15:10:00;5194,00;5195,00;5191,50;5193,00;3219570,00;62
WDOV26;24/08/2026;15:00:00;5193,50;5195,50;5192,00;5195,50;1558005,00;30
WDOV26;24/08/2026;14:50:00;5193,00;5196,00;5192,50;5194,50;1869995,00;36
WDOV26;24/08/2026;14:40:00;5191,00;5194,00;5191,00;5193,00;1298190,00;25
WDOV26;24/08/2026;14:30:00;5189,00;5192,50;5189,00;5191,00;1609075,00;31
WDOV26;24/08/2026;14:20:00;5185,50;5190,00;5185,50;5189,00;2023255,00;39
WDOV26;24/08/2026;14:10:00;5184,50;5185,00;5183,50;5183,50;725825,00;14
WDOV26;24/08/2026;14:00:00;5187,00;5188,00;5184,00;5184,50;1140750,00;22
WDOV26;24/08/2026;13:50:00;5186,00;5187,00;5186,00;5187,00;1296705,00;25
WDOV26;24/08/2026;13:40:00;5186,00;5187,00;5185,50;5186,00;570465,00;11
WDOV26;24/08/2026;13:30:00;5184,00;5186,00;5183,50;5185,00;933265,00;18
WDOV26;24/08/2026;13:20:00;5188,50;5188,50;5184,00;5186,00;622325,00;12
WDOV26;24/08/2026;13:10:00;5190,50;5191,00;5189,00;5189,50;467130,00;9
WDOV26;24/08/2026;13:00:00;5190,00;5191,50;5188,00;5191,50;1712565,00;33
WDOV26;24/08/2026;12:50:00;5188,00;5190,00;5188,00;5190,00;830370,00;16
WDOV26;24/08/2026;12:40:00;5188,00;5189,50;5188,00;5189,50;830155,00;16
WDOV26;24/08/2026;12:30:00;5186,00;5188,50;5186,00;5188,00;2075185,00;40
WDOV26;24/08/2026;12:20:00;5191,00;5191,00;5183,50;5185,50;11355205,00;219
WDOV26;24/08/2026;12:10:00;5190,00;5190,50;5189,00;5190,50;1920075,00;37
WDOV26;24/08/2026;12:00:00;5190,00;5190,00;5188,50;5188,50;103785,00;2
WDOV26;24/08/2026;11:50:00;5192,00;5193,00;5189,50;5189,50;4984370,00;96
WDOV26;24/08/2026;11:40:00;5189,00;5190,00;5188,00;5190,00;1245450,00;24
WDOV26;24/08/2026;11:30:00;5190,50;5190,50;5185,50;5188,50;11670080,00;225
WDOV26;24/08/2026;11:20:00;5192,00;5192,50;5189,00;5189,00;1764855,00;34
WDOV26;24/08/2026;11:10:00;5193,50;5195,00;5192,50;5193,00;2025670,00;39
WDOV26;24/08/2026;11:00:00;5194,00;5195,50;5193,50;5194,50;5298950,00;102
WDOV26;24/08/2026;10:50:00;5191,00;5193,00;5190,50;5190,50;3634085,00;70
WDOV26;24/08/2026;10:40:00;5195,50;5196,50;5191,00;5191,00;12361690,00;238
WDOV26;24/08/2026;10:30:00;5204,00;5204,00;5195,50;5195,50;16163155,00;311
WDOV26;24/08/2026;10:20:00;5198,50;5205,00;5198,50;5204,00;3328910,00;64
WDOV26;24/08/2026;10:10:00;5197,00;5200,50;5197,00;5198,50;1975610,00;38
WDOV26;24/08/2026;10:00:00;5194,50;5198,00;5194,00;5197,00;2078440,00;40
WDOV26;24/08/2026;09:50:00;5189,00;5194,50;5189,00;5194,50;986500,00;19
WDOV26;24/08/2026;09:40:00;5190,50;5193,50;5184,50;5190,00;17843710,00;344
WDOV26;24/08/2026;09:30:00;5184,50;5192,00;5184,00;5188,50;6850725,00;132
WDOV26;24/08/2026;09:20:00;5187,00;5187,50;5185,00;5185,00;674275,00;13
WDOV26;24/08/2026;09:10:00;5193,00;5193,50;5188,00;5188,00;2958805,00;57
WDOV26;24/08/2026;09:00:00;5188,00;5194,50;5188,00;5192,50;10071690,00;194
WDOV26;21/08/2026;18:20:00;5184,50;5189,50;5184,50;5187,00;3060930,00;59
WDOV26;21/08/2026;18:10:00;5183,50;5184,50;5182,50;5184,50;984830,00;19
WDOV26;21/08/2026;18:00:00;5185,00;5185,00;5184,00;5184,00;103690,00;2
WDOV26;21/08/2026;17:50:00;5186,00;5186,00;5184,50;5185,00;518505,00;10
WDOV26;21/08/2026;17:40:00;5187,00;5190,00;5187,00;5190,00;518890,00;10
WDOV26;21/08/2026;17:30:00;5188,50;5188,50;5186,00;5186,50;414960,00;8
WDOV26;21/08/2026;17:20:00;5188,00;5188,00;5186,50;5186,50;674360,00;13
WDOV26;21/08/2026;17:10:00;5189,50;5190,00;5189,50;5189,50;415190,00;8
WDOV26;21/08/2026;17:00:00;5189,00;5189,50;5188,50;5189,00;1920045,00;37
WDOV26;21/08/2026;16:50:00;5185,50;5188,50;5185,00;5186,00;1141065,00;22
WDOV26;21/08/2026;16:40:00;5187,00;5187,00;5185,50;5186,50;311185,00;6
WDOV26;21/08/2026;16:30:00;5186,50;5187,50;5186,50;5187,50;985475,00;19
WDOV26;21/08/2026;16:20:00;5185,00;5186,50;5184,50;5186,50;1763215,00;34
WDOV26;21/08/2026;16:10:00;5184,50;5186,00;5184,50;5186,00;1607405,00;31
WDOV26;21/08/2026;16:00:00;5182,00;5184,00;5181,50;5184,00;777420,00;15
WDOV26;21/08/2026;15:50:00;5182,50;5183,00;5180,50;5180,50;621870,00;12
WDOV26;21/08/2026;15:40:00;5178,50;5183,00;5178,50;5183,00;984370,00;19
WDOV26;21/08/2026;15:30:00;5184,50;5185,00;5179,00;5181,50;11400465,00;220
WDOV26;21/08/2026;15:20:00;5187,50;5187,50;5181,50;5182,50;6792185,00;131
WDOV26;21/08/2026;15:10:00;5190,00;5190,00;5187,00;5188,50;3372210,00;65
WDOV26;21/08/2026;15:00:00;5189,50;5191,00;5188,50;5189,00;2906285,00;56
WDOV26;21/08/2026;14:50:00;5192,00;5192,50;5191,00;5192,00;934540,00;18
WDOV26;21/08/2026;14:40:00;5192,00;5193,00;5191,00;5192,00;519185,00;10
WDOV26;21/08/2026;14:30:00;5191,00;5191,50;5190,00;5191,50;778620,00;15
WDOV26;21/08/2026;14:20:00;5192,50;5193,00;5191,00;5191,00;882620,00;17
WDOV26;21/08/2026;14:10:00;5191,50;5193,50;5191,50;5191,50;1401905,00;27
WDOV26;21/08/2026;14:00:00;5190,00;5191,00;5190,00;5191,00;1972270,00;38
WDOV26;21/08/2026;13:50:00;5193,50;5194,00;5193,50;5194,00;779035,00;15
WDOV26;21/08/2026;13:40:00;5192,00;5193,00;5190,50;5191,00;1297980,00;25
WDOV26;21/08/2026;13:30:00;5196,50;5197,00;5194,00;5194,00;1194980,00;23
WDOV26;21/08/2026;13:20:00;5195,00;5197,50;5191,00;5197,50;6025710,00;116
WDOV26;21/08/2026;13:10:00;5194,50;5199,00;5193,00;5195,50;10133985,00;195
WDOV26;21/08/2026;13:00:00;5193,50;5194,50;5192,00;5193,50;3271530,00;63
WDOV26;21/08/2026;12:50:00;5197,00;5197,00;5191,50;5194,00;6752620,00;130
WDOV26;21/08/2026;12:40:00;5201,50;5202,50;5196,50;5197,00;4315510,00;83
WDOV26;21/08/2026;12:30:00;5205,00;5205,50;5201,00;5202,00;6815385,00;131
WDOV26;21/08/2026;12:20:00;5209,00;5209,00;5205,00;5205,50;1978500,00;38
WDOV26;21/08/2026;12:10:00;5207,50;5211,00;5206,50;5210,50;1771245,00;34
WDOV26;21/08/2026;12:00:00;5207,00;5207,00;5204,00;5207,00;2238630,00;43
WDOV26;21/08/2026;11:50:00;5207,00;5208,00;5206,50;5206,50;885235,00;17
WDOV26;21/08/2026;11:40:00;5210,00;5211,00;5209,00;5209,00;416805,00;8
WDOV26;21/08/2026;11:30:00;5207,00;5210,00;5206,00;5210,00;1458070,00;28
WDOV26;21/08/2026;11:20:00;5207,50;5208,00;5203,50;5207,00;4529085,00;87
WDOV26;21/08/2026;11:10:00;5211,00;5214,50;5207,50;5208,00;11515035,00;221
WDOV26;21/08/2026;11:00:00;5215,50;5217,50;5212,00;5212,00;1877425,00;36
WDOV26;21/08/2026;10:50:00;5217,50;5217,50;5212,50;5214,50;2868680,00;55
WDOV26;21/08/2026;10:40:00;5218,00;5221,00;5216,50;5221,00;5740585,00;110
WDOV26;21/08/2026;10:30:00;5223,00;5223,50;5219,00;5219,00;3341430,00;64
WDOV26;21/08/2026;10:20:00;5228,00;5228,00;5223,50;5223,50;3815480,00;73
WDOV26;21/08/2026;10:10:00;5226,50;5228,50;5221,50;5227,50;2822025,00;54
WDOV26;21/08/2026;10:00:00;5217,50;5227,50;5216,50;5226,00;1357735,00;26
WDOV26;21/08/2026;09:50:00;5220,00;5224,50;5219,00;5219,00;730920,00;14
WDOV26;21/08/2026;09:40:00;5225,50;5225,50;5217,00;5220,50;2296605,00;44
WDOV26;21/08/2026;09:30:00;5221,50;5226,00;5221,50;5226,00;3448045,00;66
WDOV26;21/08/2026;09:20:00;5223,00;5223,00;5219,00;5219,50;2296990,00;44
WDOV26;21/08/2026;09:10:00;5219,00;5223,00;5217,50;5223,00;1514285,00;29
WDOV26;21/08/2026;09:00:00;5222,50;5222,50;5211,00;5219,00;7771245,00;149
WDOV26;20/08/2026;18:20:00;5241,50;5244,00;5241,50;5242,50;471800,00;9
WDOV26;20/08/2026;18:10:00;5241,50;5242,00;5241,00;5242,00;681415,00;13
WDOV26;20/08/2026;18:00:00;5245,00;5245,00;5241,50;5241,50;734170,00;14
WDOV26;20/08/2026;17:50:00;5244,00;5247,00;5244,00;5244,50;1258925,00;24
WDOV26;20/08/2026;17:40:00;5243,00;5243,00;5243,00;5243,00;104860,00;2
WDOV26;20/08/2026;17:30:00;5242,50;5243,00;5242,50;5242,50;891265,00;17
WDOV26;20/08/2026;17:20:00;5243,00;5243,00;5242,00;5242,00;471820,00;9
WDOV26;20/08/2026;17:10:00;5241,00;5241,00;5240,00;5240,50;733650,00;14
WDOV26;20/08/2026;17:00:00;5240,50;5241,00;5240,00;5240,00;262020,00;5
WDOV26;20/08/2026;16:50:00;5241,00;5241,50;5240,50;5241,00;576480,00;11
WDOV26;20/08/2026;16:40:00;5243,00;5243,00;5243,00;5243,00;52430,00;1
WDOV26;20/08/2026;16:20:00;5240,50;5241,00;5240,50;5240,50;314435,00;6
WDOV26;20/08/2026;16:10:00;5241,00;5241,00;5240,50;5240,50;314440,00;6
WDOV26;20/08/2026;16:00:00;5241,50;5241,50;5241,00;5241,00;1310365,00;25
WDOV26;20/08/2026;15:50:00;5240,00;5240,00;5239,00;5239,50;1152785,00;22
WDOV26;20/08/2026;15:30:00;5241,50;5242,00;5240,50;5240,50;1362785,00;26
WDOV26;20/08/2026;15:20:00;5240,50;5240,50;5240,50;5240,50;104810,00;2
WDOV26;20/08/2026;15:10:00;5240,00;5240,50;5240,00;5240,00;366820,00;7
WDOV26;20/08/2026;15:00:00;5239,00;5239,00;5238,50;5238,50;471470,00;9
WDOV26;20/08/2026;14:50:00;5238,50;5239,00;5238,50;5238,50;523870,00;10
WDOV26;20/08/2026;14:30:00;5237,50;5239,00;5236,00;5239,00;523740,00;10
WDOV26;20/08/2026;14:20:00;5239,00;5239,50;5238,00;5238,00;576235,00;11
WDOV26;20/08/2026;14:10:00;5239,00;5240,00;5239,00;5240,00;419130,00;8
WDOV26;20/08/2026;14:00:00;5239,00;5239,00;5239,00;5239,00;157170,00;3
WDOV26;20/08/2026;13:50:00;5237,50;5238,00;5237,00;5238,00;261875,00;5
WDOV26;20/08/2026;13:40:00;5237,00;5237,00;5237,00;5237,00;52370,00;1
WDOV26;20/08/2026;13:30:00;5236,00;5236,00;5235,00;5235,50;209425,00;4
WDOV26;20/08/2026;13:20:00;5234,00;5236,00;5234,00;5236,00;261750,00;5
WDOV26;20/08/2026;13:10:00;5233,00;5233,00;5233,00;5233,00;209320,00;4
WDOV26;20/08/2026;13:00:00;5231,50;5233,50;5231,00;5233,00;1151160,00;22
WDOV26;20/08/2026;12:50:00;5233,50;5233,50;5231,00;5231,50;732495,00;14
WDOV26;20/08/2026;12:40:00;5236,50;5238,00;5235,00;5235,00;1152035,00;22
WDOV26;20/08/2026;12:30:00;5235,00;5237,00;5235,00;5237,00;523595,00;10
WDOV26;20/08/2026;12:20:00;5233,50;5233,50;5231,00;5231,00;209315,00;4
WDOV26;20/08/2026;12:10:00;5232,00;5232,00;5230,00;5230,50;313865,00;6
WDOV26;20/08/2026;12:00:00;5236,50;5236,50;5226,00;5235,00;8580145,00;164
WDOV26;20/08/2026;11:50:00;5238,00;5238,00;5236,00;5236,50;785510,00;15
WDOV26;20/08/2026;11:40:00;5239,00;5239,50;5237,50;5239,50;1047740,00;20
WDOV26;20/08/2026;11:30:00;5244,50;5244,50;5239,50;5239,50;995945,00;19
WDOV26;20/08/2026;11:20:00;5248,50;5249,00;5244,00;5248,50;1206685,00;23
WDOV26;20/08/2026;11:10:00;5242,50;5246,50;5241,00;5246,00;996395,00;19
WDOV26;20/08/2026;11:00:00;5240,50;5243,50;5240,50;5243,50;838665,00;16
WDOV26;20/08/2026;10:50:00;5235,00;5238,50;5235,00;5238,50;1623265,00;31
WDOV26;20/08/2026;10:40:00;5239,50;5241,50;5239,00;5239,50;733615,00;14
WDOV26;20/08/2026;10:30:00;5238,00;5241,00;5235,00;5238,50;3037560,00;58
WDOV26;20/08/2026;10:20:00;5236,50;5244,00;5236,50;5242,00;3721535,00;71
WDOV26;20/08/2026;10:10:00;5234,50;5236,50;5233,50;5236,50;6595655,00;126
WDOV26;20/08/2026;10:00:00;5228,50;5234,50;5226,50;5234,50;2458110,00;47
WDOV26;20/08/2026;09:50:00;5231,50;5232,00;5229,00;5231,00;2458160,00;47
WDOV26;20/08/2026;09:40:00;5236,00;5237,00;5232,00;5232,50;3088435,00;59
WDOV26;20/08/2026;09:30:00;5235,50;5241,00;5235,50;5236,00;4610250,00;88
WDOV26;20/08/2026;09:20:00;5238,00;5238,00;5233,50;5235,50;4031220,00;77
WDOV26;20/08/2026;09:10:00;5240,50;5241,00;5237,50;5240,00;2043525,00;39
WDOV26;20/08/2026;09:00:00;5227,00;5242,50;5227,00;5241,50;4714850,00;90
WDOV26;19/08/2026;18:20:00;5225,50;5227,50;5224,00;5224,00;783955,00;15
WDOV26;19/08/2026;18:10:00;5225,00;5226,00;5224,50;5226,00;679260,00;13
WDOV26;19/08/2026;17:50:00;5225,50;5226,00;5223,00;5223,00;3866220,00;74
WDOV26;19/08/2026;17:40:00;5226,00;5227,00;5226,00;5227,00;574880,00;11
WDOV26;19/08/2026;17:30:00;5226,50;5226,50;5226,00;5226,50;418090,00;8
WDOV26;19/08/2026;17:20:00;5228,50;5228,50;5227,00;5227,00;365975,00;7
WDOV26;19/08/2026;17:10:00;5227,00;5230,00;5227,00;5228,00;1934845,00;37
WDOV26;19/08/2026;17:00:00;5224,50;5228,00;5224,00;5227,00;940795,00;18
WDOV26;19/08/2026;16:50:00;5222,50;5226,00;5222,50;5226,00;2246545,00;43
WDOV26;19/08/2026;16:40:00;5219,50;5223,00;5219,50;5222,50;730990,00;14
WDOV26;19/08/2026;16:30:00;5219,00;5219,00;5219,00;5219,00;104380,00;2
WDOV26;19/08/2026;16:10:00;5220,50;5221,50;5220,50;5221,50;208845,00;4
WDOV26;19/08/2026;16:00:00;5216,50;5221,00;5216,50;5220,00;2087405,00;40
WDOV26;19/08/2026;15:50:00;5217,00;5217,00;5216,00;5216,00;573835,00;11
WDOV26;19/08/2026;15:40:00;5219,00;5219,00;5219,00;5219,00;52190,00;1
WDOV26;19/08/2026;15:30:00;5221,00;5221,00;5220,00;5220,00;156615,00;3
WDOV26;19/08/2026;15:20:00;5220,50;5222,00;5220,50;5222,00;835430,00;16
WDOV26;19/08/2026;15:10:00;5217,00;5219,00;5217,00;5219,00;208710,00;4
WDOV26;19/08/2026;15:00:00;5222,50;5222,50;5218,50;5220,50;313210,00;6
WDOV26;19/08/2026;14:50:00;5221,50;5222,00;5221,00;5221,00;365490,00;7
WDOV26;19/08/2026;14:40:00;5219,50;5220,50;5218,00;5220,50;365360,00;7
WDOV26;19/08/2026;14:30:00;5219,00;5219,00;5218,50;5218,50;104375,00;2
WDOV26;19/08/2026;14:20:00;5221,00;5221,50;5220,00;5220,00;365440,00;7
WDOV26;19/08/2026;14:10:00;5218,50;5221,00;5218,50;5221,00;417610,00;8
WDOV26;19/08/2026;14:00:00;5216,00;5218,00;5215,00;5218,00;312985,00;6
WDOV26;19/08/2026;13:50:00;5217,00;5217,50;5216,50;5217,50;208680,00;4
WDOV26;19/08/2026;13:40:00;5217,50;5217,50;5217,50;5217,50;365225,00;7
WDOV26;19/08/2026;13:30:00;5218,50;5218,50;5217,00;5217,00;2295690,00;44
WDOV26;19/08/2026;13:20:00;5218,00;5220,00;5217,00;5220,00;417465,00;8
WDOV26;19/08/2026;13:10:00;5215,50;5216,50;5213,00;5216,50;1460055,00;28
WDOV26;19/08/2026;13:00:00;5217,00;5217,00;5216,00;5217,00;1251925,00;24
WDOV26;19/08/2026;12:50:00;5218,50;5218,50;5218,50;5218,50;52185,00;1
WDOV26;19/08/2026;12:40:00;5215,00;5215,50;5214,50;5215,50;730085,00;14
WDOV26;19/08/2026;12:30:00;5220,00;5220,50;5217,00;5217,00;1304790,00;25
WDOV26;19/08/2026;12:20:00;5223,00;5224,50;5221,50;5222,00;2663945,00;51
WDOV26;19/08/2026;12:10:00;5218,50;5221,00;5218,00;5221,00;626465,00;12
WDOV26;19/08/2026;12:00:00;5223,00;5223,00;5218,50;5218,50;365410,00;7
WDOV26;19/08/2026;11:50:00;5222,50;5225,00;5222,00;5225,00;626770,00;12
WDOV26;19/08/2026;11:40:00;5216,00;5223,00;5216,00;5222,50;835135,00;16
WDOV26;19/08/2026;11:30:00;5222,50;5222,50;5215,50;5216,00;991530,00;19
WDOV26;19/08/2026;11:20:00;5218,00;5224,00;5218,00;5224,00;939830,00;18
WDOV26;19/08/2026;11:10:00;5220,50;5220,50;5217,50;5218,00;1304775,00;25
WDOV26;19/08/2026;11:00:00;5217,00;5222,00;5217,00;5222,00;887360,00;17
WDOV26;19/08/2026;10:50:00;5214,50;5218,00;5212,50;5218,00;1929805,00;37
WDOV26;19/08/2026;10:40:00;5212,00;5212,00;5207,50;5211,50;1146185,00;22
WDOV26;19/08/2026;10:30:00;5207,00;5213,00;5206,50;5209,00;1093855,00;21
WDOV26;19/08/2026;10:20:00;5211,00;5214,00;5207,00;5207,00;2448935,00;47
WDOV26;19/08/2026;10:10:00;5210,00;5214,00;5209,50;5213,00;10997955,00;211
WDOV26;19/08/2026;10:00:00;5225,00;5225,00;5210,50;5210,50;5323220,00;102
WDOV26;19/08/2026;09:50:00;5229,00;5229,00;5222,00;5224,00;10710300,00;205
WDOV26;19/08/2026;09:40:00;5227,50;5236,50;5225,50;5228,00;4080620,00;78
WDOV26;19/08/2026;09:30:00;5246,50;5246,50;5224,50;5227,00;6176375,00;118
WDOV26;19/08/2026;09:20:00;5251,00;5251,00;5244,50;5246,00;2256145,00;43
WDOV26;19/08/2026;09:10:00;5252,50;5252,50;5248,50;5251,00;1627710,00;31
WDOV26;19/08/2026;09:00:00;5260,00;5260,00;5251,50;5253,50;4623465,00;88
WDOV26;18/08/2026;18:20:00;5264,50;5264,50;5263,00;5263,50;684270,00;13
WDOV26;18/08/2026;18:10:00;5267,50;5267,50;5264,50;5264,50;1369255,00;26
WDOV26;18/08/2026;18:00:00;5268,50;5269,50;5266,00;5266,00;263395,00;5
WDOV26;18/08/2026;17:50:00;5270,50;5270,50;5267,50;5267,50;368815,00;7
WDOV26;18/08/2026;17:40:00;5270,50;5273,00;5270,50;5272,50;369020,00;7
WDOV26;18/08/2026;17:30:00;5270,50;5271,50;5270,50;5271,50;158125,00;3
WDOV26;18/08/2026;17:20:00;5269,00;5270,00;5269,00;5270,00;158080,00;3
WDOV26;18/08/2026;17:10:00;5272,00;5272,00;5268,50;5268,50;579705,00;11
WDOV26;18/08/2026;17:00:00;5272,00;5272,50;5271,00;5271,00;369030,00;7
WDOV26;18/08/2026;16:50:00;5270,50;5272,00;5270,50;5272,00;896075,00;17
WDOV26;18/08/2026;16:40:00;5268,50;5268,50;5268,00;5268,50;210735,00;4
WDOV26;18/08/2026;16:30:00;5268,00;5270,00;5268,00;5270,00;210755,00;4
WDOV26;18/08/2026;16:20:00;5270,00;5270,00;5267,50;5267,50;474225,00;9
WDOV26;18/08/2026;16:10:00;5270,00;5270,50;5270,00;5270,00;527010,00;10
WDOV26;18/08/2026;16:00:00;5270,00;5272,00;5270,00;5272,00;685270,00;13
WDOV26;18/08/2026;15:50:00;5266,50;5271,00;5266,50;5269,50;2318445,00;44
WDOV26;18/08/2026;15:40:00;5264,00;5266,50;5264,00;5265,50;1000360,00;19
WDOV26;18/08/2026;15:30:00;5260,00;5263,50;5259,50;5263,50;683895,00;13
WDOV26;18/08/2026;15:20:00;5262,00;5262,00;5259,50;5259,50;526170,00;10
WDOV26;18/08/2026;15:10:00;5266,00;5266,00;5263,00;5264,00;473800,00;9
WDOV26;18/08/2026;15:00:00;5266,00;5266,00;5266,00;5266,00;105320,00;2
WDOV26;18/08/2026;14:50:00;5263,50;5263,50;5262,00;5262,00;315750,00;6
WDOV26;18/08/2026;14:40:00;5264,50;5265,00;5264,50;5264,50;526455,00;10
WDOV26;18/08/2026;14:30:00;5261,50;5266,00;5261,50;5264,50;1315970,00;25
WDOV26;18/08/2026;14:20:00;5262,00;5262,00;5261,50;5262,00;368335,00;7
WDOV26;18/08/2026;14:10:00;5260,00;5260,00;5260,00;5260,00;263000,00;5
WDOV26;18/08/2026;14:00:00;5260,00;5261,50;5260,00;5261,50;736530,00;14
WDOV26;18/08/2026;13:50:00;5258,50;5259,00;5258,50;5259,00;105175,00;2
WDOV26;18/08/2026;13:40:00;5258,00;5261,00;5258,00;5260,00;1630540,00;31
WDOV26;18/08/2026;13:30:00;5259,50;5259,50;5259,50;5259,50;52595,00;1
WDOV26;18/08/2026;13:20:00;5256,50;5257,00;5256,50;5257,00;630815,00;12
WDOV26;18/08/2026;13:10:00;5259,00;5259,00;5257,50;5257,50;315480,00;6
WDOV26;18/08/2026;13:00:00;5257,50;5260,00;5257,50;5260,00;420745,00;8
WDOV26;18/08/2026;12:50:00;5258,00;5258,00;5255,50;5256,50;788600,00;15
WDOV26;18/08/2026;12:40:00;5261,50;5261,50;5256,50;5257,00;1788325,00;34
WDOV26;18/08/2026;12:30:00;5265,50;5265,50;5261,50;5261,50;1052570,00;20
WDOV26;18/08/2026;12:20:00;5268,00;5269,00;5264,50;5265,50;737395,00;14
WDOV26;18/08/2026;12:10:00;5260,50;5271,00;5260,50;5266,00;3107375,00;59
WDOV26;18/08/2026;12:00:00;5251,50;5260,50;5251,50;5260,50;5466265,00;104
WDOV26;18/08/2026;11:50:00;5245,00;5253,00;5245,00;5251,50;1679290,00;32
WDOV26;18/08/2026;11:40:00;5246,50;5247,50;5246,50;5247,50;104940,00;2
WDOV26;18/08/2026;11:30:00;5246,00;5249,50;5246,00;5249,50;944425,00;18
WDOV26;18/08/2026;11:20:00;5246,00;5246,50;5245,00;5246,00;524590,00;10
WDOV26;18/08/2026;11:10:00;5245,00;5247,00;5242,00;5244,00;1468525,00;28
WDOV26;18/08/2026;11:00:00;5247,50;5250,00;5244,50;5246,00;2361075,00;45
WDOV26;18/08/2026;10:50:00;5255,00;5255,00;5249,00;5249,00;2100630,00;40
WDOV26;18/08/2026;10:40:00;5253,50;5254,00;5251,50;5252,00;1208150,00;23
WDOV26;18/08/2026;10:30:00;5266,00;5269,00;5254,00;5254,00;3314405,00;63
WDOV26;18/08/2026;10:20:00;5262,50;5265,00;5262,50;5264,50;1421135,00;27
WDOV26;18/08/2026;10:10:00;5259,00;5262,50;5259,00;5262,00;473540,00;9
WDOV26;18/08/2026;10:00:00;5257,50;5262,50;5256,50;5258,50;788950,00;15
WDOV26;18/08/2026;09:50:00;5257,50;5258,00;5256,00;5257,00;1209165,00;23
WDOV26;18/08/2026;09:40:00;5261,50;5261,50;5258,50;5258,50;105200,00;2
WDOV26;18/08/2026;09:30:00;5259,00;5260,50;5258,50;5260,00;578485,00;11
WDOV26;18/08/2026;09:20:00;5254,00;5261,00;5254,00;5260,50;3784335,00;72
WDOV26;18/08/2026;09:10:00;5258,50;5259,00;5251,50;5255,00;2259230,00;43
WDOV26;18/08/2026;09:00:00;5252,50;5267,00;5252,50;5258,50;3051125,00;58
WDOV26;17/08/2026;18:20:00;5256,50;5258,00;5255,50;5257,50;3417135,00;65
WDOV26;17/08/2026;18:10:00;5255,00;5256,00;5254,00;5256,00;630575,00;12
WDOV26;17/08/2026;18:00:00;5255,50;5256,00;5255,50;5256,00;840940,00;16
WDOV26;17/08/2026;17:50:00;5254,50;5255,00;5254,50;5254,50;472940,00;9
WDOV26;17/08/2026;17:40:00;5254,00;5254,00;5253,00;5253,50;367735,00;7
WDOV26;17/08/2026;17:30:00;5255,00;5255,50;5255,00;5255,50;683200,00;13
WDOV26;17/08/2026;17:20:00;5254,00;5255,00;5254,00;5255,00;262710,00;5
WDOV26;17/08/2026;17:10:00;5253,50;5255,00;5253,50;5255,00;1366080,00;26
WDOV26;17/08/2026;17:00:00;5252,50;5256,00;5252,50;5254,00;1471460,00;28
WDOV26;17/08/2026;16:50:00;5251,50;5253,00;5251,50;5253,00;1050460,00;20
WDOV26;17/08/2026;16:40:00;5250,50;5251,50;5250,00;5250,50;1050140,00;20
WDOV26;17/08/2026;16:30:00;5251,00;5252,50;5250,50;5251,00;945240,00;18
WDOV26;17/08/2026;16:20:00;5252,50;5253,00;5249,50;5251,00;1522890,00;29
WDOV26;17/08/2026;16:10:00;5254,00;5254,00;5252,00;5253,00;420250,00;8
WDOV26;17/08/2026;16:00:00;5252,50;5253,50;5251,50;5253,00;945520,00;18
WDOV26;17/08/2026;15:50:00;5252,00;5253,50;5251,00;5252,50;1050385,00;20
WDOV26;17/08/2026;15:40:00;5252,50;5254,50;5252,50;5253,50;472830,00;9
WDOV26;17/08/2026;15:30:00;5252,00;5254,50;5252,00;5253,00;3834375,00;73
WDOV26;17/08/2026;15:20:00;5252,00;5252,00;5251,00;5251,00;157550,00;3
WDOV26;17/08/2026;15:00:00;5254,50;5254,50;5254,50;5254,50;52545,00;1
WDOV26;17/08/2026;14:50:00;5252,00;5256,00;5252,00;5256,00;157600,00;3
WDOV26;17/08/2026;14:40:00;5252,50;5252,50;5251,50;5252,50;682815,00;13
WDOV26;17/08/2026;14:30:00;5251,00;5256,50;5251,00;5256,00;1208705,00;23
WDOV26;17/08/2026;14:20:00;5251,00;5253,50;5251,00;5253,50;367660,00;7
WDOV26;17/08/2026;14:10:00;5246,00;5250,50;5246,00;5250,50;2623715,00;50
WDOV26;17/08/2026;14:00:00;5240,50;5247,00;5240,00;5247,00;1415665,00;27
WDOV26;17/08/2026;13:50:00;5242,00;5242,50;5242,00;5242,50;524220,00;10
WDOV26;17/08/2026;13:40:00;5240,50;5240,50;5240,00;5240,00;104805,00;2
WDOV26;17/08/2026;13:30:00;5241,00;5242,00;5238,00;5238,00;733705,00;14
WDOV26;17/08/2026;13:20:00;5239,00;5240,50;5238,50;5240,50;261960,00;5
WDOV26;17/08/2026;13:00:00;5238,00;5240,50;5238,00;5240,00;943170,00;18
WDOV26;17/08/2026;12:50:00;5238,50;5240,50;5238,00;5238,00;681075,00;13
WDOV26;17/08/2026;12:40:00;5240,00;5243,00;5239,50;5239,50;576535,00;11
WDOV26;17/08/2026;12:30:00;5234,00;5238,00;5234,00;5238,00;3351215,00;64
WDOV26;17/08/2026;12:20:00;5240,50;5240,50;5235,00;5235,50;942785,00;18
WDOV26;17/08/2026;12:10:00;5240,50;5241,50;5238,00;5241,00;1205200,00;23
WDOV26;17/08/2026;12:00:00;5241,50;5244,00;5241,50;5242,50;3827095,00;73
WDOV26;17/08/2026;11:50:00;5238,00;5241,50;5238,00;5240,00;523885,00;10
WDOV26;17/08/2026;11:40:00;5240,00;5240,00;5239,00;5239,50;314375,00;6
WDOV26;17/08/2026;11:30:00;5240,00;5241,00;5234,00;5241,00;8743515,00;167
WDOV26;17/08/2026;11:20:00;5241,50;5245,00;5240,50;5240,50;1310565,00;25
WDOV26;17/08/2026;11:10:00;5253,00;5254,00;5242,50;5242,50;2309440,00;44
WDOV26;17/08/2026;11:00:00;5261,00;5261,50;5255,00;5255,00;1946220,00;37
WDOV26;17/08/2026;10:50:00;5260,50;5261,50;5259,50;5261,00;368230,00;7
WDOV26;17/08/2026;10:40:00;5264,50;5269,50;5263,00;5263,00;579355,00;11
WDOV26;17/08/2026;10:30:00;5259,50;5262,50;5258,50;5262,50;210405,00;4
WDOV26;17/08/2026;10:20:00;5257,00;5261,50;5256,50;5261,50;3312365,00;63
WDOV26;17/08/2026;10:10:00;5266,50;5268,00;5255,00;5257,00;6258270,00;119
WDOV26;17/08/2026;10:00:00;5265,50;5272,00;5265,50;5268,00;1053950,00;20
WDOV26;17/08/2026;09:50:00;5272,50;5275,00;5264,00;5264,00;4217780,00;80
WDOV26;17/08/2026;09:40:00;5270,50;5272,00;5267,50;5268,50;1212190,00;23
WDOV26;17/08/2026;09:30:00;5267,50;5271,50;5267,00;5271,00;1738885,00;33
WDOV26;17/08/2026;09:20:00;5262,00;5267,50;5260,50;5267,00;2895515,00;55
WDOV26;17/08/2026;09:10:00;5261,50;5265,00;5261,00;5264,00;1526260,00;29
WDOV26;17/08/2026;09:00:00;5269,00;5269,00;5257,00;5261,50;11256965,00;214
WDOV26;14/08/2026;18:20:00;5270,00;5272,50;5269,00;5269,00;7273130,00;138
WDOV26;14/08/2026;18:10:00;5272,50;5273,00;5270,00;5270,00;1792405,00;34
WDOV26;14/08/2026;17:50:00;5275,00;5277,50;5274,50;5277,50;1899265,00;36
WDOV26;14/08/2026;17:40:00;5272,00;5273,00;5272,00;5272,00;1634460,00;31
WDOV26;14/08/2026;17:30:00;5273,00;5274,00;5272,00;5272,00;210930,00;4
WDOV26;14/08/2026;17:20:00;5274,50;5275,50;5272,50;5274,50;791000,00;15
WDOV26;14/08/2026;17:10:00;5274,00;5274,50;5274,00;5274,50;210965,00;4
WDOV26;14/08/2026;17:00:00;5272,00;5274,50;5270,50;5273,00;843440,00;16
WDOV26;14/08/2026;16:50:00;5272,50;5276,00;5272,50;5276,00;421950,00;8
WDOV26;14/08/2026;16:40:00;5277,00;5277,00;5274,00;5274,00;791325,00;15
WDOV26;14/08/2026;16:30:00;5278,00;5278,00;5277,00;5277,50;211095,00;4
WDOV26;14/08/2026;16:20:00;5281,50;5281,50;5277,00;5278,00;633455,00;12
WDOV26;14/08/2026;16:10:00;5281,00;5282,00;5281,00;5281,00;316870,00;6
WDOV26;14/08/2026;16:00:00;5282,00;5283,50;5281,00;5283,50;369715,00;7
WDOV26;14/08/2026;15:50:00;5275,50;5284,00;5275,50;5284,00;580930,00;11
WDOV26;14/08/2026;15:40:00;5277,00;5280,50;5275,50;5275,50;2322025,00;44
WDOV26;14/08/2026;15:30:00;5279,00;5282,00;5277,00;5277,00;3696725,00;70
WDOV26;14/08/2026;15:20:00;5282,50;5282,50;5279,00;5279,50;686470,00;13
WDOV26;14/08/2026;15:10:00;5286,50;5287,50;5281,00;5282,50;1320810,00;25
WDOV26;14/08/2026;15:00:00;5292,50;5292,50;5287,50;5287,50;1269805,00;24
WDOV26;14/08/2026;14:50:00;5297,50;5297,50;5297,00;5297,00;211895,00;4
WDOV26;14/08/2026;14:40:00;5297,00;5300,00;5297,00;5297,50;1059720,00;20
WDOV26;14/08/2026;14:30:00;5296,50;5300,00;5296,00;5297,50;1377285,00;26
WDOV26;14/08/2026;14:20:00;5292,50;5293,50;5291,50;5293,50;741020,00;14
WDOV26;14/08/2026;14:10:00;5293,50;5294,00;5293,50;5294,00;211750,00;4
WDOV26;14/08/2026;14:00:00;5290,00;5293,00;5290,00;5293,00;2698775,00;51
WDOV26;14/08/2026;13:50:00;5293,50;5293,50;5289,50;5289,50;1270160,00;24
WDOV26;14/08/2026;13:40:00;5292,50;5294,50;5292,50;5293,50;1429240,00;27
WDOV26;14/08/2026;13:30:00;5296,00;5298,50;5293,00;5293,00;2065235,00;39
WDOV26;14/08/2026;13:20:00;5300,00;5300,50;5295,50;5295,50;2648905,00;50
WDOV26;14/08/2026;13:10:00;5300,00;5302,50;5299,00;5300,00;848045,00;16
WDOV26;14/08/2026;13:00:00;5295,50;5300,00;5295,50;5299,50;476765,00;9
WDOV26;14/08/2026;12:50:00;5293,00;5298,00;5293,00;5297,00;635390,00;12
WDOV26;14/08/2026;12:40:00;5288,50;5296,00;5288,50;5293,00;4921635,00;93
WDOV26;14/08/2026;12:30:00;5286,00;5290,00;5285,00;5287,00;4388885,00;83
WDOV26;14/08/2026;12:20:00;5277,00;5288,00;5275,50;5286,50;6762070,00;128
WDOV26;14/08/2026;12:10:00;5282,00;5282,00;5276,50;5277,00;1741910,00;33
WDOV26;14/08/2026;12:00:00;5280,50;5283,50;5277,50;5283,50;1267595,00;24
WDOV26;14/08/2026;11:50:00;5275,50;5279,50;5275,00;5279,50;1741325,00;33
WDOV26;14/08/2026;11:40:00;5277,00;5278,00;5273,00;5273,00;580170,00;11
WDOV26;14/08/2026;11:30:00;5272,50;5275,50;5272,50;5275,00;1582135,00;30
WDOV26;14/08/2026;11:20:00;5279,50;5279,50;5274,50;5275,00;2849600,00;54
WDOV26;14/08/2026;11:10:00;5275,00;5278,50;5273,50;5277,50;3271080,00;62
WDOV26;14/08/2026;11:00:00;5278,00;5278,50;5272,50;5277,50;3799500,00;72
WDOV26;14/08/2026;10:50:00;5272,00;5277,50;5267,50;5277,50;7594270,00;144
WDOV26;14/08/2026;10:40:00;5271,50;5274,00;5269,00;5274,00;3690120,00;70
WDOV26;14/08/2026;10:30:00;5273,50;5286,00;5271,00;5271,00;17002145,00;322
WDOV26;14/08/2026;10:20:00;5268,00;5273,00;5262,50;5272,00;20855170,00;396
WDOV26;14/08/2026;10:10:00;5256,50;5267,50;5255,50;5262,00;10894275,00;207
WDOV26;14/08/2026;10:00:00;5249,00;5256,50;5249,00;5256,50;2679435,00;51
WDOV26;14/08/2026;09:50:00;5248,50;5250,00;5243,00;5249,00;6087445,00;116
WDOV26;14/08/2026;09:40:00;5246,00;5260,00;5246,00;5248,50;7042080,00;134
WDOV26;14/08/2026;09:30:00;5234,00;5246,50;5229,00;5246,50;10570795,00;202
WDOV26;14/08/2026;09:20:00;5234,00;5235,00;5232,50;5235,00;4030625,00;77
WDOV26;14/08/2026;09:10:00;5234,00;5240,00;5234,00;5236,00;4555615,00;87
WDOV26;14/08/2026;09:00:00;5231,00;5234,00;5227,00;5232,00;4499235,00;86
WDOV26;13/08/2026;18:20:00;5239,00;5239,00;5237,00;5238,50;1309565,00;25
WDOV26;13/08/2026;18:10:00;5242,50;5243,00;5238,00;5239,00;4977685,00;95
WDOV26;13/08/2026;18:00:00;5244,50;5244,50;5242,50;5244,00;2045010,00;39
WDOV26;13/08/2026;17:50:00;5244,50;5246,00;5244,00;5244,50;419590,00;8
WDOV26;13/08/2026;17:40:00;5243,00;5244,00;5243,00;5244,00;1258485,00;24
WDOV26;13/08/2026;17:30:00;5245,00;5245,00;5243,50;5243,50;1520740,00;29
WDOV26;13/08/2026;17:20:00;5246,50;5247,50;5246,50;5247,50;314820,00;6
WDOV26;13/08/2026;17:10:00;5246,00;5246,50;5245,00;5246,00;524550,00;10
WDOV26;13/08/2026;17:00:00;5248,50;5248,50;5247,00;5247,00;157440,00;3
WDOV26;13/08/2026;16:50:00;5248,00;5248,50;5248,00;5248,50;104965,00;2
WDOV26;13/08/2026;16:40:00;5245,50;5247,50;5245,50;5246,50;157395,00;3
WDOV26;13/08/2026;16:20:00;5245,00;5245,50;5245,00;5245,50;209805,00;4
WDOV26;13/08/2026;16:10:00;5246,50;5246,50;5245,00;5245,00;367175,00;7
WDOV26;13/08/2026;16:00:00;5246,50;5247,50;5246,50;5246,50;472245,00;9
WDOV26;13/08/2026;15:50:00;5245,00;5245,00;5244,00;5245,00;1258680,00;24
WDOV26;13/08/2026;15:40:00;5246,00;5246,00;5245,50;5245,50;209835,00;4
WDOV26;13/08/2026;15:30:00;5247,50;5247,50;5245,50;5245,50;472195,00;9
WDOV26;13/08/2026;15:20:00;5247,50;5248,50;5247,50;5248,50;104960,00;2
WDOV26;13/08/2026;15:10:00;5248,50;5248,50;5246,00;5246,00;734565,00;14
WDOV26;13/08/2026;15:00:00;5248,00;5248,00;5247,50;5247,50;157435,00;3
WDOV26;13/08/2026;14:50:00;5248,00;5250,00;5248,00;5249,50;1469935,00;28
WDOV26;13/08/2026;14:40:00;5248,50;5250,00;5248,00;5248,50;1889705,00;36
WDOV26;13/08/2026;14:30:00;5246,50;5250,50;5246,50;5248,50;11492705,00;219
WDOV26;13/08/2026;14:20:00;5244,00;5245,50;5243,00;5245,50;314645,00;6
WDOV26;13/08/2026;14:10:00;5245,50;5246,50;5245,00;5246,00;419660,00;8
WDOV26;13/08/2026;14:00:00;5246,50;5247,50;5246,50;5247,50;577125,00;11
WDOV26;13/08/2026;13:50:00;5245,00;5245,00;5245,00;5245,00;52450,00;1
WDOV26;13/08/2026;13:40:00;5246,00;5246,00;5244,00;5245,00;1626020,00;31
WDOV26;13/08/2026;13:30:00;5251,00;5251,00;5246,00;5246,00;3357620,00;64
WDOV26;13/08/2026;13:20:00;5248,00;5252,50;5248,00;5251,00;13072775,00;249
WDOV26;13/08/2026;13:10:00;5244,00;5247,50;5243,50;5247,50;5086975,00;97
WDOV26;13/08/2026;13:00:00;5246,00;5246,00;5242,50;5245,00;1101080,00;21
WDOV26;13/08/2026;12:50:00;5244,50;5245,00;5244,50;5245,00;157340,00;3
WDOV26;13/08/2026;12:40:00;5245,50;5246,50;5244,00;5244,00;1573535,00;30
WDOV26;13/08/2026;12:30:00;5248,00;5248,00;5245,00;5245,00;734340,00;14
WDOV26;13/08/2026;12:20:00;5248,00;5249,00;5247,50;5248,50;944770,00;18
WDOV26;13/08/2026;12:10:00;5246,00;5248,00;5246,00;5247,50;157415,00;3
WDOV26;13/08/2026;12:00:00;5245,00;5250,00;5245,00;5246,00;3725720,00;71
WDOV26;13/08/2026;11:50:00;5243,00;5247,00;5243,00;5244,00;3042095,00;58
WDOV26;13/08/2026;11:40:00;5241,00;5242,50;5240,50;5242,50;419295,00;8
WDOV26;13/08/2026;11:30:00;5245,00;5248,00;5243,50;5243,50;3042525,00;58
WDOV26;13/08/2026;11:20:00;5244,00;5244,00;5242,00;5244,00;1048730,00;20
WDOV26;13/08/2026;11:10:00;5238,50;5241,00;5238,50;5241,00;1886340,00;36
WDOV26;13/08/2026;11:00:00;5245,50;5245,50;5240,50;5240,50;838650,00;16
WDOV26;13/08/2026;10:50:00;5240,00;5247,50;5240,00;5245,50;4562240,00;87
WDOV26;13/08/2026;10:40:00;5238,00;5239,00;5235,00;5236,50;3090120,00;59
WDOV26;13/08/2026;10:30:00;5237,00;5243,50;5235,00;5238,00;9069980,00;173
WDOV26;13/08/2026;10:20:00;5235,00;5236,00;5233,00;5235,00;680535,00;13
WDOV26;13/08/2026;10:10:00;5233,00;5235,50;5233,00;5235,50;1360900,00;26
WDOV26;13/08/2026;10:00:00;5242,00;5243,00;5232,50;5233,00;7911565,00;151
WDOV26;13/08/2026;09:50:00;5249,50;5249,50;5240,00;5240,00;786575,00;15
WDOV26;13/08/2026;09:40:00;5245,50;5246,50;5245,00;5246,50;629480,00;12
WDOV26;13/08/2026;09:30:00;5248,00;5255,50;5245,00;5245,00;3621960,00;69
WDOV26;13/08/2026;09:20:00;5241,00;5251,00;5241,00;5250,00;2728480,00;52
WDOV26;13/08/2026;09:10:00;5238,00;5246,50;5238,00;5246,00;4143130,00;79
WDOV26;13/08/2026;09:00:00;5241,50;5245,00;5237,50;5238,00;15827805,00;302
WDOV26;12/08/2026;18:20:00;5241,00;5250,00;5241,00;5250,00;3881430,00;74
WDOV26;12/08/2026;18:10:00;5238,00;5240,50;5237,00;5240,00;6864160,00;131
WDOV26;12/08/2026;18:00:00;5234,50;5237,50;5234,50;5237,50;5863660,00;112
WDOV26;12/08/2026;17:50:00;5233,00;5236,00;5233,00;5234,50;2721850,00;52
WDOV26;12/08/2026;17:30:00;5232,50;5232,50;5232,50;5232,50;52325,00;1
WDOV26;12/08/2026;17:20:00;5233,50;5234,50;5233,50;5233,50;157015,00;3
WDOV26;12/08/2026;17:10:00;5233,00;5235,50;5233,00;5235,50;209390,00;4
WDOV26;12/08/2026;17:00:00;5237,00;5237,50;5233,50;5233,50;1204025,00;23
WDOV26;12/08/2026;16:50:00;5236,50;5237,50;5234,50;5235,00;2932470,00;56
WDOV26;12/08/2026;16:40:00;5234,00;5236,50;5233,50;5236,50;6228745,00;119
WDOV26;12/08/2026;16:30:00;5230,00;5236,00;5230,00;5236,00;4761570,00;91
WDOV26;12/08/2026;16:20:00;5227,50;5230,50;5226,50;5230,00;9360345,00;179
WDOV26;12/08/2026;16:10:00;5225,00;5228,00;5225,00;5227,00;2351800,00;45
WDOV26;12/08/2026;16:00:00;5219,00;5225,00;5219,00;5225,00;1305340,00;25
WDOV26;12/08/2026;15:50:00;5219,50;5219,50;5219,00;5219,00;626335,00;12
WDOV26;12/08/2026;15:40:00;5221,00;5222,00;5221,00;5222,00;313275,00;6
WDOV26;12/08/2026;15:30:00;5222,50;5224,00;5219,50;5220,50;3969065,00;76
WDOV26;12/08/2026;15:20:00;5220,50;5220,50;5220,50;5220,50;104410,00;2
WDOV26;12/08/2026;15:10:00;5221,50;5222,50;5220,50;5221,50;2558350,00;49
WDOV26;12/08/2026;15:00:00;5221,00;5222,00;5220,50;5222,00;1201035,00;23
WDOV26;12/08/2026;14:50:00;5220,00;5222,00;5220,00;5222,00;417735,00;8
WDOV26;12/08/2026;14:40:00;5219,50;5220,00;5219,50;5219,50;1618055,00;31
WDOV26;12/08/2026;14:30:00;5218,50;5219,50;5218,00;5219,50;3966385,00;76
WDOV26;12/08/2026;14:20:00;5218,00;5218,50;5218,00;5218,00;5061930,00;97
WDOV26;12/08/2026;14:10:00;5217,00;5218,00;5217,00;5218,00;156520,00;3
WDOV26;12/08/2026;14:00:00;5217,00;5217,00;5217,00;5217,00;260850,00;5
WDOV26;12/08/2026;13:50:00;5218,50;5218,50;5218,50;5218,50;104370,00;2
WDOV26;12/08/2026;13:40:00;5218,50;5218,50;5216,00;5217,00;1929990,00;37
WDOV26;12/08/2026;13:30:00;5220,00;5220,00;5220,00;5220,00;52200,00;1
WDOV26;12/08/2026;13:20:00;5219,00;5219,50;5217,50;5219,50;2348160,00;45
WDOV26;12/08/2026;13:10:00;5222,00;5223,00;5220,00;5220,00;2820135,00;54
WDOV26;12/08/2026;13:00:00;5221,00;5223,00;5220,50;5222,00;626695,00;12
WDOV26;12/08/2026;12:50:00;5224,00;5224,00;5221,50;5221,50;365575,00;7
WDOV26;12/08/2026;12:40:00;5223,50;5224,00;5223,50;5224,00;104475,00;2
WDOV26;12/08/2026;12:30:00;5223,00;5224,50;5222,50;5222,50;313415,00;6
WDOV26;12/08/2026;12:20:00;5224,50;5225,50;5220,00;5222,00;2350090,00;45
WDOV26;12/08/2026;12:10:00;5230,00;5230,00;5224,50;5224,50;3292200,00;63
WDOV26;12/08/2026;12:00:00;5231,50;5232,50;5229,50;5229,50;2772960,00;53
WDOV26;12/08/2026;11:50:00;5230,50;5231,50;5229,50;5231,50;1412190,00;27
WDOV26;12/08/2026;11:40:00;5226,50;5231,50;5226,50;5229,50;1202835,00;23
WDOV26;12/08/2026;11:30:00;5225,00;5230,50;5225,00;5228,50;3293815,00;63
WDOV26;12/08/2026;11:20:00;5223,00;5225,00;5223,00;5224,50;1619555,00;31
WDOV26;12/08/2026;11:10:00;5228,00;5230,50;5225,50;5226,00;575025,00;11
WDOV26;12/08/2026;11:00:00;5227,50;5229,50;5223,00;5229,00;2038235,00;39
WDOV26;12/08/2026;10:50:00;5224,50;5226,00;5222,50;5226,00;2246900,00;43
WDOV26;12/08/2026;10:40:00;5228,50;5230,50;5221,50;5224,00;1671585,00;32
WDOV26;12/08/2026;10:30:00;5223,00;5226,50;5222,00;5226,00;1358075,00;26
WDOV26;12/08/2026;10:20:00;5231,50;5235,50;5223,00;5223,50;11825020,00;226
WDOV26;12/08/2026;10:10:00;5215,00;5233,00;5215,00;5232,00;3082475,00;59
WDOV26;12/08/2026;10:00:00;5210,00;5212,50;5208,00;5210,50;1614975,00;31
WDOV26;12/08/2026;09:50:00;5203,00;5211,50;5203,00;5208,50;1718990,00;33
WDOV26;12/08/2026;09:40:00;5199,00;5207,00;5194,00;5202,50;6704620,00;129
WDOV26;12/08/2026;09:30:00;5205,50;5215,50;5197,00;5198,50;14830260,00;285
WDOV26;12/08/2026;09:20:00;5212,50;5213,00;5207,00;5209,00;4325875,00;83
WDOV26;12/08/2026;09:10:00;5214,00;5216,00;5211,50;5211,50;2502300,00;48
WDOV26;12/08/2026;09:00:00;5200,00;5218,00;5200,00;5212,50;6150385,00;118
WDOV26;11/08/2026;18:20:00;5220,00;5220,00;5216,50;5216,50;10332125,00;198
WDOV26;11/08/2026;18:10:00;5224,50;5224,50;5219,50;5219,50;5796835,00;111
WDOV26;11/08/2026;18:00:00;5221,00;5224,00;5221,00;5224,00;469940,00;9
WDOV26;11/08/2026;17:50:00;5220,50;5223,00;5220,50;5220,50;887700,00;17
WDOV26;11/08/2026;17:40:00;5219,00;5220,00;5218,50;5220,00;469745,00;9
WDOV26;11/08/2026;17:30:00;5219,00;5221,00;5219,00;5221,00;574200,00;11
WDOV26;11/08/2026;17:10:00;5218,50;5218,50;5218,00;5218,00;104365,00;2
WDOV26;11/08/2026;17:00:00;5222,50;5222,50;5221,00;5221,50;469945,00;9
WDOV26;11/08/2026;16:50:00;5223,00;5223,00;5221,50;5222,00;417775,00;8
WDOV26;11/08/2026;16:40:00;5221,50;5222,50;5221,50;5222,00;1201155,00;23
WDOV26;11/08/2026;16:30:00;5223,00;5223,00;5220,50;5220,50;469960,00;9
WDOV26;11/08/2026;16:20:00;5225,50;5225,50;5222,50;5222,50;417985,00;8
WDOV26;11/08/2026;16:10:00;5224,00;5226,00;5224,00;5226,00;1358625,00;26
WDOV26;11/08/2026;16:00:00;5227,50;5227,50;5224,00;5224,00;940875,00;18
WDOV26;11/08/2026;15:50:00;5230,00;5230,00;5230,00;5230,00;418400,00;8
WDOV26;11/08/2026;15:40:00;5231,50;5232,50;5230,00;5230,00;732385,00;14
WDOV26;11/08/2026;15:30:00;5236,00;5236,00;5232,50;5232,50;680365,00;13
WDOV26;11/08/2026;15:20:00;5227,50;5236,50;5227,50;5236,50;7010930,00;134
WDOV26;11/08/2026;15:10:00;5224,50;5227,00;5224,50;5227,00;888325,00;17
WDOV26;11/08/2026;15:00:00;5222,00;5225,50;5222,00;5223,50;1305970,00;25
WDOV26;11/08/2026;14:50:00;5218,00;5219,00;5218,00;5219,00;1408910,00;27
WDOV26;11/08/2026;14:40:00;5218,50;5219,00;5217,00;5217,00;417435,00;8
WDOV26;11/08/2026;14:30:00;5221,50;5222,50;5220,00;5220,00;2506290,00;48
WDOV26;11/08/2026;14:20:00;5220,50;5225,00;5220,50;5224,50;574625,00;11
WDOV26;11/08/2026;14:10:00;5219,50;5220,50;5219,00;5220,50;156590,00;3
WDOV26;11/08/2026;14:00:00;5219,00;5222,00;5219,00;5222,00;939605,00;18
WDOV26;11/08/2026;13:50:00;5220,00;5220,00;5217,00;5219,00;417460,00;8
WDOV26;11/08/2026;13:40:00;5218,50;5219,50;5218,00;5219,00;521895,00;10
WDOV26;11/08/2026;13:30:00;5221,50;5222,00;5218,00;5220,00;1357050,00;26
WDOV26;11/08/2026;13:20:00;5219,50;5222,00;5219,50;5222,00;156610,00;3
WDOV26;11/08/2026;13:10:00;5221,00;5223,00;5219,00;5222,50;1357100,00;26
WDOV26;11/08/2026;13:00:00;5221,50;5224,00;5221,00;5221,00;887805,00;17
WDOV26;11/08/2026;12:50:00;5219,50;5220,50;5218,50;5219,00;1252670,00;24
WDOV26;11/08/2026;12:40:00;5227,50;5230,00;5220,00;5220,00;5329445,00;102
WDOV26;11/08/2026;12:30:00;5214,00;5227,00;5213,00;5227,00;13468575,00;258
WDOV26;11/08/2026;12:20:00;5212,00;5213,00;5208,00;5213,00;2918530,00;56
WDOV26;11/08/2026;12:10:00;5206,00;5212,50;5204,50;5211,50;2343890,00;45
WDOV26;11/08/2026;12:00:00;5198,50;5206,00;5197,50;5206,00;4421105,00;85
WDOV26;11/08/2026;11:50:00;5202,00;5204,00;5201,00;5201,00;1560565,00;30
WDOV26;11/08/2026;11:40:00;5189,50;5204,00;5188,50;5204,00;8363485,00;161
WDOV26;11/08/2026;11:30:00;5184,00;5189,00;5183,00;5189,00;4406970,00;85
WDOV26;11/08/2026;11:20:00;5178,50;5187,00;5178,50;5186,50;5285210,00;102
WDOV26;11/08/2026;11:10:00;5173,00;5180,00;5173,00;5179,50;6832410,00;132
WDOV26;11/08/2026;11:00:00;5170,50;5172,00;5170,00;5172,00;775685,00;15
WDOV26;11/08/2026;10:50:00;5170,00;5172,00;5170,00;5170,50;1241080,00;24
WDOV26;11/08/2026;10:40:00;5166,50;5170,00;5166,50;5169,50;982020,00;19
WDOV26;11/08/2026;10:30:00;5167,00;5170,00;5163,00;5165,50;9923890,00;192
WDOV26;11/08/2026;10:20:00;5163,50;5166,50;5162,50;5166,50;516445,00;10
WDOV26;11/08/2026;10:10:00;5160,50;5166,50;5160,50;5163,50;1239270,00;24
WDOV26;11/08/2026;10:00:00;5162,00;5162,00;5159,00;5159,00;1031975,00;20
WDOV26;11/08/2026;09:50:00;5163,00;5163,00;5158,50;5162,50;10526865,00;204
WDOV26;11/08/2026;09:40:00;5165,00;5165,00;5164,00;5164,00;258220,00;5
WDOV26;11/08/2026;09:30:00;5165,00;5167,50;5162,50;5167,50;4546040,00;88
WDOV26;11/08/2026;09:20:00;5164,00;5169,50;5164,00;5168,00;1291750,00;25
WDOV26;11/08/2026;09:10:00;5163,50;5168,50;5163,50;5166,50;1291750,00;25
WDOV26;11/08/2026;09:00:00;5171,00;5171,00;5161,00;5164,50;2427600,00;47
WDOV26;10/08/2026;18:20:00;5168,50;5169,00;5166,00;5166,00;1912110,00;37
WDOV26;10/08/2026;18:10:00;5171,00;5171,00;5169,00;5169,00;361880,00;7
WDOV26;10/08/2026;18:00:00;5171,00;5171,00;5171,00;5171,00;103420,00;2
WDOV26;10/08/2026;17:50:00;5170,00;5173,50;5170,00;5171,50;723955,00;14
WDOV26;10/08/2026;17:40:00;5169,50;5169,50;5169,00;5169,00;206770,00;4
WDOV26;10/08/2026;17:30:00;5170,00;5170,00;5169,00;5169,00;206780,00;4
WDOV26;10/08/2026;17:20:00;5169,00;5169,00;5169,00;5169,00;51690,00;1
WDOV26;10/08/2026;17:10:00;5168,50;5168,50;5167,50;5168,00;671845,00;13
WDOV26;10/08/2026;17:00:00;5170,50;5170,50;5169,00;5170,00;5583620,00;108
WDOV26;10/08/2026;16:40:00;5173,00;5173,00;5172,00;5172,00;517270,00;10
WDOV26;10/08/2026;16:30:00;5171,50;5171,50;5171,50;5171,50;51715,00;1
WDOV26;10/08/2026;16:20:00;5172,00;5172,00;5171,50;5171,50;620590,00;12
WDOV26;10/08/2026;16:10:00;5173,00;5173,00;5173,00;5173,00;51730,00;1
WDOV26;10/08/2026;16:00:00;5174,00;5174,00;5174,00;5174,00;206960,00;4
WDOV26;10/08/2026;15:50:00;5173,50;5173,50;5172,50;5172,50;620810,00;12
WDOV26;10/08/2026;15:40:00;5174,50;5174,50;5172,50;5173,50;1293465,00;25
WDOV26;10/08/2026;15:30:00;5176,00;5176,00;5175,50;5175,50;828150,00;16
WDOV26;10/08/2026;15:10:00;5176,50;5176,50;5176,50;5176,50;51765,00;1
WDOV26;10/08/2026;15:00:00;5178,50;5178,50;5176,00;5177,50;931830,00;18
WDOV26;10/08/2026;14:50:00;5179,50;5180,00;5178,00;5179,00;7302375,00;141
WDOV26;10/08/2026;14:40:00;5179,50;5181,00;5179,00;5181,00;11603700,00;224
WDOV26;10/08/2026;14:30:00;5176,50;5179,00;5175,00;5179,00;1863650,00;36
WDOV26;10/08/2026;14:20:00;5173,50;5178,50;5173,50;5177,50;6418155,00;124
WDOV26;10/08/2026;14:10:00;5169,50;5173,00;5169,50;5173,00;9668235,00;187
WDOV26;10/08/2026;14:00:00;5164,50;5169,00;5164,00;5168,50;1446735,00;28
WDOV26;10/08/2026;13:50:00;5163,50;5164,00;5163,50;5164,00;154910,00;3
WDOV26;10/08/2026;13:40:00;5165,00;5165,50;5165,00;5165,00;2479245,00;48
WDOV26;10/08/2026;13:30:00;5161,00;5166,00;5161,00;5163,00;2840360,00;55
WDOV26;10/08/2026;13:00:00;5161,00;5161,00;5159,50;5159,50;361185,00;7
WDOV26;10/08/2026;12:50:00;5161,00;5163,00;5161,00;5163,00;619405,00;12
WDOV26;10/08/2026;12:40:00;5164,00;5164,00;5163,00;5163,00;877730,00;17
WDOV26;10/08/2026;12:30:00;5163,50;5163,50;5163,00;5163,00;1652225,00;32
WDOV26;10/08/2026;12:20:00;5162,50;5164,50;5162,50;5163,50;3510805,00;68
WDOV26;10/08/2026;12:10:00;5162,50;5164,00;5162,50;5163,00;619585,00;12
WDOV26;10/08/2026;12:00:00;5161,00;5162,00;5159,50;5160,00;6348610,00;123
WDOV26;10/08/2026;11:50:00;5161,50;5162,00;5161,50;5161,50;722620,00;14
WDOV26;10/08/2026;11:40:00;5160,00;5161,50;5159,00;5160,00;4386520,00;85
WDOV26;10/08/2026;11:30:00;5159,50;5159,50;5158,00;5158,00;103175,00;2
WDOV26;10/08/2026;11:20:00;5160,00;5162,00;5159,50;5159,50;1651360,00;32
WDOV26;10/08/2026;11:10:00;5157,00;5160,00;5156,00;5158,50;2011275,00;39
WDOV26;10/08/2026;11:00:00;5158,00;5159,00;5156,50;5157,00;1959870,00;38
WDOV26;10/08/2026;10:50:00;5157,00;5161,00;5157,00;5158,00;8977410,00;174
WDOV26;10/08/2026;10:40:00;5156,00;5158,00;5156,00;5156,50;1237855,00;24
WDOV26;10/08/2026;10:30:00;5152,00;5156,50;5151,50;5155,00;4071070,00;79
WDOV26;10/08/2026;10:20:00;5150,50;5154,00;5150,50;5151,50;2421510,00;47
WDOV26;10/08/2026;10:10:00;5149,00;5153,50;5148,50;5152,50;3347970,00;65
WDOV26;10/08/2026;10:00:00;5150,50;5151,00;5150,50;5151,00;309050,00;6
WDOV26;10/08/2026;09:50:00;5153,50;5154,00;5151,50;5151,50;463775,00;9
WDOV26;10/08/2026;09:40:00;5154,00;5154,50;5153,50;5154,00;927720,00;18
WDOV26;10/08/2026;09:30:00;5149,50;5156,00;5149,00;5156,00;1185030,00;23
WDOV26;10/08/2026;09:20:00;5152,00;5152,00;5151,00;5152,00;1597070,00;31
WDOV26;10/08/2026;09:10:00;5147,00;5152,00;5147,00;5152,00;3038385,00;59
WDOV26;10/08/2026;09:00:00;5147,50;5149,00;5144,00;5148,50;7722165,00;150
WDOV26;07/08/2026;18:20:00;5144,50;5145,00;5142,00;5144,00;6428935,00;125
WDOV26;07/08/2026;18:10:00;5145,50;5145,50;5143,50;5144,50;2006690,00;39
WDOV26;07/08/2026;18:00:00;5145,00;5145,00;5145,00;5145,00;617400,00;12
WDOV26;07/08/2026;17:50:00;5144,00;5145,00;5143,00;5145,00;874425,00;17
WDOV26;07/08/2026;17:40:00;5144,50;5145,50;5144,00;5144,00;1080345,00;21
WDOV26;07/08/2026;17:30:00;5146,00;5146,00;5145,50;5146,00;566055,00;11
WDOV26;07/08/2026;17:10:00;5147,00;5147,00;5147,00;5147,00;102940,00;2
WDOV26;07/08/2026;17:00:00;5146,00;5146,00;5145,50;5145,50;2058265,00;40
WDOV26;07/08/2026;16:40:00;5147,50;5147,50;5147,00;5147,00;154415,00;3
WDOV26;07/08/2026;16:30:00;5147,00;5148,50;5147,00;5148,50;154430,00;3
WDOV26;07/08/2026;16:20:00;5145,50;5148,50;5145,50;5148,50;463255,00;9
WDOV26;07/08/2026;16:10:00;5149,50;5149,50;5149,00;5149,00;411930,00;8
WDOV26;07/08/2026;16:00:00;5147,50;5149,50;5147,00;5149,50;720765,00;14
WDOV26;07/08/2026;15:50:00;5146,00;5149,00;5146,00;5149,00;257420,00;5
WDOV26;07/08/2026;15:40:00;5145,50;5146,00;5145,50;5146,00;154375,00;3
WDOV26;07/08/2026;15:30:00;5146,00;5146,00;5146,00;5146,00;51460,00;1
WDOV26;07/08/2026;15:20:00;5146,00;5148,00;5146,00;5147,50;566200,00;11
WDOV26;07/08/2026;15:10:00;5145,00;5145,00;5143,00;5143,00;154310,00;3
WDOV26;07/08/2026;15:00:00;5145,00;5145,00;5144,00;5144,00;102890,00;2
WDOV26;07/08/2026;14:40:00;5143,00;5145,50;5142,00;5145,50;411495,00;8
WDOV26;07/08/2026;14:30:00;5145,50;5145,50;5141,50;5141,50;257150,00;5
WDOV26;07/08/2026;14:20:00;5146,50;5146,50;5143,50;5145,50;1543570,00;30
WDOV26;07/08/2026;14:10:00;5147,00;5148,00;5145,00;5147,00;1286440,00;25
WDOV26;07/08/2026;14:00:00;5147,00;5147,00;5146,00;5146,00;102930,00;2
WDOV26;07/08/2026;13:50:00;5150,00;5151,00;5150,00;5151,00;1081510,00;21
WDOV26;07/08/2026;13:30:00;5148,00;5150,00;5148,00;5150,00;308945,00;6
WDOV26;07/08/2026;13:20:00;5146,00;5150,00;5144,00;5148,00;1029615,00;20
WDOV26;07/08/2026;13:10:00;5149,50;5149,50;5144,00;5145,50;4888585,00;95
WDOV26;07/08/2026;13:00:00;5151,50;5151,50;5149,00;5150,00;5150020,00;100
WDOV26;07/08/2026;12:50:00;5154,00;5154,00;5154,00;5154,00;51540,00;1
WDOV26;07/08/2026;12:40:00;5150,00;5150,50;5150,00;5150,50;927005,00;18
WDOV26;07/08/2026;12:30:00;5153,00;5155,00;5153,00;5155,00;103080,00;2
WDOV26;07/08/2026;12:20:00;5151,50;5151,50;5151,50;5151,50;51515,00;1
WDOV26;07/08/2026;12:10:00;5153,00;5154,00;5152,00;5154,00;154590,00;3
WDOV26;07/08/2026;12:00:00;5155,00;5155,50;5154,50;5154,50;206200,00;4
WDOV26;07/08/2026;11:50:00;5154,00;5154,00;5153,00;5153,00;515390,00;10
WDOV26;07/08/2026;11:40:00;5155,50;5155,50;5154,00;5154,00;206185,00;4
WDOV26;07/08/2026;11:30:00;5158,50;5158,50;5158,50;5158,50;51585,00;1
WDOV26;07/08/2026;11:20:00;5154,00;5154,00;5153,50;5153,50;206145,00;4
WDOV26;07/08/2026;11:10:00;5157,00;5157,00;5153,50;5153,50;618725,00;12
WDOV26;07/08/2026;11:00:00;5156,50;5156,50;5156,50;5156,50;103130,00;2
WDOV26;07/08/2026;10:50:00;5158,50;5161,00;5154,00;5159,50;9854760,00;191
WDOV26;07/08/2026;10:40:00;5154,00;5159,50;5153,00;5158,00;1753515,00;34
WDOV26;07/08/2026;10:30:00;5154,00;5159,00;5153,50;5153,50;1649850,00;32
WDOV26;07/08/2026;10:20:00;5153,00;5154,50;5150,00;5152,00;1236410,00;24
WDOV26;07/08/2026;10:10:00;5151,50;5154,50;5150,00;5153,50;1288250,00;25
WDOV26;07/08/2026;10:00:00;5145,50;5152,00;5144,50;5150,50;6798175,00;132
WDOV26;07/08/2026;09:50:00;5145,50;5148,50;5145,50;5147,00;514735,00;10
WDOV26;07/08/2026;09:40:00;5145,00;5145,00;5138,50;5141,00;7556720,00;147
WDOV26;07/08/2026;09:30:00;5162,00;5168,00;5138,00;5143,00;24614000,00;478
WDOV26;07/08/2026;09:20:00;5164,00;5165,00;5163,50;5164,00;1187830,00;23
WDOV26;07/08/2026;09:10:00;5162,50;5164,00;5162,50;5164,00;516290,00;10
WDOV26;07/08/2026;09:00:00;5161,50;5165,00;5160,00;5164,00;4852355,00;94
WDOV26;06/08/2026;18:20:00;5178,50;5178,50;5173,50;5174,50;3829340,00;74
WDOV26;06/08/2026;18:10:00;5177,00;5178,50;5176,50;5178,50;932000,00;18
WDOV26;06/08/2026;18:00:00;5175,00;5176,50;5175,00;5176,50;362320,00;7
WDOV26;06/08/2026;17:50:00;5175,00;5175,50;5174,50;5175,50;517500,00;10
WDOV26;06/08/2026;17:30:00;5174,50;5175,00;5174,00;5174,00;465730,00;9
WDOV26;06/08/2026;17:20:00;5174,50;5175,00;5174,50;5175,00;206995,00;4
WDOV26;06/08/2026;17:10:00;5173,00;5174,00;5172,00;5174,00;206925,00;4
WDOV26;06/08/2026;17:00:00;5170,00;5173,00;5170,00;5173,00;1706185,00;33
WDOV26;06/08/2026;16:50:00;5170,50;5170,50;5170,00;5170,00;206815,00;4
WDOV26;06/08/2026;16:40:00;5170,50;5171,50;5170,50;5170,50;258540,00;5
WDOV26;06/08/2026;16:30:00;5169,50;5169,50;5169,00;5169,00;103385,00;2
WDOV26;06/08/2026;16:20:00;5167,00;5171,00;5167,00;5170,00;258480,00;5
WDOV26;06/08/2026;16:10:00;5167,00;5167,00;5167,00;5167,00;103340,00;2
WDOV26;06/08/2026;16:00:00;5165,50;5166,00;5165,00;5166,00;309935,00;6
WDOV26;06/08/2026;15:40:00;5168,00;5168,00;5164,50;5164,50;723345,00;14
WDOV26;06/08/2026;15:30:00;5168,50;5168,50;5168,50;5168,50;206740,00;4
WDOV26;06/08/2026;15:20:00;5168,00;5169,50;5168,00;5169,50;103375,00;2
WDOV26;06/08/2026;15:10:00;5168,00;5168,00;5167,00;5167,00;103350,00;2
WDOV26;06/08/2026;14:50:00;5167,00;5168,00;5167,00;5168,00;103350,00;2
WDOV26;06/08/2026;14:40:00;5167,00;5167,00;5167,00;5167,00;51670,00;1
WDOV26;06/08/2026;14:30:00;5165,00;5165,00;5165,00;5165,00;103300,00;2
WDOV26;06/08/2026;14:20:00;5166,50;5166,50;5166,00;5166,00;103325,00;2
WDOV26;06/08/2026;14:10:00;5167,50;5168,50;5167,50;5168,50;155040,00;3
WDOV26;06/08/2026;14:00:00;5168,00;5168,50;5168,00;5168,50;155050,00;3
WDOV26;06/08/2026;13:50:00;5168,00;5168,50;5167,00;5168,50;155035,00;3
WDOV26;06/08/2026;13:40:00;5168,00;5168,50;5166,50;5167,00;723415,00;14
WDOV26;06/08/2026;13:30:00;5169,50;5169,50;5169,50;5169,50;51695,00;1
WDOV26;06/08/2026;13:20:00;5172,50;5172,50;5170,50;5170,50;1499755,00;29
WDOV26;06/08/2026;13:10:00;5170,00;5173,00;5170,00;5172,00;672440,00;13
WDOV26;06/08/2026;13:00:00;5170,00;5171,00;5170,00;5170,50;361935,00;7
WDOV26;06/08/2026;12:50:00;5168,50;5174,50;5168,50;5172,00;6825230,00;132
WDOV26;06/08/2026;12:40:00;5169,00;5169,50;5168,50;5168,50;930405,00;18
WDOV26;06/08/2026;12:30:00;5165,00;5168,50;5165,00;5168,50;1136770,00;22
WDOV26;06/08/2026;12:20:00;5165,00;5165,50;5162,50;5165,00;981240,00;19
WDOV26;06/08/2026;12:10:00;5158,50;5164,50;5158,50;5164,00;929445,00;18
WDOV26;06/08/2026;12:00:00;5158,00;5159,50;5158,00;5158,00;1186375,00;23
WDOV26;06/08/2026;11:50:00;5158,50;5162,50;5158,50;5159,50;3457955,00;67
WDOV26;06/08/2026;11:40:00;5157,50;5159,00;5156,50;5159,00;2320505,00;45
WDOV26;06/08/2026;11:30:00;5158,50;5160,50;5157,50;5158,00;1135085,00;22
WDOV26;06/08/2026;11:20:00;5162,00;5163,00;5159,00;5159,50;23999320,00;465
WDOV26;06/08/2026;11:10:00;5162,50;5164,00;5161,00;5161,50;1135780,00;22
WDOV26;06/08/2026;11:00:00;5162,50;5163,00;5160,00;5162,00;980670,00;19
WDOV26;06/08/2026;10:50:00;5165,50;5165,50;5161,50;5161,50;413010,00;8
WDOV26;06/08/2026;10:40:00;5163,00;5166,00;5163,00;5165,50;568085,00;11
WDOV26;06/08/2026;10:30:00;5168,50;5168,50;5161,50;5162,50;981335,00;19
WDOV26;06/08/2026;10:20:00;5166,50;5168,00;5162,50;5168,00;2530450,00;49
WDOV26;06/08/2026;10:10:00;5173,50;5173,50;5167,00;5167,00;6255730,00;121
WDOV26;06/08/2026;10:00:00;5172,50;5178,50;5172,50;5175,00;465720,00;9
WDOV26;06/08/2026;09:50:00;5176,50;5176,50;5175,50;5176,00;2743275,00;53
WDOV26;06/08/2026;09:40:00;5178,00;5181,50;5175,00;5176,50;621250,00;12
WDOV26;06/08/2026;09:30:00;5175,50;5178,00;5175,50;5178,00;1294340,00;25
WDOV26;06/08/2026;09:20:00;5188,50;5188,50;5174,50;5175,00;8287580,00;160
WDOV26;06/08/2026;09:10:00;5190,00;5193,00;5189,00;5192,00;1453455,00;28
WDOV26;06/08/2026;09:00:00;5186,00;5188,50;5182,00;5187,50;5601645,00;108
WDOV26;05/08/2026;18:20:00;5187,50;5187,50;5185,00;5186,00;7363500,00;142
WDOV26;05/08/2026;18:10:00;5189,00;5189,00;5189,00;5189,00;103780,00;2
WDOV26;05/08/2026;18:00:00;5187,00;5187,50;5187,00;5187,50;933665,00;18
WDOV26;05/08/2026;17:50:00;5187,50;5191,50;5187,50;5188,00;1037870,00;20
WDOV26;05/08/2026;17:30:00;5188,50;5188,50;5186,50;5187,50;881885,00;17
WDOV26;05/08/2026;17:20:00;5189,00;5189,00;5188,00;5188,50;3580345,00;69
WDOV26;05/08/2026;17:10:00;5195,00;5195,00;5189,50;5190,50;1453830,00;28
WDOV26;05/08/2026;17:00:00;5195,50;5195,50;5195,50;5195,50;51955,00;1
WDOV26;05/08/2026;16:50:00;5194,00;5194,00;5193,50;5194,00;207755,00;4
WDOV26;05/08/2026;16:40:00;5197,00;5197,00;5195,50;5195,50;311800,00;6
WDOV26;05/08/2026;16:30:00;5197,50;5197,50;5195,50;5196,50;3533660,00;68
WDOV26;05/08/2026;16:20:00;5195,00;5198,50;5195,00;5198,50;415725,00;8
WDOV26;05/08/2026;16:10:00;5193,00;5195,50;5193,00;5193,50;1402565,00;27
WDOV26;05/08/2026;16:00:00;5193,00;5194,50;5191,50;5191,50;363515,00;7
WDOV26;05/08/2026;15:50:00;5189,50;5192,00;5189,00;5192,00;155705,00;3
WDOV26;05/08/2026;15:40:00;5190,50;5190,50;5190,50;5190,50;103810,00;2
WDOV26;05/08/2026;15:30:00;5190,00;5191,50;5190,00;5190,00;207615,00;4
WDOV26;05/08/2026;15:20:00;5189,00;5189,50;5188,00;5189,50;830145,00;16
WDOV26;05/08/2026;15:10:00;5191,00;5191,00;5190,00;5190,00;103810,00;2
WDOV26;05/08/2026;15:00:00;5191,00;5191,00;5191,00;5191,00;51910,00;1
WDOV26;05/08/2026;14:40:00;5192,00;5193,00;5190,00;5191,50;778775,00;15
WDOV26;05/08/2026;14:30:00;5195,00;5195,50;5195,00;5195,50;155855,00;3
WDOV26;05/08/2026;14:20:00;5195,00;5200,00;5194,50;5197,00;2443275,00;47
WDOV26;05/08/2026;14:10:00;5193,00;5195,50;5191,50;5195,00;7168580,00;138
WDOV26;05/08/2026;14:00:00;5191,00;5193,00;5190,50;5193,00;415295,00;8
WDOV26;05/08/2026;13:50:00;5190,00;5192,50;5190,00;5192,00;8461995,00;163
WDOV26;05/08/2026;13:40:00;5188,00;5190,00;5188,00;5190,00;5553095,00;107
WDOV26;05/08/2026;13:30:00;5188,00;5189,50;5188,00;5189,50;726380,00;14
WDOV26;05/08/2026;13:20:00;5186,00;5187,00;5185,00;5187,00;363010,00;7
WDOV26;05/08/2026;13:10:00;5187,00;5190,00;5186,50;5186,50;5916330,00;114
WDOV26;05/08/2026;12:50:00;5183,00;5183,00;5182,50;5183,00;1192060,00;23
WDOV26;05/08/2026;12:40:00;5182,50;5182,50;5182,50;5182,50;51825,00;1
WDOV26;05/08/2026;12:30:00;5181,50;5181,50;5181,50;5181,50;51815,00;1
WDOV26;05/08/2026;12:20:00;5183,00;5183,00;5178,50;5180,50;13001675,00;251
WDOV26;05/08/2026;12:10:00;5183,50;5188,00;5183,50;5185,50;5859100,00;113
WDOV26;05/08/2026;12:00:00;5184,00;5186,50;5183,50;5186,50;207400,00;4
WDOV26;05/08/2026;11:50:00;5187,50;5192,00;5187,00;5188,00;467040,00;9
WDOV26;05/08/2026;11:40:00;5187,00;5190,00;5187,00;5190,00;155650,00;3
WDOV26;05/08/2026;11:30:00;5192,50;5194,00;5185,00;5185,00;4048105,00;78
WDOV26;05/08/2026;11:20:00;5171,00;5193,50;5171,00;5193,00;18567550,00;358
WDOV26;05/08/2026;11:10:00;5168,00;5170,50;5168,00;5170,50;620245,00;12
WDOV26;05/08/2026;11:00:00;5176,50;5176,50;5165,00;5169,00;14738410,00;285
WDOV26;05/08/2026;10:50:00;5182,00;5183,00;5175,50;5176,00;1657410,00;32
WDOV26;05/08/2026;10:40:00;5179,00;5184,50;5179,00;5181,50;881020,00;17
WDOV26;05/08/2026;10:30:00;5178,00;5180,50;5176,50;5178,00;3003300,00;58
WDOV26;05/08/2026;10:20:00;5183,00;5184,50;5177,00;5177,00;12691085,00;245
WDOV26;05/08/2026;10:10:00;5185,00;5187,50;5183,00;5183,00;2800890,00;54
WDOV26;05/08/2026;10:00:00;5186,50;5187,00;5183,00;5183,00;622245,00;12
WDOV26;05/08/2026;09:50:00;5184,50;5188,00;5184,50;5186,50;622335,00;12
WDOV26;05/08/2026;09:40:00;5185,00;5185,00;5183,50;5185,00;414740,00;8
WDOV26;05/08/2026;09:30:00;5190,00;5190,00;5188,50;5188,50;5605130,00;108
WDOV26;05/08/2026;09:20:00;5182,00;5185,50;5181,50;5185,50;1088285,00;21
WDOV26;05/08/2026;09:10:00;5183,50;5184,50;5182,00;5182,00;362855,00;7
WDOV26;05/08/2026;09:00:00;5185,00;5185,00;5174,00;5181,00;17766980,00;343
WDOV26;04/08/2026;18:20:00;5197,00;5197,00;5192,00;5193,50;2389510,00;46
WDOV26;04/08/2026;18:10:00;5196,50;5198,00;5196,00;5197,50;1195340,00;23
WDOV26;04/08/2026;18:00:00;5198,50;5199,50;5197,00;5197,50;935745,00;18
WDOV26;04/08/2026;17:50:00;5194,00;5197,50;5194,00;5194,50;11375310,00;219
WDOV26;04/08/2026;17:40:00;5194,50;5194,50;5194,00;5194,00;467465,00;9
WDOV26;04/08/2026;17:30:00;5192,00;5192,50;5192,00;5192,50;155770,00;3
WDOV26;04/08/2026;17:20:00;5194,00;5194,00;5190,50;5191,50;3166665,00;61
WDOV26;04/08/2026;17:10:00;5195,50;5198,50;5194,00;5194,00;935290,00;18
WDOV26;04/08/2026;17:00:00;5199,00;5199,00;5195,50;5195,50;1351595,00;26
WDOV26;04/08/2026;16:50:00;5202,00;5202,00;5199,00;5199,00;2287775,00;44
WDOV26;04/08/2026;16:40:00;5202,50;5204,50;5202,50;5204,50;104070,00;2
WDOV26;04/08/2026;16:30:00;5202,50;5204,50;5202,50;5204,00;364265,00;7
WDOV26;04/08/2026;16:20:00;5201,50;5202,50;5201,00;5201,00;5149750,00;99
WDOV26;04/08/2026;16:10:00;5201,50;5203,00;5201,50;5202,00;728350,00;14
WDOV26;04/08/2026;16:00:00;5205,50;5205,50;5201,50;5201,50;1769090,00;34
WDOV26;04/08/2026;15:50:00;5212,50;5212,50;5203,50;5204,00;16920805,00;325
WDOV26;04/08/2026;15:40:00;5210,50;5215,00;5210,50;5213,50;2085080,00;40
WDOV26;04/08/2026;15:30:00;5204,00;5211,50;5201,50;5210,00;4583325,00;88
WDOV26;04/08/2026;15:20:00;5203,50;5211,00;5203,50;5205,00;6820675,00;131
WDOV26;04/08/2026;15:10:00;5194,00;5202,50;5194,00;5202,50;13309110,00;256
WDOV26;04/08/2026;15:00:00;5187,00;5194,00;5187,00;5194,00;10120550,00;195
WDOV26;04/08/2026;14:50:00;5182,50;5186,00;5182,50;5185,50;6014445,00;116
WDOV26;04/08/2026;14:40:00;5181,00;5182,00;5181,00;5182,00;1088130,00;21
WDOV26;04/08/2026;14:30:00;5180,50;5180,50;5179,50;5180,00;932330,00;18
WDOV26;04/08/2026;14:20:00;5179,50;5180,00;5179,00;5180,00;310770,00;6
WDOV26;04/08/2026;14:10:00;5178,00;5180,00;5178,00;5180,00;880545,00;17
WDOV26;04/08/2026;14:00:00;5178,00;5178,50;5177,50;5178,50;983825,00;19
WDOV26;04/08/2026;13:50:00;5179,00;5180,00;5177,50;5177,50;1398485,00;27
WDOV26;04/08/2026;13:40:00;5180,00;5180,00;5179,00;5179,00;103590,00;2
WDOV26;04/08/2026;13:30:00;5182,50;5185,50;5182,00;5183,00;1244300,00;24
WDOV26;04/08/2026;13:20:00;5182,50;5182,50;5182,00;5182,00;155465,00;3
WDOV26;04/08/2026;13:10:00;5180,00;5183,50;5180,00;5183,50;777085,00;15
WDOV26;04/08/2026;13:00:00;5179,00;5181,50;5177,50;5181,50;1553865,00;30
WDOV26;04/08/2026;12:50:00;5178,50;5179,50;5178,00;5178,00;724950,00;14
WDOV26;04/08/2026;12:40:00;5178,50;5178,50;5177,50;5177,50;155340,00;3
WDOV26;04/08/2026;12:30:00;5179,00;5182,50;5179,00;5179,00;880650,00;17
WDOV26;04/08/2026;12:20:00;5180,50;5181,00;5178,00;5178,00;1916640,00;37
WDOV26;04/08/2026;12:10:00;5174,50;5180,00;5174,50;5180,00;8027805,00;155
WDOV26;04/08/2026;12:00:00;5172,50;5172,50;5171,00;5172,00;982565,00;19
WDOV26;04/08/2026;11:50:00;5175,50;5176,00;5171,50;5171,50;1034885,00;20
WDOV26;04/08/2026;11:40:00;5171,50;5175,00;5170,50;5174,00;1241420,00;24
WDOV26;04/08/2026;11:30:00;5173,50;5176,00;5170,00;5171,50;2534905,00;49
WDOV26;04/08/2026;11:20:00;5171,50;5171,50;5169,50;5170,50;2119825,00;41
WDOV26;04/08/2026;11:10:00;5173,50;5177,50;5172,00;5175,50;2949220,00;57
WDOV26;04/08/2026;11:00:00;5172,50;5174,00;5170,00;5171,50;3206475,00;62
WDOV26;04/08/2026;10:50:00;5167,50;5174,50;5167,00;5172,00;12769885,00;247
WDOV26;04/08/2026;10:40:00;5164,50;5170,00;5164,50;5169,50;1757495,00;34
WDOV26;04/08/2026;10:30:00;5163,00;5166,50;5162,00;5166,50;826085,00;16
WDOV26;04/08/2026;10:20:00;5166,00;5166,00;5162,00;5163,50;1755605,00;34
WDOV26;04/08/2026;10:10:00;5164,50;5165,00;5159,00;5165,00;1393860,00;27
WDOV26;04/08/2026;10:00:00;5161,00;5168,00;5159,50;5164,00;11259295,00;218
WDOV26;04/08/2026;09:50:00;5154,50;5160,00;5154,50;5159,50;1960035,00;38
WDOV26;04/08/2026;09:40:00;5154,50;5157,50;5154,50;5154,50;309350,00;6
WDOV26;04/08/2026;09:30:00;5157,50;5157,50;5154,50;5154,50;1185905,00;23
WDOV26;04/08/2026;09:20:00;5152,00;5161,50;5151,50;5157,50;1083120,00;21
WDOV26;04/08/2026;09:10:00;5148,00;5156,00;5148,00;5153,50;2369585,00;46
WDOV26;04/08/2026;09:00:00;5146,00;5147,50;5140,00;5147,50;6686700,00;130
WDOV26;03/08/2026;18:20:00;5157,00;5157,00;5157,00;5157,00;4022460,00;78
WDOV26;03/08/2026;18:10:00;5157,50;5157,50;5157,00;5157,00;103145,00;2
WDOV26;03/08/2026;17:50:00;5153,00;5154,50;5153,00;5154,50;618460,00;12
WDOV26;03/08/2026;17:40:00;5150,00;5150,00;5150,00;5150,00;3193000,00;62
WDOV26;03/08/2026;17:30:00;5150,50;5150,50;5150,50;5150,50;51505,00;1
WDOV26;03/08/2026;17:20:00;5152,00;5152,00;5150,00;5150,00;360560,00;7
WDOV26;03/08/2026;17:10:00;5153,50;5153,50;5153,50;5153,50;51535,00;1
WDOV26;03/08/2026;17:00:00;5153,50;5153,50;5153,50;5153,50;206140,00;4
WDOV26;03/08/2026;16:50:00;5153,50;5153,50;5153,50;5153,50;206140,00;4
WDOV26;03/08/2026;16:40:00;5153,50;5153,50;5153,50;5153,50;51535,00;1
WDOV26;03/08/2026;16:30:00;5154,50;5154,50;5154,50;5154,50;51545,00;1
WDOV26;03/08/2026;16:20:00;5155,00;5155,00;5155,00;5155,00;51550,00;1
WDOV26;03/08/2026;16:10:00;5156,00;5156,00;5156,00;5156,00;51560,00;1
WDOV26;03/08/2026;16:00:00;5155,50;5156,00;5153,50;5156,00;566985,00;11
WDOV26;03/08/2026;15:50:00;5156,00;5156,00;5156,00;5156,00;103120,00;2
WDOV26;03/08/2026;15:30:00;5156,50;5156,50;5156,50;5156,50;51565,00;1
WDOV26;03/08/2026;15:20:00;5156,50;5157,50;5156,50;5157,50;206270,00;4
WDOV26;03/08/2026;15:10:00;5156,50;5156,50;5155,50;5156,00;309360,00;6
WDOV26;03/08/2026;15:00:00;5159,50;5159,50;5156,00;5156,00;567300,00;11
WDOV26;03/08/2026;14:50:00;5157,00;5160,00;5157,00;5159,50;6501380,00;126
WDOV26;03/08/2026;14:40:00;5156,50;5156,50;5156,50;5156,50;51565,00;1
WDOV26;03/08/2026;14:30:00;5153,50;5156,50;5153,50;5156,00;567100,00;11
WDOV26;03/08/2026;14:20:00;5156,50;5158,50;5153,50;5153,50;1856155,00;36
WDOV26;03/08/2026;14:10:00;5154,50;5155,00;5154,00;5155,00;309255,00;6
WDOV26;03/08/2026;14:00:00;5153,00;5157,00;5153,00;5153,50;2164980,00;42
WDOV26;03/08/2026;13:50:00;5151,00;5152,00;5151,00;5152,00;103030,00;2
WDOV26;03/08/2026;13:30:00;5150,50;5151,00;5150,50;5151,00;103015,00;2
WDOV26;03/08/2026;13:20:00;5150,00;5153,50;5149,50;5152,50;2317890,00;45
WDOV26;03/08/2026;13:10:00;5149,50;5149,50;5149,50;5149,50;51495,00;1
WDOV26;03/08/2026;13:00:00;5147,00;5150,00;5147,00;5150,00;205970,00;4
WDOV26;03/08/2026;12:50:00;5146,00;5148,00;5145,00;5145,00;823410,00;16
WDOV26;03/08/2026;12:40:00;5148,50;5149,00;5146,00;5147,50;2625480,00;51
WDOV26;03/08/2026;12:30:00;5153,00;5153,00;5151,50;5151,50;927370,00;18
WDOV26;03/08/2026;12:20:00;5150,00;5153,00;5150,00;5152,00;2060455,00;40
WDOV26;03/08/2026;12:10:00;5148,50;5148,50;5148,50;5148,50;102970,00;2
WDOV26;03/08/2026;12:00:00;5148,00;5149,00;5148,00;5148,50;205935,00;4
WDOV26;03/08/2026;11:50:00;5149,00;5149,00;5146,50;5147,00;1389665,00;27
WDOV26;03/08/2026;11:40:00;5149,00;5153,50;5148,00;5152,00;8704185,00;169
WDOV26;03/08/2026;11:30:00;5147,50;5150,00;5147,00;5147,00;1029780,00;20
WDOV26;03/08/2026;11:20:00;5148,00;5148,00;5144,50;5145,50;1389605,00;27
WDOV26;03/08/2026;11:10:00;5142,00;5150,00;5142,00;5150,00;6020555,00;117
WDOV26;03/08/2026;11:00:00;5138,00;5143,00;5136,50;5143,00;8274660,00;161
WDOV26;03/08/2026;10:50:00;5136,00;5136,00;5136,00;5136,00;102720,00;2
WDOV26;03/08/2026;10:40:00;5139,50;5139,50;5135,50;5136,00;1335520,00;26
WDOV26;03/08/2026;10:30:00;5131,50;5139,00;5131,50;5139,00;2002840,00;39
WDOV26;03/08/2026;10:20:00;5132,00;5134,00;5132,00;5132,50;821275,00;16
WDOV26;03/08/2026;10:10:00;5131,50;5132,00;5130,50;5132,00;923580,00;18
WDOV26;03/08/2026;10:00:00;5124,50;5132,00;5124,50;5130,50;4821910,00;94
WDOV26;03/08/2026;09:50:00;5127,50;5127,50;5124,50;5124,50;410070,00;8
WDOV26;03/08/2026;09:40:00;5133,00;5133,00;5133,00;5133,00;153990,00;3
WDOV26;03/08/2026;09:30:00;5137,00;5137,00;5128,00;5132,00;5695085,00;111
WDOV26;03/08/2026;09:20:00;5136,50;5140,50;5135,50;5136,00;462385,00;9
WDOV26;03/08/2026;09:10:00;5136,00;5140,00;5135,50;5140,00;821980,00;16
WDOV26;03/08/2026;09:00:00;5141,50;5141,50;5130,00;5134,50;4620775,00;90
WDOV26;31/07/2026;18:20:00;5149,00;5151,00;5149,00;5151,00;5355990,00;104
WDOV26;31/07/2026;18:10:00;5146,50;5146,50;5146,50;5146,50;51465,00;1
WDOV26;31/07/2026;18:00:00;5146,00;5148,00;5146,00;5148,00;102940,00;2
WDOV26;31/07/2026;17:50:00;5140,00;5144,00;5140,00;5142,50;668430,00;13
WDOV26;31/07/2026;17:30:00;5140,00;5144,00;5140,00;5140,00;1388370,00;27
WDOV26;31/07/2026;17:20:00;5140,00;5140,00;5140,00;5140,00;154200,00;3
WDOV26;31/07/2026;17:00:00;5140,00;5143,00;5140,00;5140,50;154235,00;3
WDOV26;31/07/2026;16:50:00;5139,00;5139,00;5138,50;5138,50;102775,00;2
WDOV26;31/07/2026;16:40:00;5143,00;5143,00;5139,00;5139,00;5140230,00;100
WDOV26;31/07/2026;16:30:00;5144,00;5145,00;5144,00;5145,00;308690,00;6
WDOV26;31/07/2026;16:20:00;5143,00;5143,00;5143,00;5143,00;51430,00;1
WDOV26;31/07/2026;16:10:00;5143,00;5147,00;5143,00;5144,00;463055,00;9
WDOV26;31/07/2026;16:00:00;5142,00;5146,50;5141,50;5144,00;514370,00;10
WDOV26;31/07/2026;15:50:00;5144,50;5145,00;5143,00;5143,00;977355,00;19
WDOV26;31/07/2026;15:30:00;5146,00;5146,00;5144,00;5145,00;205800,00;4
WDOV26;31/07/2026;15:20:00;5144,00;5144,00;5144,00;5144,00;102880,00;2
WDOV26;31/07/2026;15:10:00;5146,00;5146,00;5144,00;5144,00;308685,00;6
WDOV26;31/07/2026;15:00:00;5142,50;5146,50;5141,50;5146,00;1132060,00;22
WDOV26;31/07/2026;14:50:00;5142,00;5143,00;5141,50;5143,00;617060,00;12
WDOV26;31/07/2026;14:40:00;5142,50;5149,50;5140,00;5144,00;11415540,00;222
WDOV26;31/07/2026;14:30:00;5145,50;5145,50;5145,00;5145,00;102905,00;2
WDOV26;31/07/2026;14:20:00;5144,50;5145,00;5144,50;5144,50;257230,00;5
WDOV26;31/07/2026;14:10:00;5144,50;5145,50;5143,50;5145,00;926060,00;18
WDOV26;31/07/2026;14:00:00;5150,50;5150,50;5150,50;5150,50;51505,00;1
WDOV26;31/07/2026;13:50:00;5150,00;5150,00;5149,50;5150,00;5458995,00;106
WDOV26;31/07/2026;13:40:00;5145,00;5148,50;5145,00;5148,50;617555,00;12
WDOV26;31/07/2026;13:30:00;5143,00;5144,00;5143,00;5144,00;411510,00;8
WDOV26;31/07/2026;13:20:00;5139,50;5142,00;5139,50;5142,00;719625,00;14
WDOV26;31/07/2026;13:10:00;5145,50;5145,50;5138,00;5138,00;5191590,00;101
WDOV26;31/07/2026;13:00:00;5144,00;5146,00;5144,00;5146,00;617340,00;12
WDOV26;31/07/2026;12:50:00;5143,50;5144,50;5141,00;5144,50;514325,00;10
WDOV26;31/07/2026;12:40:00;5142,00;5146,00;5142,00;5146,00;308635,00;6
WDOV26;31/07/2026;12:30:00;5140,00;5160,00;5140,00;5146,00;6333915,00;123
WDOV26;30/07/2026;18:20:00;5134,50;5134,50;5134,50;5134,50;51345,00;1
WDOV26;30/07/2026;18:10:00;5135,00;5135,00;5135,00;5135,00;102700,00;2
WDOV26;30/07/2026;18:00:00;5135,00;5135,00;5135,00;5135,00;51350,00;1
WDOV26;30/07/2026;17:50:00;5134,00;5134,00;5134,00;5134,00;51340,00;1
WDOV26;30/07/2026;17:30:00;5135,00;5135,00;5135,00;5135,00;51350,00;1
WDOV26;30/07/2026;17:20:00;5135,00;5135,00;5135,00;5135,00;102700,00;2
WDOV26;30/07/2026;16:50:00;5138,00;5138,00;5136,00;5136,00;308250,00;6
WDOV26;30/07/2026;16:40:00;5141,00;5143,00;5141,00;5143,00;102840,00;2
WDOV26;30/07/2026;16:20:00;5140,50;5140,50;5140,50;5140,50;51405,00;1
WDOV26;30/07/2026;16:00:00;5143,00;5143,00;5143,00;5143,00;51430,00;1
WDOV26;30/07/2026;15:20:00;5145,50;5145,50;5145,50;5145,50;51455,00;1
WDOV26;30/07/2026;14:30:00;5143,50;5143,50;5143,50;5143,50;360045,00;7
WDOV26;30/07/2026;13:40:00;5138,00;5141,00;5138,00;5141,00;4214900,00;82
WDOV26;30/07/2026;13:30:00;5136,50;5138,50;5136,50;5138,50;3082440,00;60
WDOV26;30/07/2026;13:10:00;5139,00;5139,00;5139,00;5139,00;359730,00;7
WDOV26;30/07/2026;12:50:00;5141,00;5141,00;5141,00;5141,00;51410,00;1
WDOV26;30/07/2026;12:20:00;5139,00;5139,00;5139,00;5139,00;51390,00;1
WDOV26;30/07/2026;12:10:00;5141,00;5141,50;5141,00;5141,50;1542425,00;30
WDOV26;30/07/2026;11:30:00;5145,50;5145,50;5145,50;5145,50;51455,00;1
WDOV26;30/07/2026;11:20:00;5145,50;5145,50;5143,00;5143,00;565755,00;11
WDOV26;30/07/2026;11:10:00;5143,50;5143,50;5142,00;5142,00;257160,00;5
WDOV26;30/07/2026;11:00:00;5144,50;5145,00;5144,50;5145,00;1028995,00;20
WDOV26;30/07/2026;10:50:00;5142,00;5142,00;5139,00;5139,00;1285035,00;25
WDOV26;30/07/2026;10:40:00;5145,00;5145,00;5140,50;5140,50;1234735,00;24
WDOV26;30/07/2026;10:30:00;5156,50;5156,50;5149,50;5149,50;206155,00;4
WDOV26;30/07/2026;10:20:00;5160,00;5160,00;5159,00;5159,00;5263185,00;102
WDOV26;30/07/2026;10:10:00;5163,00;5163,00;5163,00;5163,00;51630,00;1
WDOV26;30/07/2026;09:50:00;5170,00;5171,00;5170,00;5171,00;517090,00;10
WDOV26;30/07/2026;09:40:00;5167,50;5167,50;5164,50;5164,50;103320,00;2
WDOV26;30/07/2026;09:30:00;5165,00;5167,00;5165,00;5167,00;154990,00;3
WDOV26;30/07/2026;09:20:00;5167,50;5167,50;5165,50;5165,50;103330,00;2
WDOV26;30/07/2026;09:10:00;5173,00;5177,50;5173,00;5177,50;258820,00;5
WDOV26;30/07/2026;09:00:00;5173,50;5173,50;5173,50;5173,50;51735,00;1
WDOV26;29/07/2026;18:20:00;5192,00;5193,00;5192,00;5193,00;103850,00;2
WDOV26;29/07/2026;18:10:00;5188,50;5188,50;5188,50;5188,50;103770,00;2
WDOV26;29/07/2026;17:10:00;5189,50;5189,50;5188,50;5188,50;103780,00;2
WDOV26;29/07/2026;17:00:00;5189,00;5189,00;5189,00;5189,00;51890,00;1
WDOV26;29/07/2026;16:30:00;5180,00;5180,00;5180,00;5180,00;51800,00;1
WDOV26;29/07/2026;16:20:00;5167,50;5173,00;5167,50;5173,00;361780,00;7
WDOV26;29/07/2026;16:10:00;5164,00;5164,00;5164,00;5164,00;51640,00;1
WDOV26;29/07/2026;16:00:00;5169,00;5169,00;5166,00;5166,00;1136950,00;22
WDOV26;29/07/2026;15:40:00;5185,00;5185,00;5170,00;5170,00;2017785,00;39
WDOV26;29/07/2026;15:20:00;5193,00;5196,00;5193,00;5196,00;415495,00;8
WDOV26;29/07/2026;15:10:00;5189,00;5189,00;5189,00;5189,00;622680,00;12
WDOV26;29/07/2026;15:00:00;5195,00;5195,00;5185,00;5186,00;2077070,00;40
WDOV26;29/07/2026;12:10:00;5204,00;5204,00;5204,00;5204,00;312240,00;6
WDOV26;29/07/2026;12:00:00;5207,00;5207,00;5207,00;5207,00;52070,00;1
WDOV26;29/07/2026;11:40:00;5200,00;5203,00;5200,00;5203,00;468030,00;9
WDOV26;29/07/2026;11:20:00;5195,00;5198,00;5195,00;5198,00;103930,00;2
WDOV26;29/07/2026;11:10:00;5185,50;5185,50;5185,50;5185,50;155565,00;3
WDOV26;29/07/2026;11:00:00;5182,00;5182,00;5182,00;5182,00;310920,00;6
WDOV26;29/07/2026;10:50:00;5187,00;5187,00;5187,00;5187,00;51870,00;1
WDOV26;29/07/2026;10:30:00;5190,00;5190,00;5190,00;5190,00;415200,00;8
WDOV26;29/07/2026;10:10:00;5187,50;5187,50;5187,50;5187,50;1400625,00;27
WDOV26;29/07/2026;10:00:00;5189,50;5189,50;5185,00;5185,00;415060,00;8
WDOV26;29/07/2026;09:40:00;5193,00;5193,00;5189,50;5189,50;311445,00;6
WDOV26;29/07/2026;09:30:00;5198,00;5198,00;5198,00;5198,00;51980,00;1
WDOV26;29/07/2026;09:20:00;5195,00;5195,00;5192,00;5192,00;103870,00;2
WDOV26;29/07/2026;09:10:00;5198,00;5200,00;5198,00;5200,00;155980,00;3
WDOV26;29/07/2026;09:00:00;5195,50;5195,50;5192,00;5192,00;103875,00;2
WDOV26;28/07/2026;18:20:00;5200,00;5200,00;5200,00;5200,00;260000,00;5
WDOV26;28/07/2026;18:10:00;5196,00;5198,00;5196,00;5198,00;103940,00;2
WDOV26;28/07/2026;17:50:00;5195,00;5195,00;5195,00;5195,00;311700,00;6
WDOV26;28/07/2026;16:10:00;5192,00;5192,00;5192,00;5192,00;363440,00;7
WDOV26;28/07/2026;16:00:00;5193,00;5193,00;5193,00;5193,00;363510,00;7
WDOV26;28/07/2026;15:50:00;5193,00;5193,00;5193,00;5193,00;51930,00;1
WDOV26;28/07/2026;15:10:00;5190,00;5190,00;5190,00;5190,00;51900,00;1
WDOV26;28/07/2026;14:00:00;5185,00;5185,00;5185,00;5185,00;103700,00;2
WDOV26;28/07/2026;12:40:00;5186,00;5186,00;5184,00;5184,00;103700,00;2
WDOV26;28/07/2026;11:10:00;5197,50;5200,00;5197,50;5200,00;1091500,00;21
WDOV26;28/07/2026;11:00:00;5195,50;5195,50;5195,50;5195,50;103910,00;2
WDOV26;28/07/2026;10:40:00;5200,00;5200,00;5200,00;5200,00;104000,00;2
WDOV26;28/07/2026;10:00:00;5188,00;5188,00;5188,00;5188,00;51880,00;1
WDOV26;28/07/2026;09:40:00;5191,00;5191,00;5191,00;5191,00;51910,00;1
WDOV26;28/07/2026;09:30:00;5197,50;5197,50;5197,50;5197,50;51975,00;1
WDOV26;28/07/2026;09:20:00;5195,50;5197,50;5195,50;5197,50;311830,00;6
WDOV26;28/07/2026;09:10:00;5195,00;5195,00;5195,00;5195,00;51950,00;1
WDOV26;28/07/2026;09:00:00;5195,00;5195,00;5193,00;5193,00;311600,00;6
WDOV26;27/07/2026;18:20:00;5191,00;5191,00;5191,00;5191,00;51910,00;1
WDOV26;27/07/2026;18:10:00;5190,50;5190,50;5190,50;5190,50;51905,00;1
WDOV26;27/07/2026;17:50:00;5190,50;5190,50;5190,50;5190,50;51905,00;1
WDOV26;27/07/2026;17:30:00;5190,00;5190,00;5190,00;5190,00;103800,00;2
WDOV26;27/07/2026;17:00:00;5188,00;5188,00;5188,00;5188,00;51880,00;1
WDOV26;27/07/2026;16:40:00;5185,00;5185,00;5185,00;5185,00;1037000,00;20
WDOV26;27/07/2026;16:10:00;5185,00;5185,00;5185,00;5185,00;518500,00;10
WDOV26;27/07/2026;16:00:00;5185,00;5185,00;5185,00;5185,00;103700,00;2
WDOV26;27/07/2026;15:30:00;5185,00;5186,00;5185,00;5186,00;155560,00;3
WDOV26;27/07/2026;14:30:00;5182,00;5182,00;5182,00;5182,00;51820,00;1
WDOV26;27/07/2026;14:10:00;5182,00;5182,00;5182,00;5182,00;51820,00;1
WDOV26;27/07/2026;13:30:00;5175,00;5175,00;5175,00;5175,00;103500,00;2
WDOV26;27/07/2026;13:00:00;5178,00;5178,00;5178,00;5178,00;103560,00;2
WDOV26;27/07/2026;11:30:00;5185,00;5185,00;5185,00;5185,00;51850,00;1
WDOV26;27/07/2026;11:20:00;5177,50;5180,00;5177,50;5180,00;5387170,00;104
WDOV26;27/07/2026;10:50:00;5174,00;5174,00;5174,00;5174,00;103480,00;2
WDOV26;27/07/2026;10:30:00;5170,00;5171,50;5170,00;5171,50;103415,00;2
WDOV26;27/07/2026;10:20:00;5170,00;5170,00;5170,00;5170,00;51700,00;1
WDOV26;27/07/2026;10:00:00;5162,00;5170,00;5162,00;5166,00;206645,00;4
WDOV26;27/07/2026;09:40:00;5159,50;5159,50;5159,50;5159,50;51595,00;1
WDOV26;27/07/2026;09:20:00;5156,50;5156,50;5156,50;5156,50;515650,00;10
WDOV26;24/07/2026;18:20:00;5168,50;5168,50;5165,50;5165,50;103340,00;2
WDOV26;24/07/2026;18:00:00;5162,50;5163,00;5162,50;5163,00;1084225,00;21
WDOV26;24/07/2026;17:50:00;5159,50;5160,00;5159,50;5160,00;103195,00;2
WDOV26;24/07/2026;17:40:00;5160,00;5160,00;5160,00;5160,00;980400,00;19
WDOV26;24/07/2026;17:30:00;5160,00;5160,00;5160,00;5160,00;51600,00;1
WDOV26;24/07/2026;17:00:00;5159,50;5160,00;5159,50;5160,00;5469570,00;106
WDOV26;24/07/2026;16:50:00;5159,00;5159,00;5159,00;5159,00;51590,00;1
WDOV26;24/07/2026;16:40:00;5156,00;5156,00;5156,00;5156,00;309360,00;6
WDOV26;24/07/2026;16:30:00;5156,00;5156,00;5156,00;5156,00;51560,00;1
WDOV26;24/07/2026;16:20:00;5155,00;5155,00;5155,00;5155,00;51550,00;1
WDOV26;24/07/2026;16:10:00;5154,00;5154,00;5154,00;5154,00;103080,00;2
WDOV26;24/07/2026;16:00:00;5153,50;5153,50;5153,00;5153,00;103065,00;2
WDOV26;24/07/2026;15:30:00;5150,00;5150,00;5150,00;5150,00;154500,00;3
WDOV26;24/07/2026;15:20:00;5149,00;5149,00;5149,00;5149,00;51490,00;1
WDOV26;24/07/2026;14:50:00;5150,00;5150,00;5150,00;5150,00;4892500,00;95
WDOV26;24/07/2026;14:00:00;5150,00;5150,00;5150,00;5150,00;103000,00;2
WDOV26;24/07/2026;13:40:00;5147,50;5147,50;5147,50;5147,50;51475,00;1
WDOV26;24/07/2026;12:10:00;5136,50;5136,50;5130,00;5130,00;1078100,00;21
WDOV26;24/07/2026;12:00:00;5140,00;5142,00;5140,00;5142,00;5911055,00;115
WDOV26;24/07/2026;11:50:00;5140,00;5140,00;5140,00;5140,00;411200,00;8
WDOV26;24/07/2026;11:30:00;5147,50;5147,50;5147,50;5147,50;617700,00;12
WDOV26;24/07/2026;11:20:00;5147,50;5147,50;5147,50;5147,50;51475,00;1
WDOV26;24/07/2026;11:10:00;5150,00;5150,00;5150,00;5150,00;51500,00;1
WDOV26;24/07/2026;11:00:00;5150,00;5150,00;5150,00;5150,00;51500,00;1
WDOV26;24/07/2026;09:50:00;5156,00;5156,00;5156,00;5156,00;51560,00;1
WDOV26;24/07/2026;09:20:00;5154,00;5155,00;5154,00;5155,00;103090,00;2
WDOV26;23/07/2026;18:20:00;5161,50;5161,50;5161,50;5161,50;51615,00;1
WDOV26;23/07/2026;17:40:00;5161,50;5161,50;5161,50;5161,50;154845,00;3
WDOV26;23/07/2026;17:20:00;5163,00;5163,00;5163,00;5163,00;51630,00;1
WDOV26;23/07/2026;16:30:00;5163,00;5163,00;5163,00;5163,00;258150,00;5
WDOV26;23/07/2026;15:10:00;5171,50;5171,50;5171,50;5171,50;103430,00;2
WDOV26;23/07/2026;14:20:00;5166,50;5166,50;5166,50;5166,50;51665,00;1
WDOV26;23/07/2026;13:40:00;5167,50;5167,50;5167,50;5167,50;51675,00;1
WDOV26;23/07/2026;12:40:00;5163,00;5163,00;5163,00;5163,00;258150,00;5
WDOV26;23/07/2026;12:30:00;5170,00;5170,00;5170,00;5170,00;51700,00;1
WDOV26;23/07/2026;12:20:00;5165,00;5167,00;5165,00;5167,00;154980,00;3
WDOV26;23/07/2026;12:10:00;5162,00;5162,00;5162,00;5162,00;51620,00;1
WDOV26;23/07/2026;11:30:00;5155,50;5156,00;5155,50;5156,00;567110,00;11
WDOV26;23/07/2026;11:20:00;5161,00;5161,00;5157,00;5157,00;154755,00;3
WDOV26;23/07/2026;11:10:00;5156,00;5160,00;5156,00;5160,00;257920,00;5
WDOV26;23/07/2026;10:50:00;5166,00;5166,00;5166,00;5166,00;258300,00;5
WDOV26;23/07/2026;10:20:00;5167,50;5167,50;5166,00;5166,00;310015,00;6
WDOV26;23/07/2026;10:10:00;5170,00;5170,00;5170,00;5170,00;51700,00;1
WDOV26;23/07/2026;10:00:00;5159,00;5160,00;5159,00;5160,00;5211590,00;101
WDOV26;23/07/2026;09:40:00;5166,00;5166,00;5166,00;5166,00;51660,00;1
WDOV26;23/07/2026;09:20:00;5158,00;5158,00;5158,00;5158,00;51580,00;1
WDOV26;23/07/2026;09:10:00;5149,00;5158,00;5149,00;5158,00;154575,00;3
WDOV26;23/07/2026;09:00:00;5154,50;5155,00;5148,00;5155,00;1287910,00;25
WDOV26;22/07/2026;18:20:00;5137,50;5138,50;5135,50;5136,00;1078800,00;21
WDOV26;22/07/2026;17:50:00;5138,50;5138,50;5138,50;5138,50;51385,00;1
WDOV26;22/07/2026;17:40:00;5134,50;5138,50;5134,50;5138,50;1027500,00;20
WDOV26;22/07/2026;16:50:00;5140,00;5140,00;5134,00;5134,00;154080,00;3
WDOV26;22/07/2026;14:40:00;5142,00;5142,00;5141,00;5141,00;102830,00;2
WDOV26;22/07/2026;12:30:00;5141,50;5141,50;5141,50;5141,50;51415,00;1
WDOV26;22/07/2026;12:20:00;5143,00;5143,00;5143,00;5143,00;51430,00;1
WDOV26;22/07/2026;11:00:00;5137,00;5137,00;5135,00;5135,00;154070,00;3
WDOV26;22/07/2026;10:50:00;5141,50;5141,50;5141,50;5141,50;514150,00;10
WDOV26;22/07/2026;10:40:00;5143,50;5143,50;5142,50;5142,50;257145,00;5
WDOV26;22/07/2026;10:30:00;5145,00;5145,00;5145,00;5145,00;51450,00;1
WDOV26;22/07/2026;10:20:00;5150,00;5150,00;5149,50;5149,50;1132995,00;22
WDOV26;22/07/2026;09:30:00;5158,00;5158,00;5158,00;5158,00;51580,00;1
WDOV26;22/07/2026;09:10:00;5155,50;5157,00;5155,50;5157,00;515625,00;10
WDOV26;21/07/2026;18:00:00;5154,50;5154,50;5154,50;5154,50;1855620,00;36
WDOV26;21/07/2026;17:30:00;5154,00;5154,00;5154,00;5154,00;51540,00;1
WDOV26;21/07/2026;16:20:00;5152,50;5152,50;5152,50;5152,50;772875,00;15
WDOV26;21/07/2026;14:50:00;5155,00;5155,00;5155,00;5155,00;51550,00;1
WDOV26;21/07/2026;14:00:00;5159,00;5159,00;5153,50;5153,50;1288485,00;25
WDOV26;21/07/2026;13:50:00;5158,00;5158,00;5158,00;5158,00;51580,00;1
WDOV26;21/07/2026;11:50:00;5165,00;5165,00;5165,00;5165,00;51650,00;1
WDOV26;21/07/2026;11:20:00;5164,00;5164,00;5160,00;5160,00;103240,00;2
WDOV26;21/07/2026;10:30:00;5164,00;5164,00;5164,00;5164,00;51640,00;1
WDOV26;21/07/2026;09:40:00;5155,00;5155,50;5155,00;5155,50;1598200,00;31
WDOV26;21/07/2026;09:30:00;5156,00;5156,00;5156,00;5156,00;51560,00;1
WDOV26;21/07/2026;09:10:00;5165,00;5165,00;5158,50;5158,50;103235,00;2
WDOV26;21/07/2026;09:00:00;5165,00;5165,00;5165,00;5165,00;51650,00;1
WDOV26;20/07/2026;18:20:00;5179,50;5179,50;5179,50;5179,50;51795,00;1
WDOV26;20/07/2026;16:30:00;5175,00;5175,00;5174,00;5175,00;310470,00;6
WDOV26;20/07/2026;16:20:00;5175,00;5176,00;5175,00;5175,00;155260,00;3
WDOV26;20/07/2026;15:50:00;5175,00;5175,00;5175,00;5175,00;51750,00;1
WDOV26;20/07/2026;15:40:00;5180,00;5180,00;5180,00;5180,00;51800,00;1
WDOV26;20/07/2026;15:30:00;5178,00;5178,00;5178,00;5178,00;51780,00;1
WDOV26;20/07/2026;13:40:00;5173,50;5173,50;5173,50;5173,50;206940,00;4
WDOV26;20/07/2026;13:10:00;5169,00;5169,00;5169,00;5169,00;51690,00;1
WDOV26;20/07/2026;12:50:00;5167,00;5170,50;5167,00;5170,50;103375,00;2
WDOV26;20/07/2026;12:20:00;5174,00;5174,00;5174,00;5174,00;51740,00;1
WDOV26;20/07/2026;10:40:00;5174,00;5174,00;5174,00;5174,00;51740,00;1
WDOV26;20/07/2026;10:00:00;5179,00;5179,00;5179,00;5179,00;51790,00;1
WDOV26;20/07/2026;09:50:00;5180,00;5180,00;5180,00;5180,00;1087800,00;21
WDOV26;20/07/2026;09:10:00;5192,50;5192,50;5192,50;5192,50;51925,00;1
WDOV26;20/07/2026;09:00:00;5193,50;5193,50;5193,50;5193,50;207740,00;4
WDOV26;17/07/2026;18:20:00;5199,00;5199,00;5199,00;5199,00;51990,00;1
WDOV26;17/07/2026;17:00:00;5192,50;5192,50;5192,50;5192,50;51925,00;1
WDOV26;17/07/2026;16:40:00;5196,00;5196,00;5196,00;5196,00;207840,00;4
WDOV26;17/07/2026;16:30:00;5196,00;5196,00;5196,00;5196,00;51960,00;1
WDOV26;17/07/2026;15:30:00;5196,00;5196,00;5196,00;5196,00;51960,00;1
WDOV26;17/07/2026;12:50:00;5196,00;5196,00;5196,00;5196,00;103920,00;2
WDOV26;17/07/2026;11:50:00;5195,50;5195,50;5195,50;5195,50;103910,00;2
WDOV26;17/07/2026;11:30:00;5200,00;5200,00;5200,00;5200,00;104000,00;2
WDOV26;17/07/2026;11:10:00;5207,00;5207,00;5201,50;5201,50;468520,00;9
WDOV26;17/07/2026;11:00:00;5210,00;5210,00;5210,00;5210,00;52100,00;1
WDOV26;17/07/2026;10:30:00;5219,50;5220,00;5216,00;5216,00;365195,00;7
WDOV26;17/07/2026;10:20:00;5218,50;5218,50;5218,50;5218,50;52185,00;1
WDOV26;17/07/2026;10:10:00;5212,50;5212,50;5212,50;5212,50;104250,00;2
WDOV26;17/07/2026;10:00:00;5210,00;5212,50;5210,00;5212,50;1146700,00;22
WDOV26;17/07/2026;09:50:00;5207,00;5207,00;5207,00;5207,00;52070,00;1
WDOV26;17/07/2026;09:30:00;5207,00;5207,00;5207,00;5207,00;104140,00;2
WDOV26;16/07/2026;17:30:00;5187,00;5187,00;5187,00;5187,00;51870,00;1
WDOV26;16/07/2026;16:50:00;5187,00;5187,00;5187,00;5187,00;259350,00;5
WDOV26;16/07/2026;14:00:00;5197,00;5200,50;5197,00;5200,50;259955,00;5
WDOV26;16/07/2026;12:20:00;5186,50;5186,50;5186,50;5186,50;103730,00;2
WDOV26;16/07/2026;11:50:00;5191,50;5191,50;5191,50;5191,50;51915,00;1
WDOV26;16/07/2026;11:30:00;5189,50;5191,50;5189,50;5191,50;519050,00;10
WDOV26;16/07/2026;11:10:00;5186,00;5186,00;5186,00;5186,00;51860,00;1
WDOV26;16/07/2026;11:00:00;5186,00;5186,00;5186,00;5186,00;259300,00;5
WDOV26;16/07/2026;10:50:00;5187,50;5187,50;5187,50;5187,50;259375,00;5
WDOV26;16/07/2026;10:30:00;5190,00;5190,00;5188,00;5188,50;1453085,00;28
WDOV26;16/07/2026;09:30:00;5180,00;5180,00;5179,50;5179,50;207185,00;4
WDOV26;16/07/2026;09:10:00;5180,00;5180,00;5180,00;5180,00;51800,00;1
WDOV26;16/07/2026;09:00:00;5180,00;5180,00;5180,00;5180,00;1036000,00;20
WDOV26;15/07/2026;17:10:00;5163,50;5163,50;5163,50;5163,50;877795,00;17
WDOV26;15/07/2026;17:00:00;5166,50;5166,50;5166,50;5166,50;258325,00;5
WDOV26;15/07/2026;16:20:00;5167,50;5167,50;5167,50;5167,50;51675,00;1
WDOV26;15/07/2026;16:10:00;5167,00;5167,50;5167,00;5167,50;671735,00;13
WDOV26;15/07/2026;14:30:00;5168,00;5168,00;5168,00;5168,00;258400,00;5
WDOV26;15/07/2026;13:50:00;5174,00;5176,00;5174,00;5176,00;258740,00;5
WDOV26;15/07/2026;12:30:00;5174,00;5174,00;5174,00;5174,00;51740,00;1
WDOV26;15/07/2026;12:20:00;5171,50;5171,50;5171,50;5171,50;465435,00;9
WDOV26;15/07/2026;12:10:00;5170,00;5170,00;5170,00;5170,00;258500,00;5
WDOV26;15/07/2026;11:50:00;5166,50;5166,50;5166,50;5166,50;51665,00;1
WDOV26;15/07/2026;11:40:00;5168,50;5168,50;5167,50;5167,50;103360,00;2
WDOV26;15/07/2026;11:20:00;5170,00;5171,50;5170,00;5171,50;103415,00;2
WDOV26;15/07/2026;11:00:00;5164,00;5164,00;5164,00;5164,00;51640,00;1
WDOV26;15/07/2026;10:00:00;5150,00;5150,00;5150,00;5150,00;1030000,00;20
WDOV26;15/07/2026;09:40:00;5158,00;5158,00;5158,00;5158,00;51580,00;1
WDOV26;15/07/2026;09:30:00;5168,00;5168,00;5158,00;5158,00;619175,00;12
WDOV26;15/07/2026;09:20:00;5170,00;5170,00;5169,00;5169,00;155080,00;3
WDOV26;15/07/2026;09:10:00;5169,00;5169,00;5169,00;5169,00;103380,00;2
WDOV26;15/07/2026;09:00:00;5170,00;5174,00;5170,00;5174,00;310240,00;6
WDOV26;14/07/2026;18:10:00;5162,50;5167,00;5162,50;5167,00;671230,00;13
WDOV26;14/07/2026;18:00:00;5166,00;5166,00;5161,50;5161,50;206555,00;4
WDOV26;14/07/2026;17:50:00;5168,00;5168,00;5168,00;5168,00;51680,00;1
WDOV26;14/07/2026;14:00:00;5163,00;5163,00;5163,00;5163,00;1032600,00;20
WDOV26;14/07/2026;13:30:00;5172,50;5172,50;5172,50;5172,50;51725,00;1
WDOV26;14/07/2026;12:00:00;5162,00;5162,00;5162,00;5162,00;51620,00;1
WDOV26;14/07/2026;11:50:00;5163,50;5163,50;5163,50;5163,50;51635,00;1
WDOV26;14/07/2026;11:30:00;5163,50;5163,50;5163,50;5163,50;51635,00;1
WDOV26;14/07/2026;10:40:00;5169,00;5169,00;5169,00;5169,00;258450,00;5
WDOV26;14/07/2026;10:30:00;5167,50;5167,50;5167,50;5167,50;51675,00;1
WDOV26;14/07/2026;10:20:00;5164,00;5170,50;5164,00;5170,50;103345,00;2
WDOV26;14/07/2026;10:10:00;5170,00;5170,00;5170,00;5170,00;51700,00;1
WDOV26;14/07/2026;10:00:00;5175,00;5176,50;5172,50;5176,50;1138490,00;22
WDOV26;14/07/2026;09:30:00;5191,50;5191,50;5163,50;5172,50;932200,00;18
WDOV26;14/07/2026;09:20:00;5200,00;5200,00;5200,00;5200,00;52000,00;1
WDOV26;14/07/2026;09:10:00;5217,50;5217,50;5210,00;5210,00;312900,00;6
WDOV26;14/07/2026;09:00:00;5219,50;5219,50;5219,50;5219,50;52195,00;1
WDOV26;13/07/2026;17:50:00;5233,00;5233,00;5233,00;5233,00;104660,00;2
WDOV26;13/07/2026;17:40:00;5230,00;5230,00;5230,00;5230,00;52300,00;1
WDOV26;13/07/2026;15:20:00;5230,00;5230,00;5230,00;5230,00;261500,00;5
WDOV26;13/07/2026;15:10:00;5227,00;5227,00;5227,00;5227,00;52270,00;1
WDOV26;13/07/2026;14:00:00;5227,00;5227,00;5227,00;5227,00;993130,00;19
WDOV26;13/07/2026;13:30:00;5230,00;5230,00;5230,00;5230,00;52300,00;1
WDOV26;13/07/2026;11:50:00;5225,00;5226,50;5220,00;5226,50;156715,00;3
WDOV26;13/07/2026;11:40:00;5219,00;5220,50;5219,00;5220,50;104395,00;2
WDOV26;13/07/2026;11:10:00;5219,00;5225,00;5219,00;5219,50;4648850,00;89
WDOV26;13/07/2026;10:10:00;5217,00;5219,00;5217,00;5219,00;156550,00;3
WDOV26;13/07/2026;09:40:00;5213,00;5213,00;5213,00;5213,00;52130,00;1
WDOV26;13/07/2026;09:20:00;5216,00;5216,00;5216,00;5216,00;104320,00;2
WDOV26;13/07/2026;09:10:00;5214,00;5214,00;5214,00;5214,00;52140,00;1
WDOV26;13/07/2026;09:00:00;5210,50;5210,50;5210,50;5210,50;52105,00;1
WDOV26;10/07/2026;18:00:00;5204,50;5204,50;5204,50;5204,50;1040900,00;20
WDOV26;10/07/2026;17:10:00;5202,50;5202,50;5202,50;5202,50;520250,00;10
WDOV26;10/07/2026;16:10:00;5207,00;5207,00;5207,00;5207,00;52070,00;1
WDOV26;10/07/2026;15:20:00;5204,50;5205,00;5204,50;5205,00;104095,00;2
WDOV26;10/07/2026;14:50:00;5203,00;5203,00;5203,00;5203,00;52030,00;1
WDOV26;10/07/2026;14:10:00;5201,50;5201,50;5201,50;5201,50;52015,00;1
WDOV26;10/07/2026;14:00:00;5202,50;5204,50;5202,50;5204,50;1613375,00;31
WDOV26;10/07/2026;13:50:00;5201,00;5201,00;5201,00;5201,00;260050,00;5
WDOV26;10/07/2026;13:20:00;5198,00;5198,00;5197,00;5197,00;1299450,00;25
WDOV26;10/07/2026;12:50:00;5200,00;5204,50;5200,00;5204,50;572450,00;11
WDOV26;10/07/2026;12:30:00;5200,50;5202,50;5200,50;5202,50;104030,00;2
WDOV26;10/07/2026;12:10:00;5200,00;5200,00;5200,00;5200,00;52000,00;1
WDOV26;10/07/2026;11:30:00;5223,00;5223,00;5223,00;5223,00;52230,00;1
WDOV26;10/07/2026;11:10:00;5213,00;5213,00;5213,00;5213,00;521300,00;10
WDOV26;10/07/2026;09:50:00;5210,00;5210,00;5210,00;5210,00;52100,00;1
WDOV26;10/07/2026;09:20:00;5212,50;5212,50;5212,50;5212,50;52125,00;1
WDOV26;10/07/2026;09:10:00;5212,50;5212,50;5211,00;5211,00;573360,00;11
WDOV26;09/07/2026;18:20:00;5210,00;5210,00;5210,00;5210,00;52100,00;1
WDOV26;09/07/2026;18:10:00;5210,00;5210,00;5210,00;5210,00;52100,00;1
WDOV26;09/07/2026;17:30:00;5222,00;5222,00;5222,00;5222,00;52220,00;1
WDOV26;09/07/2026;17:20:00;5220,50;5220,50;5220,50;5220,50;52205,00;1
WDOV26;09/07/2026;17:00:00;5220,00;5220,00;5220,00;5220,00;1305000,00;25
WDOV26;09/07/2026;15:20:00;5222,00;5222,00;5222,00;5222,00;522200,00;10
WDOV26;09/07/2026;14:30:00;5212,50;5212,50;5212,50;5212,50;1042500,00;20
WDOV26;09/07/2026;12:50:00;5224,00;5224,00;5224,00;5224,00;52240,00;1
WDOV26;09/07/2026;12:10:00;5220,00;5220,00;5220,00;5220,00;52200,00;1
WDOV26;09/07/2026;12:00:00;5220,00;5220,00;5220,00;5220,00;52200,00;1
WDOV26;09/07/2026;11:40:00;5230,00;5230,00;5225,00;5225,00;365800,00;7
WDOV26;09/07/2026;11:20:00;5230,00;5230,00;5230,00;5230,00;784500,00;15
WDOV26;09/07/2026;11:10:00;5234,50;5234,50;5234,50;5234,50;52345,00;1
WDOV26;09/07/2026;11:00:00;5240,00;5240,00;5234,50;5234,50;157130,00;3
WDOV26;09/07/2026;09:20:00;5238,50;5238,50;5238,50;5238,50;785775,00;15
WDOV26;08/07/2026;18:00:00;5251,00;5251,00;5251,00;5251,00;52510,00;1
WDOV26;08/07/2026;17:30:00;5251,00;5251,00;5251,00;5251,00;52510,00;1
WDOV26;08/07/2026;17:20:00;5249,00;5250,00;5249,00;5250,00;104990,00;2
WDOV26;08/07/2026;17:00:00;5249,50;5249,50;5249,50;5249,50;787425,00;15
WDOV26;08/07/2026;15:10:00;5245,00;5245,00;5245,00;5245,00;52450,00;1
WDOV26;08/07/2026;15:00:00;5250,00;5250,00;5250,00;5250,00;52500,00;1
WDOV26;08/07/2026;14:20:00;5250,00;5250,00;5250,00;5250,00;3937500,00;75
WDOV26;08/07/2026;12:30:00;5260,00;5260,00;5260,00;5260,00;3945000,00;75
WDOV26;08/07/2026;12:00:00;5255,50;5255,50;5255,50;5255,50;52555,00;1
WDOV26;08/07/2026;11:10:00;5251,00;5251,00;5251,00;5251,00;105020,00;2
WDOV26;08/07/2026;10:20:00;5245,00;5245,00;5245,00;5245,00;104900,00;2
WDOV26;08/07/2026;10:10:00;5244,50;5245,50;5244,50;5245,00;209795,00;4
WDOV26;08/07/2026;10:00:00;5250,00;5250,00;5250,00;5250,00;105000,00;2
WDOV26;08/07/2026;09:50:00;5245,00;5247,00;5245,00;5247,00;157390,00;3
WDOV26;08/07/2026;09:40:00;5251,00;5251,00;5251,00;5251,00;105020,00;2
WDOV26;08/07/2026;09:30:00;5254,50;5254,50;5250,00;5252,00;1102995,00;21
WDOV26;08/07/2026;09:20:00;5253,50;5253,50;5253,50;5253,50;52535,00;1
WDOV26;08/07/2026;09:10:00;5256,00;5256,00;5253,00;5253,00;210180,00;4
WDOV26;08/07/2026;09:00:00;5275,50;5275,50;5260,50;5260,50;527235,00;10
WDOV26;07/07/2026;18:10:00;5270,00;5271,00;5270,00;5271,00;210820,00;4
WDOV26;07/07/2026;17:50:00;5261,00;5261,00;5261,00;5261,00;52610,00;1
WDOV26;07/07/2026;16:40:00;5255,00;5255,00;5254,00;5254,00;788130,00;15
WDOV26;07/07/2026;16:30:00;5260,00;5260,00;5255,00;5255,00;105150,00;2
WDOV26;07/07/2026;16:20:00;5259,50;5261,00;5259,50;5261,00;210410,00;4
WDOV26;07/07/2026;16:10:00;5260,50;5265,00;5260,50;5265,00;105255,00;2
WDOV26;07/07/2026;16:00:00;5260,50;5260,50;5260,50;5260,50;105210,00;2
WDOV26;07/07/2026;15:50:00;5257,00;5257,00;5257,00;5257,00;105140,00;2
WDOV26;07/07/2026;15:40:00;5255,00;5255,00;5255,00;5255,00;52550,00;1
WDOV26;07/07/2026;15:30:00;5247,00;5247,00;5247,00;5247,00;262350,00;5
WDOV26;07/07/2026;12:50:00;5255,00;5255,00;5255,00;5255,00;52550,00;1
WDOV26;07/07/2026;12:30:00;5249,00;5249,50;5248,50;5248,50;1574575,00;30
WDOV26;07/07/2026;12:20:00;5249,00;5249,50;5248,00;5249,50;3149425,00;60
WDOV26;07/07/2026;11:40:00;5249,50;5249,50;5248,00;5248,00;209950,00;4
WDOV26;07/07/2026;11:10:00;5250,00;5250,00;5250,00;5250,00;105000,00;2
WDOV26;07/07/2026;10:50:00;5247,50;5247,50;5246,50;5247,00;1049440,00;20
WDOV26;07/07/2026;09:20:00;5235,50;5235,50;5235,50;5235,50;104710,00;2
WDOV26;06/07/2026;18:10:00;5229,00;5229,00;5229,00;5229,00;52290,00;1
WDOV26;06/07/2026;16:00:00;5234,50;5234,50;5234,50;5234,50;52345,00;1
WDOV26;06/07/2026;15:40:00;5235,00;5235,00;5235,00;5235,00;52350,00;1
WDOV26;06/07/2026;15:30:00;5238,50;5238,50;5238,50;5238,50;104770,00;2
WDOV26;06/07/2026;15:00:00;5237,00;5237,00;5237,00;5237,00;52370,00;1
WDOV26;06/07/2026;14:40:00;5239,50;5239,50;5239,50;5239,50;52395,00;1
WDOV26;06/07/2026;14:20:00;5242,50;5242,50;5242,50;5242,50;1572750,00;30
WDOV26;06/07/2026;14:10:00;5250,50;5250,50;5250,50;5250,50;52505,00;1
WDOV26;06/07/2026;14:00:00;5253,50;5253,50;5253,50;5253,50;52535,00;1
WDOV26;06/07/2026;13:50:00;5254,00;5254,00;5254,00;5254,00;157620,00;3
WDOV26;06/07/2026;12:50:00;5255,00;5255,00;5253,50;5253,50;157620,00;3
WDOV26;06/07/2026;12:30:00;5265,00;5266,50;5261,50;5261,50;1210945,00;23
WDOV26;06/07/2026;12:20:00;5271,00;5271,00;5269,50;5269,50;158115,00;3
WDOV26;06/07/2026;11:10:00;5269,00;5269,00;5269,00;5269,00;1475320,00;28
WDOV26;06/07/2026;10:50:00;5276,00;5276,00;5276,00;5276,00;105520,00;2
WDOV26;06/07/2026;10:40:00;5271,50;5271,50;5271,50;5271,50;1317875,00;25
WDOV26;06/07/2026;10:30:00;5277,50;5277,50;5277,50;5277,50;263875,00;5
WDOV26;06/07/2026;10:10:00;5277,50;5277,50;5277,50;5277,50;52775,00;1
WDOV26;06/07/2026;09:50:00;5282,00;5282,00;5282,00;5282,00;52820,00;1
WDOV26;06/07/2026;09:10:00;5278,50;5278,50;5278,50;5278,50;52785,00;1
WDOV26;06/07/2026;09:00:00;5280,00;5287,00;5280,00;5287,00;1478610,00;28
WDOV26;03/07/2026;18:20:00;5279,00;5279,00;5279,00;5279,00;52790,00;1
WDOV26;03/07/2026;18:10:00;5278,00;5278,00;5278,00;5278,00;52780,00;1
WDOV26;03/07/2026;17:30:00;5275,50;5275,50;5275,50;5275,50;52755,00;1
WDOV26;03/07/2026;16:00:00;5276,50;5276,50;5276,50;5276,50;52765,00;1
WDOV26;03/07/2026;15:50:00;5274,50;5274,50;5274,50;5274,50;52745,00;1
WDOV26;03/07/2026;15:40:00;5276,00;5276,00;5276,00;5276,00;52760,00;1
WDOV26;03/07/2026;15:30:00;5274,00;5275,00;5274,00;5275,00;105490,00;2
WDOV26;03/07/2026;14:00:00;5277,00;5277,00;5277,00;5277,00;52770,00;1
WDOV26;03/07/2026;12:00:00;5276,00;5276,00;5276,00;5276,00;1055200,00;20
WDOV26;03/07/2026;11:50:00;5283,00;5283,00;5280,00;5280,00;316950,00;6
WDOV26;03/07/2026;10:10:00;5282,50;5282,50;5282,50;5282,50;52825,00;1
WDOV26;03/07/2026;10:00:00;5280,00;5280,00;5280,00;5280,00;1056000,00;20
WDOV26;03/07/2026;09:40:00;5289,00;5289,00;5289,00;5289,00;52890,00;1
WDOV26;03/07/2026;09:30:00;5286,50;5290,50;5284,50;5290,50;1532765,00;29
WDOV26;03/07/2026;09:20:00;5295,00;5298,50;5295,00;5298,50;105935,00;2
WDOV26;03/07/2026;09:00:00;5303,00;5303,00;5300,00;5300,00;15953030,00;301
WDOV26;02/07/2026;18:10:00;5309,00;5309,00;5309,00;5309,00;53090,00;1
WDOV26;02/07/2026;16:20:00;5320,00;5320,00;5320,00;5320,00;53200,00;1
WDOV26;02/07/2026;16:00:00;5312,50;5312,50;5312,50;5312,50;53125,00;1
WDOV26;02/07/2026;15:50:00;5312,00;5315,00;5312,00;5315,00;318870,00;6
WDOV26;02/07/2026;15:00:00;5324,00;5324,00;5324,00;5324,00;53240,00;1
WDOV26;02/07/2026;13:30:00;5323,50;5323,50;5323,50;5323,50;53235,00;1
WDOV26;02/07/2026;13:10:00;5311,50;5323,50;5311,50;5323,50;106350,00;2
WDOV26;02/07/2026;13:00:00;5314,00;5315,50;5314,00;5315,50;637840,00;12
WDOV26;02/07/2026;12:20:00;5305,00;5305,00;5305,00;5305,00;265250,00;5
WDOV26;02/07/2026;11:40:00;5305,50;5305,50;5305,50;5305,50;795825,00;15
WDOV26;02/07/2026;11:20:00;5304,50;5304,50;5304,50;5304,50;53045,00;1
WDOV26;02/07/2026;10:40:00;5290,50;5290,50;5290,50;5290,50;52905,00;1
WDOV26;02/07/2026;10:30:00;5295,50;5295,50;5295,50;5295,50;529550,00;10
WDOV26;02/07/2026;10:20:00;5305,00;5305,00;5305,00;5305,00;1114050,00;21
WDOV26;02/07/2026;10:10:00;5293,00;5293,00;5293,00;5293,00;264650,00;5
WDOV26;02/07/2026;10:00:00;5298,50;5298,50;5293,00;5293,00;158900,00;3
WDOV26;02/07/2026;09:40:00;5273,50;5277,00;5273,50;5277,00;105505,00;2
WDOV26;02/07/2026;09:30:00;5294,50;5294,50;5270,00;5273,50;263995,00;5
WDOV26;02/07/2026;09:20:00;5319,50;5319,50;5319,50;5319,50;53195,00;1
WDOV26;02/07/2026;09:00:00;5310,00;5310,00;5310,00;5310,00;53100,00;1
WDOV26;01/07/2026;18:20:00;5319,00;5319,00;5319,00;5319,00;159570,00;3
WDOV26;01/07/2026;16:50:00;5320,00;5320,00;5320,00;5320,00;106400,00;2
WDOV26;01/07/2026;16:40:00;5320,00;5320,00;5320,00;5320,00;106400,00;2
WDOV26;01/07/2026;16:30:00;5319,50;5319,50;5319,50;5319,50;53195,00;1
WDOV26;01/07/2026;15:50:00;5316,50;5316,50;5316,50;5316,50;53165,00;1
WDOV26;01/07/2026;15:30:00;5315,50;5315,50;5315,50;5315,50;53155,00;1
WDOV26;01/07/2026;15:10:00;5310,00;5310,00;5310,00;5310,00;53100,00;1
WDOV26;01/07/2026;14:10:00;5307,00;5307,00;5307,00;5307,00;53070,00;1
WDOV26;01/07/2026;12:00:00;5311,50;5320,00;5311,50;5320,00;1117115,00;21
WDOV26;01/07/2026;11:50:00;5310,00;5312,50;5310,00;5311,50;159340,00;3
WDOV26;01/07/2026;11:40:00;5310,00;5310,00;5310,00;5310,00;106200,00;2
WDOV26;01/07/2026;11:30:00;5302,50;5302,50;5302,50;5302,50;53025,00;1
WDOV26;01/07/2026;09:20:00;5293,00;5293,00;5293,00;5293,00;52930,00;1
WDOV26;01/07/2026;09:00:00;5289,00;5298,00;5289,00;5298,00;211700,00;4
WDOV26;30/06/2026;17:50:00;5278,00;5278,00;5278,00;5278,00;52780,00;1
WDOV26;30/06/2026;16:40:00;5279,00;5279,00;5279,00;5279,00;52790,00;1
WDOV26;30/06/2026;16:30:00;5281,50;5281,50;5281,50;5281,50;52815,00;1
WDOV26;30/06/2026;14:50:00;5282,50;5282,50;5282,50;5282,50;52825,00;1
WDOV26;30/06/2026;14:30:00;5280,50;5280,50;5280,50;5280,50;52805,00;1
WDOV26;30/06/2026;09:20:00;5307,00;5307,00;5307,00;5307,00;53070,00;1
WDOV26;29/06/2026;17:50:00;5286,00;5288,00;5286,00;5288,00;105740,00;2
WDOV26;29/06/2026;17:40:00;5283,00;5286,00;5283,00;5286,00;211380,00;4
WDOV26;29/06/2026;09:00:00;5293,50;5293,50;5293,50;5293,50;52935,00;1
WDOV26;26/06/2026;11:10:00;5280,50;5280,50;5280,50;5280,50;105610,00;2
WDOV26;25/06/2026;10:50:00;5303,00;5316,00;5303,00;5316,00;159285,00;3
WDOV26;22/06/2026;18:20:00;5265,00;5265,00;5265,00;5265,00;52650,00;1
WDOV26;22/06/2026;18:10:00;5268,00;5269,50;5268,00;5268,00;316125,00;6
WDOV26;22/06/2026;15:50:00;5265,00;5265,00;5264,00;5264,00;105290,00;2
WDOV26;22/06/2026;15:40:00;5268,00;5268,00;5266,00;5266,00;158010,00;3
WDOV26;22/06/2026;14:10:00;5261,00;5261,00;5261,00;5261,00;52610,00;1
WDOV26;22/06/2026;12:20:00;5250,50;5250,50;5250,50;5250,50;52505,00;1
WDOV26;22/06/2026;12:10:00;5253,50;5253,50;5251,50;5251,50;157575,00;3
WDOV26;22/06/2026;12:00:00;5257,50;5257,50;5257,50;5257,50;52575,00;1
WDOV26;22/06/2026;11:30:00;5258,50;5265,00;5258,50;5265,00;105235,00;2
WDOV26;22/06/2026;11:20:00;5263,50;5263,50;5259,50;5259,50;263075,00;5
WDOV26;22/06/2026;11:00:00;5274,00;5274,00;5264,50;5264,50;263380,00;5
WDOV26;22/06/2026;10:50:00;5268,50;5268,50;5268,50;5268,50;52685,00;1
WDOV26;22/06/2026;10:40:00;5270,00;5276,50;5269,50;5269,50;316305,00;6
WDOV26;22/06/2026;10:30:00;5270,00;5270,00;5265,00;5265,00;105350,00;2
WDOV26;22/06/2026;10:20:00;5266,00;5266,00;5266,00;5266,00;52660,00;1
WDOV26;22/06/2026;09:40:00;5275,50;5275,50;5275,50;5275,50;52755,00;1
WDOV26;22/06/2026;09:20:00;5277,50;5277,50;5277,50;5277,50;52775,00;1
WDOV26;22/06/2026;09:00:00;5280,50;5280,50;5277,50;5277,50;211160,00;4
WDOV26;19/06/2026;18:20:00;5280,00;5282,00;5279,00;5282,00;211230,00;4
WDOV26;19/06/2026;18:10:00;5278,00;5282,50;5278,00;5279,00;369595,00;7
WDOV26;19/06/2026;18:00:00;5280,50;5280,50;5277,00;5277,00;158355,00;3
WDOV26;19/06/2026;17:50:00;5276,00;5280,50;5276,00;5278,00;316730,00;6
WDOV26;19/06/2026;17:40:00;5277,00;5280,50;5276,00;5277,00;1636270,00;31
WDOV26;19/06/2026;17:30:00;5283,00;5283,00;5278,00;5278,00;316830,00;6
WDOV26;19/06/2026;17:10:00;5286,00;5286,00;5284,00;5284,00;158550,00;3
WDOV26;19/06/2026;17:00:00;5288,00;5288,00;5287,00;5287,00;105750,00;2
WDOV26;19/06/2026;16:10:00;5275,50;5275,50;5275,50;5275,50;52755,00;1
WDOV26;19/06/2026;13:10:00;5277,50;5277,50;5273,50;5273,50;105510,00;2
WDOV26;19/06/2026;13:00:00;5279,50;5279,50;5276,50;5276,50;105560,00;2
WDOV26;19/06/2026;10:30:00;5280,50;5280,50;5280,50;5280,50;52805,00;1
WDOV26;19/06/2026;10:20:00;5283,00;5283,00;5283,00;5283,00;105660,00;2
WDOV26;19/06/2026;10:10:00;5284,00;5284,00;5284,00;5284,00;52840,00;1
WDOV26;19/06/2026;10:00:00;5286,00;5286,00;5285,00;5285,00;158560,00;3
WDOV26;19/06/2026;09:40:00;5287,00;5287,00;5287,00;5287,00;52870,00;1
WDOV26;19/06/2026;09:30:00;5317,00;5317,00;5288,50;5288,50;476680,00;9
WDOV26;02/06/2026;13:30:00;5172,50;5172,50;5172,50;5172,50;3879375,00;75
WDOV26;29/05/2026;18:20:00;5187,00;5187,00;5187,00;5187,00;51870,00;1
WDOV26;29/05/2026;09:50:00;5162,00;5162,00;5162,00;5162,00;51620,00;1
WDOV26;01/12/2025;13:00:00;5708,50;5708,50;5708,50;5708,50;1370040,00;24
WDOV26;01/12/2025;12:50:00;5708,00;5708,00;5708,00;5708,00;57080,00;1
WDOV26;03/10/2025;10:30:00;5809,00;5809,00;5809,00;5809,00;1452250,00;25
WDOV26;29/08/2025;12:10:00;5860,00;5860,00;5860,00;5860,00;1465000,00;25
