WDOV26;02/09/2026;15:25:00;5142,00;5142,00;5139,00;5140,00;570924660,00;11107
WDOV26;02/09/2026;15:20:00;5138,50;5142,00;5135,00;5141,50;1681097240,00;32716
WDOV26;02/09/2026;15:15:00;5138,50;5139,50;5133,50;5138,50;928090430,00;18068
WDOV26;02/09/2026;15:10:00;5137,00;5138,50;5136,50;5138,00;177563255,00;3456
WDOV26;02/09/2026;15:05:00;5137,00;5138,00;5136,50;5137,00;240010005,00;4672
WDOV26;02/09/2026;15:00:00;5138,50;5138,50;5136,00;5137,00;477854700,00;9302
WDOV26;02/09/2026;14:55:00;5138,00;5139,00;5137,00;5138,00;268619605,00;5228
WDOV26;02/09/2026;14:50:00;5137,00;5140,00;5137,00;5138,50;374861200,00;7295
WDOV26;02/09/2026;14:45:00;5136,50;5138,00;5135,00;5137,50;496728675,00;9671
WDOV26;02/09/2026;14:40:00;5139,50;5140,00;5135,50;5136,50;582121880,00;11330
WDOV26;02/09/2026;14:35:00;5138,50;5140,00;5137,50;5140,00;558525215,00;10869
WDOV26;02/09/2026;14:30:00;5137,50;5138,50;5136,50;5138,00;337436100,00;6568
WDOV26;02/09/2026;14:25:00;5138,00;5138,50;5136,00;5137,00;432937560,00;8427
WDOV26;02/09/2026;14:20:00;5139,50;5140,50;5137,00;5138,00;520671785,00;10133
WDOV26;02/09/2026;14:15:00;5138,00;5140,50;5138,00;5140,00;591550990,00;11511
WDOV26;02/09/2026;14:10:00;5135,50;5139,00;5135,50;5138,00;663014520,00;12906
WDOV26;02/09/2026;14:05:00;5134,00;5136,00;5134,00;5135,50;289261515,00;5633
WDOV26;02/09/2026;14:00:00;5135,00;5136,00;5133,00;5133,50;512565720,00;9983
WDOV26;02/09/2026;13:55:00;5133,50;5136,00;5133,00;5135,00;511840435,00;9968
WDOV26;02/09/2026;13:50:00;5133,50;5135,00;5132,50;5133,00;992702730,00;19337
WDOV26;02/09/2026;13:45:00;5133,50;5134,50;5131,50;5133,50;706400750,00;13762
WDOV26;02/09/2026;13:40:00;5132,50;5133,50;5131,00;5133,00;382477315,00;7453
WDOV26;02/09/2026;13:35:00;5132,50;5133,00;5130,00;5132,50;626550210,00;12210
WDOV26;02/09/2026;13:30:00;5134,00;5134,50;5130,50;5132,00;355390905,00;6925
WDOV26;02/09/2026;13:25:00;5134,50;5135,00;5130,50;5133,50;945267085,00;18415
WDOV26;02/09/2026;13:20:00;5132,50;5135,00;5130,00;5134,50;1554120855,00;30284
WDOV26;02/09/2026;13:15:00;5135,50;5136,50;5131,50;5132,50;1142895350,00;22264
WDOV26;02/09/2026;13:10:00;5138,00;5138,50;5135,00;5135,50;432415075,00;8418
WDOV26;02/09/2026;13:05:00;5137,00;5138,50;5136,00;5137,50;468724855,00;9124
WDOV26;02/09/2026;13:00:00;5137,50;5138,50;5136,00;5137,00;755425655,00;14705
WDOV26;02/09/2026;12:55:00;5137,00;5139,00;5136,00;5137,50;939562100,00;18289
WDOV26;02/09/2026;12:50:00;5136,00;5138,50;5133,50;5137,00;1000362165,00;19480
WDOV26;02/09/2026;12:45:00;5142,00;5142,00;5133,00;5136,00;1968624670,00;38331
WDOV26;02/09/2026;12:40:00;5139,00;5142,00;5138,50;5141,50;516510145,00;10047
WDOV26;02/09/2026;12:35:00;5137,50;5141,00;5137,00;5139,50;570882410,00;11108
WDOV26;02/09/2026;12:30:00;5137,50;5138,50;5135,00;5138,00;733172225,00;14273
WDOV26;02/09/2026;12:25:00;5139,50;5140,00;5137,50;5138,00;426627700,00;8302
WDOV26;02/09/2026;12:20:00;5137,50;5141,50;5137,00;5139,00;1301247680,00;25319
WDOV26;02/09/2026;12:15:00;5136,00;5139,50;5135,50;5138,00;1019533570,00;19843
WDOV26;02/09/2026;12:10:00;5135,00;5137,50;5134,50;5136,00;703575790,00;13698
WDOV26;02/09/2026;12:05:00;5139,50;5139,50;5133,50;5135,00;1246710860,00;24274
WDOV26;02/09/2026;12:00:00;5142,00;5143,50;5136,00;5139,50;2348797035,00;45698
WDOV26;02/09/2026;11:55:00;5139,50;5144,00;5138,50;5142,00;2881460315,00;56040
WDOV26;02/09/2026;11:50:00;5138,00;5140,00;5134,50;5139,50;1305478420,00;25409
WDOV26;02/09/2026;11:45:00;5137,00;5139,50;5135,50;5138,00;2145264665,00;41759
WDOV26;02/09/2026;11:40:00;5136,00;5139,50;5134,50;5137,00;1594355045,00;31036
WDOV26;02/09/2026;11:35:00;5140,00;5140,00;5134,50;5136,00;1945401550,00;37866
WDOV26;02/09/2026;11:30:00;5142,50;5142,50;5134,50;5140,00;2229229395,00;43386
WDOV26;02/09/2026;11:25:00;5150,00;5150,50;5137,50;5142,50;4294585820,00;83497
WDOV26;02/09/2026;11:20:00;5155,00;5156,00;5148,00;5150,00;3968945275,00;77043
WDOV26;02/09/2026;11:15:00;5156,00;5157,00;5151,00;5155,00;4020490885,00;78004
WDOV26;02/09/2026;11:10:00;5164,00;5164,50;5155,50;5155,50;2150224355,00;41681
WDOV26;02/09/2026;11:05:00;5159,50;5165,00;5159,00;5164,00;2421616915,00;46906
WDOV26;02/09/2026;11:00:00;5160,00;5161,50;5158,50;5159,50;2392556170,00;46369
WDOV26;02/09/2026;10:55:00;5163,50;5166,50;5159,00;5159,50;2157417440,00;41787
WDOV26;02/09/2026;10:50:00;5170,50;5171,50;5160,00;5164,00;2701941155,00;52323
WDOV26;02/09/2026;10:45:00;5167,00;5173,50;5166,50;5170,50;2436114175,00;47114
WDOV26;02/09/2026;10:40:00;5175,00;5176,50;5166,50;5166,50;2566207240,00;49626
WDOV26;02/09/2026;10:35:00;5178,50;5180,00;5173,50;5175,50;2903738355,00;56097
WDOV26;02/09/2026;10:30:00;5176,00;5180,50;5176,00;5178,50;2463727315,00;47576
WDOV26;02/09/2026;10:25:00;5182,00;5182,50;5170,50;5176,50;4688774870,00;90598
WDOV26;02/09/2026;10:20:00;5192,00;5192,50;5181,50;5182,00;2763378205,00;53277
WDOV26;02/09/2026;10:15:00;5199,00;5201,50;5187,50;5192,50;3593129830,00;69158
WDOV26;02/09/2026;10:10:00;5194,50;5199,00;5193,50;5199,00;1648961210,00;31732
WDOV26;02/09/2026;10:05:00;5193,00;5194,50;5192,00;5194,00;1333318240,00;25672
WDOV26;02/09/2026;10:00:00;5193,00;5194,00;5189,00;5193,00;1255801490,00;24190
WDOV26;02/09/2026;09:55:00;5190,50;5193,00;5189,00;5193,00;839027330,00;16163
WDOV26;02/09/2026;09:50:00;5188,50;5191,50;5188,50;5190,50;790567185,00;15233
WDOV26;02/09/2026;09:45:00;5193,00;5194,50;5188,00;5188,50;1482901715,00;28564
WDOV26;02/09/2026;09:40:00;5189,00;5193,00;5188,00;5192,50;1065740145,00;20531
WDOV26;02/09/2026;09:35:00;5189,00;5190,50;5188,00;5189,00;512449115,00;9875
WDOV26;02/09/2026;09:30:00;5189,00;5190,50;5186,00;5189,50;910598685,00;17550
WDOV26;02/09/2026;09:25:00;5185,50;5189,50;5185,00;5189,00;1001233835,00;19301
WDOV26;02/09/2026;09:20:00;5190,50;5190,50;5181,50;5185,50;2861619445,00;55189
WDOV26;02/09/2026;09:15:00;5187,00;5191,50;5186,00;5190,00;1362178195,00;26249
WDOV26;02/09/2026;09:10:00;5182,50;5189,00;5181,50;5187,50;1504932535,00;29018
WDOV26;02/09/2026;09:05:00;5186,00;5188,50;5179,50;5182,00;3498965765,00;67507
WDOV26;02/09/2026;09:00:00;5189,00;5192,00;5183,00;5186,50;2531346110,00;48792
WDOV26;01/09/2026;18:25:00;5187,00;5188,50;5185,50;5187,00;201414705,00;3883
WDOV26;01/09/2026;18:20:00;5186,50;5188,50;5186,00;5187,50;182125505,00;3511
WDOV26;01/09/2026;18:15:00;5187,00;5188,50;5186,00;5186,50;278547650,00;5370
WDOV26;01/09/2026;18:10:00;5188,00;5188,50;5186,00;5187,00;278567035,00;5370
WDOV26;01/09/2026;18:05:00;5187,50;5188,50;5186,50;5187,50;242470485,00;4674
WDOV26;01/09/2026;18:00:00;5189,50;5190,00;5187,50;5187,50;223891915,00;4315
WDOV26;01/09/2026;17:55:00;5187,50;5189,50;5187,00;5189,00;292546655,00;5639
WDOV26;01/09/2026;17:50:00;5189,00;5190,00;5187,50;5188,00;216985325,00;4182
WDOV26;01/09/2026;17:45:00;5189,00;5189,50;5187,50;5189,00;125660775,00;2422
WDOV26;01/09/2026;17:40:00;5190,00;5190,00;5187,00;5189,00;280171175,00;5400
WDOV26;01/09/2026;17:35:00;5188,50;5190,00;5187,50;5190,00;238998895,00;4606
WDOV26;01/09/2026;17:30:00;5189,00;5190,00;5188,00;5188,50;238484880,00;4596
WDOV26;01/09/2026;17:25:00;5188,50;5189,50;5188,00;5189,00;245314920,00;4728
WDOV26;01/09/2026;17:20:00;5190,00;5190,50;5187,50;5188,00;304152170,00;5862
WDOV26;01/09/2026;17:15:00;5191,00;5191,50;5189,50;5190,50;277311725,00;5343
WDOV26;01/09/2026;17:10:00;5188,50;5191,50;5187,50;5190,50;692920955,00;13352
WDOV26;01/09/2026;17:05:00;5191,00;5192,00;5187,50;5188,50;700003185,00;13490
WDOV26;01/09/2026;17:00:00;5186,50;5192,50;5186,50;5191,50;1973766895,00;38029
WDOV26;01/09/2026;16:55:00;5184,50;5187,00;5184,00;5187,00;784315965,00;15125
WDOV26;01/09/2026;16:50:00;5185,00;5186,00;5184,50;5185,00;674835390,00;13014
WDOV26;01/09/2026;16:45:00;5185,00;5186,00;5184,00;5185,00;437165175,00;8431
WDOV26;01/09/2026;16:40:00;5185,50;5185,50;5184,00;5184,50;960962360,00;18534
WDOV26;01/09/2026;16:35:00;5185,00;5186,00;5184,50;5185,50;301016500,00;5805
WDOV26;01/09/2026;16:30:00;5183,50;5185,50;5183,50;5185,50;483195005,00;9320
WDOV26;01/09/2026;16:25:00;5184,00;5184,00;5182,50;5184,00;257305140,00;4964
WDOV26;01/09/2026;16:20:00;5185,00;5185,50;5183,00;5183,50;461796985,00;8908
WDOV26;01/09/2026;16:15:00;5184,00;5185,00;5183,50;5185,00;433994350,00;8371
WDOV26;01/09/2026;16:10:00;5183,50;5184,50;5183,00;5184,00;310191865,00;5984
WDOV26;01/09/2026;16:05:00;5183,00;5184,00;5182,00;5184,00;523442545,00;10099
WDOV26;01/09/2026;16:00:00;5182,50;5183,50;5182,00;5183,00;613383435,00;11835
WDOV26;01/09/2026;15:55:00;5184,50;5184,50;5181,00;5182,50;1281961140,00;24738
WDOV26;01/09/2026;15:50:00;5184,00;5186,00;5182,50;5184,50;886577040,00;17102
WDOV26;01/09/2026;15:45:00;5186,00;5189,00;5184,00;5184,00;1480628295,00;28549
WDOV26;01/09/2026;15:40:00;5186,00;5187,00;5185,50;5186,00;532277815,00;10263
WDOV26;01/09/2026;15:35:00;5182,50;5187,00;5182,50;5186,50;899358870,00;17346
WDOV26;01/09/2026;15:30:00;5180,00;5184,00;5180,00;5182,50;1337206135,00;25803
WDOV26;01/09/2026;15:25:00;5179,00;5181,50;5178,00;5180,50;1026407210,00;19816
WDOV26;01/09/2026;15:20:00;5177,00;5179,00;5176,50;5178,50;771424430,00;14899
WDOV26;01/09/2026;15:15:00;5174,50;5177,00;5174,50;5176,50;518585870,00;10020
WDOV26;01/09/2026;15:10:00;5175,50;5176,00;5173,00;5174,50;624163365,00;12062
WDOV26;01/09/2026;15:05:00;5177,50;5177,50;5175,00;5176,00;316407840,00;6113
WDOV26;01/09/2026;15:00:00;5175,50;5178,00;5174,00;5177,00;925770465,00;17886
WDOV26;01/09/2026;14:55:00;5175,50;5176,00;5174,00;5175,50;540498935,00;10445
WDOV26;01/09/2026;14:50:00;5176,50;5178,00;5175,50;5176,00;526798750,00;10177
WDOV26;01/09/2026;14:45:00;5174,50;5178,00;5174,00;5176,50;616667140,00;11913
WDOV26;01/09/2026;14:40:00;5175,00;5176,00;5174,00;5175,00;302902435,00;5853
WDOV26;01/09/2026;14:35:00;5174,50;5175,50;5173,50;5175,00;490205600,00;9473
WDOV26;01/09/2026;14:30:00;5174,50;5175,00;5172,50;5174,50;829457915,00;16032
WDOV26;01/09/2026;14:25:00;5174,50;5177,00;5173,50;5174,50;933360890,00;18035
WDOV26;01/09/2026;14:20:00;5174,00;5176,00;5174,00;5174,50;706363930,00;13649
WDOV26;01/09/2026;14:15:00;5174,50;5174,50;5171,00;5174,50;2353678800,00;45503
WDOV26;01/09/2026;14:10:00;5178,50;5178,50;5174,00;5174,00;1095921940,00;21173
WDOV26;01/09/2026;14:05:00;5183,50;5184,00;5177,50;5178,00;2269012630,00;43800
WDOV26;01/09/2026;14:00:00;5183,00;5184,50;5182,50;5184,00;472707680,00;9119
WDOV26;01/09/2026;13:55:00;5182,00;5184,00;5182,00;5183,50;694007625,00;13389
WDOV26;01/09/2026;13:50:00;5183,00;5183,50;5180,50;5182,00;606183555,00;11698
WDOV26;01/09/2026;13:45:00;5183,50;5184,50;5183,00;5183,00;295278120,00;5696
WDOV26;01/09/2026;13:40:00;5183,50;5184,50;5180,50;5184,00;980326000,00;18916
WDOV26;01/09/2026;13:35:00;5186,50;5188,00;5182,50;5183,00;1173127045,00;22622
WDOV26;01/09/2026;13:30:00;5185,00;5187,00;5184,50;5186,00;504354905,00;9726
WDOV26;01/09/2026;13:25:00;5182,50;5185,50;5182,50;5185,00;817290160,00;15764
WDOV26;01/09/2026;13:20:00;5181,00;5185,00;5181,00;5183,00;2090545775,00;40332
WDOV26;01/09/2026;13:15:00;5178,50;5182,00;5177,00;5181,00;900633870,00;17387
WDOV26;01/09/2026;13:10:00;5178,50;5179,50;5177,50;5179,00;725095010,00;14002
WDOV26;01/09/2026;13:05:00;5179,50;5180,00;5177,50;5178,50;584210515,00;11282
WDOV26;01/09/2026;13:00:00;5179,00;5180,00;5178,50;5179,00;579645270,00;11192
WDOV26;01/09/2026;12:55:00;5179,00;5180,50;5178,00;5179,50;614421105,00;11863
WDOV26;01/09/2026;12:50:00;5179,50;5181,00;5179,00;5179,00;337406725,00;6514
WDOV26;01/09/2026;12:45:00;5181,50;5182,00;5179,50;5179,50;828506075,00;15993
WDOV26;01/09/2026;12:40:00;5180,00;5183,00;5180,00;5181,50;629364105,00;12146
WDOV26;01/09/2026;12:35:00;5180,50;5181,50;5179,00;5180,00;436366015,00;8424
WDOV26;01/09/2026;12:30:00;5180,50;5182,00;5179,00;5180,50;536277715,00;10352
WDOV26;01/09/2026;12:25:00;5181,00;5183,00;5180,00;5180,50;806138250,00;15558
WDOV26;01/09/2026;12:20:00;5179,00;5181,00;5179,00;5181,00;280278775,00;5411
WDOV26;01/09/2026;12:15:00;5179,50;5181,00;5178,50;5179,50;762598175,00;14723
WDOV26;01/09/2026;12:10:00;5178,00;5179,50;5176,00;5179,50;792124655,00;15298
WDOV26;01/09/2026;12:05:00;5182,00;5182,50;5175,50;5178,00;2103125315,00;40609
WDOV26;01/09/2026;12:00:00;5178,00;5183,50;5177,00;5182,00;2541092145,00;49057
WDOV26;01/09/2026;11:55:00;5178,50;5179,50;5177,00;5178,00;2274992205,00;43933
WDOV26;01/09/2026;11:50:00;5174,50;5179,00;5174,00;5178,50;1026010495,00;19818
WDOV26;01/09/2026;11:45:00;5175,00;5176,00;5172,50;5174,50;1318205540,00;25476
WDOV26;01/09/2026;11:40:00;5177,50;5177,50;5173,00;5175,00;1386113465,00;26784
WDOV26;01/09/2026;11:35:00;5179,50;5181,00;5176,00;5177,00;2075932525,00;40092
WDOV26;01/09/2026;11:30:00;5182,00;5182,50;5179,00;5179,00;1059782315,00;20458
WDOV26;01/09/2026;11:25:00;5182,50;5183,50;5181,50;5182,50;1017294085,00;19629
WDOV26;01/09/2026;11:20:00;5183,00;5184,00;5182,50;5183,00;1169265285,00;22558
WDOV26;01/09/2026;11:15:00;5180,50;5184,50;5180,00;5183,50;1460646185,00;28182
WDOV26;01/09/2026;11:10:00;5180,50;5183,00;5178,50;5180,50;2796852895,00;53981
WDOV26;01/09/2026;11:05:00;5182,50;5184,50;5180,00;5181,00;2297786650,00;44336
WDOV26;01/09/2026;11:00:00;5186,50;5187,00;5179,00;5182,50;3458880630,00;66734
WDOV26;01/09/2026;10:55:00;5189,00;5190,00;5185,00;5186,00;3095144815,00;59669
WDOV26;01/09/2026;10:50:00;5194,50;5196,00;5188,00;5189,00;2904866125,00;55957
WDOV26;01/09/2026;10:45:00;5196,50;5197,50;5192,50;5194,50;2212154265,00;42584
WDOV26;01/09/2026;10:40:00;5199,50;5200,50;5195,50;5196,00;1674397485,00;32213
WDOV26;01/09/2026;10:35:00;5201,00;5201,00;5197,00;5199,50;2229504495,00;42887
WDOV26;01/09/2026;10:30:00;5204,50;5205,00;5200,00;5201,00;2107924110,00;40517
WDOV26;01/09/2026;10:25:00;5207,00;5207,50;5203,50;5205,00;1552604680,00;29826
WDOV26;01/09/2026;10:20:00;5210,50;5211,00;5206,50;5207,00;1437822200,00;27607
WDOV26;01/09/2026;10:15:00;5213,00;5213,50;5209,00;5210,00;1509284280,00;28966
WDOV26;01/09/2026;10:10:00;5215,00;5216,00;5211,00;5213,00;2182496970,00;41865
WDOV26;01/09/2026;10:05:00;5217,50;5219,00;5214,00;5214,50;1978052265,00;37920
WDOV26;01/09/2026;10:00:00;5218,50;5219,00;5214,50;5217,50;1948002960,00;37343
WDOV26;01/09/2026;09:55:00;5220,00;5222,50;5217,50;5218,50;1127394260,00;21599
WDOV26;01/09/2026;09:50:00;5223,00;5223,50;5218,00;5220,50;1073601150,00;20565
WDOV26;01/09/2026;09:45:00;5223,50;5225,00;5219,50;5223,00;1417355410,00;27143
WDOV26;01/09/2026;09:40:00;5226,00;5228,00;5221,50;5224,00;1550386270,00;29678
WDOV26;01/09/2026;09:35:00;5229,00;5230,00;5224,50;5226,00;1422012150,00;27203
WDOV26;01/09/2026;09:30:00;5227,00;5232,50;5226,50;5229,00;1490900365,00;28508
WDOV26;01/09/2026;09:25:00;5224,50;5228,00;5223,50;5227,50;971967250,00;18602
WDOV26;01/09/2026;09:20:00;5225,50;5228,00;5223,50;5224,00;2029857600,00;38845
WDOV26;01/09/2026;09:15:00;5233,50;5234,00;5224,50;5226,00;2615937725,00;50032
WDOV26;01/09/2026;09:10:00;5233,00;5235,50;5230,50;5233,50;2140183335,00;40897
WDOV26;01/09/2026;09:05:00;5227,00;5233,00;5226,00;5232,50;1501697755,00;28714
WDOV26;01/09/2026;09:00:00;5224,00;5230,00;5222,50;5227,50;2227563610,00;42624
WDOV26;31/08/2026;18:25:00;5217,00;5220,00;5216,50;5218,50;216735555,00;4153
WDOV26;31/08/2026;18:20:00;5217,50;5218,50;5217,00;5217,00;128813840,00;2469
WDOV26;31/08/2026;18:15:00;5218,50;5219,00;5217,00;5217,50;186271930,00;3570
WDOV26;31/08/2026;18:10:00;5219,00;5220,50;5217,50;5218,50;190640885,00;3653
WDOV26;31/08/2026;18:05:00;5219,50;5220,00;5218,50;5219,00;133188170,00;2552
WDOV26;31/08/2026;18:00:00;5220,00;5221,00;5219,00;5219,50;92286650,00;1768
WDOV26;31/08/2026;17:55:00;5220,50;5221,00;5219,50;5220,00;196804420,00;3770
WDOV26;31/08/2026;17:50:00;5221,00;5221,50;5220,00;5220,00;157881870,00;3024
WDOV26;31/08/2026;17:45:00;5221,50;5222,50;5220,50;5220,50;341287400,00;6536
WDOV26;31/08/2026;17:40:00;5220,00;5222,00;5220,00;5221,50;193187255,00;3700
WDOV26;31/08/2026;17:35:00;5219,50;5220,50;5219,00;5220,00;82473060,00;1580
WDOV26;31/08/2026;17:30:00;5219,00;5220,00;5219,00;5219,50;136230930,00;2610
WDOV26;31/08/2026;17:25:00;5218,00;5219,50;5217,50;5219,50;263008020,00;5040
WDOV26;31/08/2026;17:20:00;5220,00;5220,00;5217,00;5218,00;360643040,00;6911
WDOV26;31/08/2026;17:15:00;5218,00;5221,00;5217,50;5219,50;1239612375,00;23750
WDOV26;31/08/2026;17:10:00;5216,50;5218,50;5215,50;5218,00;739739610,00;14179
WDOV26;31/08/2026;17:05:00;5217,00;5217,50;5216,50;5216,50;225430665,00;4321
WDOV26;31/08/2026;17:00:00;5216,50;5217,50;5214,50;5217,00;718516905,00;13776
WDOV26;31/08/2026;16:55:00;5216,50;5217,00;5216,00;5216,50;205488415,00;3939
WDOV26;31/08/2026;16:50:00;5216,00;5217,00;5215,50;5216,50;447396945,00;8577
WDOV26;31/08/2026;16:45:00;5217,00;5217,00;5216,00;5216,50;480277060,00;9207
WDOV26;31/08/2026;16:40:00;5217,00;5217,00;5216,00;5217,00;515912490,00;9890
WDOV26;31/08/2026;16:35:00;5216,50;5217,50;5215,00;5217,00;785643030,00;15062
WDOV26;31/08/2026;16:30:00;5216,50;5217,00;5216,00;5216,00;316626870,00;6070
WDOV26;31/08/2026;16:25:00;5217,00;5217,50;5215,50;5216,50;614616830,00;11782
WDOV26;31/08/2026;16:20:00;5219,50;5219,50;5217,00;5217,00;336888025,00;6456
WDOV26;31/08/2026;16:15:00;5217,50;5219,50;5217,50;5219,00;438078700,00;8395
WDOV26;31/08/2026;16:10:00;5218,50;5219,00;5217,00;5218,00;464288795,00;8898
WDOV26;31/08/2026;16:05:00;5219,50;5220,00;5216,00;5219,00;1346436130,00;25802
WDOV26;31/08/2026;16:00:00;5219,50;5220,00;5217,50;5219,50;583202740,00;11175
WDOV26;31/08/2026;15:55:00;5219,50;5220,50;5218,50;5219,50;739015080,00;14159
WDOV26;31/08/2026;15:50:00;5219,00;5220,00;5218,50;5220,00;600079465,00;11497
WDOV26;31/08/2026;15:45:00;5219,50;5220,50;5219,00;5219,00;344506540,00;6600
WDOV26;31/08/2026;15:40:00;5224,50;5224,50;5217,50;5219,00;1946058160,00;37280
WDOV26;31/08/2026;15:35:00;5223,00;5224,50;5222,00;5224,00;535909300,00;10260
WDOV26;31/08/2026;15:30:00;5223,00;5223,50;5222,00;5223,00;326221105,00;6246
WDOV26;31/08/2026;15:25:00;5221,00;5223,00;5221,00;5223,00;470254690,00;9005
WDOV26;31/08/2026;15:20:00;5219,50;5221,50;5219,00;5221,50;425391130,00;8149
WDOV26;31/08/2026;15:15:00;5220,50;5221,00;5219,50;5220,00;373334415,00;7152
WDOV26;31/08/2026;15:10:00;5221,00;5221,50;5219,50;5220,50;379802790,00;7275
WDOV26;31/08/2026;15:05:00;5220,50;5221,00;5219,50;5220,50;310394705,00;5946
WDOV26;31/08/2026;15:00:00;5220,50;5222,00;5219,50;5220,50;495021165,00;9482
WDOV26;31/08/2026;14:55:00;5220,50;5221,00;5218,00;5220,00;839860830,00;16091
WDOV26;31/08/2026;14:50:00;5218,50;5221,00;5218,50;5220,50;748976400,00;14349
WDOV26;31/08/2026;14:45:00;5221,50;5223,00;5218,00;5218,50;840062630,00;16093
WDOV26;31/08/2026;14:40:00;5221,00;5222,00;5220,00;5221,50;344170010,00;6592
WDOV26;31/08/2026;14:35:00;5221,00;5223,00;5219,50;5221,00;904721460,00;17326
WDOV26;31/08/2026;14:30:00;5220,50;5222,00;5219,00;5221,00;823573135,00;15776
WDOV26;31/08/2026;14:25:00;5217,50;5221,50;5217,00;5221,00;802590270,00;15376
WDOV26;31/08/2026;14:20:00;5216,00;5218,00;5216,00;5217,00;358606680,00;6874
WDOV26;31/08/2026;14:15:00;5218,00;5218,50;5216,00;5216,00;348067300,00;6672
WDOV26;31/08/2026;14:10:00;5218,00;5219,00;5217,00;5218,00;221915255,00;4253
WDOV26;31/08/2026;14:05:00;5216,00;5219,00;5215,50;5218,50;659191670,00;12634
WDOV26;31/08/2026;14:00:00;5215,00;5216,00;5214,00;5216,00;354366655,00;6795
WDOV26;31/08/2026;13:55:00;5214,50;5217,00;5214,00;5215,00;655162625,00;12561
WDOV26;31/08/2026;13:50:00;5214,00;5215,00;5213,00;5214,50;294581570,00;5650
WDOV26;31/08/2026;13:45:00;5213,50;5215,00;5213,00;5214,00;272863830,00;5233
WDOV26;31/08/2026;13:40:00;5214,00;5214,50;5212,50;5213,50;301234205,00;5778
WDOV26;31/08/2026;13:35:00;5213,00;5214,50;5213,00;5214,50;215431330,00;4132
WDOV26;31/08/2026;13:30:00;5213,50;5214,50;5213,00;5213,00;322476355,00;6185
WDOV26;31/08/2026;13:25:00;5213,00;5215,00;5213,00;5214,00;408005155,00;7825
WDOV26;31/08/2026;13:20:00;5213,00;5213,50;5212,00;5213,00;371417655,00;7125
WDOV26;31/08/2026;13:15:00;5213,50;5214,50;5213,00;5213,50;319958740,00;6137
WDOV26;31/08/2026;13:10:00;5215,00;5215,50;5213,00;5214,00;321243160,00;6161
WDOV26;31/08/2026;13:05:00;5216,00;5216,50;5213,50;5215,00;594975330,00;11409
WDOV26;31/08/2026;13:00:00;5216,50;5217,00;5214,00;5216,00;822704485,00;15775
WDOV26;31/08/2026;12:55:00;5212,50;5217,00;5212,50;5216,50;889033805,00;17047
WDOV26;31/08/2026;12:50:00;5212,00;5213,00;5211,00;5212,50;322353005,00;6185
WDOV26;31/08/2026;12:45:00;5211,50;5212,00;5210,50;5211,50;251712925,00;4830
WDOV26;31/08/2026;12:40:00;5211,50;5213,00;5210,00;5212,00;589230915,00;11307
WDOV26;31/08/2026;12:35:00;5212,50;5213,50;5211,00;5211,50;651995485,00;12509
WDOV26;31/08/2026;12:30:00;5211,50;5213,50;5210,50;5212,00;792269825,00;15202
WDOV26;31/08/2026;12:25:00;5214,00;5215,00;5211,00;5211,50;756346000,00;14509
WDOV26;31/08/2026;12:20:00;5215,50;5216,50;5214,00;5214,50;313692835,00;6015
WDOV26;31/08/2026;12:15:00;5215,00;5216,00;5213,50;5215,50;594885430,00;11407
WDOV26;31/08/2026;12:10:00;5216,00;5216,50;5213,00;5214,50;792219975,00;15193
WDOV26;31/08/2026;12:05:00;5217,00;5218,00;5215,00;5216,00;857287545,00;16434
WDOV26;31/08/2026;12:00:00;5215,50;5218,00;5214,00;5216,50;1775973655,00;34048
WDOV26;31/08/2026;11:55:00;5216,00;5217,50;5215,00;5216,00;1667502205,00;31968
WDOV26;31/08/2026;11:50:00;5220,00;5221,00;5214,00;5216,00;2428678380,00;46558
WDOV26;31/08/2026;11:45:00;5217,00;5220,50;5215,00;5220,00;1148714880,00;22018
WDOV26;31/08/2026;11:40:00;5219,00;5221,00;5217,00;5217,00;511166675,00;9795
WDOV26;31/08/2026;11:35:00;5220,50;5220,50;5216,50;5219,00;1119935770,00;21462
WDOV26;31/08/2026;11:30:00;5218,50;5221,00;5216,50;5220,50;1079691895,00;20687
WDOV26;31/08/2026;11:25:00;5214,00;5219,50;5214,00;5218,00;1215064510,00;23287
WDOV26;31/08/2026;11:20:00;5215,50;5217,50;5214,00;5214,00;809615475,00;15524
WDOV26;31/08/2026;11:15:00;5217,00;5219,00;5214,50;5216,00;916570095,00;17570
WDOV26;31/08/2026;11:10:00;5216,00;5218,00;5214,50;5217,00;811897190,00;15564
WDOV26;31/08/2026;11:05:00;5215,50;5217,50;5214,50;5215,50;748589455,00;14352
WDOV26;31/08/2026;11:00:00;5214,00;5218,50;5212,50;5215,00;2450365585,00;46982
WDOV26;31/08/2026;10:55:00;5209,50;5214,00;5208,50;5213,50;1649101490,00;31644
WDOV26;31/08/2026;10:50:00;5204,50;5209,50;5204,50;5209,50;1253855005,00;24079
WDOV26;31/08/2026;10:45:00;5201,00;5206,00;5200,00;5204,50;1672205790,00;32139
WDOV26;31/08/2026;10:40:00;5198,50;5201,50;5194,50;5201,00;2449068520,00;47119
WDOV26;31/08/2026;10:35:00;5200,50;5201,00;5196,00;5198,50;1928259265,00;37097
WDOV26;31/08/2026;10:30:00;5202,50;5203,50;5198,00;5201,00;2187160725,00;42058
WDOV26;31/08/2026;10:25:00;5210,00;5210,00;5201,00;5202,00;1763812850,00;33889
WDOV26;31/08/2026;10:20:00;5209,00;5211,00;5208,50;5210,00;663474745,00;12735
WDOV26;31/08/2026;10:15:00;5209,00;5211,50;5208,50;5209,00;1072833930,00;20591
WDOV26;31/08/2026;10:10:00;5209,50;5211,50;5207,00;5209,50;1462979520,00;28085
WDOV26;31/08/2026;10:05:00;5213,50;5216,00;5208,00;5210,00;2375008280,00;45568
WDOV26;31/08/2026;10:00:00;5214,50;5217,00;5212,00;5213,00;1473102950,00;28252
WDOV26;31/08/2026;09:55:00;5210,00;5215,50;5208,50;5214,50;1198454915,00;22995
WDOV26;31/08/2026;09:50:00;5212,00;5212,50;5207,00;5210,00;1182232920,00;22694
WDOV26;31/08/2026;09:45:00;5212,00;5215,00;5210,00;5212,00;1496100115,00;28701
WDOV26;31/08/2026;09:40:00;5209,00;5212,50;5207,50;5212,00;1685897145,00;32358
WDOV26;31/08/2026;09:35:00;5200,00;5210,00;5200,00;5209,50;2196628310,00;42194
WDOV26;31/08/2026;09:30:00;5203,50;5206,00;5200,00;5200,00;1334181440,00;25642
WDOV26;31/08/2026;09:25:00;5199,50;5205,00;5199,00;5203,50;1779605860,00;34204
WDOV26;31/08/2026;09:20:00;5202,00;5203,00;5199,00;5199,50;1080044505,00;20768
WDOV26;31/08/2026;09:15:00;5201,50;5204,00;5199,00;5202,50;1450723260,00;27891
WDOV26;31/08/2026;09:10:00;5206,50;5208,00;5200,50;5201,00;1808777630,00;34759
WDOV26;31/08/2026;09:05:00;5206,00;5213,00;5204,00;5207,00;2142058110,00;41131
WDOV26;31/08/2026;09:00:00;5219,50;5221,00;5205,00;5206,00;3249851440,00;62352
WDOV26;28/08/2026;18:25:00;5223,00;5225,50;5222,00;5222,50;62524360,00;1197
WDOV26;28/08/2026;18:20:00;5225,00;5225,00;5222,50;5223,50;21313020,00;408
WDOV26;28/08/2026;18:15:00;5225,50;5227,00;5224,00;5225,00;33026365,00;632
WDOV26;28/08/2026;18:10:00;5230,50;5230,50;5225,00;5226,00;36751300,00;703
WDOV26;28/08/2026;18:05:00;5230,50;5232,00;5230,50;5231,50;15118515,00;289
WDOV26;28/08/2026;18:00:00;5231,50;5232,00;5230,50;5231,00;26992915,00;516
WDOV26;28/08/2026;17:55:00;5232,00;5233,00;5230,50;5231,50;68854470,00;1316
WDOV26;28/08/2026;17:50:00;5231,50;5232,50;5231,50;5232,00;27624930,00;528
WDOV26;28/08/2026;17:45:00;5233,00;5233,00;5231,50;5232,00;12295995,00;235
WDOV26;28/08/2026;17:40:00;5232,00;5234,00;5231,00;5233,00;22866990,00;437
WDOV26;28/08/2026;17:35:00;5231,50;5232,00;5230,50;5231,50;18989900,00;363
WDOV26;28/08/2026;17:30:00;5233,00;5233,00;5231,00;5231,00;67749835,00;1295
WDOV26;28/08/2026;17:25:00;5234,50;5235,00;5233,50;5233,50;41560595,00;794
WDOV26;28/08/2026;17:20:00;5233,50;5235,50;5233,50;5234,50;36011375,00;688
WDOV26;28/08/2026;17:15:00;5234,00;5234,50;5232,50;5233,50;34224895,00;654
WDOV26;28/08/2026;17:10:00;5234,00;5234,00;5233,50;5234,00;54799810,00;1047
WDOV26;28/08/2026;17:05:00;5236,00;5236,50;5234,50;5234,50;13141805,00;251
WDOV26;28/08/2026;17:00:00;5233,00;5236,00;5232,50;5236,00;88285835,00;1687
WDOV26;28/08/2026;16:55:00;5234,00;5234,50;5232,00;5233,00;71543420,00;1367
WDOV26;28/08/2026;16:50:00;5236,00;5236,00;5234,00;5235,00;54755305,00;1046
WDOV26;28/08/2026;16:45:00;5235,50;5237,00;5234,50;5236,00;26178925,00;500
WDOV26;28/08/2026;16:40:00;5237,50;5237,50;5233,50;5235,50;56804960,00;1085
WDOV26;28/08/2026;16:35:00;5238,00;5239,50;5237,50;5237,50;19434475,00;371
WDOV26;28/08/2026;16:30:00;5238,50;5239,50;5237,50;5237,50;26770730,00;511
WDOV26;28/08/2026;16:25:00;5240,00;5240,00;5238,00;5238,00;24624770,00;470
WDOV26;28/08/2026;16:20:00;5241,50;5241,50;5239,50;5240,50;16822140,00;321
WDOV26;28/08/2026;16:15:00;5242,50;5242,50;5240,00;5241,00;56452325,00;1077
WDOV26;28/08/2026;16:10:00;5241,50;5243,50;5241,00;5242,00;51214935,00;977
WDOV26;28/08/2026;16:05:00;5242,50;5243,50;5241,00;5241,00;57352805,00;1094
WDOV26;28/08/2026;16:00:00;5242,00;5243,50;5240,50;5243,00;80935260,00;1544
WDOV26;28/08/2026;15:55:00;5244,00;5245,00;5241,00;5242,00;326193270,00;6222
WDOV26;28/08/2026;15:50:00;5244,00;5245,00;5243,00;5244,50;126583240,00;2414
WDOV26;28/08/2026;15:45:00;5243,50;5246,00;5243,00;5244,50;29733005,00;567
WDOV26;28/08/2026;15:40:00;5244,00;5245,50;5243,00;5243,50;65505760,00;1249
WDOV26;28/08/2026;15:35:00;5243,50;5244,50;5241,50;5243,50;34290750,00;654
WDOV26;28/08/2026;15:30:00;5249,50;5249,50;5242,50;5243,50;151829790,00;2895
WDOV26;28/08/2026;15:25:00;5250,50;5250,50;5246,00;5249,00;83554935,00;1592
WDOV26;28/08/2026;15:20:00;5250,50;5251,00;5249,50;5250,50;9870215,00;188
WDOV26;28/08/2026;15:15:00;5250,50;5251,50;5248,50;5251,00;25252195,00;481
WDOV26;28/08/2026;15:10:00;5251,50;5252,50;5250,00;5251,00;40905280,00;779
WDOV26;28/08/2026;15:05:00;5252,50;5254,00;5250,00;5252,00;22164590,00;422
WDOV26;28/08/2026;15:00:00;5250,50;5253,00;5249,50;5252,50;135131625,00;2573
WDOV26;28/08/2026;14:55:00;5251,00;5252,50;5250,50;5250,50;22791780,00;434
WDOV26;28/08/2026;14:50:00;5252,00;5252,50;5248,50;5250,50;90301915,00;1720
WDOV26;28/08/2026;14:45:00;5254,50;5254,50;5251,50;5251,50;17807155,00;339
WDOV26;28/08/2026;14:40:00;5257,00;5259,00;5254,00;5254,00;18450080,00;351
WDOV26;28/08/2026;14:35:00;5254,00;5256,50;5253,00;5256,50;21651040,00;412
WDOV26;28/08/2026;14:30:00;5250,50;5255,00;5250,00;5254,00;34083915,00;649
WDOV26;28/08/2026;14:25:00;5251,00;5252,50;5250,50;5251,00;52407840,00;998
WDOV26;28/08/2026;14:20:00;5251,50;5252,50;5250,00;5251,50;10607710,00;202
WDOV26;28/08/2026;14:15:00;5252,50;5253,00;5251,00;5252,00;27781020,00;529
WDOV26;28/08/2026;14:10:00;5253,00;5254,50;5252,50;5252,50;6199140,00;118
WDOV26;28/08/2026;14:05:00;5251,50;5253,00;5250,50;5253,00;44847750,00;854
WDOV26;28/08/2026;14:00:00;5251,50;5253,50;5250,50;5251,00;16649935,00;317
WDOV26;28/08/2026;13:55:00;5250,00;5252,00;5250,00;5252,00;14125525,00;269
WDOV26;28/08/2026;13:50:00;5248,50;5250,00;5247,50;5250,00;48920645,00;932
WDOV26;28/08/2026;13:45:00;5254,50;5255,00;5248,50;5249,00;48884800,00;931
WDOV26;28/08/2026;13:40:00;5252,00;5256,50;5251,50;5255,00;22071110,00;420
WDOV26;28/08/2026;13:35:00;5255,00;5255,00;5250,00;5252,50;79149005,00;1507
WDOV26;28/08/2026;13:30:00;5256,50;5256,50;5253,50;5255,50;41720920,00;794
WDOV26;28/08/2026;13:25:00;5265,00;5265,00;5255,50;5256,50;59366235,00;1129
WDOV26;28/08/2026;13:20:00;5265,00;5265,50;5262,50;5264,50;21845190,00;415
WDOV26;28/08/2026;13:15:00;5264,00;5267,50;5262,00;5264,50;73545015,00;1397
WDOV26;28/08/2026;13:10:00;5262,00;5264,50;5260,50;5264,00;47631325,00;905
WDOV26;28/08/2026;13:05:00;5260,50;5263,00;5259,50;5261,50;35509835,00;675
WDOV26;28/08/2026;13:00:00;5254,00;5261,00;5253,00;5260,50;85524875,00;1627
WDOV26;28/08/2026;12:55:00;5249,50;5254,50;5249,00;5254,50;17486770,00;333
WDOV26;28/08/2026;12:50:00;5252,00;5252,00;5249,50;5250,00;23889850,00;455
WDOV26;28/08/2026;12:45:00;5251,50;5252,00;5248,50;5251,50;89416705,00;1703
WDOV26;28/08/2026;12:40:00;5252,50;5252,50;5249,50;5251,50;348377300,00;6635
WDOV26;28/08/2026;12:35:00;5247,00;5252,50;5246,00;5252,50;35381235,00;674
WDOV26;28/08/2026;12:30:00;5245,50;5248,00;5244,00;5246,50;17576550,00;335
WDOV26;28/08/2026;12:25:00;5245,50;5248,00;5244,00;5245,50;10491495,00;200
WDOV26;28/08/2026;12:20:00;5246,50;5247,00;5244,00;5245,50;45902795,00;875
WDOV26;28/08/2026;12:15:00;5248,00;5250,50;5244,50;5246,50;79041905,00;1506
WDOV26;28/08/2026;12:10:00;5246,50;5248,00;5243,50;5248,00;131353780,00;2504
WDOV26;28/08/2026;12:05:00;5243,00;5247,50;5240,50;5246,00;81328230,00;1551
WDOV26;28/08/2026;12:00:00;5240,00;5245,00;5238,00;5243,50;63264625,00;1207
WDOV26;28/08/2026;11:55:00;5240,00;5241,50;5236,00;5240,50;43528365,00;831
WDOV26;28/08/2026;11:50:00;5244,00;5244,00;5239,50;5240,00;31503625,00;601
WDOV26;28/08/2026;11:45:00;5241,00;5246,00;5241,00;5245,50;45977040,00;877
WDOV26;28/08/2026;11:40:00;5239,50;5243,00;5238,50;5240,50;38044595,00;726
WDOV26;28/08/2026;11:35:00;5238,50;5240,50;5236,50;5239,50;33261400,00;635
WDOV26;28/08/2026;11:30:00;5245,50;5245,50;5237,50;5238,50;132653205,00;2531
WDOV26;28/08/2026;11:25:00;5244,00;5249,00;5242,50;5246,00;171069125,00;3261
WDOV26;28/08/2026;11:20:00;5238,50;5244,50;5235,50;5243,50;83006850,00;1584
WDOV26;28/08/2026;11:15:00;5231,00;5238,50;5230,50;5238,50;110379470,00;2109
WDOV26;28/08/2026;11:10:00;5227,00;5232,50;5226,00;5232,50;96208735,00;1840
WDOV26;28/08/2026;11:05:00;5230,00;5231,00;5224,50;5227,50;89045090,00;1703
WDOV26;28/08/2026;11:00:00;5223,00;5230,50;5213,50;5229,50;218179475,00;4175
WDOV26;28/08/2026;10:55:00;5224,00;5225,50;5215,00;5225,00;111491185,00;2136
WDOV26;28/08/2026;10:50:00;5227,50;5228,50;5223,50;5224,50;87527845,00;1675
WDOV26;28/08/2026;10:45:00;5232,00;5232,50;5226,50;5227,00;49896025,00;954
WDOV26;28/08/2026;10:40:00;5231,00;5233,00;5229,50;5232,50;85849365,00;1641
WDOV26;28/08/2026;10:35:00;5230,00;5232,00;5229,00;5230,50;77887760,00;1489
WDOV26;28/08/2026;10:30:00;5225,50;5231,00;5225,00;5231,00;669579700,00;12812
WDOV26;28/08/2026;10:25:00;5225,50;5228,00;5223,00;5225,50;66780015,00;1278
WDOV26;28/08/2026;10:20:00;5221,00;5225,00;5220,50;5225,00;89936515,00;1722
WDOV26;28/08/2026;10:15:00;5216,50;5221,50;5216,50;5221,00;58661040,00;1124
WDOV26;28/08/2026;10:10:00;5212,50;5218,00;5211,50;5216,50;57623805,00;1105
WDOV26;28/08/2026;10:05:00;5210,00;5212,50;5210,00;5212,00;31372830,00;602
WDOV26;28/08/2026;10:00:00;5207,00;5211,50;5207,00;5210,00;42202870,00;810
WDOV26;28/08/2026;09:55:00;5206,50;5207,00;5204,50;5206,50;17699855,00;340
WDOV26;28/08/2026;09:50:00;5202,50;5208,50;5202,50;5206,50;44963795,00;864
WDOV26;28/08/2026;09:45:00;5198,50;5203,50;5198,00;5203,50;118580455,00;2280
WDOV26;28/08/2026;09:40:00;5202,00;5202,50;5199,00;5199,00;21376945,00;411
WDOV26;28/08/2026;09:35:00;5200,00;5202,50;5199,50;5202,00;30999210,00;596
WDOV26;28/08/2026;09:30:00;5198,50;5200,50;5197,00;5200,50;22147300,00;426
WDOV26;28/08/2026;09:25:00;5198,50;5199,50;5196,50;5199,50;18297230,00;352
WDOV26;28/08/2026;09:20:00;5200,50;5201,00;5198,00;5199,00;15182885,00;292
WDOV26;28/08/2026;09:15:00;5202,50;5202,50;5200,50;5200,50;33862420,00;651
WDOV26;28/08/2026;09:10:00;5200,50;5203,00;5199,00;5202,50;46082760,00;886
WDOV26;28/08/2026;09:05:00;5198,50;5200,50;5196,50;5200,50;88631920,00;1705
WDOV26;28/08/2026;09:00:00;5200,00;5203,50;5194,00;5199,00;175620180,00;3378
WDOV26;27/08/2026;18:25:00;5200,00;5200,50;5200,00;5200,00;312015,00;6
WDOV26;27/08/2026;18:20:00;5200,50;5200,50;5200,00;5200,00;31252770,00;601
WDOV26;27/08/2026;18:15:00;5201,00;5201,50;5200,00;5200,00;53882980,00;1036
WDOV26;27/08/2026;18:10:00;5200,00;5201,00;5200,00;5201,00;84767070,00;1630
WDOV26;27/08/2026;18:05:00;5201,00;5201,50;5200,50;5200,50;42332835,00;814
WDOV26;27/08/2026;18:00:00;5201,50;5202,50;5200,50;5201,00;10506605,00;202
WDOV26;27/08/2026;17:55:00;5201,50;5201,50;5201,00;5201,00;91590150,00;1761
WDOV26;27/08/2026;17:50:00;5201,50;5202,00;5201,00;5201,00;16124565,00;310
WDOV26;27/08/2026;17:45:00;5200,50;5202,00;5200,50;5202,00;45561085,00;876
WDOV26;27/08/2026;17:40:00;5201,00;5202,00;5200,50;5200,50;10453045,00;201
WDOV26;27/08/2026;17:35:00;5200,00;5201,50;5200,00;5201,50;53509380,00;1029
WDOV26;27/08/2026;17:30:00;5200,50;5201,00;5200,00;5200,50;10608685,00;204
WDOV26;27/08/2026;17:25:00;5201,00;5201,50;5201,00;5201,50;3172825,00;61
WDOV26;27/08/2026;17:20:00;5201,00;5201,50;5200,00;5201,00;12378435,00;238
WDOV26;27/08/2026;17:15:00;5201,50;5201,50;5200,50;5201,00;277629780,00;5338
WDOV26;27/08/2026;17:10:00;5200,50;5201,50;5200,50;5201,50;1612265,00;31
WDOV26;27/08/2026;17:05:00;5201,00;5201,50;5199,50;5200,00;35565270,00;684
WDOV26;27/08/2026;17:00:00;5202,00;5202,00;5200,50;5200,50;5357545,00;103
WDOV26;27/08/2026;16:55:00;5204,50;5204,50;5202,50;5202,50;1561025,00;30
WDOV26;27/08/2026;16:50:00;5204,50;5205,00;5204,50;5204,50;936880,00;18
WDOV26;27/08/2026;16:45:00;5204,50;5205,00;5204,50;5204,50;3122950,00;60
WDOV26;27/08/2026;16:40:00;5204,00;5205,00;5204,00;5204,00;1717525,00;33
WDOV26;27/08/2026;16:35:00;5204,00;5204,50;5204,00;5204,50;364285,00;7
WDOV26;27/08/2026;16:30:00;5204,00;5204,50;5203,50;5204,00;5152310,00;99
WDOV26;27/08/2026;16:25:00;5203,50;5204,00;5202,50;5204,00;3486125,00;67
WDOV26;27/08/2026;16:20:00;5202,50;5203,00;5202,00;5202,00;2080960,00;40
WDOV26;27/08/2026;16:15:00;5202,00;5202,50;5201,50;5202,50;361487110,00;6949
WDOV26;27/08/2026;16:10:00;5201,50;5202,50;5200,50;5202,00;8582935,00;165
WDOV26;27/08/2026;16:05:00;5202,00;5202,00;5201,50;5201,50;1352500,00;26
WDOV26;27/08/2026;16:00:00;5199,50;5202,50;5199,50;5202,00;3017020,00;58
WDOV26;27/08/2026;15:55:00;5200,50;5201,00;5198,50;5199,50;48614160,00;935
WDOV26;27/08/2026;15:50:00;5202,00;5202,00;5200,00;5200,50;49925490,00;960
WDOV26;27/08/2026;15:45:00;5202,50;5203,50;5201,50;5202,00;5254605,00;101
WDOV26;27/08/2026;15:40:00;5200,00;5202,50;5199,50;5202,50;14770080,00;284
WDOV26;27/08/2026;15:35:00;5202,50;5202,50;5199,50;5200,00;33646440,00;647
WDOV26;27/08/2026;15:30:00;5203,00;5203,50;5202,00;5202,50;9677580,00;186
WDOV26;27/08/2026;15:25:00;5201,50;5203,50;5201,50;5203,50;5098045,00;98
WDOV26;27/08/2026;15:20:00;5203,00;5203,50;5201,50;5201,50;20601670,00;396
WDOV26;27/08/2026;15:15:00;5203,00;5204,00;5202,50;5202,50;13736205,00;264
WDOV26;27/08/2026;15:10:00;5204,50;5204,50;5203,00;5203,00;44957535,00;864
WDOV26;27/08/2026;15:05:00;5206,00;5206,00;5204,00;5204,50;6350070,00;122
WDOV26;27/08/2026;15:00:00;5204,00;5207,00;5204,00;5206,00;14263990,00;274
WDOV26;27/08/2026;14:55:00;5204,00;5204,50;5203,00;5204,50;29660210,00;570
WDOV26;27/08/2026;14:50:00;5206,50;5206,50;5203,50;5204,00;25921735,00;498
WDOV26;27/08/2026;14:45:00;5207,00;5207,00;5206,00;5207,00;5988010,00;115
WDOV26;27/08/2026;14:40:00;5206,00;5206,50;5204,50;5206,00;16657670,00;320
WDOV26;27/08/2026;14:35:00;5206,00;5206,50;5204,50;5206,00;12805745,00;246
WDOV26;27/08/2026;14:30:00;5208,00;5208,00;5205,50;5206,00;34313710,00;659
WDOV26;27/08/2026;14:25:00;5209,50;5210,00;5207,50;5207,50;5156555,00;99
WDOV26;27/08/2026;14:20:00;5209,50;5210,50;5209,50;5210,50;6408410,00;123
WDOV26;27/08/2026;14:15:00;5209,00;5210,50;5209,00;5210,00;1719300,00;33
WDOV26;27/08/2026;14:10:00;5209,00;5210,00;5209,00;5209,50;729325,00;14
WDOV26;27/08/2026;14:05:00;5209,00;5210,00;5208,50;5208,50;6772275,00;130
WDOV26;27/08/2026;14:00:00;5209,50;5209,50;5208,50;5209,00;1510670,00;29
WDOV26;27/08/2026;13:55:00;5210,00;5210,50;5209,50;5209,50;677270,00;13
WDOV26;27/08/2026;13:50:00;5210,00;5210,50;5209,50;5210,00;2552850,00;49
WDOV26;27/08/2026;13:45:00;5209,00;5210,50;5208,50;5210,00;885650,00;17
WDOV26;27/08/2026;13:40:00;5209,00;5210,00;5209,00;5209,00;1354395,00;26
WDOV26;27/08/2026;13:35:00;5209,50;5209,50;5208,50;5209,00;937625,00;18
WDOV26;27/08/2026;13:30:00;5209,50;5209,50;5208,00;5209,50;3281750,00;63
WDOV26;27/08/2026;13:25:00;5209,50;5210,50;5209,00;5209,50;5157540,00;99
WDOV26;27/08/2026;13:20:00;5211,50;5212,00;5210,00;5210,50;1771870,00;34
WDOV26;27/08/2026;13:15:00;5211,50;5213,00;5211,50;5212,50;2606140,00;50
WDOV26;27/08/2026;13:10:00;5211,50;5212,00;5211,00;5211,00;1354980,00;26
WDOV26;27/08/2026;13:05:00;5209,50;5211,50;5209,50;5211,50;8128040,00;156
WDOV26;27/08/2026;13:00:00;5208,50;5210,50;5208,50;5210,00;1094055,00;21
WDOV26;27/08/2026;12:55:00;5207,50;5209,00;5207,50;5209,00;1874895,00;36
WDOV26;27/08/2026;12:50:00;5208,00;5208,00;5206,50;5207,50;5884210,00;113
WDOV26;27/08/2026;12:45:00;5208,00;5209,50;5208,00;5208,50;8333740,00;160
WDOV26;27/08/2026;12:40:00;5208,50;5208,50;5206,50;5207,50;28327630,00;544
WDOV26;27/08/2026;12:35:00;5211,00;5211,50;5208,00;5208,00;24852055,00;477
WDOV26;27/08/2026;12:30:00;5211,50;5213,50;5210,00;5211,00;19124945,00;367
WDOV26;27/08/2026;12:25:00;5211,50;5213,00;5211,00;5213,00;4013270,00;77
WDOV26;27/08/2026;12:20:00;5212,50;5213,50;5211,50;5211,50;27467575,00;527
WDOV26;27/08/2026;12:15:00;5210,50;5213,00;5210,50;5212,00;29601825,00;568
WDOV26;27/08/2026;12:10:00;5209,50;5210,00;5208,50;5209,50;3907110,00;75
WDOV26;27/08/2026;12:05:00;5208,50;5211,00;5208,00;5210,00;20057905,00;385
WDOV26;27/08/2026;12:00:00;5208,50;5209,00;5207,50;5209,00;14531750,00;279
WDOV26;27/08/2026;11:55:00;5203,50;5209,50;5203,50;5209,00;12810215,00;246
WDOV26;27/08/2026;11:50:00;5203,50;5205,50;5202,00;5204,00;15923990,00;306
WDOV26;27/08/2026;11:45:00;5199,50;5203,00;5198,50;5203,00;15031280,00;289
WDOV26;27/08/2026;11:40:00;5200,00;5201,50;5199,50;5200,50;13885065,00;267
WDOV26;27/08/2026;11:35:00;5201,00;5201,50;5199,50;5200,50;27510985,00;529
WDOV26;27/08/2026;11:30:00;5202,00;5202,00;5200,50;5200,50;17787455,00;342
WDOV26;27/08/2026;11:25:00;5201,00;5202,50;5201,00;5202,00;6970360,00;134
WDOV26;27/08/2026;11:20:00;5200,00;5201,00;5199,00;5201,00;13935300,00;268
WDOV26;27/08/2026;11:15:00;5201,00;5203,00;5199,00;5199,00;14981470,00;288
WDOV26;27/08/2026;11:10:00;5199,50;5202,00;5199,00;5201,50;14093015,00;271
WDOV26;27/08/2026;11:05:00;5196,00;5199,00;5195,50;5199,00;10498995,00;202
WDOV26;27/08/2026;11:00:00;5194,50;5196,50;5194,00;5196,00;9922700,00;191
WDOV26;27/08/2026;10:55:00;5195,00;5195,50;5193,50;5194,50;7427760,00;143
WDOV26;27/08/2026;10:50:00;5194,50;5195,50;5193,00;5195,00;3064950,00;59
WDOV26;27/08/2026;10:45:00;5193,00;5196,50;5192,50;5195,00;24518925,00;472
WDOV26;27/08/2026;10:40:00;5192,50;5193,50;5191,50;5192,50;44658130,00;860
WDOV26;27/08/2026;10:35:00;5191,50;5192,50;5190,50;5192,50;8670020,00;167
WDOV26;27/08/2026;10:30:00;5189,50;5192,50;5189,50;5191,50;9136340,00;176
WDOV26;27/08/2026;10:25:00;5190,50;5191,00;5185,00;5189,00;20805925,00;401
WDOV26;27/08/2026;10:20:00;5191,50;5192,50;5188,00;5190,50;596751280,00;11496
WDOV26;27/08/2026;10:15:00;5193,50;5193,50;5191,00;5192,50;6022960,00;116
WDOV26;27/08/2026;10:10:00;5192,50;5193,50;5189,50;5193,50;33582535,00;647
WDOV26;27/08/2026;10:05:00;5194,50;5194,50;5192,00;5192,50;8360395,00;161
WDOV26;27/08/2026;10:00:00;5194,00;5196,00;5192,50;5193,50;23532585,00;453
WDOV26;27/08/2026;09:55:00;5193,50;5196,00;5193,50;5193,50;12155695,00;234
WDOV26;27/08/2026;09:50:00;5192,50;5193,50;5192,00;5193,50;4309990,00;83
WDOV26;27/08/2026;09:45:00;5189,50;5192,00;5189,50;5192,00;5970045,00;115
WDOV26;27/08/2026;09:40:00;5189,00;5189,50;5187,50;5188,50;6433900,00;124
WDOV26;27/08/2026;09:35:00;5189,00;5190,00;5187,50;5189,00;5811795,00;112
WDOV26;27/08/2026;09:30:00;5187,00;5188,50;5183,50;5188,50;8246080,00;159
WDOV26;27/08/2026;09:25:00;5189,00;5190,50;5186,50;5187,50;13956605,00;269
WDOV26;27/08/2026;09:20:00;5184,50;5188,50;5183,50;5188,50;21468755,00;414
WDOV26;27/08/2026;09:15:00;5183,50;5185,50;5182,50;5184,00;21203305,00;409
WDOV26;27/08/2026;09:10:00;5181,00;5183,50;5181,00;5183,50;7980520,00;154
WDOV26;27/08/2026;09:05:00;5185,50;5186,00;5180,50;5181,00;32193795,00;621
WDOV26;27/08/2026;09:00:00;5188,00;5193,50;5184,50;5186,50;39654940,00;764
WDOV26;26/08/2026;18:25:00;5184,00;5185,00;5183,50;5185,00;570245,00;11
WDOV26;26/08/2026;18:20:00;5183,00;5184,00;5182,50;5182,50;2125000,00;41
WDOV26;26/08/2026;18:15:00;5182,00;5184,00;5180,00;5184,00;6994280,00;135
WDOV26;26/08/2026;18:10:00;5185,50;5186,00;5182,00;5182,50;2695820,00;52
WDOV26;26/08/2026;18:05:00;5186,00;5186,50;5185,50;5185,50;1192795,00;23
WDOV26;26/08/2026;18:00:00;5188,00;5188,50;5186,00;5186,00;2645585,00;51
WDOV26;26/08/2026;17:55:00;5188,50;5189,00;5188,00;5188,00;2490430,00;48
WDOV26;26/08/2026;17:50:00;5190,00;5190,00;5188,50;5188,50;1089650,00;21
WDOV26;26/08/2026;17:45:00;5190,00;5191,00;5190,00;5190,50;986150,00;19
WDOV26;26/08/2026;17:40:00;5190,00;5190,00;5190,00;5190,00;778500,00;15
WDOV26;26/08/2026;17:35:00;5189,50;5189,50;5188,50;5188,50;259435,00;5
WDOV26;26/08/2026;17:30:00;5188,50;5189,50;5188,50;5189,50;934010,00;18
WDOV26;26/08/2026;17:25:00;5189,00;5189,00;5188,00;5188,50;2438455,00;47
WDOV26;26/08/2026;17:20:00;5189,50;5189,50;5189,00;5189,00;1193535,00;23
WDOV26;26/08/2026;17:15:00;5188,50;5189,00;5188,50;5189,00;726410,00;14
WDOV26;26/08/2026;17:10:00;5188,50;5189,50;5188,50;5188,50;207560,00;4
WDOV26;26/08/2026;17:05:00;5191,00;5191,00;5187,50;5187,50;3528775,00;68
WDOV26;26/08/2026;17:00:00;5191,00;5191,50;5191,00;5191,50;1090180,00;21
WDOV26;26/08/2026;16:55:00;5193,00;5193,00;5191,50;5191,50;726870,00;14
WDOV26;26/08/2026;16:50:00;5193,50;5193,50;5193,50;5193,50;259675,00;5
WDOV26;26/08/2026;16:45:00;5191,50;5192,00;5191,50;5192,00;778750,00;15
WDOV26;26/08/2026;16:35:00;5192,00;5192,00;5192,00;5192,00;51920,00;1
WDOV26;26/08/2026;16:30:00;5192,50;5192,50;5192,00;5192,00;155765,00;3
WDOV26;26/08/2026;16:25:00;5193,00;5193,00;5191,50;5191,50;363475,00;7
WDOV26;26/08/2026;16:20:00;5194,50;5194,50;5194,50;5194,50;51945,00;1
WDOV26;26/08/2026;16:15:00;5194,00;5194,50;5194,00;5194,50;259720,00;5
WDOV26;26/08/2026;16:10:00;5193,00;5193,50;5193,00;5193,50;415470,00;8
WDOV26;26/08/2026;16:05:00;5193,50;5193,50;5192,00;5192,00;155785,00;3
WDOV26;26/08/2026;16:00:00;5194,00;5194,00;5194,00;5194,00;415520,00;8
WDOV26;26/08/2026;15:55:00;5192,50;5192,50;5192,50;5192,50;207700,00;4
WDOV26;26/08/2026;15:50:00;5192,00;5192,00;5191,50;5191,50;103835,00;2
WDOV26;26/08/2026;15:45:00;5192,50;5194,00;5192,50;5194,00;363515,00;7
WDOV26;26/08/2026;15:40:00;5192,00;5192,00;5192,00;5192,00;51920,00;1
WDOV26;26/08/2026;15:35:00;5194,00;5194,00;5191,50;5192,50;3219545,00;62
WDOV26;26/08/2026;15:30:00;5192,50;5195,00;5192,50;5194,50;2025820,00;39
WDOV26;26/08/2026;15:25:00;5193,50;5194,50;5192,00;5192,50;3998845,00;77
WDOV26;26/08/2026;15:20:00;5193,50;5194,50;5193,50;5194,00;1454240,00;28
WDOV26;26/08/2026;15:15:00;5192,00;5193,50;5192,00;5193,50;1557870,00;30
WDOV26;26/08/2026;15:05:00;5191,50;5194,00;5191,50;5194,00;155785,00;3
WDOV26;26/08/2026;15:00:00;5192,00;5192,00;5191,50;5191,50;155755,00;3
WDOV26;26/08/2026;14:55:00;5193,50;5193,50;5192,00;5192,00;311545,00;6
WDOV26;26/08/2026;14:50:00;5194,00;5194,00;5194,00;5194,00;51940,00;1
WDOV26;26/08/2026;14:45:00;5194,00;5194,50;5194,00;5194,50;207775,00;4
WDOV26;26/08/2026;14:40:00;5193,50;5194,00;5193,50;5193,50;675160,00;13
WDOV26;26/08/2026;14:35:00;5193,00;5194,00;5193,00;5194,00;103870,00;2
WDOV26;26/08/2026;14:30:00;5192,50;5193,00;5192,50;5192,50;207710,00;4
WDOV26;26/08/2026;14:25:00;5193,50;5193,50;5192,50;5192,50;2129295,00;41
WDOV26;26/08/2026;14:20:00;5193,50;5193,50;5193,00;5193,00;519325,00;10
WDOV26;26/08/2026;14:15:00;5195,00;5196,00;5193,50;5193,50;8104515,00;156
WDOV26;26/08/2026;14:10:00;5195,50;5195,50;5195,50;5195,50;311730,00;6
WDOV26;26/08/2026;14:05:00;5197,00;5197,00;5197,00;5197,00;103940,00;2
WDOV26;26/08/2026;14:00:00;5198,00;5198,00;5196,50;5196,50;1039380,00;20
WDOV26;26/08/2026;13:50:00;5198,50;5200,00;5198,50;5200,00;363940,00;7
WDOV26;26/08/2026;13:45:00;5199,00;5199,50;5198,50;5198,50;467885,00;9
WDOV26;26/08/2026;13:40:00;5199,50;5199,50;5199,00;5199,00;103985,00;2
WDOV26;26/08/2026;13:35:00;5198,00;5199,00;5197,50;5198,50;1611505,00;31
WDOV26;26/08/2026;13:30:00;5197,00;5198,00;5197,00;5198,00;623675,00;12
WDOV26;26/08/2026;13:25:00;5196,00;5197,50;5196,00;5196,50;467700,00;9
WDOV26;26/08/2026;13:20:00;5197,00;5197,00;5195,50;5195,50;207850,00;4
WDOV26;26/08/2026;13:15:00;5198,50;5198,50;5198,00;5198,00;311885,00;6
WDOV26;26/08/2026;13:10:00;5198,50;5198,50;5197,00;5198,00;623715,00;12
WDOV26;26/08/2026;13:05:00;5200,00;5200,50;5199,50;5199,50;727945,00;14
WDOV26;26/08/2026;13:00:00;5200,50;5202,00;5200,50;5201,00;624090,00;12
WDOV26;26/08/2026;12:55:00;5201,50;5201,50;5200,00;5201,50;416080,00;8
WDOV26;26/08/2026;12:50:00;5199,00;5203,50;5199,00;5202,00;832245,00;16
WDOV26;26/08/2026;12:45:00;5197,50;5198,50;5197,50;5198,50;935695,00;18
WDOV26;26/08/2026;12:40:00;5198,00;5198,00;5197,50;5197,50;103955,00;2
WDOV26;26/08/2026;12:35:00;5198,00;5198,50;5198,00;5198,50;363865,00;7
WDOV26;26/08/2026;12:30:00;5199,00;5199,00;5198,00;5198,00;415865,00;8
WDOV26;26/08/2026;12:25:00;5200,00;5200,00;5200,00;5200,00;156000,00;3
WDOV26;26/08/2026;12:20:00;5200,50;5201,00;5200,50;5201,00;1716295,00;33
WDOV26;26/08/2026;12:15:00;5200,00;5200,00;5200,00;5200,00;156000,00;3
WDOV26;26/08/2026;12:10:00;5198,50;5199,00;5198,50;5199,00;1351645,00;26
WDOV26;26/08/2026;12:05:00;5200,00;5200,00;5198,00;5198,00;259935,00;5
WDOV26;26/08/2026;12:00:00;5201,00;5202,00;5199,00;5199,50;1196140,00;23
WDOV26;26/08/2026;11:55:00;5201,00;5201,00;5199,50;5199,50;1924185,00;37
WDOV26;26/08/2026;11:50:00;5201,50;5203,00;5201,50;5203,00;156070,00;3
WDOV26;26/08/2026;11:45:00;5201,50;5203,00;5201,50;5203,00;6295470,00;121
WDOV26;26/08/2026;11:40:00;5199,50;5201,50;5199,00;5201,50;624010,00;12
WDOV26;26/08/2026;11:35:00;5199,00;5199,50;5198,00;5198,50;3015330,00;58
WDOV26;26/08/2026;11:30:00;5198,50;5200,00;5197,50;5198,50;5146355,00;99
WDOV26;26/08/2026;11:25:00;5198,00;5198,00;5196,00;5196,00;571670,00;11
WDOV26;26/08/2026;11:20:00;5195,00;5197,50;5195,00;5195,50;571665,00;11
WDOV26;26/08/2026;11:15:00;5194,50;5194,50;5194,50;5194,50;103890,00;2
WDOV26;26/08/2026;11:10:00;5193,50;5194,50;5191,50;5192,00;1038640,00;20
WDOV26;26/08/2026;11:05:00;5193,50;5198,00;5193,50;5194,00;1922260,00;37
WDOV26;26/08/2026;11:00:00;5194,50;5195,00;5191,00;5193,50;2544485,00;49
WDOV26;26/08/2026;10:55:00;5196,00;5196,00;5195,00;5196,00;1039130,00;20
WDOV26;26/08/2026;10:50:00;5198,50;5199,00;5196,00;5196,50;3637885,00;70
WDOV26;26/08/2026;10:45:00;5200,00;5200,00;5197,50;5199,50;6030375,00;116
WDOV26;26/08/2026;10:40:00;5200,00;5201,00;5197,50;5200,00;25475305,00;490
WDOV26;26/08/2026;10:35:00;5202,00;5202,50;5199,00;5200,00;9517565,00;183
WDOV26;26/08/2026;10:30:00;5196,50;5202,00;5196,00;5201,50;18303710,00;352
WDOV26;26/08/2026;10:25:00;5198,00;5199,00;5198,00;5198,50;935760,00;18
WDOV26;26/08/2026;10:20:00;5196,00;5198,50;5196,00;5197,00;2130690,00;41
WDOV26;26/08/2026;10:15:00;5196,50;5198,50;5196,00;5196,50;9146260,00;176
WDOV26;26/08/2026;10:10:00;5199,50;5200,00;5196,50;5196,50;2859265,00;55
WDOV26;26/08/2026;10:05:00;5202,00;5202,00;5198,00;5200,00;2443920,00;47
WDOV26;26/08/2026;10:00:00;5201,00;5203,50;5200,00;5202,50;8322970,00;160
WDOV26;26/08/2026;09:55:00;5197,50;5201,00;5197,00;5201,00;4003635,00;77
WDOV26;26/08/2026;09:50:00;5192,50;5199,00;5192,50;5198,00;2130310,00;41
WDOV26;26/08/2026;09:45:00;5193,00;5195,00;5192,00;5193,00;7012140,00;135
WDOV26;26/08/2026;09:40:00;5190,50;5195,50;5190,50;5193,00;7737715,00;149
WDOV26;26/08/2026;09:35:00;5186,00;5191,00;5186,00;5190,50;3424385,00;66
WDOV26;26/08/2026;09:30:00;5185,00;5190,00;5184,00;5186,00;5964835,00;115
WDOV26;26/08/2026;09:25:00;5183,50;5184,00;5182,50;5182,50;3109865,00;60
WDOV26;26/08/2026;09:20:00;5183,00;5185,00;5183,00;5185,00;2643720,00;51
WDOV26;26/08/2026;09:15:00;5183,50;5185,00;5182,50;5185,00;1866130,00;36
WDOV26;26/08/2026;09:10:00;5185,50;5186,00;5182,00;5183,00;1607000,00;31
WDOV26;26/08/2026;09:05:00;5183,50;5185,00;5178,50;5184,50;50201570,00;969
WDOV26;26/08/2026;09:00:00;5185,00;5191,00;5183,00;5183,00;17430010,00;336
WDOV26;25/08/2026;18:25:00;5187,50;5188,50;5187,50;5188,50;207510,00;4
WDOV26;25/08/2026;18:20:00;5188,00;5189,00;5187,00;5189,00;259380,00;5
WDOV26;25/08/2026;18:00:00;5188,00;5188,00;5188,00;5188,00;207520,00;4
WDOV26;25/08/2026;17:55:00;5187,50;5188,50;5187,50;5188,50;2697685,00;52
WDOV26;25/08/2026;17:50:00;5187,00;5187,50;5186,50;5187,00;1089280,00;21
WDOV26;25/08/2026;17:45:00;5187,50;5188,00;5187,50;5187,50;726260,00;14
WDOV26;25/08/2026;17:40:00;5187,00;5187,00;5187,00;5187,00;51870,00;1
WDOV26;25/08/2026;17:35:00;5187,00;5187,00;5187,00;5187,00;51870,00;1
WDOV26;25/08/2026;17:30:00;5187,00;5187,50;5187,00;5187,50;881855,00;17
WDOV26;25/08/2026;17:25:00;5184,50;5187,00;5184,50;5187,00;3215575,00;62
WDOV26;25/08/2026;17:20:00;5184,50;5184,50;5184,50;5184,50;2021955,00;39
WDOV26;25/08/2026;17:15:00;5183,00;5185,50;5183,00;5184,50;2281105,00;44
WDOV26;25/08/2026;17:10:00;5181,00;5183,00;5180,00;5183,00;2124340,00;41
WDOV26;25/08/2026;17:05:00;5182,00;5182,50;5181,50;5181,50;1191810,00;23
WDOV26;25/08/2026;17:00:00;5180,00;5182,00;5180,00;5182,00;5232550,00;101
WDOV26;25/08/2026;16:55:00;5182,50;5183,00;5180,00;5180,50;11864140,00;229
WDOV26;25/08/2026;16:50:00;5184,50;5184,50;5182,00;5182,00;5441340,00;105
WDOV26;25/08/2026;16:45:00;5186,00;5186,00;5185,00;5185,00;1555610,00;30
WDOV26;25/08/2026;16:40:00;5186,50;5187,00;5186,50;5187,00;207470,00;4
WDOV26;25/08/2026;16:35:00;5187,00;5187,50;5186,50;5186,50;414945,00;8
WDOV26;25/08/2026;16:30:00;5187,00;5187,50;5186,50;5187,50;674290,00;13
WDOV26;25/08/2026;16:25:00;5186,50;5187,00;5185,50;5187,00;674210,00;13
WDOV26;25/08/2026;16:20:00;5188,00;5188,00;5187,00;5187,00;674370,00;13
WDOV26;25/08/2026;16:15:00;5186,00;5188,00;5186,00;5187,50;1348570,00;26
WDOV26;25/08/2026;16:10:00;5185,50;5186,50;5185,50;5186,00;570440,00;11
WDOV26;25/08/2026;16:05:00;5187,00;5187,00;5185,50;5185,50;4304675,00;83
WDOV26;25/08/2026;16:00:00;5187,50;5188,00;5187,00;5187,50;11100360,00;214
WDOV26;25/08/2026;15:55:00;5187,00;5187,50;5186,50;5187,50;3630950,00;70
WDOV26;25/08/2026;15:50:00;5186,50;5187,00;5186,50;5187,00;1192955,00;23
WDOV26;25/08/2026;15:45:00;5187,00;5187,00;5186,50;5187,00;778025,00;15
WDOV26;25/08/2026;15:40:00;5187,50;5188,00;5186,50;5187,00;3734695,00;72
WDOV26;25/08/2026;15:35:00;5187,00;5188,00;5186,50;5187,00;4201630,00;81
WDOV26;25/08/2026;15:30:00;5188,50;5188,50;5186,50;5186,50;2593585,00;50
WDOV26;25/08/2026;15:25:00;5189,50;5189,50;5189,00;5189,50;259465,00;5
WDOV26;25/08/2026;15:20:00;5189,50;5190,00;5189,50;5189,50;467065,00;9
WDOV26;25/08/2026;15:10:00;5190,00;5190,00;5190,00;5190,00;155700,00;3
WDOV26;25/08/2026;15:05:00;5190,50;5191,50;5190,50;5190,50;1557210,00;30
WDOV26;25/08/2026;15:00:00;5191,50;5192,00;5191,50;5191,50;207665,00;4
WDOV26;25/08/2026;14:55:00;5190,00;5190,50;5190,00;5190,50;207605,00;4
WDOV26;25/08/2026;14:50:00;5191,00;5191,50;5190,50;5191,00;778660,00;15
WDOV26;25/08/2026;14:45:00;5191,00;5191,00;5189,50;5190,50;2024175,00;39
WDOV26;25/08/2026;14:40:00;5192,50;5192,50;5192,50;5192,50;259625,00;5
WDOV26;25/08/2026;14:35:00;5191,50;5192,00;5191,00;5192,00;1142160,00;22
WDOV26;25/08/2026;14:30:00;5193,50;5193,50;5192,00;5192,00;675040,00;13
WDOV26;25/08/2026;14:25:00;5192,50;5193,50;5192,50;5193,50;259635,00;5
WDOV26;25/08/2026;14:20:00;5191,50;5192,50;5191,50;5192,50;363440,00;7
WDOV26;25/08/2026;14:15:00;5192,50;5192,50;5191,50;5191,50;259615,00;5
WDOV26;25/08/2026;14:10:00;5192,00;5193,00;5192,00;5192,50;675030,00;13
WDOV26;25/08/2026;14:05:00;5191,00;5192,50;5190,50;5192,50;986295,00;19
WDOV26;25/08/2026;14:00:00;5191,00;5191,00;5191,00;5191,00;51910,00;1
WDOV26;25/08/2026;13:55:00;5191,00;5191,50;5190,50;5191,50;1297755,00;25
WDOV26;25/08/2026;13:50:00;5191,00;5191,00;5191,00;5191,00;363370,00;7
WDOV26;25/08/2026;13:45:00;5191,00;5192,00;5190,50;5191,00;6437110,00;124
WDOV26;25/08/2026;13:40:00;5189,00;5190,50;5188,50;5190,50;1816365,00;35
WDOV26;25/08/2026;13:35:00;5189,50;5189,50;5188,50;5188,50;363215,00;7
WDOV26;25/08/2026;13:30:00;5188,00;5190,50;5188,00;5190,50;1037985,00;20
WDOV26;25/08/2026;13:25:00;5189,00;5189,50;5188,00;5188,50;1971610,00;38
WDOV26;25/08/2026;13:20:00;5189,50;5190,00;5188,00;5189,00;1556710,00;30
WDOV26;25/08/2026;13:15:00;5188,00;5189,00;5188,00;5189,00;830140,00;16
WDOV26;25/08/2026;13:10:00;5188,00;5188,00;5188,00;5188,00;51880,00;1
WDOV26;25/08/2026;13:05:00;5187,50;5188,00;5187,50;5188,00;830045,00;16
WDOV26;25/08/2026;13:00:00;5185,50;5187,00;5185,00;5187,00;1140985,00;22
WDOV26;25/08/2026;12:55:00;5188,50;5188,50;5185,50;5185,50;622440,00;12
WDOV26;25/08/2026;12:50:00;5187,00;5188,00;5187,00;5188,00;363120,00;7
WDOV26;25/08/2026;12:45:00;5188,50;5188,50;5188,00;5188,00;155650,00;3
WDOV26;25/08/2026;12:40:00;5188,00;5189,00;5188,00;5189,00;518830,00;10
WDOV26;25/08/2026;12:35:00;5187,00;5189,00;5184,50;5189,00;16904420,00;326
WDOV26;25/08/2026;12:30:00;5188,00;5188,50;5186,50;5187,00;1141340,00;22
WDOV26;25/08/2026;12:25:00;5189,50;5190,50;5188,00;5189,00;2127875,00;41
WDOV26;25/08/2026;12:20:00;5188,50;5190,00;5188,50;5190,00;4825530,00;93
WDOV26;25/08/2026;12:15:00;5188,50;5188,50;5188,50;5188,50;1349010,00;26
WDOV26;25/08/2026;12:10:00;5187,00;5187,00;5187,00;5187,00;207480,00;4
WDOV26;25/08/2026;12:05:00;5187,50;5188,50;5187,50;5187,50;1193320,00;23
WDOV26;25/08/2026;12:00:00;5188,50;5188,50;5186,50;5187,50;1711880,00;33
WDOV26;25/08/2026;11:55:00;5189,00;5189,00;5188,00;5188,00;415070,00;8
WDOV26;25/08/2026;11:50:00;5188,00;5190,00;5188,00;5189,00;467015,00;9
WDOV26;25/08/2026;11:45:00;5184,50;5186,50;5184,50;5186,50;777790,00;15
WDOV26;25/08/2026;11:40:00;5187,50;5188,00;5187,50;5187,50;415010,00;8
WDOV26;25/08/2026;11:35:00;5187,50;5191,00;5187,50;5189,00;1608710,00;31
WDOV26;25/08/2026;11:30:00;5186,50;5191,00;5186,50;5188,50;6953980,00;134
WDOV26;25/08/2026;11:25:00;5186,50;5186,50;5185,00;5185,00;414845,00;8
WDOV26;25/08/2026;11:20:00;5186,50;5186,50;5186,00;5186,50;155590,00;3
WDOV26;25/08/2026;11:15:00;5190,50;5190,50;5188,00;5188,00;518875,00;10
WDOV26;25/08/2026;11:10:00;5190,50;5190,50;5190,00;5190,00;622845,00;12
WDOV26;25/08/2026;11:05:00;5189,00;5189,50;5189,00;5189,00;415125,00;8
WDOV26;25/08/2026;11:00:00;5189,00;5191,50;5189,00;5191,50;674730,00;13
WDOV26;25/08/2026;10:45:00;5192,00;5193,50;5192,00;5192,50;519230,00;10
WDOV26;25/08/2026;10:40:00;5189,00;5190,50;5189,00;5190,50;1193640,00;23
WDOV26;25/08/2026;10:35:00;5185,50;5187,00;5185,50;5187,00;881725,00;17
WDOV26;25/08/2026;10:30:00;5184,00;5186,50;5183,50;5185,00;5443940,00;105
WDOV26;25/08/2026;10:25:00;5185,00;5185,50;5183,00;5183,50;3266310,00;63
WDOV26;25/08/2026;10:20:00;5185,00;5185,50;5185,00;5185,50;518520,00;10
WDOV26;25/08/2026;10:15:00;5187,00;5187,50;5185,00;5186,00;985345,00;19
WDOV26;25/08/2026;10:10:00;5190,00;5190,00;5184,00;5187,50;3526410,00;68
WDOV26;25/08/2026;10:05:00;5193,00;5193,00;5189,00;5189,50;2284280,00;44
WDOV26;25/08/2026;10:00:00;5193,00;5196,00;5192,50;5193,00;1194615,00;23
WDOV26;25/08/2026;09:55:00;5195,00;5195,00;5192,50;5192,50;2908725,00;56
WDOV26;25/08/2026;09:50:00;5196,00;5197,00;5194,50;5197,00;4676305,00;90
WDOV26;25/08/2026;09:45:00;5196,00;5196,50;5194,50;5196,00;2234210,00;43
WDOV26;25/08/2026;09:40:00;5203,00;5203,00;5196,00;5196,00;3276005,00;63
WDOV26;25/08/2026;09:35:00;5204,50;5205,50;5203,50;5203,50;2081945,00;40
WDOV26;25/08/2026;09:30:00;5202,00;5204,50;5200,50;5204,00;2028905,00;39
WDOV26;25/08/2026;09:25:00;5204,00;5204,50;5201,00;5202,00;1716880,00;33
WDOV26;25/08/2026;09:20:00;5195,50;5206,00;5195,00;5206,00;5564685,00;107
WDOV26;25/08/2026;09:15:00;5199,00;5200,00;5196,00;5197,00;1351320,00;26
WDOV26;25/08/2026;09:10:00;5200,50;5201,00;5198,50;5198,50;1195935,00;23
WDOV26;25/08/2026;09:05:00;5198,00;5200,00;5197,00;5200,00;467815,00;9
WDOV26;25/08/2026;09:00:00;5192,50;5197,50;5187,00;5196,50;3167925,00;61
WDOV26;24/08/2026;18:25:00;5199,00;5200,00;5199,00;5199,50;831900,00;16
WDOV26;24/08/2026;18:20:00;5198,50;5198,50;5198,50;5198,50;207940,00;4
WDOV26;24/08/2026;18:15:00;5198,50;5200,00;5198,50;5200,00;311925,00;6
WDOV26;24/08/2026;18:10:00;5199,00;5200,00;5199,00;5200,00;2859980,00;55
WDOV26;24/08/2026;18:05:00;5199,50;5199,50;5199,50;5199,50;51995,00;1
WDOV26;24/08/2026;18:00:00;5196,50;5199,00;5196,50;5198,00;1351660,00;26
WDOV26;24/08/2026;17:55:00;5195,00;5195,50;5195,00;5195,00;1039015,00;20
WDOV26;24/08/2026;17:50:00;5194,00;5195,00;5193,50;5195,00;259705,00;5
WDOV26;24/08/2026;17:45:00;5193,00;5193,00;5193,00;5193,00;103860,00;2
WDOV26;24/08/2026;17:40:00;5194,00;5194,00;5193,00;5193,50;467415,00;9
WDOV26;24/08/2026;17:35:00;5194,00;5194,50;5193,50;5193,50;311640,00;6
WDOV26;24/08/2026;17:30:00;5193,50;5193,50;5193,50;5193,50;103870,00;2
WDOV26;24/08/2026;17:25:00;5192,50;5192,50;5192,50;5192,50;51925,00;1
WDOV26;24/08/2026;17:20:00;5192,50;5192,50;5191,50;5191,50;934550,00;18
WDOV26;24/08/2026;17:10:00;5192,50;5192,50;5190,50;5190,50;363400,00;7
WDOV26;24/08/2026;17:05:00;5193,50;5193,50;5193,50;5193,50;51935,00;1
WDOV26;24/08/2026;17:00:00;5194,50;5194,50;5194,00;5194,00;103885,00;2
WDOV26;24/08/2026;16:55:00;5195,00;5195,50;5195,00;5195,50;103905,00;2
WDOV26;24/08/2026;16:50:00;5195,50;5195,50;5194,00;5195,00;415585,00;8
WDOV26;24/08/2026;16:45:00;5196,00;5196,00;5195,50;5195,50;103915,00;2
WDOV26;24/08/2026;16:40:00;5197,00;5197,00;5196,50;5196,50;207875,00;4
WDOV26;24/08/2026;16:35:00;5196,50;5197,00;5196,00;5197,00;415720,00;8
WDOV26;24/08/2026;16:30:00;5196,50;5196,50;5196,50;5196,50;51965,00;1
WDOV26;24/08/2026;16:25:00;5196,00;5196,00;5195,50;5195,50;259795,00;5
WDOV26;24/08/2026;16:20:00;5196,00;5196,00;5195,50;5195,50;207830,00;4
WDOV26;24/08/2026;16:15:00;5197,00;5197,50;5196,50;5196,50;415775,00;8
WDOV26;24/08/2026;16:10:00;5196,50;5196,50;5196,50;5196,50;51965,00;1
WDOV26;24/08/2026;16:05:00;5194,50;5196,50;5194,50;5195,50;467565,00;9
WDOV26;24/08/2026;16:00:00;5195,50;5195,50;5194,00;5194,00;259740,00;5
WDOV26;24/08/2026;15:55:00;5195,50;5196,50;5195,50;5196,50;571595,00;11
WDOV26;24/08/2026;15:50:00;5194,50;5194,50;5194,50;5194,50;103890,00;2
WDOV26;24/08/2026;15:45:00;5193,00;5194,50;5193,00;5194,00;1090715,00;21
WDOV26;24/08/2026;15:40:00;5193,00;5193,50;5192,50;5193,00;467375,00;9
WDOV26;24/08/2026;15:35:00;5192,50;5193,50;5192,50;5193,50;155795,00;3
WDOV26;24/08/2026;15:30:00;5193,00;5193,50;5192,50;5193,50;882810,00;17
WDOV26;24/08/2026;15:25:00;5192,50;5192,50;5192,00;5192,50;155770,00;3
WDOV26;24/08/2026;15:20:00;5192,50;5193,50;5192,50;5193,50;155795,00;3
WDOV26;24/08/2026;15:15:00;5194,00;5194,00;5191,50;5193,00;3063735,00;59
WDOV26;24/08/2026;15:10:00;5194,00;5195,00;5194,00;5195,00;155835,00;3
WDOV26;24/08/2026;15:05:00;5193,00;5195,50;5192,50;5195,50;571305,00;11
WDOV26;24/08/2026;15:00:00;5193,50;5194,00;5192,00;5193,00;986700,00;19
WDOV26;24/08/2026;14:55:00;5194,00;5196,00;5193,50;5194,50;1610335,00;31
WDOV26;24/08/2026;14:50:00;5193,00;5195,00;5192,50;5195,00;259660,00;5
WDOV26;24/08/2026;14:45:00;5192,00;5194,00;5192,00;5193,00;779010,00;15
WDOV26;24/08/2026;14:40:00;5191,00;5192,50;5191,00;5192,00;519180,00;10
WDOV26;24/08/2026;14:35:00;5192,00;5192,50;5191,00;5191,00;415355,00;8
WDOV26;24/08/2026;14:30:00;5189,00;5191,50;5189,00;5191,00;1193720,00;23
WDOV26;24/08/2026;14:25:00;5190,00;5190,00;5188,00;5189,00;311345,00;6
WDOV26;24/08/2026;14:20:00;5185,50;5189,50;5185,50;5189,00;1711910,00;33
WDOV26;24/08/2026;14:15:00;5184,00;5184,00;5183,50;5183,50;103675,00;2
WDOV26;24/08/2026;14:10:00;5184,50;5185,00;5184,50;5184,50;622150,00;12
WDOV26;24/08/2026;14:05:00;5188,00;5188,00;5184,00;5184,50;1037005,00;20
WDOV26;24/08/2026;14:00:00;5187,00;5187,50;5187,00;5187,50;103745,00;2
WDOV26;24/08/2026;13:55:00;5187,00;5187,00;5186,50;5187,00;985515,00;19
WDOV26;24/08/2026;13:50:00;5186,00;5187,00;5186,00;5187,00;311190,00;6
WDOV26;24/08/2026;13:45:00;5186,00;5187,00;5185,50;5186,00;518605,00;10
WDOV26;24/08/2026;13:40:00;5186,00;5186,00;5186,00;5186,00;51860,00;1
WDOV26;24/08/2026;13:35:00;5186,00;5186,00;5185,00;5185,00;103710,00;2
WDOV26;24/08/2026;13:30:00;5184,00;5185,50;5183,50;5185,50;829555,00;16
WDOV26;24/08/2026;13:25:00;5185,00;5186,00;5185,00;5186,00;103710,00;2
WDOV26;24/08/2026;13:20:00;5188,50;5188,50;5184,00;5184,00;518615,00;10
WDOV26;24/08/2026;13:15:00;5189,50;5189,50;5189,50;5189,50;51895,00;1
WDOV26;24/08/2026;13:10:00;5190,50;5191,00;5189,00;5190,50;415235,00;8
WDOV26;24/08/2026;13:05:00;5190,00;5191,50;5190,00;5191,50;207625,00;4
WDOV26;24/08/2026;13:00:00;5190,00;5190,00;5188,00;5189,00;1504940,00;29
WDOV26;24/08/2026;12:55:00;5189,50;5190,00;5189,50;5190,00;778490,00;15
WDOV26;24/08/2026;12:50:00;5188,00;5188,00;5188,00;5188,00;51880,00;1
WDOV26;24/08/2026;12:45:00;5188,50;5189,50;5188,50;5189,50;363235,00;7
WDOV26;24/08/2026;12:40:00;5188,00;5188,00;5188,00;5188,00;466920,00;9
WDOV26;24/08/2026;12:35:00;5187,00;5188,00;5187,00;5188,00;1608260,00;31
WDOV26;24/08/2026;12:30:00;5186,00;5188,50;5186,00;5187,50;466925,00;9
WDOV26;24/08/2026;12:25:00;5185,50;5185,50;5183,50;5185,50;10940165,00;211
WDOV26;24/08/2026;12:20:00;5191,00;5191,00;5186,50;5186,50;415040,00;8
WDOV26;24/08/2026;12:15:00;5190,00;5190,50;5189,00;5190,50;1920075,00;37
WDOV26;24/08/2026;12:00:00;5190,00;5190,00;5188,50;5188,50;103785,00;2
WDOV26;24/08/2026;11:55:00;5191,00;5191,00;5189,50;5189,50;415250,00;8
WDOV26;24/08/2026;11:50:00;5192,00;5193,00;5192,00;5192,50;4569120,00;88
WDOV26;24/08/2026;11:45:00;5190,00;5190,00;5190,00;5190,00;51900,00;1
WDOV26;24/08/2026;11:40:00;5189,00;5189,50;5188,00;5189,50;1193550,00;23
WDOV26;24/08/2026;11:35:00;5187,50;5188,50;5186,50;5188,50;1089385,00;21
WDOV26;24/08/2026;11:30:00;5190,50;5190,50;5185,50;5185,50;10580695,00;204
WDOV26;24/08/2026;11:25:00;5191,50;5192,00;5189,00;5189,00;1038030,00;20
WDOV26;24/08/2026;11:20:00;5192,00;5192,50;5191,50;5191,50;726825,00;14
WDOV26;24/08/2026;11:15:00;5195,00;5195,00;5193,00;5193,00;1454410,00;28
WDOV26;24/08/2026;11:10:00;5193,50;5194,50;5192,50;5193,50;571260,00;11
WDOV26;24/08/2026;11:05:00;5195,00;5195,50;5194,50;5194,50;4207955,00;81
WDOV26;24/08/2026;11:00:00;5194,00;5195,50;5193,50;5195,50;1090995,00;21
WDOV26;24/08/2026;10:55:00;5192,00;5192,00;5190,50;5190,50;2751420,00;53
WDOV26;24/08/2026;10:50:00;5191,00;5193,00;5190,50;5191,00;882665,00;17
WDOV26;24/08/2026;10:45:00;5195,50;5196,00;5191,00;5191,00;4933140,00;95
WDOV26;24/08/2026;10:40:00;5195,50;5196,50;5192,50;5196,00;7428550,00;143
WDOV26;24/08/2026;10:35:00;5199,00;5200,50;5195,50;5195,50;14758865,00;284
WDOV26;24/08/2026;10:30:00;5204,00;5204,00;5199,50;5200,00;1404290,00;27
WDOV26;24/08/2026;10:25:00;5201,00;5205,00;5200,50;5204,00;1873060,00;36
WDOV26;24/08/2026;10:20:00;5198,50;5201,00;5198,50;5200,50;1455850,00;28
WDOV26;24/08/2026;10:15:00;5198,50;5200,00;5198,50;5198,50;1351715,00;26
WDOV26;24/08/2026;10:10:00;5197,00;5200,50;5197,00;5199,50;623895,00;12
WDOV26;24/08/2026;10:05:00;5197,00;5198,00;5196,50;5197,00;623690,00;12
WDOV26;24/08/2026;10:00:00;5194,50;5197,00;5194,00;5197,00;1454750,00;28
WDOV26;24/08/2026;09:55:00;5192,50;5194,50;5192,00;5194,50;882720,00;17
WDOV26;24/08/2026;09:50:00;5189,00;5189,00;5189,00;5189,00;103780,00;2
WDOV26;24/08/2026;09:45:00;5193,00;5193,50;5190,00;5190,00;778900,00;15
WDOV26;24/08/2026;09:40:00;5190,50;5192,50;5184,50;5190,50;17064810,00;329
WDOV26;24/08/2026;09:35:00;5188,00;5188,50;5186,50;5188,50;985675,00;19
WDOV26;24/08/2026;09:30:00;5184,50;5192,00;5184,00;5187,50;5865050,00;113
WDOV26;24/08/2026;09:25:00;5187,00;5187,00;5185,00;5185,00;311180,00;6
WDOV26;24/08/2026;09:20:00;5187,00;5187,50;5186,50;5187,00;363095,00;7
WDOV26;24/08/2026;09:15:00;5192,00;5192,50;5188,00;5188,00;1505000,00;29
WDOV26;24/08/2026;09:10:00;5193,00;5193,50;5191,00;5192,00;1453805,00;28
WDOV26;24/08/2026;09:05:00;5193,50;5194,50;5191,00;5192,50;2908070,00;56
WDOV26;24/08/2026;09:00:00;5188,00;5193,00;5188,00;5192,00;7163620,00;138
WDOV26;21/08/2026;18:25:00;5188,00;5189,50;5187,00;5187,00;2282825,00;44
WDOV26;21/08/2026;18:20:00;5184,50;5189,00;5184,50;5189,00;778105,00;15
WDOV26;21/08/2026;18:15:00;5183,50;5184,50;5182,50;5184,50;362840,00;7
WDOV26;21/08/2026;18:10:00;5183,50;5183,50;5183,00;5183,00;621990,00;12
WDOV26;21/08/2026;18:05:00;5184,00;5184,00;5184,00;5184,00;51840,00;1
WDOV26;21/08/2026;18:00:00;5185,00;5185,00;5185,00;5185,00;51850,00;1
WDOV26;21/08/2026;17:55:00;5184,50;5185,50;5184,50;5185,00;414795,00;8
WDOV26;21/08/2026;17:50:00;5186,00;5186,00;5185,00;5185,00;103710,00;2
WDOV26;21/08/2026;17:45:00;5187,00;5190,00;5187,00;5190,00;467020,00;9
WDOV26;21/08/2026;17:40:00;5187,00;5187,00;5187,00;5187,00;51870,00;1
WDOV26;21/08/2026;17:35:00;5186,50;5186,50;5186,00;5186,50;259315,00;5
WDOV26;21/08/2026;17:30:00;5188,50;5188,50;5187,50;5188,50;155645,00;3
WDOV26;21/08/2026;17:25:00;5187,00;5187,00;5186,50;5186,50;155605,00;3
WDOV26;21/08/2026;17:20:00;5188,00;5188,00;5187,50;5187,50;518755,00;10
WDOV26;21/08/2026;17:15:00;5189,50;5189,50;5189,50;5189,50;51895,00;1
WDOV26;21/08/2026;17:10:00;5189,50;5190,00;5189,50;5190,00;363295,00;7
WDOV26;21/08/2026;17:05:00;5189,50;5189,50;5189,00;5189,00;1401160,00;27
WDOV26;21/08/2026;17:00:00;5189,00;5189,50;5188,50;5188,50;518885,00;10
WDOV26;21/08/2026;16:55:00;5187,50;5188,50;5186,00;5186,00;622520,00;12
WDOV26;21/08/2026;16:50:00;5185,50;5186,50;5185,00;5186,50;518545,00;10
WDOV26;21/08/2026;16:45:00;5187,00;5187,00;5186,50;5186,50;103735,00;2
WDOV26;21/08/2026;16:40:00;5187,00;5187,00;5185,50;5185,50;207450,00;4
WDOV26;21/08/2026;16:35:00;5187,50;5187,50;5187,50;5187,50;103750,00;2
WDOV26;21/08/2026;16:30:00;5186,50;5187,00;5186,50;5187,00;881725,00;17
WDOV26;21/08/2026;16:25:00;5185,00;5186,50;5185,00;5186,50;1348435,00;26
WDOV26;21/08/2026;16:20:00;5185,00;5185,00;5184,50;5184,50;414780,00;8
WDOV26;21/08/2026;16:15:00;5184,50;5186,00;5184,50;5186,00;1607405,00;31
WDOV26;21/08/2026;16:05:00;5182,50;5184,00;5182,50;5184,00;570145,00;11
WDOV26;21/08/2026;16:00:00;5182,00;5182,00;5181,50;5182,00;207275,00;4
WDOV26;21/08/2026;15:55:00;5182,50;5182,50;5180,50;5180,50;466390,00;9
WDOV26;21/08/2026;15:50:00;5182,50;5183,00;5182,50;5182,50;155480,00;3
WDOV26;21/08/2026;15:45:00;5181,00;5183,00;5181,00;5183,00;518210,00;10
WDOV26;21/08/2026;15:40:00;5178,50;5180,50;5178,50;5180,50;466160,00;9
WDOV26;21/08/2026;15:35:00;5181,00;5181,50;5179,00;5181,50;2382855,00;46
WDOV26;21/08/2026;15:30:00;5184,50;5185,00;5181,50;5181,50;9017610,00;174
WDOV26;21/08/2026;15:25:00;5183,50;5184,50;5181,50;5182,50;2643455,00;51
WDOV26;21/08/2026;15:20:00;5187,50;5187,50;5184,50;5185,50;4148730,00;80
WDOV26;21/08/2026;15:15:00;5189,50;5189,50;5187,00;5188,50;3164610,00;61
WDOV26;21/08/2026;15:10:00;5190,00;5190,00;5190,00;5190,00;207600,00;4
WDOV26;21/08/2026;15:05:00;5188,50;5189,00;5188,50;5189,00;207550,00;4
WDOV26;21/08/2026;15:00:00;5189,50;5191,00;5189,00;5189,50;2698735,00;52
WDOV26;21/08/2026;14:55:00;5192,00;5192,50;5191,00;5192,00;623020,00;12
WDOV26;21/08/2026;14:50:00;5192,00;5192,00;5192,00;5192,00;311520,00;6
WDOV26;21/08/2026;14:45:00;5191,50;5192,00;5191,00;5192,00;259575,00;5
WDOV26;21/08/2026;14:40:00;5192,00;5193,00;5192,00;5193,00;259610,00;5
WDOV26;21/08/2026;14:35:00;5190,50;5191,50;5190,00;5191,50;674805,00;13
WDOV26;21/08/2026;14:30:00;5191,00;5191,00;5190,50;5190,50;103815,00;2
WDOV26;21/08/2026;14:25:00;5192,00;5192,00;5191,00;5191,00;622980,00;12
WDOV26;21/08/2026;14:20:00;5192,50;5193,00;5192,50;5192,50;259640,00;5
WDOV26;21/08/2026;14:15:00;5191,50;5193,50;5191,50;5191,50;1298070,00;25
WDOV26;21/08/2026;14:10:00;5191,50;5192,00;5191,50;5192,00;103835,00;2
WDOV26;21/08/2026;14:05:00;5190,00;5191,00;5190,00;5191,00;1972270,00;38
WDOV26;21/08/2026;13:55:00;5193,50;5194,00;5193,50;5194,00;779035,00;15
WDOV26;21/08/2026;13:45:00;5191,00;5191,50;5190,50;5191,00;571010,00;11
WDOV26;21/08/2026;13:40:00;5192,00;5193,00;5192,00;5192,00;726970,00;14
WDOV26;21/08/2026;13:35:00;5196,50;5196,50;5194,00;5194,00;779260,00;15
WDOV26;21/08/2026;13:30:00;5196,50;5197,00;5196,00;5197,00;415720,00;8
WDOV26;21/08/2026;13:25:00;5194,00;5197,50;5194,00;5197,50;2702460,00;52
WDOV26;21/08/2026;13:20:00;5195,00;5195,50;5191,00;5194,00;3323250,00;64
WDOV26;21/08/2026;13:15:00;5194,00;5199,00;5194,00;5195,50;8783545,00;169
WDOV26;21/08/2026;13:10:00;5194,50;5195,00;5193,00;5193,00;1350440,00;26
WDOV26;21/08/2026;13:05:00;5193,50;5194,50;5192,00;5193,50;3167655,00;61
WDOV26;21/08/2026;13:00:00;5193,50;5194,00;5193,50;5194,00;103875,00;2
WDOV26;21/08/2026;12:55:00;5194,50;5195,50;5191,50;5194,00;4102790,00;79
WDOV26;21/08/2026;12:50:00;5197,00;5197,00;5194,50;5195,00;2649830,00;51
WDOV26;21/08/2026;12:45:00;5197,50;5199,00;5196,50;5197,00;1351450,00;26
WDOV26;21/08/2026;12:40:00;5201,50;5202,50;5197,50;5197,50;2964060,00;57
WDOV26;21/08/2026;12:35:00;5203,00;5203,50;5201,00;5202,00;4993985,00;96
WDOV26;21/08/2026;12:30:00;5205,00;5205,50;5202,00;5202,00;1821400,00;35
WDOV26;21/08/2026;12:25:00;5207,50;5207,50;5205,00;5205,50;780945,00;15
WDOV26;21/08/2026;12:20:00;5209,00;5209,00;5205,50;5207,00;1197555,00;23
WDOV26;21/08/2026;12:15:00;5209,00;5211,00;5209,00;5210,50;1458830,00;28
WDOV26;21/08/2026;12:10:00;5207,50;5207,50;5206,50;5206,50;312415,00;6
WDOV26;21/08/2026;12:05:00;5204,50;5207,00;5204,00;5207,00;2082430,00;40
WDOV26;21/08/2026;12:00:00;5207,00;5207,00;5206,00;5206,00;156200,00;3
WDOV26;21/08/2026;11:55:00;5208,00;5208,00;5206,50;5206,50;156210,00;3
WDOV26;21/08/2026;11:50:00;5207,00;5208,00;5206,50;5208,00;729025,00;14
WDOV26;21/08/2026;11:45:00;5210,50;5211,00;5209,00;5209,00;364705,00;7
WDOV26;21/08/2026;11:40:00;5210,00;5210,00;5210,00;5210,00;52100,00;1
WDOV26;21/08/2026;11:35:00;5209,00;5210,00;5209,00;5210,00;208385,00;4
WDOV26;21/08/2026;11:30:00;5207,00;5208,50;5206,00;5208,50;1249685,00;24
WDOV26;21/08/2026;11:25:00;5206,50;5207,00;5205,50;5207,00;780900,00;15
WDOV26;21/08/2026;11:20:00;5207,50;5208,00;5203,50;5206,50;3748185,00;72
WDOV26;21/08/2026;11:15:00;5212,50;5212,50;5207,50;5208,00;8804590,00;169
WDOV26;21/08/2026;11:10:00;5211,00;5214,50;5211,00;5211,50;2710445,00;52
WDOV26;21/08/2026;11:05:00;5215,00;5215,00;5212,00;5212,00;990590,00;19
WDOV26;21/08/2026;11:00:00;5215,50;5217,50;5215,50;5216,50;886835,00;17
WDOV26;21/08/2026;10:55:00;5213,00;5215,00;5212,50;5214,50;834235,00;16
WDOV26;21/08/2026;10:50:00;5217,50;5217,50;5215,00;5215,00;2034445,00;39
WDOV26;21/08/2026;10:45:00;5219,50;5221,00;5219,50;5221,00;313220,00;6
WDOV26;21/08/2026;10:40:00;5218,00;5220,00;5216,50;5218,00;5427365,00;104
WDOV26;21/08/2026;10:35:00;5222,50;5222,50;5219,00;5219,00;2244665,00;43
WDOV26;21/08/2026;10:30:00;5223,00;5223,50;5220,00;5220,00;1096765,00;21
WDOV26;21/08/2026;10:25:00;5227,50;5227,50;5223,50;5223,50;2247210,00;43
WDOV26;21/08/2026;10:20:00;5228,00;5228,00;5227,00;5227,50;1568270,00;30
WDOV26;21/08/2026;10:15:00;5223,00;5228,50;5221,50;5227,50;992990,00;19
WDOV26;21/08/2026;10:10:00;5226,50;5227,50;5224,50;5225,50;1829035,00;35
WDOV26;21/08/2026;10:05:00;5219,00;5227,50;5219,00;5226,00;783735,00;15
WDOV26;21/08/2026;10:00:00;5217,50;5220,50;5216,50;5220,00;574000,00;11
WDOV26;21/08/2026;09:55:00;5224,00;5224,50;5219,00;5219,00;574325,00;11
WDOV26;21/08/2026;09:50:00;5220,00;5220,00;5219,50;5219,50;156595,00;3
WDOV26;21/08/2026;09:45:00;5217,50;5220,50;5217,50;5220,50;1357050,00;26
WDOV26;21/08/2026;09:40:00;5225,50;5225,50;5217,00;5217,00;939555,00;18
WDOV26;21/08/2026;09:35:00;5223,50;5226,00;5223,50;5226,00;1463060,00;28
WDOV26;21/08/2026;09:30:00;5221,50;5225,50;5221,50;5221,50;1984985,00;38
WDOV26;21/08/2026;09:25:00;5221,00;5221,00;5219,00;5219,50;835235,00;16
WDOV26;21/08/2026;09:20:00;5223,00;5223,00;5219,00;5221,00;1461755,00;28
WDOV26;21/08/2026;09:15:00;5222,50;5223,00;5222,50;5223,00;1044590,00;20
WDOV26;21/08/2026;09:10:00;5219,00;5220,00;5217,50;5220,00;469695,00;9
WDOV26;21/08/2026;09:05:00;5217,00;5219,00;5215,00;5219,00;1982510,00;38
WDOV26;21/08/2026;09:00:00;5222,50;5222,50;5211,00;5218,50;5788735,00;111
WDOV26;20/08/2026;18:25:00;5241,50;5244,00;5241,50;5242,50;471800,00;9
WDOV26;20/08/2026;18:15:00;5241,00;5242,00;5241,00;5242,00;419330,00;8
WDOV26;20/08/2026;18:10:00;5241,50;5242,00;5241,50;5242,00;262085,00;5
WDOV26;20/08/2026;18:05:00;5243,50;5243,50;5241,50;5241,50;262150,00;5
WDOV26;20/08/2026;18:00:00;5245,00;5245,00;5244,50;5244,50;472020,00;9
WDOV26;20/08/2026;17:55:00;5247,00;5247,00;5244,50;5244,50;629475,00;12
WDOV26;20/08/2026;17:50:00;5244,00;5247,00;5244,00;5247,00;629450,00;12
WDOV26;20/08/2026;17:45:00;5243,00;5243,00;5243,00;5243,00;104860,00;2
WDOV26;20/08/2026;17:35:00;5243,00;5243,00;5242,50;5242,50;576715,00;11
WDOV26;20/08/2026;17:30:00;5242,50;5242,50;5242,50;5242,50;314550,00;6
WDOV26;20/08/2026;17:25:00;5243,00;5243,00;5242,00;5242,00;471820,00;9
WDOV26;20/08/2026;17:10:00;5241,00;5241,00;5240,00;5240,50;733650,00;14
WDOV26;20/08/2026;17:00:00;5240,50;5241,00;5240,00;5240,00;262020,00;5
WDOV26;20/08/2026;16:55:00;5241,00;5241,00;5241,00;5241,00;52410,00;1
WDOV26;20/08/2026;16:50:00;5241,00;5241,50;5240,50;5241,50;524070,00;10
WDOV26;20/08/2026;16:45:00;5243,00;5243,00;5243,00;5243,00;52430,00;1
WDOV26;20/08/2026;16:25:00;5240,50;5240,50;5240,50;5240,50;104810,00;2
WDOV26;20/08/2026;16:20:00;5240,50;5241,00;5240,50;5240,50;209625,00;4
WDOV26;20/08/2026;16:15:00;5240,50;5240,50;5240,50;5240,50;157215,00;3
WDOV26;20/08/2026;16:10:00;5241,00;5241,00;5240,50;5240,50;157225,00;3
WDOV26;20/08/2026;16:05:00;5241,50;5241,50;5241,00;5241,00;1257950,00;24
WDOV26;20/08/2026;16:00:00;5241,50;5241,50;5241,50;5241,50;52415,00;1
WDOV26;20/08/2026;15:55:00;5239,00;5239,50;5239,00;5239,50;104785,00;2
WDOV26;20/08/2026;15:50:00;5240,00;5240,00;5240,00;5240,00;1048000,00;20
WDOV26;20/08/2026;15:35:00;5240,50;5240,50;5240,50;5240,50;52405,00;1
WDOV26;20/08/2026;15:30:00;5241,50;5242,00;5241,50;5241,50;1310380,00;25
WDOV26;20/08/2026;15:25:00;5240,50;5240,50;5240,50;5240,50;104810,00;2
WDOV26;20/08/2026;15:15:00;5240,50;5240,50;5240,00;5240,00;209610,00;4
WDOV26;20/08/2026;15:10:00;5240,00;5240,50;5240,00;5240,50;157210,00;3
WDOV26;20/08/2026;15:00:00;5239,00;5239,00;5238,50;5238,50;471470,00;9
WDOV26;20/08/2026;14:55:00;5238,50;5239,00;5238,50;5238,50;523870,00;10
WDOV26;20/08/2026;14:35:00;5239,00;5239,00;5239,00;5239,00;157170,00;3
WDOV26;20/08/2026;14:30:00;5237,50;5237,50;5236,00;5236,00;366570,00;7
WDOV26;20/08/2026;14:25:00;5239,00;5239,00;5238,00;5238,00;209530,00;4
WDOV26;20/08/2026;14:20:00;5239,00;5239,50;5238,00;5239,50;366705,00;7
WDOV26;20/08/2026;14:15:00;5239,00;5240,00;5239,00;5240,00;157180,00;3
WDOV26;20/08/2026;14:10:00;5239,00;5239,00;5239,00;5239,00;261950,00;5
WDOV26;20/08/2026;14:00:00;5239,00;5239,00;5239,00;5239,00;157170,00;3
WDOV26;20/08/2026;13:55:00;5237,50;5238,00;5237,00;5238,00;261875,00;5
WDOV26;20/08/2026;13:45:00;5237,00;5237,00;5237,00;5237,00;52370,00;1
WDOV26;20/08/2026;13:35:00;5235,00;5235,50;5235,00;5235,50;104705,00;2
WDOV26;20/08/2026;13:30:00;5236,00;5236,00;5236,00;5236,00;104720,00;2
WDOV26;20/08/2026;13:25:00;5234,00;5236,00;5234,00;5236,00;261750,00;5
WDOV26;20/08/2026;13:10:00;5233,00;5233,00;5233,00;5233,00;209320,00;4
WDOV26;20/08/2026;13:05:00;5233,50;5233,50;5233,00;5233,00;418645,00;8
WDOV26;20/08/2026;13:00:00;5231,50;5233,00;5231,00;5232,00;732515,00;14
WDOV26;20/08/2026;12:55:00;5232,00;5232,00;5231,00;5231,50;470835,00;9
WDOV26;20/08/2026;12:50:00;5233,50;5233,50;5233,00;5233,00;261660,00;5
WDOV26;20/08/2026;12:45:00;5237,50;5237,50;5235,00;5235,00;523600,00;10
WDOV26;20/08/2026;12:40:00;5236,50;5238,00;5236,00;5237,50;628435,00;12
WDOV26;20/08/2026;12:35:00;5236,50;5237,00;5235,00;5237,00;418885,00;8
WDOV26;20/08/2026;12:30:00;5235,00;5236,00;5235,00;5236,00;104710,00;2
WDOV26;20/08/2026;12:25:00;5231,00;5231,00;5231,00;5231,00;52310,00;1
WDOV26;20/08/2026;12:20:00;5233,50;5233,50;5233,50;5233,50;157005,00;3
WDOV26;20/08/2026;12:15:00;5231,00;5231,00;5230,00;5230,50;209225,00;4
WDOV26;20/08/2026;12:10:00;5232,00;5232,00;5232,00;5232,00;104640,00;2
WDOV26;20/08/2026;12:05:00;5230,00;5235,00;5228,50;5235,00;4604025,00;88
WDOV26;20/08/2026;12:00:00;5236,50;5236,50;5226,00;5230,00;3976120,00;76
WDOV26;20/08/2026;11:55:00;5236,50;5236,50;5236,50;5236,50;366555,00;7
WDOV26;20/08/2026;11:50:00;5238,00;5238,00;5236,00;5236,00;418955,00;8
WDOV26;20/08/2026;11:45:00;5237,50;5239,50;5237,50;5239,50;366685,00;7
WDOV26;20/08/2026;11:40:00;5239,00;5239,50;5237,50;5239,50;681055,00;13
WDOV26;20/08/2026;11:35:00;5242,00;5242,00;5239,50;5239,50;681320,00;13
WDOV26;20/08/2026;11:30:00;5244,50;5244,50;5243,00;5243,00;314625,00;6
WDOV26;20/08/2026;11:25:00;5248,50;5249,00;5246,00;5248,50;472345,00;9
WDOV26;20/08/2026;11:20:00;5248,50;5248,50;5244,00;5246,00;734340,00;14
WDOV26;20/08/2026;11:15:00;5244,50;5246,50;5244,50;5246,00;629470,00;12
WDOV26;20/08/2026;11:10:00;5242,50;5242,50;5241,00;5242,00;366925,00;7
WDOV26;20/08/2026;11:05:00;5241,50;5243,50;5241,50;5243,50;262120,00;5
WDOV26;20/08/2026;11:00:00;5240,50;5242,00;5240,50;5241,00;576545,00;11
WDOV26;20/08/2026;10:55:00;5236,00;5238,50;5235,50;5238,50;1256680,00;24
WDOV26;20/08/2026;10:50:00;5235,00;5237,50;5235,00;5236,00;366585,00;7
WDOV26;20/08/2026;10:45:00;5241,00;5241,50;5239,50;5239,50;209630,00;4
WDOV26;20/08/2026;10:40:00;5239,50;5241,00;5239,00;5239,50;523985,00;10
WDOV26;20/08/2026;10:35:00;5238,00;5241,00;5235,00;5238,50;2199455,00;42
WDOV26;20/08/2026;10:30:00;5238,00;5239,00;5237,50;5238,50;838105,00;16
WDOV26;20/08/2026;10:25:00;5242,00;5243,50;5241,50;5242,00;943665,00;18
WDOV26;20/08/2026;10:20:00;5236,50;5244,00;5236,50;5242,50;2777870,00;53
WDOV26;20/08/2026;10:15:00;5235,00;5236,50;5235,00;5236,50;942435,00;18
WDOV26;20/08/2026;10:10:00;5234,50;5234,50;5233,50;5234,50;5653220,00;108
WDOV26;20/08/2026;10:05:00;5230,50;5234,50;5230,50;5234,50;1046415,00;20
WDOV26;20/08/2026;10:00:00;5228,50;5231,00;5226,50;5231,00;1411695,00;27
WDOV26;20/08/2026;09:55:00;5230,50;5231,00;5229,00;5231,00;1359735,00;26
WDOV26;20/08/2026;09:50:00;5231,50;5232,00;5229,50;5230,50;1098425,00;21
WDOV26;20/08/2026;09:45:00;5235,00;5235,00;5232,00;5232,50;1622295,00;31
WDOV26;20/08/2026;09:40:00;5236,00;5237,00;5235,50;5235,50;1466140,00;28
WDOV26;20/08/2026;09:35:00;5240,00;5241,00;5236,00;5236,00;3510180,00;67
WDOV26;20/08/2026;09:30:00;5235,50;5240,00;5235,50;5240,00;1100070,00;21
WDOV26;20/08/2026;09:25:00;5234,00;5235,50;5234,00;5235,50;628150,00;12
WDOV26;20/08/2026;09:20:00;5238,00;5238,00;5233,50;5234,00;3403070,00;65
WDOV26;20/08/2026;09:15:00;5238,50;5240,50;5237,50;5240,00;785885,00;15
WDOV26;20/08/2026;09:10:00;5240,50;5241,00;5238,00;5238,00;1257640,00;24
WDOV26;20/08/2026;09:05:00;5238,50;5242,50;5238,00;5241,50;1677120,00;32
WDOV26;20/08/2026;09:00:00;5227,00;5242,00;5227,00;5238,00;3037730,00;58
WDOV26;19/08/2026;18:25:00;5227,50;5227,50;5224,00;5224,00;365840,00;7
WDOV26;19/08/2026;18:20:00;5225,50;5227,00;5225,50;5227,00;418115,00;8
WDOV26;19/08/2026;18:15:00;5225,50;5226,00;5225,50;5226,00;104515,00;2
WDOV26;19/08/2026;18:10:00;5225,00;5225,00;5224,50;5224,50;574745,00;11
WDOV26;19/08/2026;17:55:00;5225,00;5225,00;5223,00;5223,00;2873415,00;55
WDOV26;19/08/2026;17:50:00;5225,50;5226,00;5225,00;5225,00;992805,00;19
WDOV26;19/08/2026;17:45:00;5227,00;5227,00;5227,00;5227,00;52270,00;1
WDOV26;19/08/2026;17:40:00;5226,00;5227,00;5226,00;5227,00;522610,00;10
WDOV26;19/08/2026;17:35:00;5226,50;5226,50;5226,50;5226,50;52265,00;1
WDOV26;19/08/2026;17:30:00;5226,50;5226,50;5226,00;5226,00;365825,00;7
WDOV26;19/08/2026;17:25:00;5228,00;5228,00;5227,00;5227,00;104550,00;2
WDOV26;19/08/2026;17:20:00;5228,50;5228,50;5228,50;5228,50;261425,00;5
WDOV26;19/08/2026;17:15:00;5228,50;5230,00;5228,00;5228,00;1882575,00;36
WDOV26;19/08/2026;17:10:00;5227,00;5227,00;5227,00;5227,00;52270,00;1
WDOV26;19/08/2026;17:05:00;5227,00;5227,00;5227,00;5227,00;470430,00;9
WDOV26;19/08/2026;17:00:00;5224,50;5228,00;5224,00;5227,00;470365,00;9
WDOV26;19/08/2026;16:55:00;5224,00;5226,00;5224,00;5226,00;1254085,00;24
WDOV26;19/08/2026;16:50:00;5222,50;5224,00;5222,50;5223,50;992460,00;19
WDOV26;19/08/2026;16:45:00;5222,00;5223,00;5222,00;5222,50;261125,00;5
WDOV26;19/08/2026;16:40:00;5219,50;5222,00;5219,50;5222,00;469865,00;9
WDOV26;19/08/2026;16:35:00;5219,00;5219,00;5219,00;5219,00;104380,00;2
WDOV26;19/08/2026;16:15:00;5221,50;5221,50;5221,50;5221,50;104430,00;2
WDOV26;19/08/2026;16:10:00;5220,50;5221,00;5220,50;5221,00;104415,00;2
WDOV26;19/08/2026;16:05:00;5220,00;5220,00;5220,00;5220,00;104400,00;2
WDOV26;19/08/2026;16:00:00;5216,50;5221,00;5216,50;5221,00;1983005,00;38
WDOV26;19/08/2026;15:55:00;5217,00;5217,00;5216,00;5216,00;469500,00;9
WDOV26;19/08/2026;15:50:00;5217,00;5217,00;5216,50;5216,50;104335,00;2
WDOV26;19/08/2026;15:40:00;5219,00;5219,00;5219,00;5219,00;52190,00;1
WDOV26;19/08/2026;15:35:00;5220,50;5220,50;5220,00;5220,00;104405,00;2
WDOV26;19/08/2026;15:30:00;5221,00;5221,00;5221,00;5221,00;52210,00;1
WDOV26;19/08/2026;15:25:00;5222,00;5222,00;5222,00;5222,00;522200,00;10
WDOV26;19/08/2026;15:20:00;5220,50;5220,50;5220,50;5220,50;313230,00;6
WDOV26;19/08/2026;15:15:00;5219,00;5219,00;5219,00;5219,00;52190,00;1
WDOV26;19/08/2026;15:10:00;5217,00;5218,00;5217,00;5218,00;156520,00;3
WDOV26;19/08/2026;15:05:00;5220,50;5220,50;5220,50;5220,50;52205,00;1
WDOV26;19/08/2026;15:00:00;5222,50;5222,50;5218,50;5218,50;261005,00;5
WDOV26;19/08/2026;14:55:00;5221,00;5221,00;5221,00;5221,00;208840,00;4
WDOV26;19/08/2026;14:50:00;5221,50;5222,00;5221,50;5221,50;156650,00;3
WDOV26;19/08/2026;14:45:00;5218,00;5220,50;5218,00;5220,50;260980,00;5
WDOV26;19/08/2026;14:40:00;5219,50;5219,50;5218,50;5218,50;104380,00;2
WDOV26;19/08/2026;14:35:00;5219,00;5219,00;5218,50;5218,50;104375,00;2
WDOV26;19/08/2026;14:25:00;5220,00;5220,00;5220,00;5220,00;52200,00;1
WDOV26;19/08/2026;14:20:00;5221,00;5221,50;5220,00;5220,00;313240,00;6
WDOV26;19/08/2026;14:15:00;5220,00;5221,00;5220,00;5221,00;156620,00;3
WDOV26;19/08/2026;14:10:00;5218,50;5220,50;5218,50;5220,50;260990,00;5
WDOV26;19/08/2026;14:05:00;5218,00;5218,00;5218,00;5218,00;104360,00;2
WDOV26;19/08/2026;14:00:00;5216,00;5216,50;5215,00;5216,50;208625,00;4
WDOV26;19/08/2026;13:50:00;5217,00;5217,50;5216,50;5217,50;208680,00;4
WDOV26;19/08/2026;13:40:00;5217,50;5217,50;5217,50;5217,50;365225,00;7
WDOV26;19/08/2026;13:35:00;5218,00;5218,00;5217,00;5217,00;2243505,00;43
WDOV26;19/08/2026;13:30:00;5218,50;5218,50;5218,50;5218,50;52185,00;1
WDOV26;19/08/2026;13:25:00;5217,50;5220,00;5217,00;5220,00;156545,00;3
WDOV26;19/08/2026;13:20:00;5218,00;5218,50;5218,00;5218,50;260920,00;5
WDOV26;19/08/2026;13:15:00;5215,50;5216,50;5215,50;5216,50;104320,00;2
WDOV26;19/08/2026;13:10:00;5215,50;5215,50;5213,00;5214,50;1355735,00;26
WDOV26;19/08/2026;13:05:00;5216,50;5217,00;5216,00;5217,00;1199755,00;23
WDOV26;19/08/2026;13:00:00;5217,00;5217,00;5217,00;5217,00;52170,00;1
WDOV26;19/08/2026;12:55:00;5218,50;5218,50;5218,50;5218,50;52185,00;1
WDOV26;19/08/2026;12:45:00;5215,00;5215,50;5214,50;5215,50;312890,00;6
WDOV26;19/08/2026;12:40:00;5215,00;5215,00;5214,50;5214,50;417195,00;8
WDOV26;19/08/2026;12:35:00;5220,50;5220,50;5217,00;5217,00;521845,00;10
WDOV26;19/08/2026;12:30:00;5220,00;5220,00;5219,00;5220,00;782945,00;15
WDOV26;19/08/2026;12:25:00;5223,50;5224,50;5221,50;5222,00;2402790,00;46
WDOV26;19/08/2026;12:20:00;5223,00;5223,50;5223,00;5223,50;261155,00;5
WDOV26;19/08/2026;12:15:00;5218,00;5221,00;5218,00;5221,00;574280,00;11
WDOV26;19/08/2026;12:10:00;5218,50;5218,50;5218,50;5218,50;52185,00;1
WDOV26;19/08/2026;12:05:00;5221,00;5221,00;5218,50;5218,50;260980,00;5
WDOV26;19/08/2026;12:00:00;5223,00;5223,00;5220,00;5220,00;104430,00;2
WDOV26;19/08/2026;11:55:00;5222,50;5225,00;5222,50;5225,00;417865,00;8
WDOV26;19/08/2026;11:50:00;5222,50;5223,50;5222,00;5222,50;208905,00;4
WDOV26;19/08/2026;11:45:00;5218,50;5223,00;5218,00;5222,50;626480,00;12
WDOV26;19/08/2026;11:40:00;5216,00;5217,50;5216,00;5217,50;208655,00;4
WDOV26;19/08/2026;11:35:00;5217,50;5217,50;5215,50;5216,00;625990,00;12
WDOV26;19/08/2026;11:30:00;5222,50;5222,50;5220,00;5220,00;365540,00;7
WDOV26;19/08/2026;11:25:00;5219,00;5224,00;5219,00;5224,00;678825,00;13
WDOV26;19/08/2026;11:20:00;5218,00;5221,00;5218,00;5220,50;261005,00;5
WDOV26;19/08/2026;11:15:00;5219,50;5220,00;5217,50;5218,00;887220,00;17
WDOV26;19/08/2026;11:10:00;5220,50;5220,50;5218,50;5218,50;417555,00;8
WDOV26;19/08/2026;11:05:00;5218,50;5222,00;5217,00;5222,00;260985,00;5
WDOV26;19/08/2026;11:00:00;5217,00;5221,50;5217,00;5220,00;626375,00;12
WDOV26;19/08/2026;10:55:00;5216,00;5218,00;5216,00;5218,00;469495,00;9
WDOV26;19/08/2026;10:50:00;5214,50;5218,00;5212,50;5216,00;1460310,00;28
WDOV26;19/08/2026;10:45:00;5208,50;5211,50;5208,00;5211,50;156280,00;3
WDOV26;19/08/2026;10:40:00;5212,00;5212,00;5207,50;5208,50;989905,00;19
WDOV26;19/08/2026;10:35:00;5211,00;5213,00;5209,00;5209,00;416875,00;8
WDOV26;19/08/2026;10:30:00;5207,00;5209,50;5206,50;5209,50;676980,00;13
WDOV26;19/08/2026;10:25:00;5213,00;5214,00;5207,00;5207,00;990215,00;19
WDOV26;19/08/2026;10:20:00;5211,00;5211,00;5208,50;5209,00;1458720,00;28
WDOV26;19/08/2026;10:15:00;5212,00;5213,50;5210,50;5213,00;781905,00;15
WDOV26;19/08/2026;10:10:00;5210,00;5214,00;5209,50;5211,50;10216050,00;196
WDOV26;19/08/2026;10:05:00;5218,00;5218,00;5210,50;5210,50;2034030,00;39
WDOV26;19/08/2026;10:00:00;5225,00;5225,00;5218,00;5218,00;3289190,00;63
WDOV26;19/08/2026;09:55:00;5223,00;5225,00;5222,00;5224,00;1984950,00;38
WDOV26;19/08/2026;09:50:00;5229,00;5229,00;5223,00;5224,00;8725350,00;167
WDOV26;19/08/2026;09:45:00;5231,50;5233,00;5225,50;5228,00;1463935,00;28
WDOV26;19/08/2026;09:40:00;5227,50;5236,50;5227,50;5233,50;2616685,00;50
WDOV26;19/08/2026;09:35:00;5235,50;5235,50;5224,50;5227,00;3398345,00;65
WDOV26;19/08/2026;09:30:00;5246,50;5246,50;5236,50;5236,50;2778030,00;53
WDOV26;19/08/2026;09:25:00;5244,50;5246,00;5244,50;5246,00;314740,00;6
WDOV26;19/08/2026;09:20:00;5251,00;5251,00;5245,00;5245,00;1941405,00;37
WDOV26;19/08/2026;09:15:00;5252,50;5252,50;5248,50;5251,00;367515,00;7
WDOV26;19/08/2026;09:10:00;5252,50;5252,50;5249,50;5251,00;1260195,00;24
WDOV26;19/08/2026;09:05:00;5252,50;5253,50;5251,50;5253,50;1418205,00;27
WDOV26;19/08/2026;09:00:00;5260,00;5260,00;5252,00;5252,00;3205260,00;61
WDOV26;18/08/2026;18:25:00;5263,00;5264,50;5263,00;5263,50;421105,00;8
WDOV26;18/08/2026;18:20:00;5264,50;5264,50;5263,00;5263,00;263165,00;5
WDOV26;18/08/2026;18:15:00;5265,50;5265,50;5264,50;5264,50;157945,00;3
WDOV26;18/08/2026;18:10:00;5267,50;5267,50;5265,50;5266,00;1211310,00;23
WDOV26;18/08/2026;18:05:00;5266,00;5266,00;5266,00;5266,00;105320,00;2
WDOV26;18/08/2026;18:00:00;5268,50;5269,50;5268,50;5269,50;158075,00;3
WDOV26;18/08/2026;17:55:00;5270,50;5270,50;5267,50;5267,50;368815,00;7
WDOV26;18/08/2026;17:45:00;5272,00;5273,00;5272,00;5272,50;158175,00;3
WDOV26;18/08/2026;17:40:00;5270,50;5272,00;5270,50;5272,00;210845,00;4
WDOV26;18/08/2026;17:35:00;5271,50;5271,50;5271,50;5271,50;52715,00;1
WDOV26;18/08/2026;17:30:00;5270,50;5270,50;5270,50;5270,50;105410,00;2
WDOV26;18/08/2026;17:20:00;5269,00;5270,00;5269,00;5270,00;158080,00;3
WDOV26;18/08/2026;17:15:00;5269,50;5269,50;5268,50;5268,50;421545,00;8
WDOV26;18/08/2026;17:10:00;5272,00;5272,00;5272,00;5272,00;158160,00;3
WDOV26;18/08/2026;17:05:00;5272,50;5272,50;5271,00;5271,00;105435,00;2
WDOV26;18/08/2026;17:00:00;5272,00;5272,50;5271,50;5271,50;263595,00;5
WDOV26;18/08/2026;16:55:00;5271,00;5272,00;5271,00;5272,00;527140,00;10
WDOV26;18/08/2026;16:50:00;5270,50;5270,50;5270,50;5270,50;368935,00;7
WDOV26;18/08/2026;16:45:00;5268,50;5268,50;5268,50;5268,50;52685,00;1
WDOV26;18/08/2026;16:40:00;5268,50;5268,50;5268,00;5268,50;158050,00;3
WDOV26;18/08/2026;16:30:00;5268,00;5270,00;5268,00;5270,00;210755,00;4
WDOV26;18/08/2026;16:20:00;5270,00;5270,00;5267,50;5267,50;474225,00;9
WDOV26;18/08/2026;16:15:00;5270,00;5270,00;5270,00;5270,00;105400,00;2
WDOV26;18/08/2026;16:10:00;5270,00;5270,50;5270,00;5270,00;421610,00;8
WDOV26;18/08/2026;16:05:00;5271,50;5272,00;5271,50;5272,00;369010,00;7
WDOV26;18/08/2026;16:00:00;5270,00;5271,50;5270,00;5271,50;316260,00;6
WDOV26;18/08/2026;15:55:00;5270,00;5271,00;5269,50;5269,50;1212075,00;23
WDOV26;18/08/2026;15:50:00;5266,50;5270,50;5266,50;5268,50;1106370,00;21
WDOV26;18/08/2026;15:45:00;5265,00;5266,00;5264,50;5265,50;631805,00;12
WDOV26;18/08/2026;15:40:00;5264,00;5266,50;5264,00;5266,50;368555,00;7
WDOV26;18/08/2026;15:35:00;5261,50;5263,50;5261,50;5263,50;263110,00;5
WDOV26;18/08/2026;15:30:00;5260,00;5260,00;5259,50;5260,00;420785,00;8
WDOV26;18/08/2026;15:25:00;5259,50;5259,50;5259,50;5259,50;52595,00;1
WDOV26;18/08/2026;15:20:00;5262,00;5262,00;5261,50;5261,50;473575,00;9
WDOV26;18/08/2026;15:15:00;5263,00;5264,00;5263,00;5264,00;105270,00;2
WDOV26;18/08/2026;15:10:00;5266,00;5266,00;5263,00;5263,00;368530,00;7
WDOV26;18/08/2026;15:05:00;5266,00;5266,00;5266,00;5266,00;105320,00;2
WDOV26;18/08/2026;14:50:00;5263,50;5263,50;5262,00;5262,00;315750,00;6
WDOV26;18/08/2026;14:45:00;5264,50;5264,50;5264,50;5264,50;157935,00;3
WDOV26;18/08/2026;14:40:00;5264,50;5265,00;5264,50;5264,50;368520,00;7
WDOV26;18/08/2026;14:35:00;5262,50;5266,00;5262,00;5264,50;895010,00;17
WDOV26;18/08/2026;14:30:00;5261,50;5262,50;5261,50;5262,50;420960,00;8
WDOV26;18/08/2026;14:25:00;5261,50;5262,00;5261,50;5262,00;210475,00;4
WDOV26;18/08/2026;14:20:00;5262,00;5262,00;5262,00;5262,00;157860,00;3
WDOV26;18/08/2026;14:10:00;5260,00;5260,00;5260,00;5260,00;263000,00;5
WDOV26;18/08/2026;14:05:00;5261,00;5261,50;5261,00;5261,50;157840,00;3
WDOV26;18/08/2026;14:00:00;5260,00;5261,50;5260,00;5261,00;578690,00;11
WDOV26;18/08/2026;13:55:00;5259,00;5259,00;5259,00;5259,00;52590,00;1
WDOV26;18/08/2026;13:50:00;5258,50;5258,50;5258,50;5258,50;52585,00;1
WDOV26;18/08/2026;13:45:00;5259,50;5261,00;5259,50;5260,00;1209845,00;23
WDOV26;18/08/2026;13:40:00;5258,00;5260,00;5258,00;5260,00;420695,00;8
WDOV26;18/08/2026;13:30:00;5259,50;5259,50;5259,50;5259,50;52595,00;1
WDOV26;18/08/2026;13:25:00;5257,00;5257,00;5257,00;5257,00;367990,00;7
WDOV26;18/08/2026;13:20:00;5256,50;5256,50;5256,50;5256,50;262825,00;5
WDOV26;18/08/2026;13:15:00;5258,50;5258,50;5257,50;5257,50;262890,00;5
WDOV26;18/08/2026;13:10:00;5259,00;5259,00;5259,00;5259,00;52590,00;1
WDOV26;18/08/2026;13:00:00;5257,50;5260,00;5257,50;5260,00;420745,00;8
WDOV26;18/08/2026;12:55:00;5255,50;5256,50;5255,50;5256,50;262800,00;5
WDOV26;18/08/2026;12:50:00;5258,00;5258,00;5258,00;5258,00;525800,00;10
WDOV26;18/08/2026;12:45:00;5259,50;5260,00;5256,50;5257,00;736100,00;14
WDOV26;18/08/2026;12:40:00;5261,50;5261,50;5260,00;5260,00;1052225,00;20
WDOV26;18/08/2026;12:35:00;5263,00;5263,00;5261,50;5261,50;736690,00;14
WDOV26;18/08/2026;12:30:00;5265,50;5265,50;5263,50;5263,50;315880,00;6
WDOV26;18/08/2026;12:25:00;5268,50;5269,00;5264,50;5265,50;474000,00;9
WDOV26;18/08/2026;12:20:00;5268,00;5268,00;5267,50;5267,50;263395,00;5
WDOV26;18/08/2026;12:15:00;5266,00;5266,00;5265,50;5266,00;631870,00;12
WDOV26;18/08/2026;12:10:00;5260,50;5271,00;5260,50;5271,00;2475505,00;47
WDOV26;18/08/2026;12:05:00;5254,00;5260,50;5253,50;5260,50;4625775,00;88
WDOV26;18/08/2026;12:00:00;5251,50;5255,00;5251,50;5253,50;840490,00;16
WDOV26;18/08/2026;11:55:00;5252,50;5253,00;5251,50;5251,50;262615,00;5
WDOV26;18/08/2026;11:50:00;5245,00;5251,50;5245,00;5251,50;1416675,00;27
WDOV26;18/08/2026;11:45:00;5247,50;5247,50;5247,50;5247,50;52475,00;1
WDOV26;18/08/2026;11:40:00;5246,50;5246,50;5246,50;5246,50;52465,00;1
WDOV26;18/08/2026;11:35:00;5247,50;5249,50;5247,50;5249,50;314905,00;6
WDOV26;18/08/2026;11:30:00;5246,00;5246,00;5246,00;5246,00;629520,00;12
WDOV26;18/08/2026;11:25:00;5245,50;5246,00;5245,50;5246,00;104915,00;2
WDOV26;18/08/2026;11:20:00;5246,00;5246,50;5245,00;5245,00;419675,00;8
WDOV26;18/08/2026;11:15:00;5247,00;5247,00;5242,00;5244,00;786545,00;15
WDOV26;18/08/2026;11:10:00;5245,00;5247,00;5244,50;5246,00;681980,00;13
WDOV26;18/08/2026;11:05:00;5247,50;5247,50;5244,50;5246,00;734375,00;14
WDOV26;18/08/2026;11:00:00;5247,50;5250,00;5245,00;5245,00;1626700,00;31
WDOV26;18/08/2026;10:55:00;5253,50;5253,50;5249,00;5249,00;1995530,00;38
WDOV26;18/08/2026;10:50:00;5255,00;5255,00;5255,00;5255,00;105100,00;2
WDOV26;18/08/2026;10:45:00;5253,50;5253,50;5252,00;5252,00;577810,00;11
WDOV26;18/08/2026;10:40:00;5253,50;5254,00;5251,50;5252,00;630340,00;12
WDOV26;18/08/2026;10:35:00;5260,00;5260,00;5254,00;5254,00;630640,00;12
WDOV26;18/08/2026;10:30:00;5266,00;5269,00;5257,50;5260,00;2683765,00;51
WDOV26;18/08/2026;10:25:00;5264,00;5265,00;5263,00;5264,50;315865,00;6
WDOV26;18/08/2026;10:20:00;5262,50;5264,50;5262,50;5263,00;1105270,00;21
WDOV26;18/08/2026;10:15:00;5262,50;5262,50;5261,00;5262,00;420950,00;8
WDOV26;18/08/2026;10:10:00;5259,00;5259,00;5259,00;5259,00;52590,00;1
WDOV26;18/08/2026;10:05:00;5262,50;5262,50;5258,50;5258,50;420855,00;8
WDOV26;18/08/2026;10:00:00;5257,50;5260,50;5256,50;5256,50;368095,00;7
WDOV26;18/08/2026;09:55:00;5258,00;5258,00;5257,00;5257,00;525720,00;10
WDOV26;18/08/2026;09:50:00;5257,50;5258,00;5256,00;5257,50;683445,00;13
WDOV26;18/08/2026;09:45:00;5258,50;5258,50;5258,50;5258,50;52585,00;1
WDOV26;18/08/2026;09:40:00;5261,50;5261,50;5261,50;5261,50;52615,00;1
WDOV26;18/08/2026;09:35:00;5258,50;5260,00;5258,50;5260,00;473290,00;9
WDOV26;18/08/2026;09:30:00;5259,00;5260,50;5259,00;5260,50;105195,00;2
WDOV26;18/08/2026;09:25:00;5258,50;5261,00;5258,00;5260,50;841455,00;16
WDOV26;18/08/2026;09:20:00;5254,00;5258,00;5254,00;5258,00;2942880,00;56
WDOV26;18/08/2026;09:15:00;5255,00;5255,50;5251,50;5255,00;1575805,00;30
WDOV26;18/08/2026;09:10:00;5258,50;5259,00;5256,00;5256,00;683425,00;13
WDOV26;18/08/2026;09:05:00;5258,00;5258,50;5257,50;5258,50;1524875,00;29
WDOV26;18/08/2026;09:00:00;5252,50;5267,00;5252,50;5260,00;1526250,00;29
WDOV26;17/08/2026;18:25:00;5256,00;5258,00;5256,00;5257,50;2470985,00;47
WDOV26;17/08/2026;18:20:00;5256,50;5256,50;5255,50;5256,50;946150,00;18
WDOV26;17/08/2026;18:15:00;5254,00;5256,00;5254,00;5256,00;525475,00;10
WDOV26;17/08/2026;18:10:00;5255,00;5255,00;5255,00;5255,00;105100,00;2
WDOV26;17/08/2026;18:05:00;5255,50;5256,00;5255,50;5256,00;157670,00;3
WDOV26;17/08/2026;18:00:00;5255,50;5256,00;5255,50;5256,00;683270,00;13
WDOV26;17/08/2026;17:55:00;5254,50;5255,00;5254,50;5254,50;472940,00;9
WDOV26;17/08/2026;17:45:00;5253,00;5253,50;5253,00;5253,50;315195,00;6
WDOV26;17/08/2026;17:40:00;5254,00;5254,00;5254,00;5254,00;52540,00;1
WDOV26;17/08/2026;17:30:00;5255,00;5255,50;5255,00;5255,50;683200,00;13
WDOV26;17/08/2026;17:20:00;5254,00;5255,00;5254,00;5255,00;262710,00;5
WDOV26;17/08/2026;17:15:00;5254,00;5255,00;5254,00;5255,00;577980,00;11
WDOV26;17/08/2026;17:10:00;5253,50;5254,50;5253,50;5254,00;788100,00;15
WDOV26;17/08/2026;17:05:00;5254,00;5254,00;5254,00;5254,00;105080,00;2
WDOV26;17/08/2026;17:00:00;5252,50;5256,00;5252,50;5255,50;1366380,00;26
WDOV26;17/08/2026;16:55:00;5253,00;5253,00;5252,00;5253,00;420210,00;8
WDOV26;17/08/2026;16:50:00;5251,50;5253,00;5251,50;5252,00;630250,00;12
WDOV26;17/08/2026;16:45:00;5250,00;5250,50;5250,00;5250,50;315020,00;6
WDOV26;17/08/2026;16:40:00;5250,50;5251,50;5250,50;5251,50;735120,00;14
WDOV26;17/08/2026;16:35:00;5252,00;5252,50;5251,00;5251,00;525180,00;10
WDOV26;17/08/2026;16:30:00;5251,00;5251,00;5250,50;5251,00;420060,00;8
WDOV26;17/08/2026;16:25:00;5252,00;5252,00;5249,50;5251,00;630105,00;12
WDOV26;17/08/2026;16:20:00;5252,50;5253,00;5251,00;5251,00;892785,00;17
WDOV26;17/08/2026;16:15:00;5252,00;5253,00;5252,00;5253,00;157575,00;3
WDOV26;17/08/2026;16:10:00;5254,00;5254,00;5253,00;5253,00;262675,00;5
WDOV26;17/08/2026;16:05:00;5253,50;5253,50;5253,00;5253,00;630380,00;12
WDOV26;17/08/2026;16:00:00;5252,50;5253,50;5251,50;5253,50;315140,00;6
WDOV26;17/08/2026;15:55:00;5251,50;5253,50;5251,50;5252,50;525220,00;10
WDOV26;17/08/2026;15:50:00;5252,00;5252,00;5251,00;5251,00;525165,00;10
WDOV26;17/08/2026;15:45:00;5254,00;5254,50;5253,50;5253,50;210160,00;4
WDOV26;17/08/2026;15:40:00;5252,50;5254,50;5252,50;5254,50;262670,00;5
WDOV26;17/08/2026;15:35:00;5254,00;5254,00;5253,00;5253,00;788085,00;15
WDOV26;17/08/2026;15:30:00;5252,00;5254,50;5252,00;5254,50;3046290,00;58
WDOV26;17/08/2026;15:20:00;5252,00;5252,00;5251,00;5251,00;157550,00;3
WDOV26;17/08/2026;15:05:00;5254,50;5254,50;5254,50;5254,50;52545,00;1
WDOV26;17/08/2026;14:55:00;5256,00;5256,00;5256,00;5256,00;52560,00;1
WDOV26;17/08/2026;14:50:00;5252,00;5252,00;5252,00;5252,00;105040,00;2
WDOV26;17/08/2026;14:45:00;5252,50;5252,50;5251,50;5252,50;682815,00;13
WDOV26;17/08/2026;14:35:00;5254,50;5256,50;5254,00;5256,00;1103685,00;21
WDOV26;17/08/2026;14:30:00;5251,00;5251,00;5251,00;5251,00;105020,00;2
WDOV26;17/08/2026;14:25:00;5253,50;5253,50;5253,50;5253,50;52535,00;1
WDOV26;17/08/2026;14:20:00;5251,00;5253,00;5251,00;5253,00;315125,00;6
WDOV26;17/08/2026;14:15:00;5248,50;5250,50;5248,50;5250,50;262505,00;5
WDOV26;17/08/2026;14:10:00;5246,00;5248,00;5246,00;5246,00;2361210,00;45
WDOV26;17/08/2026;14:05:00;5244,00;5247,00;5243,50;5247,00;734350,00;14
WDOV26;17/08/2026;14:00:00;5240,50;5242,00;5240,00;5242,00;681315,00;13
WDOV26;17/08/2026;13:55:00;5242,50;5242,50;5242,50;5242,50;104850,00;2
WDOV26;17/08/2026;13:50:00;5242,00;5242,50;5242,00;5242,50;419370,00;8
WDOV26;17/08/2026;13:45:00;5240,50;5240,50;5240,00;5240,00;104805,00;2
WDOV26;17/08/2026;13:35:00;5238,50;5238,50;5238,00;5238,00;157145,00;3
WDOV26;17/08/2026;13:30:00;5241,00;5242,00;5240,50;5240,50;576560,00;11
WDOV26;17/08/2026;13:25:00;5239,00;5240,50;5238,50;5240,50;261960,00;5
WDOV26;17/08/2026;13:05:00;5240,00;5240,00;5240,00;5240,00;52400,00;1
WDOV26;17/08/2026;13:00:00;5238,00;5240,50;5238,00;5240,50;890770,00;17
WDOV26;17/08/2026;12:55:00;5239,50;5239,50;5238,00;5238,00;157170,00;3
WDOV26;17/08/2026;12:50:00;5238,50;5240,50;5238,00;5239,00;523905,00;10
WDOV26;17/08/2026;12:45:00;5241,50;5241,50;5239,50;5239,50;157225,00;3
WDOV26;17/08/2026;12:40:00;5240,00;5243,00;5240,00;5242,50;419310,00;8
WDOV26;17/08/2026;12:35:00;5237,00;5238,00;5237,00;5238,00;471340,00;9
WDOV26;17/08/2026;12:30:00;5234,00;5237,00;5234,00;5237,00;2879875,00;55
WDOV26;17/08/2026;12:25:00;5235,50;5235,50;5235,00;5235,50;418830,00;8
WDOV26;17/08/2026;12:20:00;5240,50;5240,50;5239,00;5239,00;523955,00;10
WDOV26;17/08/2026;12:15:00;5241,50;5241,50;5240,00;5241,00;419300,00;8
WDOV26;17/08/2026;12:10:00;5240,50;5241,00;5238,00;5239,50;785900,00;15
WDOV26;17/08/2026;12:05:00;5242,50;5242,50;5242,50;5242,50;157275,00;3
WDOV26;17/08/2026;12:00:00;5241,50;5244,00;5241,50;5243,50;3669820,00;70
WDOV26;17/08/2026;11:55:00;5241,50;5241,50;5240,00;5240,00;104815,00;2
WDOV26;17/08/2026;11:50:00;5238,00;5240,00;5238,00;5240,00;419070,00;8
WDOV26;17/08/2026;11:45:00;5239,50;5239,50;5239,50;5239,50;157185,00;3
WDOV26;17/08/2026;11:40:00;5240,00;5240,00;5239,00;5239,00;157190,00;3
WDOV26;17/08/2026;11:35:00;5235,50;5241,00;5235,50;5241,00;1414275,00;27
WDOV26;17/08/2026;11:30:00;5240,00;5240,00;5234,00;5235,50;7329240,00;140
WDOV26;17/08/2026;11:25:00;5243,00;5244,00;5240,50;5240,50;891090,00;17
WDOV26;17/08/2026;11:20:00;5241,50;5245,00;5241,50;5245,00;419475,00;8
WDOV26;17/08/2026;11:15:00;5249,50;5250,00;5242,50;5242,50;1574135,00;30
WDOV26;17/08/2026;11:10:00;5253,00;5254,00;5250,00;5250,00;735305,00;14
WDOV26;17/08/2026;11:05:00;5259,50;5259,50;5255,00;5255,00;630985,00;12
WDOV26;17/08/2026;11:00:00;5261,00;5261,50;5260,00;5260,00;1315235,00;25
WDOV26;17/08/2026;10:55:00;5261,00;5261,00;5259,50;5261,00;263010,00;5
WDOV26;17/08/2026;10:50:00;5260,50;5261,50;5260,50;5261,50;105220,00;2
WDOV26;17/08/2026;10:45:00;5268,00;5269,50;5263,00;5263,00;421350,00;8
WDOV26;17/08/2026;10:40:00;5264,50;5268,00;5264,50;5268,00;158005,00;3
WDOV26;17/08/2026;10:35:00;5258,50;5262,50;5258,50;5262,50;105210,00;2
WDOV26;17/08/2026;10:30:00;5259,50;5260,00;5259,50;5260,00;105195,00;2
WDOV26;17/08/2026;10:25:00;5260,50;5261,50;5260,50;5261,50;368295,00;7
WDOV26;17/08/2026;10:20:00;5257,00;5260,50;5256,50;5260,00;2944070,00;56
WDOV26;17/08/2026;10:15:00;5264,00;5264,50;5255,00;5257,00;5521035,00;105
WDOV26;17/08/2026;10:10:00;5266,50;5268,00;5265,00;5268,00;737235,00;14
WDOV26;17/08/2026;10:05:00;5269,00;5270,00;5268,00;5268,00;579645,00;11
WDOV26;17/08/2026;10:00:00;5265,50;5272,00;5265,50;5271,00;474305,00;9
WDOV26;17/08/2026;09:55:00;5269,50;5269,50;5264,00;5264,00;1106165,00;21
WDOV26;17/08/2026;09:50:00;5272,50;5275,00;5272,50;5272,50;3111615,00;59
WDOV26;17/08/2026;09:45:00;5269,50;5269,50;5267,50;5268,50;210730,00;4
WDOV26;17/08/2026;09:40:00;5270,50;5272,00;5268,50;5270,50;1001460,00;19
WDOV26;17/08/2026;09:35:00;5267,00;5271,50;5267,00;5271,00;1317435,00;25
WDOV26;17/08/2026;09:30:00;5267,50;5269,00;5267,00;5267,00;421450,00;8
WDOV26;17/08/2026;09:25:00;5264,00;5267,50;5264,00;5267,00;2106215,00;40
WDOV26;17/08/2026;09:20:00;5262,00;5262,50;5260,50;5262,00;789300,00;15
WDOV26;17/08/2026;09:15:00;5263,00;5264,50;5263,00;5264,00;579025,00;11
WDOV26;17/08/2026;09:10:00;5261,50;5265,00;5261,00;5264,00;947235,00;18
WDOV26;17/08/2026;09:05:00;5258,00;5263,50;5257,50;5261,50;3050920,00;58
WDOV26;17/08/2026;09:00:00;5269,00;5269,00;5257,00;5259,00;8206045,00;156
WDOV26;14/08/2026;18:25:00;5272,50;5272,50;5269,00;5269,00;6113350,00;116
WDOV26;14/08/2026;18:20:00;5270,00;5272,00;5270,00;5272,00;1159780,00;22
WDOV26;14/08/2026;18:15:00;5271,00;5271,00;5270,00;5270,00;263530,00;5
WDOV26;14/08/2026;18:10:00;5272,50;5273,00;5271,50;5271,50;1528875,00;29
WDOV26;14/08/2026;17:55:00;5276,00;5277,50;5275,50;5277,50;896970,00;17
WDOV26;14/08/2026;17:50:00;5275,00;5277,00;5274,50;5275,50;1002295,00;19
WDOV26;14/08/2026;17:45:00;5272,00;5272,00;5272,00;5272,00;527200,00;10
WDOV26;14/08/2026;17:40:00;5272,00;5273,00;5272,00;5273,00;1107260,00;21
WDOV26;14/08/2026;17:35:00;5272,00;5272,00;5272,00;5272,00;52720,00;1
WDOV26;14/08/2026;17:30:00;5273,00;5274,00;5273,00;5274,00;158210,00;3
WDOV26;14/08/2026;17:25:00;5274,50;5274,50;5274,50;5274,50;52745,00;1
WDOV26;14/08/2026;17:20:00;5274,50;5275,50;5272,50;5272,50;738255,00;14
WDOV26;14/08/2026;17:15:00;5274,00;5274,50;5274,00;5274,50;105485,00;2
WDOV26;14/08/2026;17:10:00;5274,00;5274,00;5274,00;5274,00;105480,00;2
WDOV26;14/08/2026;17:05:00;5273,00;5274,50;5273,00;5273,00;158205,00;3
WDOV26;14/08/2026;17:00:00;5272,00;5272,00;5270,50;5271,00;685235,00;13
WDOV26;14/08/2026;16:50:00;5272,50;5276,00;5272,50;5276,00;421950,00;8
WDOV26;14/08/2026;16:45:00;5277,00;5277,00;5274,00;5274,00;527500,00;10
WDOV26;14/08/2026;16:40:00;5277,00;5277,00;5276,00;5276,00;263825,00;5
WDOV26;14/08/2026;16:35:00;5277,00;5277,50;5277,00;5277,50;105545,00;2
WDOV26;14/08/2026;16:30:00;5278,00;5278,00;5277,00;5277,00;105550,00;2
WDOV26;14/08/2026;16:25:00;5279,50;5279,50;5277,00;5278,00;475015,00;9
WDOV26;14/08/2026;16:20:00;5281,50;5281,50;5281,00;5281,00;158440,00;3
WDOV26;14/08/2026;16:15:00;5282,00;5282,00;5281,00;5281,00;211250,00;4
WDOV26;14/08/2026;16:10:00;5281,00;5281,00;5281,00;5281,00;105620,00;2
WDOV26;14/08/2026;16:05:00;5283,50;5283,50;5283,50;5283,50;52835,00;1
WDOV26;14/08/2026;16:00:00;5282,00;5282,00;5281,00;5281,00;316880,00;6
WDOV26;14/08/2026;15:55:00;5281,00;5284,00;5281,00;5284,00;369845,00;7
WDOV26;14/08/2026;15:50:00;5275,50;5278,00;5275,50;5278,00;211085,00;4
WDOV26;14/08/2026;15:45:00;5278,50;5280,50;5275,50;5275,50;580540,00;11
WDOV26;14/08/2026;15:40:00;5277,00;5278,50;5277,00;5278,50;1741485,00;33
WDOV26;14/08/2026;15:35:00;5279,50;5279,50;5277,00;5277,00;263940,00;5
WDOV26;14/08/2026;15:30:00;5279,00;5282,00;5279,00;5279,50;3432785,00;65
WDOV26;14/08/2026;15:25:00;5281,50;5281,50;5279,00;5279,50;475200,00;9
WDOV26;14/08/2026;15:20:00;5282,50;5282,50;5281,50;5281,50;211270,00;4
WDOV26;14/08/2026;15:15:00;5285,50;5285,50;5281,00;5282,50;1109350,00;21
WDOV26;14/08/2026;15:10:00;5286,50;5287,50;5286,00;5287,50;211460,00;4
WDOV26;14/08/2026;15:05:00;5290,00;5290,00;5287,50;5287,50;423100,00;8
WDOV26;14/08/2026;15:00:00;5292,50;5292,50;5291,00;5291,00;846705,00;16
WDOV26;14/08/2026;14:50:00;5297,50;5297,50;5297,00;5297,00;211895,00;4
WDOV26;14/08/2026;14:45:00;5300,00;5300,00;5297,50;5297,50;317930,00;6
WDOV26;14/08/2026;14:40:00;5297,00;5299,50;5297,00;5299,00;741790,00;14
WDOV26;14/08/2026;14:35:00;5297,50;5300,00;5297,00;5297,50;953575,00;18
WDOV26;14/08/2026;14:30:00;5296,50;5296,50;5296,00;5296,00;423710,00;8
WDOV26;14/08/2026;14:25:00;5291,50;5293,50;5291,50;5293,50;582255,00;11
WDOV26;14/08/2026;14:20:00;5292,50;5292,50;5291,50;5291,50;158765,00;3
WDOV26;14/08/2026;14:10:00;5293,50;5294,00;5293,50;5294,00;211750,00;4
WDOV26;14/08/2026;14:05:00;5292,00;5293,00;5291,50;5293,00;2487110,00;47
WDOV26;14/08/2026;14:00:00;5290,00;5292,50;5290,00;5292,50;211665,00;4
WDOV26;14/08/2026;13:55:00;5293,00;5293,00;5289,50;5289,50;476145,00;9
WDOV26;14/08/2026;13:50:00;5293,50;5293,50;5293,00;5293,00;794015,00;15
WDOV26;14/08/2026;13:45:00;5294,00;5294,00;5293,00;5293,50;529375,00;10
WDOV26;14/08/2026;13:40:00;5292,50;5294,50;5292,50;5294,00;899865,00;17
WDOV26;14/08/2026;13:35:00;5293,50;5294,00;5293,00;5293,00;794040,00;15
WDOV26;14/08/2026;13:30:00;5296,00;5298,50;5295,50;5296,00;1271195,00;24
WDOV26;14/08/2026;13:25:00;5300,00;5300,50;5295,50;5295,50;2542900,00;48
WDOV26;14/08/2026;13:20:00;5300,00;5300,50;5300,00;5300,50;106005,00;2
WDOV26;14/08/2026;13:15:00;5300,50;5300,50;5299,00;5300,00;370985,00;7
WDOV26;14/08/2026;13:10:00;5300,00;5302,50;5300,00;5302,50;477060,00;9
WDOV26;14/08/2026;13:05:00;5300,00;5300,00;5299,50;5299,50;158995,00;3
WDOV26;14/08/2026;13:00:00;5295,50;5297,00;5295,50;5297,00;317770,00;6
WDOV26;14/08/2026;12:55:00;5298,00;5298,00;5297,00;5297,00;105950,00;2
WDOV26;14/08/2026;12:50:00;5293,00;5295,00;5293,00;5295,00;529440,00;10
WDOV26;14/08/2026;12:45:00;5295,00;5296,00;5293,00;5293,00;1800105,00;34
WDOV26;14/08/2026;12:40:00;5288,50;5294,00;5288,50;5294,00;3121530,00;59
WDOV26;14/08/2026;12:35:00;5285,50;5288,00;5285,00;5287,00;2484775,00;47
WDOV26;14/08/2026;12:30:00;5286,00;5290,00;5286,00;5287,00;1904110,00;36
WDOV26;14/08/2026;12:25:00;5281,50;5288,00;5281,50;5286,50;4492800,00;85
WDOV26;14/08/2026;12:20:00;5277,00;5279,50;5275,50;5279,50;2269270,00;43
WDOV26;14/08/2026;12:15:00;5278,00;5278,00;5276,50;5277,00;1002675,00;19
WDOV26;14/08/2026;12:10:00;5282,00;5282,00;5279,00;5279,00;739235,00;14
WDOV26;14/08/2026;12:05:00;5277,50;5283,50;5277,50;5283,50;1109215,00;21
WDOV26;14/08/2026;12:00:00;5280,50;5280,50;5278,50;5278,50;158380,00;3
WDOV26;14/08/2026;11:55:00;5276,50;5279,50;5276,00;5279,50;844445,00;16
WDOV26;14/08/2026;11:50:00;5275,50;5277,00;5275,00;5277,00;896880,00;17
WDOV26;14/08/2026;11:45:00;5273,50;5273,50;5273,00;5273,00;369115,00;7
WDOV26;14/08/2026;11:40:00;5277,00;5278,00;5275,00;5275,00;211055,00;4
WDOV26;14/08/2026;11:35:00;5275,50;5275,50;5274,00;5275,00;421975,00;8
WDOV26;14/08/2026;11:30:00;5272,50;5274,00;5272,50;5273,00;1160160,00;22
WDOV26;14/08/2026;11:25:00;5277,50;5277,50;5274,50;5275,00;1266145,00;24
WDOV26;14/08/2026;11:20:00;5279,50;5279,50;5277,00;5278,00;1583455,00;30
WDOV26;14/08/2026;11:15:00;5276,00;5278,50;5274,50;5277,50;2005315,00;38
WDOV26;14/08/2026;11:10:00;5275,00;5275,00;5273,50;5274,50;1265765,00;24
WDOV26;14/08/2026;11:05:00;5276,50;5278,00;5275,50;5277,50;897050,00;17
WDOV26;14/08/2026;11:00:00;5278,00;5278,50;5272,50;5272,50;2902450,00;55
WDOV26;14/08/2026;10:55:00;5276,00;5277,50;5274,50;5277,50;2479505,00;47
WDOV26;14/08/2026;10:50:00;5272,00;5276,00;5267,50;5275,50;5114765,00;97
WDOV26;14/08/2026;10:45:00;5271,50;5274,00;5269,00;5274,00;2899315,00;55
WDOV26;14/08/2026;10:40:00;5271,50;5273,50;5270,50;5271,00;790805,00;15
WDOV26;14/08/2026;10:35:00;5282,00;5282,50;5271,00;5271,00;4485020,00;85
WDOV26;14/08/2026;10:30:00;5273,50;5286,00;5273,50;5283,00;12517125,00;237
WDOV26;14/08/2026;10:25:00;5263,50;5273,00;5262,50;5272,00;15904625,00;302
WDOV26;14/08/2026;10:20:00;5268,00;5269,00;5265,50;5265,50;4950545,00;94
WDOV26;14/08/2026;10:15:00;5265,00;5267,50;5262,00;5262,00;2580065,00;49
WDOV26;14/08/2026;10:10:00;5256,50;5265,50;5255,50;5265,50;8314210,00;158
WDOV26;14/08/2026;10:05:00;5254,50;5256,50;5254,00;5256,50;946030,00;18
WDOV26;14/08/2026;10:00:00;5249,00;5253,50;5249,00;5253,50;1733405,00;33
WDOV26;14/08/2026;09:55:00;5248,50;5250,00;5245,50;5249,00;3411230,00;65
WDOV26;14/08/2026;09:50:00;5248,50;5249,00;5243,00;5246,00;2676215,00;51
WDOV26;14/08/2026;09:45:00;5258,50;5260,00;5248,00;5248,50;3522605,00;67
WDOV26;14/08/2026;09:40:00;5246,00;5258,50;5246,00;5258,50;3519475,00;67
WDOV26;14/08/2026;09:35:00;5238,00;5246,50;5238,00;5246,50;2464215,00;47
WDOV26;14/08/2026;09:30:00;5234,00;5234,50;5229,00;5234,50;8106580,00;155
WDOV26;14/08/2026;09:25:00;5233,50;5235,00;5233,50;5235,00;3507205,00;67
WDOV26;14/08/2026;09:20:00;5234,00;5235,00;5232,50;5232,50;523420,00;10
WDOV26;14/08/2026;09:15:00;5238,00;5238,00;5234,00;5236,00;2146615,00;41
WDOV26;14/08/2026;09:10:00;5234,00;5240,00;5234,00;5238,00;2409000,00;46
WDOV26;14/08/2026;09:05:00;5234,00;5234,00;5231,00;5232,00;1517415,00;29
WDOV26;14/08/2026;09:00:00;5231,00;5234,00;5227,00;5234,00;2981820,00;57
WDOV26;13/08/2026;18:25:00;5238,00;5238,50;5237,00;5238,50;942845,00;18
WDOV26;13/08/2026;18:20:00;5239,00;5239,00;5238,00;5239,00;366720,00;7
WDOV26;13/08/2026;18:15:00;5243,00;5243,00;5238,00;5239,00;4453415,00;85
WDOV26;13/08/2026;18:10:00;5242,50;5243,00;5242,50;5243,00;524270,00;10
WDOV26;13/08/2026;18:05:00;5244,00;5244,00;5242,50;5244,00;1887675,00;36
WDOV26;13/08/2026;18:00:00;5244,50;5244,50;5244,50;5244,50;157335,00;3
WDOV26;13/08/2026;17:55:00;5244,00;5245,00;5244,00;5244,50;209780,00;4
WDOV26;13/08/2026;17:50:00;5244,50;5246,00;5244,50;5246,00;209810,00;4
WDOV26;13/08/2026;17:45:00;5243,50;5244,00;5243,50;5244,00;1206055,00;23
WDOV26;13/08/2026;17:40:00;5243,00;5243,00;5243,00;5243,00;52430,00;1
WDOV26;13/08/2026;17:35:00;5245,00;5245,00;5243,50;5243,50;1520740,00;29
WDOV26;13/08/2026;17:25:00;5247,50;5247,50;5247,50;5247,50;157425,00;3
WDOV26;13/08/2026;17:20:00;5246,50;5246,50;5246,50;5246,50;157395,00;3
WDOV26;13/08/2026;17:15:00;5246,50;5246,50;5246,00;5246,00;157385,00;3
WDOV26;13/08/2026;17:10:00;5246,00;5246,00;5245,00;5245,00;367165,00;7
WDOV26;13/08/2026;17:05:00;5247,00;5247,00;5247,00;5247,00;52470,00;1
WDOV26;13/08/2026;17:00:00;5248,50;5248,50;5248,50;5248,50;104970,00;2
WDOV26;13/08/2026;16:55:00;5248,00;5248,50;5248,00;5248,50;104965,00;2
WDOV26;13/08/2026;16:40:00;5245,50;5247,50;5245,50;5246,50;157395,00;3
WDOV26;13/08/2026;16:25:00;5245,00;5245,50;5245,00;5245,50;104905,00;2
WDOV26;13/08/2026;16:20:00;5245,00;5245,00;5245,00;5245,00;104900,00;2
WDOV26;13/08/2026;16:15:00;5245,00;5245,00;5245,00;5245,00;262250,00;5
WDOV26;13/08/2026;16:10:00;5246,50;5246,50;5246,00;5246,00;104925,00;2
WDOV26;13/08/2026;16:05:00;5246,50;5246,50;5246,50;5246,50;52465,00;1
WDOV26;13/08/2026;16:00:00;5246,50;5247,50;5246,50;5247,50;419780,00;8
WDOV26;13/08/2026;15:55:00;5245,00;5245,00;5245,00;5245,00;52450,00;1
WDOV26;13/08/2026;15:50:00;5245,00;5245,00;5244,00;5244,50;1206230,00;23
WDOV26;13/08/2026;15:40:00;5246,00;5246,00;5245,50;5245,50;209835,00;4
WDOV26;13/08/2026;15:35:00;5246,50;5246,50;5245,50;5245,50;262310,00;5
WDOV26;13/08/2026;15:30:00;5247,50;5247,50;5246,50;5247,00;209885,00;4
WDOV26;13/08/2026;15:25:00;5248,50;5248,50;5248,50;5248,50;52485,00;1
WDOV26;13/08/2026;15:20:00;5247,50;5247,50;5247,50;5247,50;52475,00;1
WDOV26;13/08/2026;15:15:00;5247,00;5247,00;5246,00;5246,00;367255,00;7
WDOV26;13/08/2026;15:10:00;5248,50;5248,50;5246,00;5246,00;367310,00;7
WDOV26;13/08/2026;15:00:00;5248,00;5248,00;5247,50;5247,50;157435,00;3
WDOV26;13/08/2026;14:55:00;5248,50;5249,50;5248,50;5249,50;157475,00;3
WDOV26;13/08/2026;14:50:00;5248,00;5250,00;5248,00;5250,00;1312460,00;25
WDOV26;13/08/2026;14:45:00;5249,00;5249,50;5248,50;5248,50;419930,00;8
WDOV26;13/08/2026;14:40:00;5248,50;5250,00;5248,00;5250,00;1469775,00;28
WDOV26;13/08/2026;14:35:00;5246,50;5250,50;5246,50;5248,50;8921915,00;170
WDOV26;13/08/2026;14:30:00;5246,50;5247,00;5246,50;5247,00;2570790,00;49
WDOV26;13/08/2026;14:20:00;5244,00;5245,50;5243,00;5245,50;314645,00;6
WDOV26;13/08/2026;14:15:00;5246,50;5246,50;5246,00;5246,00;157390,00;3
WDOV26;13/08/2026;14:10:00;5245,50;5245,50;5245,00;5245,50;262270,00;5
WDOV26;13/08/2026;14:05:00;5246,50;5247,50;5246,50;5247,50;577125,00;11
WDOV26;13/08/2026;13:55:00;5245,00;5245,00;5245,00;5245,00;52450,00;1
WDOV26;13/08/2026;13:45:00;5245,00;5245,00;5245,00;5245,00;681850,00;13
WDOV26;13/08/2026;13:40:00;5246,00;5246,00;5244,00;5244,00;944170,00;18
WDOV26;13/08/2026;13:35:00;5246,00;5246,00;5246,00;5246,00;3147600,00;60
WDOV26;13/08/2026;13:30:00;5251,00;5251,00;5250,00;5250,00;210020,00;4
WDOV26;13/08/2026;13:25:00;5252,00;5252,00;5251,00;5251,00;735205,00;14
WDOV26;13/08/2026;13:20:00;5248,00;5252,50;5248,00;5252,50;12337570,00;235
WDOV26;13/08/2026;13:15:00;5246,00;5247,50;5246,00;5247,50;629670,00;12
WDOV26;13/08/2026;13:10:00;5244,00;5245,50;5243,50;5245,50;4457305,00;85
WDOV26;13/08/2026;13:05:00;5244,50;5245,00;5242,50;5245,00;1048620,00;20
WDOV26;13/08/2026;13:00:00;5246,00;5246,00;5246,00;5246,00;52460,00;1
WDOV26;13/08/2026;12:55:00;5245,00;5245,00;5245,00;5245,00;52450,00;1
WDOV26;13/08/2026;12:50:00;5244,50;5244,50;5244,50;5244,50;104890,00;2
WDOV26;13/08/2026;12:45:00;5245,00;5245,00;5244,00;5244,00;104890,00;2
WDOV26;13/08/2026;12:40:00;5245,50;5246,50;5245,00;5245,00;1468645,00;28
WDOV26;13/08/2026;12:35:00;5246,00;5246,00;5245,00;5245,00;681860,00;13
WDOV26;13/08/2026;12:30:00;5248,00;5248,00;5248,00;5248,00;52480,00;1
WDOV26;13/08/2026;12:25:00;5249,00;5249,00;5247,50;5248,50;839810,00;16
WDOV26;13/08/2026;12:20:00;5248,00;5248,00;5248,00;5248,00;104960,00;2
WDOV26;13/08/2026;12:15:00;5248,00;5248,00;5247,50;5247,50;104955,00;2
WDOV26;13/08/2026;12:10:00;5246,00;5246,00;5246,00;5246,00;52460,00;1
WDOV26;13/08/2026;12:05:00;5248,00;5248,00;5246,00;5246,00;524655,00;10
WDOV26;13/08/2026;12:00:00;5245,00;5250,00;5245,00;5246,50;3201065,00;61
WDOV26;13/08/2026;11:55:00;5246,00;5247,00;5243,00;5244,00;2308060,00;44
WDOV26;13/08/2026;11:50:00;5243,00;5244,50;5243,00;5244,50;734035,00;14
WDOV26;13/08/2026;11:45:00;5242,00;5242,50;5242,00;5242,50;104845,00;2
WDOV26;13/08/2026;11:40:00;5241,00;5241,00;5240,50;5241,00;314450,00;6
WDOV26;13/08/2026;11:35:00;5246,00;5246,00;5243,50;5243,50;1363440,00;26
WDOV26;13/08/2026;11:30:00;5245,00;5248,00;5245,00;5246,50;1679085,00;32
WDOV26;13/08/2026;11:25:00;5242,00;5244,00;5242,00;5244,00;367015,00;7
WDOV26;13/08/2026;11:20:00;5244,00;5244,00;5243,50;5244,00;681715,00;13
WDOV26;13/08/2026;11:15:00;5239,50;5241,00;5239,50;5241,00;1519645,00;29
WDOV26;13/08/2026;11:10:00;5238,50;5238,50;5238,50;5238,50;366695,00;7
WDOV26;13/08/2026;11:00:00;5245,50;5245,50;5240,50;5240,50;838650,00;16
WDOV26;13/08/2026;10:55:00;5244,00;5247,50;5241,50;5245,50;1678880,00;32
WDOV26;13/08/2026;10:50:00;5240,00;5244,50;5240,00;5243,00;2883360,00;55
WDOV26;13/08/2026;10:45:00;5235,00;5236,50;5235,00;5236,50;575930,00;11
WDOV26;13/08/2026;10:40:00;5238,00;5239,00;5237,00;5237,50;2514190,00;48
WDOV26;13/08/2026;10:35:00;5243,00;5243,50;5238,00;5238,00;8441295,00;161
WDOV26;13/08/2026;10:30:00;5237,00;5243,00;5235,00;5243,00;628685,00;12
WDOV26;13/08/2026;10:25:00;5236,00;5236,00;5235,00;5235,00;209420,00;4
WDOV26;13/08/2026;10:20:00;5235,00;5236,00;5233,00;5236,00;471115,00;9
WDOV26;13/08/2026;10:15:00;5235,00;5235,50;5234,50;5235,50;523535,00;10
WDOV26;13/08/2026;10:10:00;5233,00;5235,00;5233,00;5235,00;837365,00;16
WDOV26;13/08/2026;10:05:00;5242,00;5242,00;5232,50;5233,00;7649505,00;146
WDOV26;13/08/2026;10:00:00;5242,00;5243,00;5239,50;5239,50;262060,00;5
WDOV26;13/08/2026;09:55:00;5247,00;5247,00;5240,00;5240,00;524205,00;10
WDOV26;13/08/2026;09:50:00;5249,50;5249,50;5246,00;5246,00;262370,00;5
WDOV26;13/08/2026;09:40:00;5245,50;5246,50;5245,00;5246,50;629480,00;12
WDOV26;13/08/2026;09:35:00;5245,50;5246,50;5245,00;5245,00;839355,00;16
WDOV26;13/08/2026;09:30:00;5248,00;5255,50;5247,50;5247,50;2782605,00;53
WDOV26;13/08/2026;09:25:00;5247,50;5251,00;5247,50;5250,00;1364880,00;26
WDOV26;13/08/2026;09:20:00;5241,00;5247,00;5241,00;5247,00;1363600,00;26
WDOV26;13/08/2026;09:15:00;5241,50;5246,50;5241,50;5246,00;3357255,00;64
WDOV26;13/08/2026;09:10:00;5238,00;5241,50;5238,00;5241,50;785875,00;15
WDOV26;13/08/2026;09:05:00;5239,50;5241,50;5237,50;5238,00;7701875,00;147
WDOV26;13/08/2026;09:00:00;5241,50;5245,00;5240,00;5241,50;8125930,00;155
WDOV26;12/08/2026;18:25:00;5243,00;5250,00;5242,50;5250,00;2623015,00;50
WDOV26;12/08/2026;18:20:00;5241,00;5244,00;5241,00;5243,00;1258415,00;24
WDOV26;12/08/2026;18:15:00;5240,00;5240,50;5240,00;5240,00;576410,00;11
WDOV26;12/08/2026;18:10:00;5238,00;5240,00;5237,00;5240,00;6287750,00;120
WDOV26;12/08/2026;18:05:00;5235,50;5237,50;5235,50;5237,50;3246410,00;62
WDOV26;12/08/2026;18:00:00;5234,50;5234,50;5234,50;5234,50;2617250,00;50
WDOV26;12/08/2026;17:55:00;5234,00;5235,00;5234,00;5234,50;314085,00;6
WDOV26;12/08/2026;17:50:00;5233,00;5236,00;5233,00;5235,00;2407765,00;46
WDOV26;12/08/2026;17:30:00;5232,50;5232,50;5232,50;5232,50;52325,00;1
WDOV26;12/08/2026;17:25:00;5234,50;5234,50;5233,50;5233,50;104680,00;2
WDOV26;12/08/2026;17:20:00;5233,50;5233,50;5233,50;5233,50;52335,00;1
WDOV26;12/08/2026;17:15:00;5235,50;5235,50;5235,50;5235,50;104710,00;2
WDOV26;12/08/2026;17:10:00;5233,00;5235,00;5233,00;5235,00;104680,00;2
WDOV26;12/08/2026;17:05:00;5234,00;5234,00;5233,50;5233,50;157010,00;3
WDOV26;12/08/2026;17:00:00;5237,00;5237,50;5234,00;5235,00;1047015,00;20
WDOV26;12/08/2026;16:55:00;5237,00;5237,00;5234,50;5235,00;1675665,00;32
WDOV26;12/08/2026;16:50:00;5236,50;5237,50;5236,50;5237,50;1256805,00;24
WDOV26;12/08/2026;16:45:00;5235,00;5236,50;5235,00;5236,50;1884830,00;36
WDOV26;12/08/2026;16:40:00;5234,00;5235,00;5233,50;5235,00;4343915,00;83
WDOV26;12/08/2026;16:35:00;5233,00;5236,00;5232,50;5236,00;1884230,00;36
WDOV26;12/08/2026;16:30:00;5230,00;5233,50;5230,00;5233,00;2877340,00;55
WDOV26;12/08/2026;16:25:00;5227,50;5230,50;5226,50;5230,00;9203525,00;176
WDOV26;12/08/2026;16:20:00;5227,50;5227,50;5227,00;5227,00;156820,00;3
WDOV26;12/08/2026;16:15:00;5226,00;5227,00;5226,00;5227,00;731650,00;14
WDOV26;12/08/2026;16:10:00;5225,00;5228,00;5225,00;5227,00;1620150,00;31
WDOV26;12/08/2026;16:05:00;5221,00;5225,00;5221,00;5225,00;1253150,00;24
WDOV26;12/08/2026;16:00:00;5219,00;5219,00;5219,00;5219,00;52190,00;1
WDOV26;12/08/2026;15:50:00;5219,50;5219,50;5219,00;5219,00;626335,00;12
WDOV26;12/08/2026;15:45:00;5221,00;5222,00;5221,00;5222,00;208855,00;4
WDOV26;12/08/2026;15:40:00;5221,00;5221,00;5221,00;5221,00;104420,00;2
WDOV26;12/08/2026;15:35:00;5220,00;5220,50;5219,50;5220,50;208805,00;4
WDOV26;12/08/2026;15:30:00;5222,50;5224,00;5221,50;5221,50;3760260,00;72
WDOV26;12/08/2026;15:20:00;5220,50;5220,50;5220,50;5220,50;104410,00;2
WDOV26;12/08/2026;15:15:00;5221,50;5222,50;5221,50;5221,50;261095,00;5
WDOV26;12/08/2026;15:10:00;5221,50;5222,00;5220,50;5222,00;2297255,00;44
WDOV26;12/08/2026;15:05:00;5222,00;5222,00;5222,00;5222,00;1096620,00;21
WDOV26;12/08/2026;15:00:00;5221,00;5221,00;5220,50;5220,50;104415,00;2
WDOV26;12/08/2026;14:50:00;5220,00;5222,00;5220,00;5222,00;417735,00;8
WDOV26;12/08/2026;14:40:00;5219,50;5220,00;5219,50;5219,50;1618055,00;31
WDOV26;12/08/2026;14:35:00;5219,50;5219,50;5219,00;5219,50;2139860,00;41
WDOV26;12/08/2026;14:30:00;5218,50;5219,50;5218,00;5219,50;1826525,00;35
WDOV26;12/08/2026;14:25:00;5218,50;5218,50;5218,00;5218,00;1304620,00;25
WDOV26;12/08/2026;14:20:00;5218,00;5218,50;5218,00;5218,50;3757310,00;72
WDOV26;12/08/2026;14:10:00;5217,00;5218,00;5217,00;5218,00;156520,00;3
WDOV26;12/08/2026;14:05:00;5217,00;5217,00;5217,00;5217,00;52170,00;1
WDOV26;12/08/2026;14:00:00;5217,00;5217,00;5217,00;5217,00;208680,00;4
WDOV26;12/08/2026;13:50:00;5218,50;5218,50;5218,50;5218,50;104370,00;2
WDOV26;12/08/2026;13:45:00;5217,00;5217,00;5216,00;5217,00;1825630,00;35
WDOV26;12/08/2026;13:40:00;5218,50;5218,50;5217,50;5217,50;104360,00;2
WDOV26;12/08/2026;13:35:00;5220,00;5220,00;5220,00;5220,00;52200,00;1
WDOV26;12/08/2026;13:25:00;5218,00;5219,50;5217,50;5219,50;1982840,00;38
WDOV26;12/08/2026;13:20:00;5219,00;5219,00;5218,00;5219,00;365320,00;7
WDOV26;12/08/2026;13:15:00;5222,00;5223,00;5220,00;5220,00;2820135,00;54
WDOV26;12/08/2026;13:05:00;5223,00;5223,00;5222,00;5222,00;522280,00;10
WDOV26;12/08/2026;13:00:00;5221,00;5221,00;5220,50;5220,50;104415,00;2
WDOV26;12/08/2026;12:55:00;5221,50;5221,50;5221,50;5221,50;156645,00;3
WDOV26;12/08/2026;12:50:00;5224,00;5224,00;5223,00;5223,00;208930,00;4
WDOV26;12/08/2026;12:45:00;5223,50;5224,00;5223,50;5224,00;104475,00;2
WDOV26;12/08/2026;12:35:00;5222,50;5222,50;5222,50;5222,50;52225,00;1
WDOV26;12/08/2026;12:30:00;5223,00;5224,50;5223,00;5224,50;261190,00;5
WDOV26;12/08/2026;12:25:00;5222,00;5222,00;5220,00;5222,00;1670905,00;32
WDOV26;12/08/2026;12:20:00;5224,50;5225,50;5223,50;5224,00;679185,00;13
WDOV26;12/08/2026;12:15:00;5225,50;5225,50;5224,50;5224,50;835930,00;16
WDOV26;12/08/2026;12:10:00;5230,00;5230,00;5224,50;5224,50;2456270,00;47
WDOV26;12/08/2026;12:05:00;5231,50;5231,50;5229,50;5229,50;366140,00;7
WDOV26;12/08/2026;12:00:00;5231,50;5232,50;5231,50;5232,50;2406820,00;46
WDOV26;12/08/2026;11:55:00;5231,50;5231,50;5231,50;5231,50;313890,00;6
WDOV26;12/08/2026;11:50:00;5230,50;5230,50;5229,50;5230,00;1098300,00;21
WDOV26;12/08/2026;11:45:00;5231,00;5231,00;5229,50;5229,50;209215,00;4
WDOV26;12/08/2026;11:40:00;5226,50;5231,50;5226,50;5231,50;993620,00;19
WDOV26;12/08/2026;11:35:00;5228,50;5228,50;5228,50;5228,50;52285,00;1
WDOV26;12/08/2026;11:30:00;5225,00;5230,50;5225,00;5228,00;3241530,00;62
WDOV26;12/08/2026;11:25:00;5224,50;5225,00;5224,00;5224,50;1515085,00;29
WDOV26;12/08/2026;11:20:00;5223,00;5224,00;5223,00;5224,00;104470,00;2
WDOV26;12/08/2026;11:15:00;5228,50;5230,50;5225,50;5226,00;365925,00;7
WDOV26;12/08/2026;11:10:00;5228,00;5228,00;5227,00;5227,50;209100,00;4
WDOV26;12/08/2026;11:05:00;5223,50;5229,50;5223,00;5229,00;836305,00;16
WDOV26;12/08/2026;11:00:00;5227,50;5228,00;5225,50;5225,50;1201930,00;23
WDOV26;12/08/2026;10:55:00;5226,00;5226,00;5226,00;5226,00;1097460,00;21
WDOV26;12/08/2026;10:50:00;5224,50;5225,00;5222,50;5222,50;1149440,00;22
WDOV26;12/08/2026;10:45:00;5223,50;5224,00;5221,50;5224,00;1305570,00;25
WDOV26;12/08/2026;10:40:00;5228,50;5230,50;5228,50;5230,50;366015,00;7
WDOV26;12/08/2026;10:35:00;5222,50;5226,50;5222,50;5226,00;1044740,00;20
WDOV26;12/08/2026;10:30:00;5223,00;5223,00;5222,00;5222,00;313335,00;6
WDOV26;12/08/2026;10:25:00;5232,00;5233,00;5223,00;5223,50;1725380,00;33
WDOV26;12/08/2026;10:20:00;5231,50;5235,50;5231,00;5232,00;10099640,00;193
WDOV26;12/08/2026;10:15:00;5224,50;5233,00;5224,50;5232,00;1986570,00;38
WDOV26;12/08/2026;10:10:00;5215,00;5221,00;5215,00;5221,00;1095905,00;21
WDOV26;12/08/2026;10:05:00;5208,00;5212,50;5208,00;5210,50;468930,00;9
WDOV26;12/08/2026;10:00:00;5210,00;5210,50;5208,00;5209,00;1146045,00;22
WDOV26;12/08/2026;09:55:00;5206,50;5211,50;5206,50;5208,50;1198285,00;23
WDOV26;12/08/2026;09:50:00;5203,00;5209,00;5203,00;5209,00;520705,00;10
WDOV26;12/08/2026;09:45:00;5197,00;5207,00;5197,00;5202,50;1976425,00;38
WDOV26;12/08/2026;09:40:00;5199,00;5199,50;5194,00;5196,50;4728195,00;91
WDOV26;12/08/2026;09:35:00;5203,00;5204,50;5197,00;5198,50;5096050,00;98
WDOV26;12/08/2026;09:30:00;5205,50;5215,50;5199,50;5203,00;9734210,00;187
WDOV26;12/08/2026;09:25:00;5212,50;5212,50;5207,00;5209,00;1250340,00;24
WDOV26;12/08/2026;09:20:00;5212,50;5213,00;5210,50;5212,50;3075535,00;59
WDOV26;12/08/2026;09:15:00;5212,50;5216,00;5211,50;5211,50;2137290,00;41
WDOV26;12/08/2026;09:10:00;5214,00;5214,50;5214,00;5214,50;365010,00;7
WDOV26;12/08/2026;09:05:00;5211,50;5214,50;5210,00;5212,50;1407185,00;27
WDOV26;12/08/2026;09:00:00;5200,00;5218,00;5200,00;5211,50;4743200,00;91
WDOV26;11/08/2026;18:25:00;5218,00;5218,00;5216,50;5216,50;6835315,00;131
WDOV26;11/08/2026;18:20:00;5220,00;5220,00;5218,50;5218,50;3496810,00;67
WDOV26;11/08/2026;18:15:00;5224,00;5224,00;5219,50;5219,50;5378875,00;103
WDOV26;11/08/2026;18:10:00;5224,50;5224,50;5224,50;5224,50;417960,00;8
WDOV26;11/08/2026;18:05:00;5223,00;5224,00;5223,00;5224,00;104470,00;2
WDOV26;11/08/2026;18:00:00;5221,00;5221,00;5221,00;5221,00;365470,00;7
WDOV26;11/08/2026;17:55:00;5220,50;5220,50;5220,50;5220,50;313230,00;6
WDOV26;11/08/2026;17:50:00;5220,50;5223,00;5220,50;5223,00;574470,00;11
WDOV26;11/08/2026;17:45:00;5219,50;5220,00;5219,50;5220,00;365370,00;7
WDOV26;11/08/2026;17:40:00;5219,00;5219,00;5218,50;5218,50;104375,00;2
WDOV26;11/08/2026;17:35:00;5220,50;5221,00;5220,50;5221,00;365440,00;7
WDOV26;11/08/2026;17:30:00;5219,00;5219,00;5219,00;5219,00;208760,00;4
WDOV26;11/08/2026;17:10:00;5218,50;5218,50;5218,00;5218,00;104365,00;2
WDOV26;11/08/2026;17:05:00;5221,50;5221,50;5221,50;5221,50;52215,00;1
WDOV26;11/08/2026;17:00:00;5222,50;5222,50;5221,00;5221,00;417730,00;8
WDOV26;11/08/2026;16:55:00;5222,00;5222,00;5222,00;5222,00;261100,00;5
WDOV26;11/08/2026;16:50:00;5223,00;5223,00;5221,50;5221,50;156675,00;3
WDOV26;11/08/2026;16:45:00;5221,50;5222,50;5221,50;5222,00;1201155,00;23
WDOV26;11/08/2026;16:35:00;5221,50;5222,00;5220,50;5220,50;365500,00;7
WDOV26;11/08/2026;16:30:00;5223,00;5223,00;5223,00;5223,00;104460,00;2
WDOV26;11/08/2026;16:25:00;5224,00;5224,00;5222,50;5222,50;104465,00;2
WDOV26;11/08/2026;16:20:00;5225,50;5225,50;5224,50;5224,50;313520,00;6
WDOV26;11/08/2026;16:15:00;5225,50;5226,00;5225,50;5226,00;992935,00;19
WDOV26;11/08/2026;16:10:00;5224,00;5225,00;5224,00;5225,00;365690,00;7
WDOV26;11/08/2026;16:05:00;5224,00;5224,00;5224,00;5224,00;52240,00;1
WDOV26;11/08/2026;16:00:00;5227,50;5227,50;5226,00;5226,00;888635,00;17
WDOV26;11/08/2026;15:55:00;5230,00;5230,00;5230,00;5230,00;418400,00;8
WDOV26;11/08/2026;15:45:00;5232,50;5232,50;5230,00;5230,00;470780,00;9
WDOV26;11/08/2026;15:40:00;5231,50;5232,50;5231,50;5232,50;261605,00;5
WDOV26;11/08/2026;15:35:00;5233,00;5233,00;5232,50;5232,50;366290,00;7
WDOV26;11/08/2026;15:30:00;5236,00;5236,00;5232,50;5232,50;314075,00;6
WDOV26;11/08/2026;15:25:00;5232,00;5236,50;5232,00;5236,50;3087660,00;59
WDOV26;11/08/2026;15:20:00;5227,50;5232,50;5227,50;5232,00;3923270,00;75
WDOV26;11/08/2026;15:15:00;5225,50;5227,00;5225,50;5227,00;627090,00;12
WDOV26;11/08/2026;15:10:00;5224,50;5225,00;5224,50;5225,00;261235,00;5
WDOV26;11/08/2026;15:05:00;5224,50;5225,50;5223,50;5223,50;626980,00;12
WDOV26;11/08/2026;15:00:00;5222,00;5224,50;5222,00;5224,50;678990,00;13
WDOV26;11/08/2026;14:55:00;5219,00;5219,00;5219,00;5219,00;104380,00;2
WDOV26;11/08/2026;14:50:00;5218,00;5218,50;5218,00;5218,50;1304530,00;25
WDOV26;11/08/2026;14:45:00;5219,00;5219,00;5217,00;5217,00;365250,00;7
WDOV26;11/08/2026;14:40:00;5218,50;5218,50;5218,50;5218,50;52185,00;1
WDOV26;11/08/2026;14:35:00;5221,50;5222,00;5220,00;5220,00;1044295,00;20
WDOV26;11/08/2026;14:30:00;5221,50;5222,50;5220,00;5220,00;1461995,00;28
WDOV26;11/08/2026;14:25:00;5223,50;5225,00;5223,50;5224,50;522420,00;10
WDOV26;11/08/2026;14:20:00;5220,50;5220,50;5220,50;5220,50;52205,00;1
WDOV26;11/08/2026;14:15:00;5219,50;5220,50;5219,00;5220,50;156590,00;3
WDOV26;11/08/2026;14:05:00;5221,00;5222,00;5221,00;5222,00;313290,00;6
WDOV26;11/08/2026;14:00:00;5219,00;5220,50;5219,00;5220,00;626315,00;12
WDOV26;11/08/2026;13:55:00;5217,00;5219,00;5217,00;5219,00;365260,00;7
WDOV26;11/08/2026;13:50:00;5220,00;5220,00;5220,00;5220,00;52200,00;1
WDOV26;11/08/2026;13:45:00;5219,00;5219,00;5218,00;5219,00;260935,00;5
WDOV26;11/08/2026;13:40:00;5218,50;5219,50;5218,50;5219,00;260960,00;5
WDOV26;11/08/2026;13:35:00;5220,00;5220,00;5218,00;5220,00;1148175,00;22
WDOV26;11/08/2026;13:30:00;5221,50;5222,00;5221,50;5222,00;208875,00;4
WDOV26;11/08/2026;13:25:00;5222,00;5222,00;5222,00;5222,00;52220,00;1
WDOV26;11/08/2026;13:20:00;5219,50;5219,50;5219,50;5219,50;104390,00;2
WDOV26;11/08/2026;13:15:00;5223,00;5223,00;5222,50;5222,50;156680,00;3
WDOV26;11/08/2026;13:10:00;5221,00;5221,00;5219,00;5219,00;1200420,00;23
WDOV26;11/08/2026;13:05:00;5223,50;5224,00;5221,00;5221,00;470035,00;9
WDOV26;11/08/2026;13:00:00;5221,50;5222,50;5221,00;5221,00;417770,00;8
WDOV26;11/08/2026;12:55:00;5219,50;5219,50;5219,00;5219,00;260955,00;5
WDOV26;11/08/2026;12:50:00;5219,50;5220,50;5218,50;5218,50;991715,00;19
WDOV26;11/08/2026;12:45:00;5221,50;5221,50;5220,00;5220,00;835410,00;16
WDOV26;11/08/2026;12:40:00;5227,50;5230,00;5223,50;5225,50;4494035,00;86
WDOV26;11/08/2026;12:35:00;5222,50;5227,00;5221,50;5227,00;5066735,00;97
WDOV26;11/08/2026;12:30:00;5214,00;5221,50;5213,00;5221,50;8401840,00;161
WDOV26;11/08/2026;12:25:00;5210,00;5213,00;5210,00;5213,00;1615905,00;31
WDOV26;11/08/2026;12:20:00;5212,00;5212,00;5208,00;5208,00;1302625,00;25
WDOV26;11/08/2026;12:15:00;5208,50;5212,50;5208,50;5211,50;1510850,00;29
WDOV26;11/08/2026;12:10:00;5206,00;5208,00;5204,50;5208,00;833040,00;16
WDOV26;11/08/2026;12:05:00;5201,50;5206,00;5201,50;5206,00;2601540,00;50
WDOV26;11/08/2026;12:00:00;5198,50;5200,50;5197,50;5200,50;1819565,00;35
WDOV26;11/08/2026;11:55:00;5202,50;5202,50;5201,00;5201,00;936260,00;18
WDOV26;11/08/2026;11:50:00;5202,00;5204,00;5202,00;5202,50;624305,00;12
WDOV26;11/08/2026;11:45:00;5193,50;5204,00;5193,00;5204,00;3535625,00;68
WDOV26;11/08/2026;11:40:00;5189,50;5196,00;5188,50;5196,00;4827860,00;93
WDOV26;11/08/2026;11:35:00;5183,50;5189,00;5183,00;5189,00;1659445,00;32
WDOV26;11/08/2026;11:30:00;5184,00;5184,50;5183,00;5183,50;2747525,00;53
WDOV26;11/08/2026;11:25:00;5185,00;5187,00;5184,00;5186,50;777825,00;15
WDOV26;11/08/2026;11:20:00;5178,50;5185,00;5178,50;5184,00;4507385,00;87
WDOV26;11/08/2026;11:15:00;5177,00;5180,00;5177,00;5179,50;1501820,00;29
WDOV26;11/08/2026;11:10:00;5173,00;5178,00;5173,00;5176,00;5330590,00;103
WDOV26;11/08/2026;11:05:00;5171,00;5172,00;5170,00;5172,00;672275,00;13
WDOV26;11/08/2026;11:00:00;5170,50;5170,50;5170,50;5170,50;103410,00;2
WDOV26;11/08/2026;10:55:00;5172,00;5172,00;5170,50;5170,50;672325,00;13
WDOV26;11/08/2026;10:50:00;5170,00;5172,00;5170,00;5172,00;568755,00;11
WDOV26;11/08/2026;10:45:00;5168,00;5170,00;5168,00;5169,50;361810,00;7
WDOV26;11/08/2026;10:40:00;5166,50;5169,50;5166,50;5169,50;620210,00;12
WDOV26;11/08/2026;10:35:00;5168,00;5168,00;5163,00;5165,50;2841710,00;55
WDOV26;11/08/2026;10:30:00;5167,00;5170,00;5166,50;5170,00;7082180,00;137
WDOV26;11/08/2026;10:25:00;5165,00;5166,50;5165,00;5166,50;206635,00;4
WDOV26;11/08/2026;10:20:00;5163,50;5164,50;5162,50;5163,00;309810,00;6
WDOV26;11/08/2026;10:15:00;5163,50;5166,50;5163,50;5163,50;826375,00;16
WDOV26;11/08/2026;10:10:00;5160,50;5162,50;5160,50;5162,50;412895,00;8
WDOV26;11/08/2026;10:05:00;5159,50;5160,00;5159,00;5159,00;515920,00;10
WDOV26;11/08/2026;10:00:00;5162,00;5162,00;5159,00;5159,50;516055,00;10
WDOV26;11/08/2026;09:55:00;5161,50;5163,00;5158,50;5162,50;5882620,00;114
WDOV26;11/08/2026;09:50:00;5163,00;5163,00;5160,00;5161,50;4644245,00;90
WDOV26;11/08/2026;09:45:00;5165,00;5165,00;5164,00;5164,00;258220,00;5
WDOV26;11/08/2026;09:35:00;5166,00;5167,50;5166,00;5167,50;3151575,00;61
WDOV26;11/08/2026;09:30:00;5165,00;5166,00;5162,50;5166,00;1394465,00;27
WDOV26;11/08/2026;09:25:00;5166,50;5168,00;5166,50;5168,00;206695,00;4
WDOV26;11/08/2026;09:20:00;5164,00;5169,50;5164,00;5168,50;1085055,00;21
WDOV26;11/08/2026;09:15:00;5167,50;5167,50;5165,00;5166,50;568345,00;11
WDOV26;11/08/2026;09:10:00;5163,50;5168,50;5163,50;5167,50;723405,00;14
WDOV26;11/08/2026;09:05:00;5165,00;5166,00;5164,00;5164,50;1601045,00;31
WDOV26;11/08/2026;09:00:00;5171,00;5171,00;5161,00;5166,50;826555,00;16
WDOV26;10/08/2026;18:25:00;5168,50;5169,00;5166,00;5166,00;1550345,00;30
WDOV26;10/08/2026;18:20:00;5168,50;5168,50;5168,00;5168,00;361765,00;7
WDOV26;10/08/2026;18:15:00;5171,00;5171,00;5169,00;5169,00;310170,00;6
WDOV26;10/08/2026;18:10:00;5171,00;5171,00;5171,00;5171,00;51710,00;1
WDOV26;10/08/2026;18:05:00;5171,00;5171,00;5171,00;5171,00;103420,00;2
WDOV26;10/08/2026;17:55:00;5171,50;5171,50;5171,00;5171,50;310270,00;6
WDOV26;10/08/2026;17:50:00;5170,00;5173,50;5170,00;5173,50;413685,00;8
WDOV26;10/08/2026;17:45:00;5169,50;5169,50;5169,00;5169,00;206770,00;4
WDOV26;10/08/2026;17:35:00;5169,00;5169,00;5169,00;5169,00;103380,00;2
WDOV26;10/08/2026;17:30:00;5170,00;5170,00;5170,00;5170,00;103400,00;2
WDOV26;10/08/2026;17:20:00;5169,00;5169,00;5169,00;5169,00;51690,00;1
WDOV26;10/08/2026;17:15:00;5168,50;5168,50;5167,50;5168,00;671845,00;13
WDOV26;10/08/2026;17:05:00;5170,00;5170,50;5169,00;5170,00;1757800,00;34
WDOV26;10/08/2026;17:00:00;5170,50;5170,50;5170,00;5170,00;3825820,00;74
WDOV26;10/08/2026;16:45:00;5173,00;5173,00;5172,00;5172,00;517270,00;10
WDOV26;10/08/2026;16:35:00;5171,50;5171,50;5171,50;5171,50;51715,00;1
WDOV26;10/08/2026;16:25:00;5171,50;5171,50;5171,50;5171,50;517150,00;10
WDOV26;10/08/2026;16:20:00;5172,00;5172,00;5172,00;5172,00;103440,00;2
WDOV26;10/08/2026;16:15:00;5173,00;5173,00;5173,00;5173,00;51730,00;1
WDOV26;10/08/2026;16:00:00;5174,00;5174,00;5174,00;5174,00;206960,00;4
WDOV26;10/08/2026;15:55:00;5173,50;5173,50;5172,50;5172,50;569075,00;11
WDOV26;10/08/2026;15:50:00;5173,50;5173,50;5173,50;5173,50;51735,00;1
WDOV26;10/08/2026;15:45:00;5173,50;5173,50;5173,50;5173,50;569085,00;11
WDOV26;10/08/2026;15:40:00;5174,50;5174,50;5172,50;5172,50;724380,00;14
WDOV26;10/08/2026;15:30:00;5176,00;5176,00;5175,50;5175,50;828150,00;16
WDOV26;10/08/2026;15:15:00;5176,50;5176,50;5176,50;5176,50;51765,00;1
WDOV26;10/08/2026;15:05:00;5176,00;5177,50;5176,00;5177,50;258850,00;5
WDOV26;10/08/2026;15:00:00;5178,50;5178,50;5176,00;5176,50;672980,00;13
WDOV26;10/08/2026;14:55:00;5178,50;5179,00;5178,00;5179,00;621390,00;12
WDOV26;10/08/2026;14:50:00;5179,50;5180,00;5178,50;5179,50;6680985,00;129
WDOV26;10/08/2026;14:45:00;5180,00;5181,00;5179,50;5181,00;10567875,00;204
WDOV26;10/08/2026;14:40:00;5179,50;5179,50;5179,00;5179,50;1035825,00;20
WDOV26;10/08/2026;14:35:00;5177,00;5179,00;5177,00;5179,00;1139025,00;22
WDOV26;10/08/2026;14:30:00;5176,50;5177,00;5175,00;5177,00;724625,00;14
WDOV26;10/08/2026;14:25:00;5177,50;5177,50;5177,00;5177,50;414195,00;8
WDOV26;10/08/2026;14:20:00;5173,50;5178,50;5173,50;5177,00;6003960,00;116
WDOV26;10/08/2026;14:15:00;5169,50;5173,00;5169,50;5173,00;9668235,00;187
WDOV26;10/08/2026;14:05:00;5168,00;5169,00;5168,00;5168,50;465165,00;9
WDOV26;10/08/2026;14:00:00;5164,50;5167,50;5164,00;5167,50;981570,00;19
WDOV26;10/08/2026;13:55:00;5164,00;5164,00;5164,00;5164,00;51640,00;1
WDOV26;10/08/2026;13:50:00;5163,50;5163,50;5163,50;5163,50;103270,00;2
WDOV26;10/08/2026;13:45:00;5165,50;5165,50;5165,00;5165,00;1394595,00;27
WDOV26;10/08/2026;13:40:00;5165,00;5165,00;5165,00;5165,00;1084650,00;21
WDOV26;10/08/2026;13:35:00;5163,00;5163,00;5163,00;5163,00;154890,00;3
WDOV26;10/08/2026;13:30:00;5161,00;5166,00;5161,00;5164,50;2685470,00;52
WDOV26;10/08/2026;13:00:00;5161,00;5161,00;5159,50;5159,50;361185,00;7
WDOV26;10/08/2026;12:55:00;5161,00;5163,00;5161,00;5163,00;567795,00;11
WDOV26;10/08/2026;12:50:00;5161,00;5161,00;5161,00;5161,00;51610,00;1
WDOV26;10/08/2026;12:40:00;5164,00;5164,00;5163,00;5163,00;877730,00;17
WDOV26;10/08/2026;12:35:00;5163,50;5163,50;5163,00;5163,00;103265,00;2
WDOV26;10/08/2026;12:30:00;5163,50;5163,50;5163,00;5163,00;1548960,00;30
WDOV26;10/08/2026;12:25:00;5164,00;5164,50;5163,50;5163,50;1342555,00;26
WDOV26;10/08/2026;12:20:00;5162,50;5162,50;5162,50;5162,50;2168250,00;42
WDOV26;10/08/2026;12:15:00;5163,00;5163,00;5163,00;5163,00;103260,00;2
WDOV26;10/08/2026;12:10:00;5162,50;5164,00;5162,50;5163,00;516325,00;10
WDOV26;10/08/2026;12:05:00;5159,50;5160,00;5159,50;5160,00;412775,00;8
WDOV26;10/08/2026;12:00:00;5161,00;5162,00;5160,00;5160,00;5935835,00;115
WDOV26;10/08/2026;11:50:00;5161,50;5162,00;5161,50;5161,50;722620,00;14
WDOV26;10/08/2026;11:45:00;5161,50;5161,50;5159,00;5160,00;3560710,00;69
WDOV26;10/08/2026;11:40:00;5160,00;5161,50;5160,00;5161,50;825810,00;16
WDOV26;10/08/2026;11:30:00;5159,50;5159,50;5158,00;5158,00;103175,00;2
WDOV26;10/08/2026;11:25:00;5160,50;5160,50;5159,50;5159,50;619200,00;12
WDOV26;10/08/2026;11:20:00;5160,00;5162,00;5160,00;5161,50;1032160,00;20
WDOV26;10/08/2026;11:15:00;5157,50;5160,00;5157,50;5158,50;412740,00;8
WDOV26;10/08/2026;11:10:00;5157,00;5157,50;5156,00;5157,50;1598535,00;31
WDOV26;10/08/2026;11:05:00;5157,50;5159,00;5157,00;5157,00;670525,00;13
WDOV26;10/08/2026;11:00:00;5158,00;5158,00;5156,50;5157,50;1289345,00;25
WDOV26;10/08/2026;10:55:00;5160,00;5161,00;5158,00;5158,00;6707825,00;130
WDOV26;10/08/2026;10:50:00;5157,00;5159,00;5157,00;5158,50;2269585,00;44
WDOV26;10/08/2026;10:45:00;5158,00;5158,00;5156,50;5156,50;1031585,00;20
WDOV26;10/08/2026;10:40:00;5156,00;5157,00;5156,00;5157,00;206270,00;4
WDOV26;10/08/2026;10:35:00;5154,00;5156,50;5153,50;5155,00;773225,00;15
WDOV26;10/08/2026;10:30:00;5152,00;5154,00;5151,50;5154,00;3297845,00;64
WDOV26;10/08/2026;10:25:00;5154,00;5154,00;5151,50;5151,50;2318470,00;45
WDOV26;10/08/2026;10:20:00;5150,50;5153,50;5150,50;5153,50;103040,00;2
WDOV26;10/08/2026;10:15:00;5152,00;5153,50;5152,00;5152,50;1391150,00;27
WDOV26;10/08/2026;10:10:00;5149,00;5151,00;5148,50;5150,50;1956820,00;38
WDOV26;10/08/2026;10:05:00;5151,00;5151,00;5150,50;5151,00;154525,00;3
WDOV26;10/08/2026;10:00:00;5150,50;5151,00;5150,50;5151,00;154525,00;3
WDOV26;10/08/2026;09:55:00;5152,50;5152,50;5151,50;5151,50;103040,00;2
WDOV26;10/08/2026;09:50:00;5153,50;5154,00;5153,00;5154,00;360735,00;7
WDOV26;10/08/2026;09:45:00;5154,50;5154,50;5154,00;5154,00;463865,00;9
WDOV26;10/08/2026;09:40:00;5154,00;5154,50;5153,50;5154,50;463855,00;9
WDOV26;10/08/2026;09:35:00;5152,50;5156,00;5152,00;5156,00;979060,00;19
WDOV26;10/08/2026;09:30:00;5149,50;5149,50;5149,00;5149,00;205970,00;4
WDOV26;10/08/2026;09:25:00;5152,00;5152,00;5152,00;5152,00;51520,00;1
WDOV26;10/08/2026;09:20:00;5152,00;5152,00;5151,00;5151,00;1545550,00;30
WDOV26;10/08/2026;09:15:00;5151,00;5152,00;5150,50;5152,00;1545290,00;30
WDOV26;10/08/2026;09:10:00;5147,00;5150,50;5147,00;5150,50;1493095,00;29
WDOV26;10/08/2026;09:05:00;5148,50;5148,50;5146,50;5148,50;7207585,00;140
WDOV26;10/08/2026;09:00:00;5147,50;5149,00;5144,00;5147,50;514580,00;10
WDOV26;07/08/2026;18:25:00;5142,50;5145,00;5142,00;5144,00;5400440,00;105
WDOV26;07/08/2026;18:20:00;5144,50;5144,50;5142,00;5143,00;1028495,00;20
WDOV26;07/08/2026;18:15:00;5145,50;5145,50;5143,50;5144,50;360130,00;7
WDOV26;07/08/2026;18:10:00;5145,50;5145,50;5145,50;5145,50;1646560,00;32
WDOV26;07/08/2026;18:05:00;5145,00;5145,00;5145,00;5145,00;617400,00;12
WDOV26;07/08/2026;17:55:00;5143,00;5145,00;5143,00;5145,00;462955,00;9
WDOV26;07/08/2026;17:50:00;5144,00;5144,00;5143,00;5143,50;411470,00;8
WDOV26;07/08/2026;17:45:00;5144,50;5145,50;5144,00;5144,00;1028900,00;20
WDOV26;07/08/2026;17:40:00;5144,50;5144,50;5144,50;5144,50;51445,00;1
WDOV26;07/08/2026;17:35:00;5146,00;5146,00;5146,00;5146,00;463140,00;9
WDOV26;07/08/2026;17:30:00;5146,00;5146,00;5145,50;5145,50;102915,00;2
WDOV26;07/08/2026;17:10:00;5147,00;5147,00;5147,00;5147,00;102940,00;2
WDOV26;07/08/2026;17:05:00;5146,00;5146,00;5145,50;5145,50;2058265,00;40
WDOV26;07/08/2026;16:45:00;5147,50;5147,50;5147,00;5147,00;154415,00;3
WDOV26;07/08/2026;16:35:00;5147,50;5148,50;5147,50;5148,50;102960,00;2
WDOV26;07/08/2026;16:30:00;5147,00;5147,00;5147,00;5147,00;51470,00;1
WDOV26;07/08/2026;16:25:00;5148,00;5148,50;5147,50;5148,50;257390,00;5
WDOV26;07/08/2026;16:20:00;5145,50;5147,50;5145,50;5147,50;205865,00;4
WDOV26;07/08/2026;16:10:00;5149,50;5149,50;5149,00;5149,00;411930,00;8
WDOV26;07/08/2026;16:05:00;5147,00;5149,50;5147,00;5149,50;514845,00;10
WDOV26;07/08/2026;16:00:00;5147,50;5148,50;5147,50;5148,00;205920,00;4
WDOV26;07/08/2026;15:55:00;5149,00;5149,00;5149,00;5149,00;205960,00;4
WDOV26;07/08/2026;15:50:00;5146,00;5146,00;5146,00;5146,00;51460,00;1
WDOV26;07/08/2026;15:40:00;5145,50;5146,00;5145,50;5146,00;154375,00;3
WDOV26;07/08/2026;15:30:00;5146,00;5146,00;5146,00;5146,00;51460,00;1
WDOV26;07/08/2026;15:20:00;5146,00;5148,00;5146,00;5147,50;566200,00;11
WDOV26;07/08/2026;15:15:00;5143,00;5143,00;5143,00;5143,00;102860,00;2
WDOV26;07/08/2026;15:10:00;5145,00;5145,00;5145,00;5145,00;51450,00;1
WDOV26;07/08/2026;15:00:00;5145,00;5145,00;5144,00;5144,00;102890,00;2
WDOV26;07/08/2026;14:40:00;5143,00;5145,50;5142,00;5145,50;411495,00;8
WDOV26;07/08/2026;14:35:00;5143,00;5143,00;5141,50;5141,50;205695,00;4
WDOV26;07/08/2026;14:30:00;5145,50;5145,50;5145,50;5145,50;51455,00;1
WDOV26;07/08/2026;14:25:00;5144,50;5145,50;5143,50;5145,50;977505,00;19
WDOV26;07/08/2026;14:20:00;5146,50;5146,50;5146,00;5146,00;566065,00;11
WDOV26;07/08/2026;14:15:00;5147,00;5147,00;5147,00;5147,00;51470,00;1
WDOV26;07/08/2026;14:10:00;5147,00;5148,00;5145,00;5146,00;1234970,00;24
WDOV26;07/08/2026;14:05:00;5147,00;5147,00;5146,00;5146,00;102930,00;2
WDOV26;07/08/2026;13:55:00;5151,00;5151,00;5151,00;5151,00;51510,00;1
WDOV26;07/08/2026;13:50:00;5150,00;5150,00;5150,00;5150,00;1030000,00;20
WDOV26;07/08/2026;13:35:00;5149,50;5150,00;5149,50;5150,00;154495,00;3
WDOV26;07/08/2026;13:30:00;5148,00;5149,00;5148,00;5149,00;154450,00;3
WDOV26;07/08/2026;13:25:00;5149,00;5150,00;5148,00;5148,00;669330,00;13
WDOV26;07/08/2026;13:20:00;5146,00;5149,00;5144,00;5149,00;360285,00;7
WDOV26;07/08/2026;13:15:00;5145,50;5146,00;5144,00;5145,50;4116435,00;80
WDOV26;07/08/2026;13:10:00;5149,50;5149,50;5144,50;5145,50;772150,00;15
WDOV26;07/08/2026;13:05:00;5150,00;5150,00;5149,00;5150,00;4995480,00;97
WDOV26;07/08/2026;13:00:00;5151,50;5151,50;5151,00;5151,00;154540,00;3
WDOV26;07/08/2026;12:55:00;5154,00;5154,00;5154,00;5154,00;51540,00;1
WDOV26;07/08/2026;12:45:00;5150,00;5150,50;5150,00;5150,50;927005,00;18
WDOV26;07/08/2026;12:30:00;5153,00;5155,00;5153,00;5155,00;103080,00;2
WDOV26;07/08/2026;12:20:00;5151,50;5151,50;5151,50;5151,50;51515,00;1
WDOV26;07/08/2026;12:15:00;5154,00;5154,00;5154,00;5154,00;51540,00;1
WDOV26;07/08/2026;12:10:00;5153,00;5153,00;5152,00;5152,00;103050,00;2
WDOV26;07/08/2026;12:05:00;5154,50;5154,50;5154,50;5154,50;51545,00;1
WDOV26;07/08/2026;12:00:00;5155,00;5155,50;5155,00;5155,50;154655,00;3
WDOV26;07/08/2026;11:55:00;5153,00;5153,00;5153,00;5153,00;51530,00;1
WDOV26;07/08/2026;11:50:00;5154,00;5154,00;5154,00;5154,00;463860,00;9
WDOV26;07/08/2026;11:45:00;5154,00;5154,00;5154,00;5154,00;103080,00;2
WDOV26;07/08/2026;11:40:00;5155,50;5155,50;5155,00;5155,00;103105,00;2
WDOV26;07/08/2026;11:35:00;5158,50;5158,50;5158,50;5158,50;51585,00;1
WDOV26;07/08/2026;11:20:00;5154,00;5154,00;5153,50;5153,50;206145,00;4
WDOV26;07/08/2026;11:15:00;5157,00;5157,00;5153,50;5153,50;567155,00;11
WDOV26;07/08/2026;11:10:00;5157,00;5157,00;5157,00;5157,00;51570,00;1
WDOV26;07/08/2026;11:05:00;5156,50;5156,50;5156,50;5156,50;103130,00;2
WDOV26;07/08/2026;10:55:00;5154,50;5160,00;5154,50;5159,50;773665,00;15
WDOV26;07/08/2026;10:50:00;5158,50;5161,00;5154,00;5154,00;9081095,00;176
WDOV26;07/08/2026;10:45:00;5156,00;5159,50;5156,00;5158,00;1495845,00;29
WDOV26;07/08/2026;10:40:00;5154,00;5154,00;5153,00;5153,50;257670,00;5
WDOV26;07/08/2026;10:35:00;5157,50;5157,50;5153,50;5153,50;360865,00;7
WDOV26;07/08/2026;10:30:00;5154,00;5159,00;5154,00;5157,00;1288985,00;25
WDOV26;07/08/2026;10:25:00;5152,00;5152,00;5150,00;5152,00;875655,00;17
WDOV26;07/08/2026;10:20:00;5153,00;5154,50;5153,00;5153,50;360755,00;7
WDOV26;07/08/2026;10:15:00;5150,00;5154,50;5150,00;5153,50;463745,00;9
WDOV26;07/08/2026;10:10:00;5151,50;5154,50;5151,00;5151,00;824505,00;16
WDOV26;07/08/2026;10:05:00;5151,50;5152,00;5150,50;5150,50;669695,00;13
WDOV26;07/08/2026;10:00:00;5145,50;5152,00;5144,50;5151,50;6128480,00;119
WDOV26;07/08/2026;09:55:00;5145,50;5148,50;5145,50;5147,00;514735,00;10
WDOV26;07/08/2026;09:45:00;5143,00;5143,00;5139,50;5141,00;565515,00;11
WDOV26;07/08/2026;09:40:00;5145,00;5145,00;5138,50;5141,50;6991205,00;136
WDOV26;07/08/2026;09:35:00;5140,00;5144,50;5140,00;5143,00;2108275,00;41
WDOV26;07/08/2026;09:30:00;5162,00;5168,00;5138,00;5138,00;22505725,00;437
WDOV26;07/08/2026;09:25:00;5163,50;5164,00;5163,50;5164,00;154910,00;3
WDOV26;07/08/2026;09:20:00;5164,00;5165,00;5164,00;5165,00;1032920,00;20
WDOV26;07/08/2026;09:15:00;5164,00;5164,00;5164,00;5164,00;51640,00;1
WDOV26;07/08/2026;09:10:00;5162,50;5164,00;5162,50;5164,00;464650,00;9
WDOV26;07/08/2026;09:05:00;5162,00;5164,50;5160,00;5164,00;3096875,00;60
WDOV26;07/08/2026;09:00:00;5161,50;5165,00;5160,50;5162,00;1755480,00;34
WDOV26;06/08/2026;18:25:00;5177,50;5178,00;5173,50;5174,50;3104430,00;60
WDOV26;06/08/2026;18:20:00;5178,50;5178,50;5177,50;5177,50;724910,00;14
WDOV26;06/08/2026;18:15:00;5176,50;5178,50;5176,50;5178,50;569555,00;11
WDOV26;06/08/2026;18:10:00;5177,00;5178,00;5177,00;5178,00;362445,00;7
WDOV26;06/08/2026;18:05:00;5175,50;5176,50;5175,50;5176,50;310570,00;6
WDOV26;06/08/2026;18:00:00;5175,00;5175,00;5175,00;5175,00;51750,00;1
WDOV26;06/08/2026;17:55:00;5175,50;5175,50;5174,50;5175,50;207000,00;4
WDOV26;06/08/2026;17:50:00;5175,00;5175,00;5175,00;5175,00;310500,00;6
WDOV26;06/08/2026;17:35:00;5174,50;5175,00;5174,00;5174,00;465730,00;9
WDOV26;06/08/2026;17:25:00;5175,00;5175,00;5175,00;5175,00;51750,00;1
WDOV26;06/08/2026;17:20:00;5174,50;5175,00;5174,50;5175,00;155245,00;3
WDOV26;06/08/2026;17:15:00;5173,50;5174,00;5173,50;5174,00;103475,00;2
WDOV26;06/08/2026;17:10:00;5173,00;5173,00;5172,00;5172,00;103450,00;2
WDOV26;06/08/2026;17:00:00;5170,00;5173,00;5170,00;5173,00;1706185,00;33
WDOV26;06/08/2026;16:55:00;5170,00;5170,00;5170,00;5170,00;51700,00;1
WDOV26;06/08/2026;16:50:00;5170,50;5170,50;5170,50;5170,50;155115,00;3
WDOV26;06/08/2026;16:45:00;5171,50;5171,50;5170,50;5170,50;206835,00;4
WDOV26;06/08/2026;16:40:00;5170,50;5170,50;5170,50;5170,50;51705,00;1
WDOV26;06/08/2026;16:35:00;5169,00;5169,00;5169,00;5169,00;51690,00;1
WDOV26;06/08/2026;16:30:00;5169,50;5169,50;5169,50;5169,50;51695,00;1
WDOV26;06/08/2026;16:25:00;5170,00;5171,00;5170,00;5170,00;206810,00;4
WDOV26;06/08/2026;16:20:00;5167,00;5167,00;5167,00;5167,00;51670,00;1
WDOV26;06/08/2026;16:15:00;5167,00;5167,00;5167,00;5167,00;103340,00;2
WDOV26;06/08/2026;16:00:00;5165,50;5166,00;5165,00;5166,00;309935,00;6
WDOV26;06/08/2026;15:45:00;5167,00;5167,00;5164,50;5164,50;361605,00;7
WDOV26;06/08/2026;15:40:00;5168,00;5168,00;5167,50;5167,50;361740,00;7
WDOV26;06/08/2026;15:35:00;5168,50;5168,50;5168,50;5168,50;206740,00;4
WDOV26;06/08/2026;15:20:00;5168,00;5169,50;5168,00;5169,50;103375,00;2
WDOV26;06/08/2026;15:10:00;5168,00;5168,00;5167,00;5167,00;103350,00;2
WDOV26;06/08/2026;14:50:00;5167,00;5168,00;5167,00;5168,00;103350,00;2
WDOV26;06/08/2026;14:40:00;5167,00;5167,00;5167,00;5167,00;51670,00;1
WDOV26;06/08/2026;14:35:00;5165,00;5165,00;5165,00;5165,00;51650,00;1
WDOV26;06/08/2026;14:30:00;5165,00;5165,00;5165,00;5165,00;51650,00;1
WDOV26;06/08/2026;14:20:00;5166,50;5166,50;5166,00;5166,00;103325,00;2
WDOV26;06/08/2026;14:15:00;5167,50;5168,50;5167,50;5168,50;155040,00;3
WDOV26;06/08/2026;14:05:00;5168,50;5168,50;5168,50;5168,50;103370,00;2
WDOV26;06/08/2026;14:00:00;5168,00;5168,00;5168,00;5168,00;51680,00;1
WDOV26;06/08/2026;13:55:00;5168,50;5168,50;5168,50;5168,50;51685,00;1
WDOV26;06/08/2026;13:50:00;5168,00;5168,00;5167,00;5167,00;103350,00;2
WDOV26;06/08/2026;13:45:00;5167,00;5167,00;5166,50;5167,00;258340,00;5
WDOV26;06/08/2026;13:40:00;5168,00;5168,50;5166,50;5168,00;465075,00;9
WDOV26;06/08/2026;13:30:00;5169,50;5169,50;5169,50;5169,50;51695,00;1
WDOV26;06/08/2026;13:25:00;5172,00;5172,00;5170,50;5170,50;672230,00;13
WDOV26;06/08/2026;13:20:00;5172,50;5172,50;5172,00;5172,00;827525,00;16
WDOV26;06/08/2026;13:15:00;5173,00;5173,00;5172,00;5172,00;517290,00;10
WDOV26;06/08/2026;13:10:00;5170,00;5173,00;5170,00;5173,00;155150,00;3
WDOV26;06/08/2026;13:05:00;5170,50;5170,50;5170,50;5170,50;51705,00;1
WDOV26;06/08/2026;13:00:00;5170,00;5171,00;5170,00;5171,00;310230,00;6
WDOV26;06/08/2026;12:55:00;5174,50;5174,50;5172,00;5172,00;827810,00;16
WDOV26;06/08/2026;12:50:00;5168,50;5174,00;5168,50;5174,00;5997420,00;116
WDOV26;06/08/2026;12:45:00;5168,50;5168,50;5168,50;5168,50;103370,00;2
WDOV26;06/08/2026;12:40:00;5169,00;5169,50;5168,50;5168,50;827035,00;16
WDOV26;06/08/2026;12:35:00;5167,00;5168,50;5167,00;5168,50;723525,00;14
WDOV26;06/08/2026;12:30:00;5165,00;5166,00;5165,00;5165,50;413245,00;8
WDOV26;06/08/2026;12:25:00;5163,00;5165,00;5162,50;5165,00;361405,00;7
WDOV26;06/08/2026;12:20:00;5165,00;5165,50;5165,00;5165,50;619835,00;12
WDOV26;06/08/2026;12:15:00;5162,00;5164,50;5162,00;5164,00;877860,00;17
WDOV26;06/08/2026;12:10:00;5158,50;5158,50;5158,50;5158,50;51585,00;1
WDOV26;06/08/2026;12:05:00;5158,00;5158,00;5158,00;5158,00;980020,00;19
WDOV26;06/08/2026;12:00:00;5158,00;5159,50;5158,00;5159,50;206355,00;4
WDOV26;06/08/2026;11:55:00;5159,00;5162,50;5159,00;5159,50;3148405,00;61
WDOV26;06/08/2026;11:50:00;5158,50;5159,50;5158,50;5159,50;309550,00;6
WDOV26;06/08/2026;11:45:00;5159,00;5159,00;5159,00;5159,00;103180,00;2
WDOV26;06/08/2026;11:40:00;5157,50;5157,50;5156,50;5156,50;2217325,00;43
WDOV26;06/08/2026;11:35:00;5157,50;5160,00;5157,50;5158,00;877135,00;17
WDOV26;06/08/2026;11:30:00;5158,50;5160,50;5157,50;5157,50;257950,00;5
WDOV26;06/08/2026;11:25:00;5160,00;5160,50;5159,00;5159,50;3147590,00;61
WDOV26;06/08/2026;11:20:00;5162,00;5163,00;5160,00;5160,00;20851730,00;404
WDOV26;06/08/2026;11:15:00;5162,50;5163,00;5161,00;5161,50;567865,00;11
WDOV26;06/08/2026;11:10:00;5162,50;5164,00;5162,00;5162,50;567915,00;11
WDOV26;06/08/2026;11:05:00;5163,00;5163,00;5161,50;5162,00;464595,00;9
WDOV26;06/08/2026;11:00:00;5162,50;5162,50;5160,00;5160,00;516075,00;10
WDOV26;06/08/2026;10:55:00;5161,50;5161,50;5161,50;5161,50;154845,00;3
WDOV26;06/08/2026;10:50:00;5165,50;5165,50;5162,00;5163,00;258165,00;5
WDOV26;06/08/2026;10:45:00;5166,00;5166,00;5164,00;5165,50;206600,00;4
WDOV26;06/08/2026;10:40:00;5163,00;5165,00;5163,00;5165,00;361485,00;7
WDOV26;06/08/2026;10:35:00;5165,50;5165,50;5161,50;5162,50;723025,00;14
WDOV26;06/08/2026;10:30:00;5168,50;5168,50;5165,50;5165,50;258310,00;5
WDOV26;06/08/2026;10:25:00;5164,00;5168,00;5162,50;5168,00;413225,00;8
WDOV26;06/08/2026;10:20:00;5166,50;5167,00;5162,50;5162,50;2117225,00;41
WDOV26;06/08/2026;10:15:00;5171,00;5171,00;5167,00;5167,00;6048810,00;117
WDOV26;06/08/2026;10:10:00;5173,50;5173,50;5172,50;5172,50;206920,00;4
WDOV26;06/08/2026;10:05:00;5175,00;5175,00;5175,00;5175,00;51750,00;1
WDOV26;06/08/2026;10:00:00;5172,50;5178,50;5172,50;5176,00;413970,00;8
WDOV26;06/08/2026;09:55:00;5175,50;5176,00;5175,50;5176,00;2639750,00;51
WDOV26;06/08/2026;09:50:00;5176,50;5176,50;5176,00;5176,00;103525,00;2
WDOV26;06/08/2026;09:45:00;5177,00;5177,50;5176,00;5176,50;414155,00;8
WDOV26;06/08/2026;09:40:00;5178,00;5181,50;5175,00;5175,00;207095,00;4
WDOV26;06/08/2026;09:35:00;5178,00;5178,00;5177,00;5178,00;569525,00;11
WDOV26;06/08/2026;09:30:00;5175,50;5178,00;5175,50;5178,00;724815,00;14
WDOV26;06/08/2026;09:25:00;5188,00;5188,00;5174,50;5175,00;8183810,00;158
WDOV26;06/08/2026;09:20:00;5188,50;5188,50;5188,50;5188,50;103770,00;2
WDOV26;06/08/2026;09:15:00;5189,00;5192,50;5189,00;5192,00;467160,00;9
WDOV26;06/08/2026;09:10:00;5190,00;5193,00;5189,50;5189,50;986295,00;19
WDOV26;06/08/2026;09:05:00;5187,00;5187,50;5185,00;5187,50;259330,00;5
WDOV26;06/08/2026;09:00:00;5186,00;5188,50;5182,00;5184,50;5342315,00;103
WDOV26;05/08/2026;18:25:00;5186,00;5186,00;5185,00;5186,00;5392730,00;104
WDOV26;05/08/2026;18:20:00;5187,50;5187,50;5185,50;5185,50;1970770,00;38
WDOV26;05/08/2026;18:15:00;5189,00;5189,00;5189,00;5189,00;103780,00;2
WDOV26;05/08/2026;18:05:00;5187,50;5187,50;5187,50;5187,50;51875,00;1
WDOV26;05/08/2026;18:00:00;5187,00;5187,00;5187,00;5187,00;881790,00;17
WDOV26;05/08/2026;17:55:00;5188,50;5188,50;5188,00;5188,00;415050,00;8
WDOV26;05/08/2026;17:50:00;5187,50;5191,50;5187,50;5190,50;622820,00;12
WDOV26;05/08/2026;17:35:00;5187,50;5187,50;5187,50;5187,50;155625,00;3
WDOV26;05/08/2026;17:30:00;5188,50;5188,50;5186,50;5187,00;726260,00;14
WDOV26;05/08/2026;17:25:00;5188,00;5188,50;5188,00;5188,50;363190,00;7
WDOV26;05/08/2026;17:20:00;5189,00;5189,00;5188,00;5189,00;3217155,00;62
WDOV26;05/08/2026;17:15:00;5191,50;5191,50;5189,50;5190,50;415240,00;8
WDOV26;05/08/2026;17:10:00;5195,00;5195,00;5191,50;5192,00;1038590,00;20
WDOV26;05/08/2026;17:05:00;5195,50;5195,50;5195,50;5195,50;51955,00;1
WDOV26;05/08/2026;16:55:00;5194,00;5194,00;5194,00;5194,00;51940,00;1
WDOV26;05/08/2026;16:50:00;5194,00;5194,00;5193,50;5193,50;155815,00;3
WDOV26;05/08/2026;16:45:00;5195,50;5195,50;5195,50;5195,50;51955,00;1
WDOV26;05/08/2026;16:40:00;5197,00;5197,00;5196,50;5196,50;259845,00;5
WDOV26;05/08/2026;16:35:00;5197,00;5197,00;5195,50;5196,50;519640,00;10
WDOV26;05/08/2026;16:30:00;5197,50;5197,50;5196,50;5197,00;3014020,00;58
WDOV26;05/08/2026;16:25:00;5196,00;5198,50;5196,00;5198,50;363775,00;7
WDOV26;05/08/2026;16:20:00;5195,00;5195,00;5195,00;5195,00;51950,00;1
WDOV26;05/08/2026;16:15:00;5195,00;5195,50;5193,50;5193,50;1298695,00;25
WDOV26;05/08/2026;16:10:00;5193,00;5194,00;5193,00;5194,00;103870,00;2
WDOV26;05/08/2026;16:05:00;5192,50;5192,50;5191,50;5191,50;103840,00;2
WDOV26;05/08/2026;16:00:00;5193,00;5194,50;5193,00;5193,00;259675,00;5
WDOV26;05/08/2026;15:55:00;5192,00;5192,00;5192,00;5192,00;51920,00;1
WDOV26;05/08/2026;15:50:00;5189,50;5189,50;5189,00;5189,00;103785,00;2
WDOV26;05/08/2026;15:45:00;5190,50;5190,50;5190,50;5190,50;51905,00;1
WDOV26;05/08/2026;15:40:00;5190,50;5190,50;5190,50;5190,50;51905,00;1
WDOV26;05/08/2026;15:35:00;5190,00;5190,00;5190,00;5190,00;103800,00;2
WDOV26;05/08/2026;15:30:00;5190,00;5191,50;5190,00;5191,50;103815,00;2
WDOV26;05/08/2026;15:25:00;5188,00;5189,50;5188,00;5189,50;155670,00;3
WDOV26;05/08/2026;15:20:00;5189,00;5189,00;5188,00;5188,00;674475,00;13
WDOV26;05/08/2026;15:15:00;5191,00;5191,00;5190,00;5190,00;103810,00;2
WDOV26;05/08/2026;15:00:00;5191,00;5191,00;5191,00;5191,00;51910,00;1
WDOV26;05/08/2026;14:45:00;5190,50;5193,00;5190,50;5191,50;467315,00;9
WDOV26;05/08/2026;14:40:00;5192,00;5192,00;5190,00;5191,00;311460,00;6
WDOV26;05/08/2026;14:30:00;5195,00;5195,50;5195,00;5195,50;155855,00;3
WDOV26;05/08/2026;14:25:00;5198,50;5198,50;5196,50;5197,00;311850,00;6
WDOV26;05/08/2026;14:20:00;5195,00;5200,00;5194,50;5198,00;2131425,00;41
WDOV26;05/08/2026;14:15:00;5193,00;5195,50;5193,00;5195,00;6130040,00;118
WDOV26;05/08/2026;14:10:00;5193,00;5193,00;5191,50;5191,50;1038540,00;20
WDOV26;05/08/2026;14:05:00;5193,00;5193,00;5193,00;5193,00;103860,00;2
WDOV26;05/08/2026;14:00:00;5191,00;5191,00;5190,50;5190,50;311435,00;6
WDOV26;05/08/2026;13:55:00;5191,00;5192,50;5191,00;5192,00;5866945,00;113
WDOV26;05/08/2026;13:50:00;5190,00;5190,50;5190,00;5190,00;2595050,00;50
WDOV26;05/08/2026;13:45:00;5189,00;5190,00;5189,00;5190,00;5397445,00;104
WDOV26;05/08/2026;13:40:00;5188,00;5189,00;5188,00;5188,00;155650,00;3
WDOV26;05/08/2026;13:35:00;5188,50;5189,50;5188,50;5189,50;311340,00;6
WDOV26;05/08/2026;13:30:00;5188,00;5188,00;5188,00;5188,00;415040,00;8
WDOV26;05/08/2026;13:25:00;5187,00;5187,00;5187,00;5187,00;51870,00;1
WDOV26;05/08/2026;13:20:00;5186,00;5186,00;5185,00;5185,00;311140,00;6
WDOV26;05/08/2026;13:15:00;5188,50;5188,50;5186,50;5186,50;103750,00;2
WDOV26;05/08/2026;13:10:00;5187,00;5190,00;5187,00;5189,00;5812580,00;112
WDOV26;05/08/2026;12:55:00;5182,50;5183,00;5182,50;5183,00;932910,00;18
WDOV26;05/08/2026;12:50:00;5183,00;5183,00;5183,00;5183,00;259150,00;5
WDOV26;05/08/2026;12:40:00;5182,50;5182,50;5182,50;5182,50;51825,00;1
WDOV26;05/08/2026;12:30:00;5181,50;5181,50;5181,50;5181,50;51815,00;1
WDOV26;05/08/2026;12:25:00;5180,00;5180,50;5178,50;5180,50;12379855,00;239
WDOV26;05/08/2026;12:20:00;5183,00;5183,00;5181,00;5181,00;621820,00;12
WDOV26;05/08/2026;12:15:00;5185,00;5188,00;5185,00;5185,50;622280,00;12
WDOV26;05/08/2026;12:10:00;5183,50;5185,00;5183,50;5185,00;5236820,00;101
WDOV26;05/08/2026;12:05:00;5186,00;5186,50;5186,00;5186,50;103725,00;2
WDOV26;05/08/2026;12:00:00;5184,00;5184,00;5183,50;5183,50;103675,00;2
WDOV26;05/08/2026;11:55:00;5187,00;5188,00;5187,00;5188,00;103750,00;2
WDOV26;05/08/2026;11:50:00;5187,50;5192,00;5187,50;5190,00;363290,00;7
WDOV26;05/08/2026;11:45:00;5190,00;5190,00;5190,00;5190,00;51900,00;1
WDOV26;05/08/2026;11:40:00;5187,00;5188,00;5187,00;5188,00;103750,00;2
WDOV26;05/08/2026;11:35:00;5185,00;5185,00;5185,00;5185,00;51850,00;1
WDOV26;05/08/2026;11:30:00;5192,50;5194,00;5185,00;5187,00;3996255,00;77
WDOV26;05/08/2026;11:25:00;5178,00;5193,50;5178,00;5193,00;18205345,00;351
WDOV26;05/08/2026;11:20:00;5171,00;5178,00;5171,00;5178,00;362205,00;7
WDOV26;05/08/2026;11:15:00;5170,00;5170,50;5170,00;5170,50;155105,00;3
WDOV26;05/08/2026;11:10:00;5168,00;5170,00;5168,00;5170,00;465140,00;9
WDOV26;05/08/2026;11:05:00;5170,00;5170,00;5165,00;5169,00;8012440,00;155
WDOV26;05/08/2026;11:00:00;5176,50;5176,50;5171,50;5171,50;6725970,00;130
WDOV26;05/08/2026;10:55:00;5179,00;5179,50;5175,50;5176,00;828365,00;16
WDOV26;05/08/2026;10:50:00;5182,00;5183,00;5180,00;5180,00;829045,00;16
WDOV26;05/08/2026;10:45:00;5182,00;5184,50;5181,50;5181,50;725640,00;14
WDOV26;05/08/2026;10:40:00;5179,00;5179,50;5179,00;5179,50;155380,00;3
WDOV26;05/08/2026;10:35:00;5180,50;5180,50;5178,00;5178,00;2847990,00;55
WDOV26;05/08/2026;10:30:00;5178,00;5178,00;5176,50;5176,50;155310,00;3
WDOV26;05/08/2026;10:25:00;5180,50;5180,50;5177,00;5177,00;1294790,00;25
WDOV26;05/08/2026;10:20:00;5183,00;5184,50;5180,00;5180,50;11396295,00;220
WDOV26;05/08/2026;10:15:00;5183,50;5183,50;5183,00;5183,00;103665,00;2
WDOV26;05/08/2026;10:10:00;5185,00;5187,50;5185,00;5187,50;2697225,00;52
WDOV26;05/08/2026;10:05:00;5186,50;5186,50;5183,00;5183,00;466640,00;9
WDOV26;05/08/2026;10:00:00;5186,50;5187,00;5186,50;5187,00;155605,00;3
WDOV26;05/08/2026;09:55:00;5188,00;5188,00;5186,00;5186,50;466800,00;9
WDOV26;05/08/2026;09:50:00;5184,50;5184,50;5184,50;5184,50;155535,00;3
WDOV26;05/08/2026;09:45:00;5185,00;5185,00;5185,00;5185,00;51850,00;1
WDOV26;05/08/2026;09:40:00;5185,00;5185,00;5183,50;5185,00;362890,00;7
WDOV26;05/08/2026;09:30:00;5190,00;5190,00;5188,50;5188,50;5605130,00;108
WDOV26;05/08/2026;09:25:00;5185,50;5185,50;5185,50;5185,50;103710,00;2
WDOV26;05/08/2026;09:20:00;5182,00;5182,00;5181,50;5182,00;984575,00;19
WDOV26;05/08/2026;09:15:00;5182,00;5182,00;5182,00;5182,00;51820,00;1
WDOV26;05/08/2026;09:10:00;5183,50;5184,50;5182,00;5182,00;311035,00;6
WDOV26;05/08/2026;09:05:00;5182,00;5182,50;5179,50;5181,00;10931225,00;211
WDOV26;05/08/2026;09:00:00;5185,00;5185,00;5174,00;5178,00;6835755,00;132
WDOV26;04/08/2026;18:25:00;5194,00;5194,00;5192,00;5193,50;1038650,00;20
WDOV26;04/08/2026;18:20:00;5197,00;5197,00;5194,50;5196,00;1350860,00;26
WDOV26;04/08/2026;18:15:00;5196,50;5198,00;5196,50;5197,50;1091415,00;21
WDOV26;04/08/2026;18:10:00;5196,50;5196,50;5196,00;5196,00;103925,00;2
WDOV26;04/08/2026;18:05:00;5197,50;5197,50;5197,00;5197,50;363815,00;7
WDOV26;04/08/2026;18:00:00;5198,50;5199,50;5198,50;5199,50;571930,00;11
WDOV26;04/08/2026;17:55:00;5195,50;5195,50;5194,50;5194,50;935090,00;18
WDOV26;04/08/2026;17:50:00;5194,00;5197,50;5194,00;5197,50;10440220,00;201
WDOV26;04/08/2026;17:45:00;5194,50;5194,50;5194,00;5194,00;467465,00;9
WDOV26;04/08/2026;17:30:00;5192,00;5192,50;5192,00;5192,50;155770,00;3
WDOV26;04/08/2026;17:25:00;5191,00;5192,50;5191,00;5191,50;986420,00;19
WDOV26;04/08/2026;17:20:00;5194,00;5194,00;5190,50;5190,50;2180245,00;42
WDOV26;04/08/2026;17:15:00;5197,00;5198,50;5194,00;5194,00;571645,00;11
WDOV26;04/08/2026;17:10:00;5195,50;5195,50;5194,00;5194,00;363645,00;7
WDOV26;04/08/2026;17:05:00;5195,50;5195,50;5195,50;5195,50;51955,00;1
WDOV26;04/08/2026;17:00:00;5199,00;5199,00;5195,50;5195,50;1299640,00;25
WDOV26;04/08/2026;16:55:00;5200,00;5200,00;5199,00;5199,00;1923670,00;37
WDOV26;04/08/2026;16:50:00;5202,00;5202,00;5201,00;5201,00;364105,00;7
WDOV26;04/08/2026;16:45:00;5202,50;5204,50;5202,50;5204,50;104070,00;2
WDOV26;04/08/2026;16:35:00;5204,00;5204,00;5204,00;5204,00;104080,00;2
WDOV26;04/08/2026;16:30:00;5202,50;5204,50;5202,50;5204,00;260185,00;5
WDOV26;04/08/2026;16:25:00;5201,50;5202,50;5201,00;5201,00;3017125,00;58
WDOV26;04/08/2026;16:20:00;5201,50;5202,00;5201,50;5201,50;2132625,00;41
WDOV26;04/08/2026;16:15:00;5202,00;5203,00;5202,00;5202,00;468235,00;9
WDOV26;04/08/2026;16:10:00;5201,50;5203,00;5201,50;5202,00;260115,00;5
WDOV26;04/08/2026;16:05:00;5203,50;5204,50;5201,50;5201,50;1404715,00;27
WDOV26;04/08/2026;16:00:00;5205,50;5205,50;5205,00;5205,00;364375,00;7
WDOV26;04/08/2026;15:55:00;5205,50;5206,50;5203,50;5204,00;10253530,00;197
WDOV26;04/08/2026;15:50:00;5212,50;5212,50;5204,50;5205,50;6667275,00;128
WDOV26;04/08/2026;15:45:00;5212,50;5215,00;5212,50;5213,50;886330,00;17
WDOV26;04/08/2026;15:40:00;5210,50;5213,00;5210,50;5213,00;1198750,00;23
WDOV26;04/08/2026;15:35:00;5205,50;5211,50;5205,50;5210,00;3646665,00;70
WDOV26;04/08/2026;15:30:00;5204,00;5207,00;5201,50;5207,00;936660,00;18
WDOV26;04/08/2026;15:25:00;5204,50;5211,00;5204,50;5205,00;5883810,00;113
WDOV26;04/08/2026;15:20:00;5203,50;5206,00;5203,50;5205,50;936865,00;18
WDOV26;04/08/2026;15:15:00;5197,00;5202,50;5196,50;5202,50;8267950,00;159
WDOV26;04/08/2026;15:10:00;5194,00;5198,50;5194,00;5198,00;5041160,00;97
WDOV26;04/08/2026;15:05:00;5191,50;5194,00;5191,00;5194,00;1349870,00;26
WDOV26;04/08/2026;15:00:00;5187,00;5192,50;5187,00;5192,50;8770680,00;169
WDOV26;04/08/2026;14:55:00;5184,00;5186,00;5184,00;5185,50;1192520,00;23
WDOV26;04/08/2026;14:50:00;5182,50;5186,00;5182,50;5185,00;4821925,00;93
WDOV26;04/08/2026;14:45:00;5182,00;5182,00;5182,00;5182,00;621840,00;12
WDOV26;04/08/2026;14:40:00;5181,00;5181,00;5181,00;5181,00;466290,00;9
WDOV26;04/08/2026;14:35:00;5180,50;5180,50;5179,50;5180,00;932330,00;18
WDOV26;04/08/2026;14:20:00;5179,50;5180,00;5179,00;5180,00;310770,00;6
WDOV26;04/08/2026;14:15:00;5178,50;5180,00;5178,50;5180,00;776985,00;15
WDOV26;04/08/2026;14:10:00;5178,00;5178,00;5178,00;5178,00;103560,00;2
WDOV26;04/08/2026;14:05:00;5177,50;5178,50;5177,50;5178,50;310660,00;6
WDOV26;04/08/2026;14:00:00;5178,00;5178,50;5178,00;5178,00;673165,00;13
WDOV26;04/08/2026;13:55:00;5179,50;5179,50;5177,50;5177,50;103570,00;2
WDOV26;04/08/2026;13:50:00;5179,00;5180,00;5178,50;5178,50;1294915,00;25
WDOV26;04/08/2026;13:40:00;5180,00;5180,00;5179,00;5179,00;103590,00;2
WDOV26;04/08/2026;13:35:00;5183,50;5185,50;5183,00;5183,00;1140655,00;22
WDOV26;04/08/2026;13:30:00;5182,50;5182,50;5182,00;5182,00;103645,00;2
WDOV26;04/08/2026;13:25:00;5182,00;5182,00;5182,00;5182,00;103640,00;2
WDOV26;04/08/2026;13:20:00;5182,50;5182,50;5182,50;5182,50;51825,00;1
WDOV26;04/08/2026;13:15:00;5182,50;5183,50;5182,50;5183,50;155485,00;3
WDOV26;04/08/2026;13:10:00;5180,00;5180,00;5180,00;5180,00;621600,00;12
WDOV26;04/08/2026;13:05:00;5179,00;5181,50;5179,00;5181,50;828905,00;16
WDOV26;04/08/2026;13:00:00;5179,00;5179,00;5177,50;5179,00;724960,00;14
WDOV26;04/08/2026;12:55:00;5178,50;5179,50;5178,00;5178,00;724950,00;14
WDOV26;04/08/2026;12:40:00;5178,50;5178,50;5177,50;5177,50;155340,00;3
WDOV26;04/08/2026;12:35:00;5181,00;5182,50;5179,00;5179,00;518090,00;10
WDOV26;04/08/2026;12:30:00;5179,00;5179,50;5179,00;5179,50;362560,00;7
WDOV26;04/08/2026;12:25:00;5179,00;5179,00;5178,00;5178,00;103570,00;2
WDOV26;04/08/2026;12:20:00;5180,50;5181,00;5179,00;5179,00;1813070,00;35
WDOV26;04/08/2026;12:15:00;5176,50;5180,00;5175,00;5180,00;7562100,00;146
WDOV26;04/08/2026;12:10:00;5174,50;5174,50;5174,50;5174,50;465705,00;9
WDOV26;04/08/2026;12:05:00;5172,00;5172,00;5172,00;5172,00;51720,00;1
WDOV26;04/08/2026;12:00:00;5172,50;5172,50;5171,00;5171,00;930845,00;18
WDOV26;04/08/2026;11:55:00;5174,00;5174,00;5171,50;5171,50;465615,00;9
WDOV26;04/08/2026;11:50:00;5175,50;5176,00;5174,00;5174,00;569270,00;11
WDOV26;04/08/2026;11:45:00;5173,00;5175,00;5173,00;5174,00;258690,00;5
WDOV26;04/08/2026;11:40:00;5171,50;5174,50;5170,50;5173,50;982730,00;19
WDOV26;04/08/2026;11:35:00;5173,50;5176,00;5170,00;5171,50;2534905,00;49
WDOV26;04/08/2026;11:25:00;5170,50;5171,00;5169,50;5170,50;1137460,00;22
WDOV26;04/08/2026;11:20:00;5171,50;5171,50;5170,00;5171,50;982365,00;19
WDOV26;04/08/2026;11:15:00;5172,00;5177,50;5172,00;5175,50;1087035,00;21
WDOV26;04/08/2026;11:10:00;5173,50;5173,50;5172,00;5172,50;1862185,00;36
WDOV26;04/08/2026;11:05:00;5170,50;5171,50;5170,50;5171,50;465355,00;9
WDOV26;04/08/2026;11:00:00;5172,50;5174,00;5170,00;5170,50;2741120,00;53
WDOV26;04/08/2026;10:55:00;5168,50;5174,50;5168,50;5172,00;3464670,00;67
WDOV26;04/08/2026;10:50:00;5167,50;5170,00;5167,00;5168,00;9305215,00;180
WDOV26;04/08/2026;10:45:00;5166,50;5170,00;5166,00;5169,50;1705850,00;33
WDOV26;04/08/2026;10:40:00;5164,50;5164,50;5164,50;5164,50;51645,00;1
WDOV26;04/08/2026;10:35:00;5163,00;5166,50;5163,00;5166,50;206585,00;4
WDOV26;04/08/2026;10:30:00;5163,00;5163,50;5162,00;5162,00;619500,00;12
WDOV26;04/08/2026;10:25:00;5165,00;5165,00;5163,00;5163,50;516365,00;10
WDOV26;04/08/2026;10:20:00;5166,00;5166,00;5162,00;5163,00;1239240,00;24
WDOV26;04/08/2026;10:15:00;5162,50;5165,00;5162,50;5165,00;309845,00;6
WDOV26;04/08/2026;10:10:00;5164,50;5164,50;5159,00;5162,50;1084015,00;21
WDOV26;04/08/2026;10:05:00;5166,00;5168,00;5163,50;5164,00;3357455,00;65
WDOV26;04/08/2026;10:00:00;5161,00;5166,50;5159,50;5166,50;7901840,00;153
WDOV26;04/08/2026;09:55:00;5157,00;5160,00;5157,00;5159,50;1031775,00;20
WDOV26;04/08/2026;09:50:00;5154,50;5158,00;5154,50;5157,00;928260,00;18
WDOV26;04/08/2026;09:45:00;5154,50;5154,50;5154,50;5154,50;51545,00;1
WDOV26;04/08/2026;09:40:00;5154,50;5157,50;5154,50;5157,00;257805,00;5
WDOV26;04/08/2026;09:35:00;5156,00;5156,00;5154,50;5154,50;567060,00;11
WDOV26;04/08/2026;09:30:00;5157,50;5157,50;5156,00;5156,00;618845,00;12
WDOV26;04/08/2026;09:25:00;5157,00;5161,50;5157,00;5157,50;773930,00;15
WDOV26;04/08/2026;09:20:00;5152,00;5155,00;5151,50;5154,00;309190,00;6
WDOV26;04/08/2026;09:15:00;5152,00;5156,00;5151,50;5153,50;1030775,00;20
WDOV26;04/08/2026;09:10:00;5148,00;5151,50;5148,00;5149,50;1338810,00;26
WDOV26;04/08/2026;09:05:00;5147,00;5147,50;5144,00;5147,50;1337975,00;26
WDOV26;04/08/2026;09:00:00;5146,00;5147,00;5140,00;5147,00;5348725,00;104
WDOV26;03/08/2026;18:25:00;5157,00;5157,00;5157,00;5157,00;4022460,00;78
WDOV26;03/08/2026;18:15:00;5157,50;5157,50;5157,00;5157,00;103145,00;2
WDOV26;03/08/2026;17:55:00;5154,50;5154,50;5154,50;5154,50;103090,00;2
WDOV26;03/08/2026;17:50:00;5153,00;5154,00;5153,00;5154,00;515370,00;10
WDOV26;03/08/2026;17:40:00;5150,00;5150,00;5150,00;5150,00;3193000,00;62
WDOV26;03/08/2026;17:35:00;5150,50;5150,50;5150,50;5150,50;51505,00;1
WDOV26;03/08/2026;17:20:00;5152,00;5152,00;5150,00;5150,00;360560,00;7
WDOV26;03/08/2026;17:10:00;5153,50;5153,50;5153,50;5153,50;51535,00;1
WDOV26;03/08/2026;17:05:00;5153,50;5153,50;5153,50;5153,50;103070,00;2
WDOV26;03/08/2026;17:00:00;5153,50;5153,50;5153,50;5153,50;103070,00;2
WDOV26;03/08/2026;16:50:00;5153,50;5153,50;5153,50;5153,50;206140,00;4
WDOV26;03/08/2026;16:40:00;5153,50;5153,50;5153,50;5153,50;51535,00;1
WDOV26;03/08/2026;16:35:00;5154,50;5154,50;5154,50;5154,50;51545,00;1
WDOV26;03/08/2026;16:20:00;5155,00;5155,00;5155,00;5155,00;51550,00;1
WDOV26;03/08/2026;16:15:00;5156,00;5156,00;5156,00;5156,00;51560,00;1
WDOV26;03/08/2026;16:05:00;5155,50;5156,00;5153,50;5156,00;566985,00;11
WDOV26;03/08/2026;15:50:00;5156,00;5156,00;5156,00;5156,00;103120,00;2
WDOV26;03/08/2026;15:35:00;5156,50;5156,50;5156,50;5156,50;51565,00;1
WDOV26;03/08/2026;15:25:00;5156,50;5157,50;5156,50;5157,50;206270,00;4
WDOV26;03/08/2026;15:15:00;5156,00;5156,00;5156,00;5156,00;51560,00;1
WDOV26;03/08/2026;15:10:00;5156,50;5156,50;5155,50;5156,00;257800,00;5
WDOV26;03/08/2026;15:05:00;5157,50;5157,50;5156,00;5156,00;412515,00;8
WDOV26;03/08/2026;15:00:00;5159,50;5159,50;5159,50;5159,50;154785,00;3
WDOV26;03/08/2026;14:55:00;5157,00;5160,00;5157,00;5159,50;5263140,00;102
WDOV26;03/08/2026;14:50:00;5157,00;5160,00;5157,00;5159,00;1238240,00;24
WDOV26;03/08/2026;14:40:00;5156,50;5156,50;5156,50;5156,50;51565,00;1
WDOV26;03/08/2026;14:35:00;5155,00;5156,50;5155,00;5156,00;464030,00;9
WDOV26;03/08/2026;14:30:00;5153,50;5153,50;5153,50;5153,50;103070,00;2
WDOV26;03/08/2026;14:25:00;5154,00;5154,00;5153,50;5153,50;876105,00;17
WDOV26;03/08/2026;14:20:00;5156,50;5158,50;5156,50;5158,50;980050,00;19
WDOV26;03/08/2026;14:15:00;5154,50;5155,00;5154,00;5155,00;309255,00;6
WDOV26;03/08/2026;14:05:00;5154,00;5154,00;5153,50;5153,50;927640,00;18
WDOV26;03/08/2026;14:00:00;5153,00;5157,00;5153,00;5154,00;1237340,00;24
WDOV26;03/08/2026;13:55:00;5152,00;5152,00;5152,00;5152,00;51520,00;1
WDOV26;03/08/2026;13:50:00;5151,00;5151,00;5151,00;5151,00;51510,00;1
WDOV26;03/08/2026;13:35:00;5150,50;5151,00;5150,50;5151,00;103015,00;2
WDOV26;03/08/2026;13:25:00;5151,50;5153,50;5150,50;5152,50;1493890,00;29
WDOV26;03/08/2026;13:20:00;5150,00;5150,50;5149,50;5150,50;824000,00;16
WDOV26;03/08/2026;13:15:00;5149,50;5149,50;5149,50;5149,50;51495,00;1
WDOV26;03/08/2026;13:05:00;5150,00;5150,00;5150,00;5150,00;154500,00;3
WDOV26;03/08/2026;13:00:00;5147,00;5147,00;5147,00;5147,00;51470,00;1
WDOV26;03/08/2026;12:55:00;5146,50;5148,00;5145,00;5145,00;566110,00;11
WDOV26;03/08/2026;12:50:00;5146,00;5146,00;5146,00;5146,00;257300,00;5
WDOV26;03/08/2026;12:45:00;5147,00;5148,00;5146,00;5147,50;1698695,00;33
WDOV26;03/08/2026;12:40:00;5148,50;5149,00;5146,00;5146,00;926785,00;18
WDOV26;03/08/2026;12:35:00;5151,50;5151,50;5151,50;5151,50;51515,00;1
WDOV26;03/08/2026;12:30:00;5153,00;5153,00;5152,00;5152,00;875855,00;17
WDOV26;03/08/2026;12:25:00;5150,00;5153,00;5150,00;5152,00;2060455,00;40
WDOV26;03/08/2026;12:10:00;5148,50;5148,50;5148,50;5148,50;102970,00;2
WDOV26;03/08/2026;12:05:00;5149,00;5149,00;5148,50;5148,50;102975,00;2
WDOV26;03/08/2026;12:00:00;5148,00;5148,00;5148,00;5148,00;102960,00;2
WDOV26;03/08/2026;11:55:00;5148,00;5148,00;5146,50;5147,00;411745,00;8
WDOV26;03/08/2026;11:50:00;5149,00;5149,00;5146,50;5149,00;977920,00;19
WDOV26;03/08/2026;11:45:00;5150,00;5153,00;5148,00;5152,00;2111770,00;41
WDOV26;03/08/2026;11:40:00;5149,00;5153,50;5149,00;5151,00;6592415,00;128
WDOV26;03/08/2026;11:35:00;5148,00;5148,00;5147,00;5147,00;205900,00;4
WDOV26;03/08/2026;11:30:00;5147,50;5150,00;5147,50;5148,50;823880,00;16
WDOV26;03/08/2026;11:20:00;5148,00;5148,00;5144,50;5145,50;1389605,00;27
WDOV26;03/08/2026;11:15:00;5144,50;5150,00;5143,50;5150,00;5660575,00;110
WDOV26;03/08/2026;11:10:00;5142,00;5143,00;5142,00;5142,50;359980,00;7
WDOV26;03/08/2026;11:05:00;5140,00;5143,00;5139,50;5143,00;2981450,00;58
WDOV26;03/08/2026;11:00:00;5138,00;5140,00;5136,50;5140,00;5293210,00;103
WDOV26;03/08/2026;10:55:00;5136,00;5136,00;5136,00;5136,00;102720,00;2
WDOV26;03/08/2026;10:45:00;5135,50;5136,00;5135,50;5136,00;821730,00;16
WDOV26;03/08/2026;10:40:00;5139,50;5139,50;5135,50;5135,50;513790,00;10
WDOV26;03/08/2026;10:35:00;5137,50;5139,00;5135,50;5139,00;1489575,00;29
WDOV26;03/08/2026;10:30:00;5131,50;5135,00;5131,50;5135,00;513265,00;10
WDOV26;03/08/2026;10:25:00;5133,00;5133,50;5132,50;5132,50;564630,00;11
WDOV26;03/08/2026;10:20:00;5132,00;5134,00;5132,00;5134,00;256645,00;5
WDOV26;03/08/2026;10:15:00;5130,50;5132,00;5130,50;5132,00;718325,00;14
WDOV26;03/08/2026;10:10:00;5131,50;5131,50;5131,00;5131,50;205255,00;4
WDOV26;03/08/2026;10:05:00;5128,00;5132,00;5128,00;5130,50;2719635,00;53
WDOV26;03/08/2026;10:00:00;5124,50;5131,00;5124,50;5131,00;2102275,00;41
WDOV26;03/08/2026;09:55:00;5127,50;5127,50;5124,50;5124,50;410070,00;8
WDOV26;03/08/2026;09:45:00;5133,00;5133,00;5133,00;5133,00;51330,00;1
WDOV26;03/08/2026;09:40:00;5133,00;5133,00;5133,00;5133,00;102660,00;2
WDOV26;03/08/2026;09:35:00;5128,00;5132,00;5128,00;5132,00;256505,00;5
WDOV26;03/08/2026;09:30:00;5137,00;5137,00;5129,00;5131,00;5438580,00;106
WDOV26;03/08/2026;09:25:00;5140,00;5140,50;5136,00;5136,00;154165,00;3
WDOV26;03/08/2026;09:20:00;5136,50;5139,50;5135,50;5137,50;308220,00;6
WDOV26;03/08/2026;09:15:00;5138,00;5140,00;5138,00;5140,00;205555,00;4
WDOV26;03/08/2026;09:10:00;5136,00;5139,00;5135,50;5137,00;616425,00;12
WDOV26;03/08/2026;09:05:00;5133,00;5138,00;5133,00;5134,50;2465505,00;48
WDOV26;03/08/2026;09:00:00;5141,50;5141,50;5130,00;5130,00;2155270,00;42
WDOV26;31/07/2026;18:20:00;5149,00;5151,00;5149,00;5151,00;5355990,00;104
WDOV26;31/07/2026;18:15:00;5146,50;5146,50;5146,50;5146,50;51465,00;1
WDOV26;31/07/2026;18:05:00;5148,00;5148,00;5148,00;5148,00;51480,00;1
WDOV26;31/07/2026;18:00:00;5146,00;5146,00;5146,00;5146,00;51460,00;1
WDOV26;31/07/2026;17:55:00;5142,50;5144,00;5140,00;5142,50;617030,00;12
WDOV26;31/07/2026;17:50:00;5140,00;5140,00;5140,00;5140,00;51400,00;1
WDOV26;31/07/2026;17:35:00;5142,50;5144,00;5140,00;5140,00;1131370,00;22
WDOV26;31/07/2026;17:30:00;5140,00;5140,00;5140,00;5140,00;257000,00;5
WDOV26;31/07/2026;17:25:00;5140,00;5140,00;5140,00;5140,00;102800,00;2
WDOV26;31/07/2026;17:20:00;5140,00;5140,00;5140,00;5140,00;51400,00;1
WDOV26;31/07/2026;17:05:00;5140,00;5143,00;5140,00;5140,50;154235,00;3
WDOV26;31/07/2026;16:50:00;5139,00;5139,00;5138,50;5138,50;102775,00;2
WDOV26;31/07/2026;16:45:00;5141,00;5141,00;5139,00;5139,00;4728820,00;92
WDOV26;31/07/2026;16:40:00;5143,00;5143,00;5142,00;5143,00;411410,00;8
WDOV26;31/07/2026;16:35:00;5145,00;5145,00;5145,00;5145,00;257250,00;5
WDOV26;31/07/2026;16:30:00;5144,00;5144,00;5144,00;5144,00;51440,00;1
WDOV26;31/07/2026;16:25:00;5143,00;5143,00;5143,00;5143,00;51430,00;1
WDOV26;31/07/2026;16:15:00;5144,00;5147,00;5144,00;5144,00;411625,00;8
WDOV26;31/07/2026;16:10:00;5143,00;5143,00;5143,00;5143,00;51430,00;1
WDOV26;31/07/2026;16:05:00;5141,50;5144,00;5141,50;5144,00;308605,00;6
WDOV26;31/07/2026;16:00:00;5142,00;5146,50;5142,00;5146,50;205765,00;4
WDOV26;31/07/2026;15:55:00;5145,00;5145,00;5143,00;5143,00;874470,00;17
WDOV26;31/07/2026;15:50:00;5144,50;5144,50;5144,00;5144,00;102885,00;2
WDOV26;31/07/2026;15:35:00;5146,00;5146,00;5144,00;5145,00;205800,00;4
WDOV26;31/07/2026;15:25:00;5144,00;5144,00;5144,00;5144,00;51440,00;1
WDOV26;31/07/2026;15:20:00;5144,00;5144,00;5144,00;5144,00;51440,00;1
WDOV26;31/07/2026;15:15:00;5144,00;5144,00;5144,00;5144,00;51440,00;1
WDOV26;31/07/2026;15:10:00;5146,00;5146,00;5144,00;5144,00;257245,00;5
WDOV26;31/07/2026;15:05:00;5146,50;5146,50;5142,50;5146,00;1029220,00;20
WDOV26;31/07/2026;15:00:00;5142,50;5142,50;5141,50;5141,50;102840,00;2
WDOV26;31/07/2026;14:55:00;5141,50;5143,00;5141,50;5143,00;257135,00;5
WDOV26;31/07/2026;14:50:00;5142,00;5142,00;5141,50;5142,00;359925,00;7
WDOV26;31/07/2026;14:45:00;5146,00;5149,50;5140,00;5144,00;3085490,00;60
WDOV26;31/07/2026;14:40:00;5142,50;5142,50;5142,00;5142,00;8330050,00;162
WDOV26;31/07/2026;14:35:00;5145,50;5145,50;5145,00;5145,00;102905,00;2
WDOV26;31/07/2026;14:25:00;5145,00;5145,00;5144,50;5144,50;102895,00;2
WDOV26;31/07/2026;14:20:00;5144,50;5144,50;5144,50;5144,50;154335,00;3
WDOV26;31/07/2026;14:15:00;5145,00;5145,50;5145,00;5145,00;360155,00;7
WDOV26;31/07/2026;14:10:00;5144,50;5145,50;5143,50;5145,00;565905,00;11
WDOV26;31/07/2026;14:05:00;5150,50;5150,50;5150,50;5150,50;51505,00;1
WDOV26;31/07/2026;13:55:00;5149,50;5150,00;5149,50;5150,00;5355995,00;104
WDOV26;31/07/2026;13:50:00;5150,00;5150,00;5150,00;5150,00;103000,00;2
WDOV26;31/07/2026;13:45:00;5147,00;5148,50;5145,50;5148,50;463195,00;9
WDOV26;31/07/2026;13:40:00;5145,00;5146,00;5145,00;5145,00;154360,00;3
WDOV26;31/07/2026;13:35:00;5143,00;5144,00;5143,00;5144,00;411510,00;8
WDOV26;31/07/2026;13:20:00;5139,50;5142,00;5139,50;5142,00;719625,00;14
WDOV26;31/07/2026;13:15:00;5140,00;5140,50;5138,00;5138,00;4214770,00;82
WDOV26;31/07/2026;13:10:00;5145,50;5145,50;5140,00;5140,00;976820,00;19
WDOV26;31/07/2026;13:05:00;5146,00;5146,00;5146,00;5146,00;51460,00;1
WDOV26;31/07/2026;13:00:00;5144,00;5145,50;5144,00;5144,50;565880,00;11
WDOV26;31/07/2026;12:55:00;5142,00;5144,50;5141,00;5144,50;411455,00;8
WDOV26;31/07/2026;12:50:00;5143,50;5143,50;5143,50;5143,50;102870,00;2
WDOV26;31/07/2026;12:45:00;5142,00;5146,00;5142,00;5146,00;257215,00;5
WDOV26;31/07/2026;12:40:00;5142,00;5142,00;5142,00;5142,00;51420,00;1
WDOV26;31/07/2026;12:35:00;5147,50;5150,00;5143,00;5146,00;1183755,00;23
WDOV26;31/07/2026;12:30:00;5140,00;5160,00;5140,00;5150,00;5150160,00;100
WDOV26;30/07/2026;18:20:00;5134,50;5134,50;5134,50;5134,50;51345,00;1
WDOV26;30/07/2026;18:10:00;5135,00;5135,00;5135,00;5135,00;102700,00;2
WDOV26;30/07/2026;18:00:00;5135,00;5135,00;5135,00;5135,00;51350,00;1
WDOV26;30/07/2026;17:50:00;5134,00;5134,00;5134,00;5134,00;51340,00;1
WDOV26;30/07/2026;17:35:00;5135,00;5135,00;5135,00;5135,00;51350,00;1
WDOV26;30/07/2026;17:20:00;5135,00;5135,00;5135,00;5135,00;102700,00;2
WDOV26;30/07/2026;16:55:00;5138,00;5138,00;5136,00;5136,00;308250,00;6
WDOV26;30/07/2026;16:45:00;5143,00;5143,00;5143,00;5143,00;51430,00;1
WDOV26;30/07/2026;16:40:00;5141,00;5141,00;5141,00;5141,00;51410,00;1
WDOV26;30/07/2026;16:25:00;5140,50;5140,50;5140,50;5140,50;51405,00;1
WDOV26;30/07/2026;16:05:00;5143,00;5143,00;5143,00;5143,00;51430,00;1
WDOV26;30/07/2026;15:25:00;5145,50;5145,50;5145,50;5145,50;51455,00;1
WDOV26;30/07/2026;14:35:00;5143,50;5143,50;5143,50;5143,50;360045,00;7
WDOV26;30/07/2026;13:40:00;5138,00;5141,00;5138,00;5141,00;4214900,00;82
WDOV26;30/07/2026;13:35:00;5136,50;5138,50;5136,50;5138,50;3082440,00;60
WDOV26;30/07/2026;13:15:00;5139,00;5139,00;5139,00;5139,00;359730,00;7
WDOV26;30/07/2026;12:55:00;5141,00;5141,00;5141,00;5141,00;51410,00;1
WDOV26;30/07/2026;12:20:00;5139,00;5139,00;5139,00;5139,00;51390,00;1
WDOV26;30/07/2026;12:10:00;5141,00;5141,50;5141,00;5141,50;1542425,00;30
WDOV26;30/07/2026;11:30:00;5145,50;5145,50;5145,50;5145,50;51455,00;1
WDOV26;30/07/2026;11:20:00;5145,50;5145,50;5143,00;5143,00;565755,00;11
WDOV26;30/07/2026;11:15:00;5142,00;5142,00;5142,00;5142,00;51420,00;1
WDOV26;30/07/2026;11:10:00;5143,50;5143,50;5143,50;5143,50;205740,00;4
WDOV26;30/07/2026;11:05:00;5144,50;5145,00;5144,50;5145,00;1028995,00;20
WDOV26;30/07/2026;10:55:00;5142,00;5142,00;5139,00;5139,00;1285035,00;25
WDOV26;30/07/2026;10:45:00;5145,00;5145,00;5140,50;5140,50;1234735,00;24
WDOV26;30/07/2026;10:35:00;5149,50;5149,50;5149,50;5149,50;51495,00;1
WDOV26;30/07/2026;10:30:00;5156,50;5156,50;5154,00;5154,00;154660,00;3
WDOV26;30/07/2026;10:20:00;5160,00;5160,00;5159,00;5159,00;5263185,00;102
WDOV26;30/07/2026;10:15:00;5163,00;5163,00;5163,00;5163,00;51630,00;1
WDOV26;30/07/2026;09:50:00;5170,00;5171,00;5170,00;5171,00;517090,00;10
WDOV26;30/07/2026;09:45:00;5164,50;5164,50;5164,50;5164,50;51645,00;1
WDOV26;30/07/2026;09:40:00;5167,50;5167,50;5167,50;5167,50;51675,00;1
WDOV26;30/07/2026;09:35:00;5167,00;5167,00;5167,00;5167,00;51670,00;1
WDOV26;30/07/2026;09:30:00;5165,00;5167,00;5165,00;5167,00;103320,00;2
WDOV26;30/07/2026;09:25:00;5167,50;5167,50;5165,50;5165,50;103330,00;2
WDOV26;30/07/2026;09:15:00;5173,00;5177,50;5173,00;5177,50;258820,00;5
WDOV26;30/07/2026;09:05:00;5173,50;5173,50;5173,50;5173,50;51735,00;1
WDOV26;29/07/2026;18:25:00;5192,00;5193,00;5192,00;5193,00;103850,00;2
WDOV26;29/07/2026;18:10:00;5188,50;5188,50;5188,50;5188,50;103770,00;2
WDOV26;29/07/2026;17:15:00;5188,50;5188,50;5188,50;5188,50;51885,00;1
WDOV26;29/07/2026;17:10:00;5189,50;5189,50;5189,50;5189,50;51895,00;1
WDOV26;29/07/2026;17:05:00;5189,00;5189,00;5189,00;5189,00;51890,00;1
WDOV26;29/07/2026;16:30:00;5180,00;5180,00;5180,00;5180,00;51800,00;1
WDOV26;29/07/2026;16:25:00;5167,50;5173,00;5167,50;5173,00;361780,00;7
WDOV26;29/07/2026;16:15:00;5164,00;5164,00;5164,00;5164,00;51640,00;1
WDOV26;29/07/2026;16:00:00;5169,00;5169,00;5166,00;5166,00;1136950,00;22
WDOV26;29/07/2026;15:45:00;5174,50;5174,50;5170,00;5170,00;1551190,00;30
WDOV26;29/07/2026;15:40:00;5185,00;5185,00;5182,00;5182,00;466595,00;9
WDOV26;29/07/2026;15:25:00;5196,00;5196,00;5196,00;5196,00;51960,00;1
WDOV26;29/07/2026;15:20:00;5193,00;5195,50;5193,00;5195,50;363535,00;7
WDOV26;29/07/2026;15:10:00;5189,00;5189,00;5189,00;5189,00;622680,00;12
WDOV26;29/07/2026;15:05:00;5186,00;5186,00;5186,00;5186,00;103720,00;2
WDOV26;29/07/2026;15:00:00;5195,00;5195,00;5185,00;5186,00;1973350,00;38
WDOV26;29/07/2026;12:15:00;5204,00;5204,00;5204,00;5204,00;312240,00;6
WDOV26;29/07/2026;12:00:00;5207,00;5207,00;5207,00;5207,00;52070,00;1
WDOV26;29/07/2026;11:40:00;5200,00;5203,00;5200,00;5203,00;468030,00;9
WDOV26;29/07/2026;11:25:00;5195,00;5198,00;5195,00;5198,00;103930,00;2
WDOV26;29/07/2026;11:10:00;5185,50;5185,50;5185,50;5185,50;155565,00;3
WDOV26;29/07/2026;11:00:00;5182,00;5182,00;5182,00;5182,00;310920,00;6
WDOV26;29/07/2026;10:50:00;5187,00;5187,00;5187,00;5187,00;51870,00;1
WDOV26;29/07/2026;10:30:00;5190,00;5190,00;5190,00;5190,00;415200,00;8
WDOV26;29/07/2026;10:15:00;5187,50;5187,50;5187,50;5187,50;1296875,00;25
WDOV26;29/07/2026;10:10:00;5187,50;5187,50;5187,50;5187,50;103750,00;2
WDOV26;29/07/2026;10:00:00;5189,50;5189,50;5185,00;5185,00;415060,00;8
WDOV26;29/07/2026;09:45:00;5191,00;5191,00;5189,50;5189,50;259515,00;5
WDOV26;29/07/2026;09:40:00;5193,00;5193,00;5193,00;5193,00;51930,00;1
WDOV26;29/07/2026;09:30:00;5198,00;5198,00;5198,00;5198,00;51980,00;1
WDOV26;29/07/2026;09:25:00;5192,00;5192,00;5192,00;5192,00;51920,00;1
WDOV26;29/07/2026;09:20:00;5195,00;5195,00;5195,00;5195,00;51950,00;1
WDOV26;29/07/2026;09:15:00;5198,00;5200,00;5198,00;5200,00;155980,00;3
WDOV26;29/07/2026;09:05:00;5192,00;5192,00;5192,00;5192,00;51920,00;1
WDOV26;29/07/2026;09:00:00;5195,50;5195,50;5195,50;5195,50;51955,00;1
WDOV26;28/07/2026;18:25:00;5200,00;5200,00;5200,00;5200,00;104000,00;2
WDOV26;28/07/2026;18:20:00;5200,00;5200,00;5200,00;5200,00;156000,00;3
WDOV26;28/07/2026;18:15:00;5196,00;5198,00;5196,00;5198,00;103940,00;2
WDOV26;28/07/2026;17:55:00;5195,00;5195,00;5195,00;5195,00;311700,00;6
WDOV26;28/07/2026;16:10:00;5192,00;5192,00;5192,00;5192,00;363440,00;7
WDOV26;28/07/2026;16:05:00;5193,00;5193,00;5193,00;5193,00;207720,00;4
WDOV26;28/07/2026;16:00:00;5193,00;5193,00;5193,00;5193,00;155790,00;3
WDOV26;28/07/2026;15:55:00;5193,00;5193,00;5193,00;5193,00;51930,00;1
WDOV26;28/07/2026;15:15:00;5190,00;5190,00;5190,00;5190,00;51900,00;1
WDOV26;28/07/2026;14:00:00;5185,00;5185,00;5185,00;5185,00;103700,00;2
WDOV26;28/07/2026;12:45:00;5184,00;5184,00;5184,00;5184,00;51840,00;1
WDOV26;28/07/2026;12:40:00;5186,00;5186,00;5186,00;5186,00;51860,00;1
WDOV26;28/07/2026;11:15:00;5200,00;5200,00;5200,00;5200,00;52000,00;1
WDOV26;28/07/2026;11:10:00;5197,50;5197,50;5197,50;5197,50;1039500,00;20
WDOV26;28/07/2026;11:00:00;5195,50;5195,50;5195,50;5195,50;103910,00;2
WDOV26;28/07/2026;10:45:00;5200,00;5200,00;5200,00;5200,00;104000,00;2
WDOV26;28/07/2026;10:05:00;5188,00;5188,00;5188,00;5188,00;51880,00;1
WDOV26;28/07/2026;09:45:00;5191,00;5191,00;5191,00;5191,00;51910,00;1
WDOV26;28/07/2026;09:30:00;5197,50;5197,50;5197,50;5197,50;51975,00;1
WDOV26;28/07/2026;09:25:00;5197,50;5197,50;5197,50;5197,50;259875,00;5
WDOV26;28/07/2026;09:20:00;5195,50;5195,50;5195,50;5195,50;51955,00;1
WDOV26;28/07/2026;09:10:00;5195,00;5195,00;5195,00;5195,00;51950,00;1
WDOV26;28/07/2026;09:00:00;5195,00;5195,00;5193,00;5193,00;311600,00;6
WDOV26;27/07/2026;18:20:00;5191,00;5191,00;5191,00;5191,00;51910,00;1
WDOV26;27/07/2026;18:10:00;5190,50;5190,50;5190,50;5190,50;51905,00;1
WDOV26;27/07/2026;17:50:00;5190,50;5190,50;5190,50;5190,50;51905,00;1
WDOV26;27/07/2026;17:35:00;5190,00;5190,00;5190,00;5190,00;103800,00;2
WDOV26;27/07/2026;17:00:00;5188,00;5188,00;5188,00;5188,00;51880,00;1
WDOV26;27/07/2026;16:40:00;5185,00;5185,00;5185,00;5185,00;1037000,00;20
WDOV26;27/07/2026;16:15:00;5185,00;5185,00;5185,00;5185,00;518500,00;10
WDOV26;27/07/2026;16:05:00;5185,00;5185,00;5185,00;5185,00;51850,00;1
WDOV26;27/07/2026;16:00:00;5185,00;5185,00;5185,00;5185,00;51850,00;1
WDOV26;27/07/2026;15:35:00;5185,00;5186,00;5185,00;5186,00;155560,00;3
WDOV26;27/07/2026;14:35:00;5182,00;5182,00;5182,00;5182,00;51820,00;1
WDOV26;27/07/2026;14:15:00;5182,00;5182,00;5182,00;5182,00;51820,00;1
WDOV26;27/07/2026;13:30:00;5175,00;5175,00;5175,00;5175,00;103500,00;2
WDOV26;27/07/2026;13:00:00;5178,00;5178,00;5178,00;5178,00;103560,00;2
WDOV26;27/07/2026;11:30:00;5185,00;5185,00;5185,00;5185,00;51850,00;1
WDOV26;27/07/2026;11:25:00;5177,50;5180,00;5177,50;5180,00;5387170,00;104
WDOV26;27/07/2026;10:55:00;5174,00;5174,00;5174,00;5174,00;103480,00;2
WDOV26;27/07/2026;10:30:00;5170,00;5171,50;5170,00;5171,50;103415,00;2
WDOV26;27/07/2026;10:25:00;5170,00;5170,00;5170,00;5170,00;51700,00;1
WDOV26;27/07/2026;10:05:00;5170,00;5170,00;5166,00;5166,00;103360,00;2
WDOV26;27/07/2026;10:00:00;5162,00;5166,50;5162,00;5166,50;103285,00;2
WDOV26;27/07/2026;09:40:00;5159,50;5159,50;5159,50;5159,50;51595,00;1
WDOV26;27/07/2026;09:20:00;5156,50;5156,50;5156,50;5156,50;515650,00;10
WDOV26;24/07/2026;18:20:00;5168,50;5168,50;5165,50;5165,50;103340,00;2
WDOV26;24/07/2026;18:05:00;5163,00;5163,00;5163,00;5163,00;1032600,00;20
WDOV26;24/07/2026;18:00:00;5162,50;5162,50;5162,50;5162,50;51625,00;1
WDOV26;24/07/2026;17:50:00;5159,50;5160,00;5159,50;5160,00;103195,00;2
WDOV26;24/07/2026;17:40:00;5160,00;5160,00;5160,00;5160,00;980400,00;19
WDOV26;24/07/2026;17:30:00;5160,00;5160,00;5160,00;5160,00;51600,00;1
WDOV26;24/07/2026;17:05:00;5160,00;5160,00;5160,00;5160,00;1238400,00;24
WDOV26;24/07/2026;17:00:00;5159,50;5160,00;5159,50;5160,00;4231170,00;82
WDOV26;24/07/2026;16:55:00;5159,00;5159,00;5159,00;5159,00;51590,00;1
WDOV26;24/07/2026;16:45:00;5156,00;5156,00;5156,00;5156,00;309360,00;6
WDOV26;24/07/2026;16:35:00;5156,00;5156,00;5156,00;5156,00;51560,00;1
WDOV26;24/07/2026;16:20:00;5155,00;5155,00;5155,00;5155,00;51550,00;1
WDOV26;24/07/2026;16:15:00;5154,00;5154,00;5154,00;5154,00;103080,00;2
WDOV26;24/07/2026;16:05:00;5153,50;5153,50;5153,00;5153,00;103065,00;2
WDOV26;24/07/2026;15:30:00;5150,00;5150,00;5150,00;5150,00;154500,00;3
WDOV26;24/07/2026;15:20:00;5149,00;5149,00;5149,00;5149,00;51490,00;1
WDOV26;24/07/2026;14:55:00;5150,00;5150,00;5150,00;5150,00;3965500,00;77
WDOV26;24/07/2026;14:50:00;5150,00;5150,00;5150,00;5150,00;927000,00;18
WDOV26;24/07/2026;14:05:00;5150,00;5150,00;5150,00;5150,00;103000,00;2
WDOV26;24/07/2026;13:40:00;5147,50;5147,50;5147,50;5147,50;51475,00;1
WDOV26;24/07/2026;12:15:00;5130,00;5130,00;5130,00;5130,00;256500,00;5
WDOV26;24/07/2026;12:10:00;5136,50;5136,50;5133,00;5133,00;821600,00;16
WDOV26;24/07/2026;12:05:00;5140,00;5142,00;5140,00;5142,00;1182255,00;23
WDOV26;24/07/2026;12:00:00;5140,00;5140,00;5140,00;5140,00;4728800,00;92
WDOV26;24/07/2026;11:55:00;5140,00;5140,00;5140,00;5140,00;411200,00;8
WDOV26;24/07/2026;11:30:00;5147,50;5147,50;5147,50;5147,50;617700,00;12
WDOV26;24/07/2026;11:20:00;5147,50;5147,50;5147,50;5147,50;51475,00;1
WDOV26;24/07/2026;11:10:00;5150,00;5150,00;5150,00;5150,00;51500,00;1
WDOV26;24/07/2026;11:00:00;5150,00;5150,00;5150,00;5150,00;51500,00;1
WDOV26;24/07/2026;09:50:00;5156,00;5156,00;5156,00;5156,00;51560,00;1
WDOV26;24/07/2026;09:20:00;5154,00;5155,00;5154,00;5155,00;103090,00;2
WDOV26;23/07/2026;18:25:00;5161,50;5161,50;5161,50;5161,50;51615,00;1
WDOV26;23/07/2026;17:45:00;5161,50;5161,50;5161,50;5161,50;154845,00;3
WDOV26;23/07/2026;17:25:00;5163,00;5163,00;5163,00;5163,00;51630,00;1
WDOV26;23/07/2026;16:30:00;5163,00;5163,00;5163,00;5163,00;258150,00;5
WDOV26;23/07/2026;15:10:00;5171,50;5171,50;5171,50;5171,50;103430,00;2
WDOV26;23/07/2026;14:20:00;5166,50;5166,50;5166,50;5166,50;51665,00;1
WDOV26;23/07/2026;13:40:00;5167,50;5167,50;5167,50;5167,50;51675,00;1
WDOV26;23/07/2026;12:40:00;5163,00;5163,00;5163,00;5163,00;258150,00;5
WDOV26;23/07/2026;12:30:00;5170,00;5170,00;5170,00;5170,00;51700,00;1
WDOV26;23/07/2026;12:25:00;5165,00;5167,00;5165,00;5167,00;154980,00;3
WDOV26;23/07/2026;12:15:00;5162,00;5162,00;5162,00;5162,00;51620,00;1
WDOV26;23/07/2026;11:35:00;5156,00;5156,00;5156,00;5156,00;51560,00;1
WDOV26;23/07/2026;11:30:00;5155,50;5155,50;5155,50;5155,50;515550,00;10
WDOV26;23/07/2026;11:25:00;5157,50;5157,50;5157,00;5157,00;103145,00;2
WDOV26;23/07/2026;11:20:00;5161,00;5161,00;5161,00;5161,00;51610,00;1
WDOV26;23/07/2026;11:15:00;5156,00;5160,00;5156,00;5160,00;257920,00;5
WDOV26;23/07/2026;10:55:00;5166,00;5166,00;5166,00;5166,00;258300,00;5
WDOV26;23/07/2026;10:25:00;5167,00;5167,00;5166,00;5166,00;258340,00;5
WDOV26;23/07/2026;10:20:00;5167,50;5167,50;5167,50;5167,50;51675,00;1
WDOV26;23/07/2026;10:10:00;5170,00;5170,00;5170,00;5170,00;51700,00;1
WDOV26;23/07/2026;10:05:00;5160,00;5160,00;5160,00;5160,00;5160000,00;100
WDOV26;23/07/2026;10:00:00;5159,00;5159,00;5159,00;5159,00;51590,00;1
WDOV26;23/07/2026;09:45:00;5166,00;5166,00;5166,00;5166,00;51660,00;1
WDOV26;23/07/2026;09:20:00;5158,00;5158,00;5158,00;5158,00;51580,00;1
WDOV26;23/07/2026;09:15:00;5158,00;5158,00;5158,00;5158,00;51580,00;1
WDOV26;23/07/2026;09:10:00;5149,00;5150,50;5149,00;5150,50;102995,00;2
WDOV26;23/07/2026;09:05:00;5153,00;5155,00;5151,50;5155,00;875925,00;17
WDOV26;23/07/2026;09:00:00;5154,50;5155,00;5148,00;5149,00;411985,00;8
WDOV26;22/07/2026;18:25:00;5136,00;5136,00;5135,50;5136,00;256790,00;5
WDOV26;22/07/2026;18:20:00;5137,50;5138,50;5137,50;5138,50;822010,00;16
WDOV26;22/07/2026;17:55:00;5138,50;5138,50;5138,50;5138,50;51385,00;1
WDOV26;22/07/2026;17:40:00;5134,50;5138,50;5134,50;5138,50;1027500,00;20
WDOV26;22/07/2026;16:55:00;5134,00;5134,00;5134,00;5134,00;102680,00;2
WDOV26;22/07/2026;16:50:00;5140,00;5140,00;5140,00;5140,00;51400,00;1
WDOV26;22/07/2026;14:40:00;5142,00;5142,00;5141,00;5141,00;102830,00;2
WDOV26;22/07/2026;12:35:00;5141,50;5141,50;5141,50;5141,50;51415,00;1
WDOV26;22/07/2026;12:25:00;5143,00;5143,00;5143,00;5143,00;51430,00;1
WDOV26;22/07/2026;11:00:00;5137,00;5137,00;5135,00;5135,00;154070,00;3
WDOV26;22/07/2026;10:55:00;5141,50;5141,50;5141,50;5141,50;514150,00;10
WDOV26;22/07/2026;10:40:00;5143,50;5143,50;5142,50;5142,50;257145,00;5
WDOV26;22/07/2026;10:30:00;5145,00;5145,00;5145,00;5145,00;51450,00;1
WDOV26;22/07/2026;10:20:00;5150,00;5150,00;5149,50;5149,50;1132995,00;22
WDOV26;22/07/2026;09:35:00;5158,00;5158,00;5158,00;5158,00;51580,00;1
WDOV26;22/07/2026;09:15:00;5155,50;5157,00;5155,50;5157,00;515625,00;10
WDOV26;21/07/2026;18:00:00;5154,50;5154,50;5154,50;5154,50;1855620,00;36
WDOV26;21/07/2026;17:30:00;5154,00;5154,00;5154,00;5154,00;51540,00;1
WDOV26;21/07/2026;16:20:00;5152,50;5152,50;5152,50;5152,50;772875,00;15
WDOV26;21/07/2026;14:50:00;5155,00;5155,00;5155,00;5155,00;51550,00;1
WDOV26;21/07/2026;14:05:00;5153,50;5153,50;5153,50;5153,50;1185305,00;23
WDOV26;21/07/2026;14:00:00;5159,00;5159,00;5159,00;5159,00;103180,00;2
WDOV26;21/07/2026;13:50:00;5158,00;5158,00;5158,00;5158,00;51580,00;1
WDOV26;21/07/2026;11:55:00;5165,00;5165,00;5165,00;5165,00;51650,00;1
WDOV26;21/07/2026;11:25:00;5160,00;5160,00;5160,00;5160,00;51600,00;1
WDOV26;21/07/2026;11:20:00;5164,00;5164,00;5164,00;5164,00;51640,00;1
WDOV26;21/07/2026;10:30:00;5164,00;5164,00;5164,00;5164,00;51640,00;1
WDOV26;21/07/2026;09:45:00;5155,00;5155,50;5155,00;5155,50;1598200,00;31
WDOV26;21/07/2026;09:35:00;5156,00;5156,00;5156,00;5156,00;51560,00;1
WDOV26;21/07/2026;09:10:00;5165,00;5165,00;5158,50;5158,50;103235,00;2
WDOV26;21/07/2026;09:05:00;5165,00;5165,00;5165,00;5165,00;51650,00;1
WDOV26;20/07/2026;18:25:00;5179,50;5179,50;5179,50;5179,50;51795,00;1
WDOV26;20/07/2026;16:35:00;5175,00;5175,00;5175,00;5175,00;51750,00;1
WDOV26;20/07/2026;16:30:00;5175,00;5175,00;5174,00;5174,00;258720,00;5
WDOV26;20/07/2026;16:25:00;5175,00;5176,00;5175,00;5175,00;155260,00;3
WDOV26;20/07/2026;15:50:00;5175,00;5175,00;5175,00;5175,00;51750,00;1
WDOV26;20/07/2026;15:45:00;5180,00;5180,00;5180,00;5180,00;51800,00;1
WDOV26;20/07/2026;15:30:00;5178,00;5178,00;5178,00;5178,00;51780,00;1
WDOV26;20/07/2026;13:40:00;5173,50;5173,50;5173,50;5173,50;206940,00;4
WDOV26;20/07/2026;13:15:00;5169,00;5169,00;5169,00;5169,00;51690,00;1
WDOV26;20/07/2026;12:55:00;5167,00;5170,50;5167,00;5170,50;103375,00;2
WDOV26;20/07/2026;12:25:00;5174,00;5174,00;5174,00;5174,00;51740,00;1
WDOV26;20/07/2026;10:45:00;5174,00;5174,00;5174,00;5174,00;51740,00;1
WDOV26;20/07/2026;10:00:00;5179,00;5179,00;5179,00;5179,00;51790,00;1
WDOV26;20/07/2026;09:50:00;5180,00;5180,00;5180,00;5180,00;1087800,00;21
WDOV26;20/07/2026;09:10:00;5192,50;5192,50;5192,50;5192,50;51925,00;1
WDOV26;20/07/2026;09:05:00;5193,50;5193,50;5193,50;5193,50;207740,00;4
WDOV26;17/07/2026;18:20:00;5199,00;5199,00;5199,00;5199,00;51990,00;1
WDOV26;17/07/2026;17:05:00;5192,50;5192,50;5192,50;5192,50;51925,00;1
WDOV26;17/07/2026;16:40:00;5196,00;5196,00;5196,00;5196,00;207840,00;4
WDOV26;17/07/2026;16:30:00;5196,00;5196,00;5196,00;5196,00;51960,00;1
WDOV26;17/07/2026;15:30:00;5196,00;5196,00;5196,00;5196,00;51960,00;1
WDOV26;17/07/2026;12:55:00;5196,00;5196,00;5196,00;5196,00;103920,00;2
WDOV26;17/07/2026;11:50:00;5195,50;5195,50;5195,50;5195,50;103910,00;2
WDOV26;17/07/2026;11:35:00;5200,00;5200,00;5200,00;5200,00;104000,00;2
WDOV26;17/07/2026;11:15:00;5207,00;5207,00;5201,50;5201,50;468520,00;9
WDOV26;17/07/2026;11:05:00;5210,00;5210,00;5210,00;5210,00;52100,00;1
WDOV26;17/07/2026;10:35:00;5219,50;5220,00;5216,00;5216,00;365195,00;7
WDOV26;17/07/2026;10:20:00;5218,50;5218,50;5218,50;5218,50;52185,00;1
WDOV26;17/07/2026;10:15:00;5212,50;5212,50;5212,50;5212,50;104250,00;2
WDOV26;17/07/2026;10:00:00;5210,00;5212,50;5210,00;5212,50;1146700,00;22
WDOV26;17/07/2026;09:55:00;5207,00;5207,00;5207,00;5207,00;52070,00;1
WDOV26;17/07/2026;09:30:00;5207,00;5207,00;5207,00;5207,00;104140,00;2
WDOV26;16/07/2026;17:30:00;5187,00;5187,00;5187,00;5187,00;51870,00;1
WDOV26;16/07/2026;16:55:00;5187,00;5187,00;5187,00;5187,00;259350,00;5
WDOV26;16/07/2026;14:05:00;5197,00;5200,50;5197,00;5200,50;259955,00;5
WDOV26;16/07/2026;12:25:00;5186,50;5186,50;5186,50;5186,50;103730,00;2
WDOV26;16/07/2026;11:50:00;5191,50;5191,50;5191,50;5191,50;51915,00;1
WDOV26;16/07/2026;11:35:00;5189,50;5191,50;5189,50;5191,50;519050,00;10
WDOV26;16/07/2026;11:10:00;5186,00;5186,00;5186,00;5186,00;51860,00;1
WDOV26;16/07/2026;11:00:00;5186,00;5186,00;5186,00;5186,00;259300,00;5
WDOV26;16/07/2026;10:50:00;5187,50;5187,50;5187,50;5187,50;259375,00;5
WDOV26;16/07/2026;10:35:00;5188,00;5188,50;5188,00;5188,50;311285,00;6
WDOV26;16/07/2026;10:30:00;5190,00;5190,00;5190,00;5190,00;1141800,00;22
WDOV26;16/07/2026;09:35:00;5179,50;5179,50;5179,50;5179,50;155385,00;3
WDOV26;16/07/2026;09:30:00;5180,00;5180,00;5180,00;5180,00;51800,00;1
WDOV26;16/07/2026;09:15:00;5180,00;5180,00;5180,00;5180,00;51800,00;1
WDOV26;16/07/2026;09:00:00;5180,00;5180,00;5180,00;5180,00;1036000,00;20
WDOV26;15/07/2026;17:10:00;5163,50;5163,50;5163,50;5163,50;877795,00;17
WDOV26;15/07/2026;17:05:00;5166,50;5166,50;5166,50;5166,50;258325,00;5
WDOV26;15/07/2026;16:25:00;5167,50;5167,50;5167,50;5167,50;51675,00;1
WDOV26;15/07/2026;16:15:00;5167,00;5167,50;5167,00;5167,50;361715,00;7
WDOV26;15/07/2026;16:10:00;5167,00;5167,00;5167,00;5167,00;310020,00;6
WDOV26;15/07/2026;14:30:00;5168,00;5168,00;5168,00;5168,00;258400,00;5
WDOV26;15/07/2026;13:55:00;5174,00;5176,00;5174,00;5176,00;258740,00;5
WDOV26;15/07/2026;12:35:00;5174,00;5174,00;5174,00;5174,00;51740,00;1
WDOV26;15/07/2026;12:20:00;5171,50;5171,50;5171,50;5171,50;465435,00;9
WDOV26;15/07/2026;12:10:00;5170,00;5170,00;5170,00;5170,00;258500,00;5
WDOV26;15/07/2026;11:50:00;5166,50;5166,50;5166,50;5166,50;51665,00;1
WDOV26;15/07/2026;11:40:00;5168,50;5168,50;5167,50;5167,50;103360,00;2
WDOV26;15/07/2026;11:20:00;5170,00;5171,50;5170,00;5171,50;103415,00;2
WDOV26;15/07/2026;11:00:00;5164,00;5164,00;5164,00;5164,00;51640,00;1
WDOV26;15/07/2026;10:00:00;5150,00;5150,00;5150,00;5150,00;1030000,00;20
WDOV26;15/07/2026;09:45:00;5158,00;5158,00;5158,00;5158,00;51580,00;1
WDOV26;15/07/2026;09:30:00;5168,00;5168,00;5158,00;5158,00;619175,00;12
WDOV26;15/07/2026;09:25:00;5169,00;5169,00;5169,00;5169,00;103380,00;2
WDOV26;15/07/2026;09:20:00;5170,00;5170,00;5170,00;5170,00;51700,00;1
WDOV26;15/07/2026;09:15:00;5169,00;5169,00;5169,00;5169,00;103380,00;2
WDOV26;15/07/2026;09:05:00;5170,00;5174,00;5170,00;5174,00;310240,00;6
WDOV26;14/07/2026;18:15:00;5165,00;5167,00;5165,00;5167,00;154980,00;3
WDOV26;14/07/2026;18:10:00;5162,50;5162,50;5162,50;5162,50;516250,00;10
WDOV26;14/07/2026;18:05:00;5163,00;5163,00;5161,50;5161,50;103245,00;2
WDOV26;14/07/2026;18:00:00;5166,00;5166,00;5165,00;5165,00;103310,00;2
WDOV26;14/07/2026;17:55:00;5168,00;5168,00;5168,00;5168,00;51680,00;1
WDOV26;14/07/2026;14:00:00;5163,00;5163,00;5163,00;5163,00;1032600,00;20
WDOV26;14/07/2026;13:35:00;5172,50;5172,50;5172,50;5172,50;51725,00;1
WDOV26;14/07/2026;12:00:00;5162,00;5162,00;5162,00;5162,00;51620,00;1
WDOV26;14/07/2026;11:55:00;5163,50;5163,50;5163,50;5163,50;51635,00;1
WDOV26;14/07/2026;11:30:00;5163,50;5163,50;5163,50;5163,50;51635,00;1
WDOV26;14/07/2026;10:40:00;5169,00;5169,00;5169,00;5169,00;258450,00;5
WDOV26;14/07/2026;10:30:00;5167,50;5167,50;5167,50;5167,50;51675,00;1
WDOV26;14/07/2026;10:25:00;5164,00;5170,50;5164,00;5170,50;103345,00;2
WDOV26;14/07/2026;10:15:00;5170,00;5170,00;5170,00;5170,00;51700,00;1
WDOV26;14/07/2026;10:05:00;5175,00;5176,50;5172,50;5176,50;1138490,00;22
WDOV26;14/07/2026;09:35:00;5173,00;5173,00;5172,50;5172,50;103455,00;2
WDOV26;14/07/2026;09:30:00;5191,50;5191,50;5163,50;5163,50;828745,00;16
WDOV26;14/07/2026;09:25:00;5200,00;5200,00;5200,00;5200,00;52000,00;1
WDOV26;14/07/2026;09:15:00;5210,00;5210,00;5210,00;5210,00;104200,00;2
WDOV26;14/07/2026;09:10:00;5217,50;5217,50;5217,50;5217,50;208700,00;4
WDOV26;14/07/2026;09:00:00;5219,50;5219,50;5219,50;5219,50;52195,00;1
WDOV26;13/07/2026;17:50:00;5233,00;5233,00;5233,00;5233,00;104660,00;2
WDOV26;13/07/2026;17:40:00;5230,00;5230,00;5230,00;5230,00;52300,00;1
WDOV26;13/07/2026;15:20:00;5230,00;5230,00;5230,00;5230,00;261500,00;5
WDOV26;13/07/2026;15:15:00;5227,00;5227,00;5227,00;5227,00;52270,00;1
WDOV26;13/07/2026;14:05:00;5227,00;5227,00;5227,00;5227,00;993130,00;19
WDOV26;13/07/2026;13:35:00;5230,00;5230,00;5230,00;5230,00;52300,00;1
WDOV26;13/07/2026;11:50:00;5225,00;5226,50;5220,00;5226,50;156715,00;3
WDOV26;13/07/2026;11:45:00;5219,00;5220,50;5219,00;5220,50;104395,00;2
WDOV26;13/07/2026;11:15:00;5219,00;5225,00;5219,00;5219,50;4648850,00;89
WDOV26;13/07/2026;10:15:00;5217,00;5219,00;5217,00;5219,00;156550,00;3
WDOV26;13/07/2026;09:40:00;5213,00;5213,00;5213,00;5213,00;52130,00;1
WDOV26;13/07/2026;09:20:00;5216,00;5216,00;5216,00;5216,00;104320,00;2
WDOV26;13/07/2026;09:10:00;5214,00;5214,00;5214,00;5214,00;52140,00;1
WDOV26;13/07/2026;09:00:00;5210,50;5210,50;5210,50;5210,50;52105,00;1
WDOV26;10/07/2026;18:00:00;5204,50;5204,50;5204,50;5204,50;1040900,00;20
WDOV26;10/07/2026;17:15:00;5202,50;5202,50;5202,50;5202,50;520250,00;10
WDOV26;10/07/2026;16:10:00;5207,00;5207,00;5207,00;5207,00;52070,00;1
WDOV26;10/07/2026;15:25:00;5204,50;5205,00;5204,50;5205,00;104095,00;2
WDOV26;10/07/2026;14:50:00;5203,00;5203,00;5203,00;5203,00;52030,00;1
WDOV26;10/07/2026;14:15:00;5201,50;5201,50;5201,50;5201,50;52015,00;1
WDOV26;10/07/2026;14:00:00;5202,50;5204,50;5202,50;5204,50;1613375,00;31
WDOV26;10/07/2026;13:55:00;5201,00;5201,00;5201,00;5201,00;260050,00;5
WDOV26;10/07/2026;13:25:00;5197,00;5197,00;5197,00;5197,00;259850,00;5
WDOV26;10/07/2026;13:20:00;5198,00;5198,00;5198,00;5198,00;1039600,00;20
WDOV26;10/07/2026;12:55:00;5204,50;5204,50;5204,50;5204,50;520450,00;10
WDOV26;10/07/2026;12:50:00;5200,00;5200,00;5200,00;5200,00;52000,00;1
WDOV26;10/07/2026;12:30:00;5200,50;5202,50;5200,50;5202,50;104030,00;2
WDOV26;10/07/2026;12:15:00;5200,00;5200,00;5200,00;5200,00;52000,00;1
WDOV26;10/07/2026;11:30:00;5223,00;5223,00;5223,00;5223,00;52230,00;1
WDOV26;10/07/2026;11:10:00;5213,00;5213,00;5213,00;5213,00;521300,00;10
WDOV26;10/07/2026;09:50:00;5210,00;5210,00;5210,00;5210,00;52100,00;1
WDOV26;10/07/2026;09:20:00;5212,50;5212,50;5212,50;5212,50;52125,00;1
WDOV26;10/07/2026;09:10:00;5212,50;5212,50;5211,00;5211,00;573360,00;11
WDOV26;09/07/2026;18:20:00;5210,00;5210,00;5210,00;5210,00;52100,00;1
WDOV26;09/07/2026;18:10:00;5210,00;5210,00;5210,00;5210,00;52100,00;1
WDOV26;09/07/2026;17:30:00;5222,00;5222,00;5222,00;5222,00;52220,00;1
WDOV26;09/07/2026;17:25:00;5220,50;5220,50;5220,50;5220,50;52205,00;1
WDOV26;09/07/2026;17:00:00;5220,00;5220,00;5220,00;5220,00;1305000,00;25
WDOV26;09/07/2026;15:25:00;5222,00;5222,00;5222,00;5222,00;522200,00;10
WDOV26;09/07/2026;14:35:00;5212,50;5212,50;5212,50;5212,50;1042500,00;20
WDOV26;09/07/2026;12:50:00;5224,00;5224,00;5224,00;5224,00;52240,00;1
WDOV26;09/07/2026;12:10:00;5220,00;5220,00;5220,00;5220,00;52200,00;1
WDOV26;09/07/2026;12:05:00;5220,00;5220,00;5220,00;5220,00;52200,00;1
WDOV26;09/07/2026;11:45:00;5225,00;5225,00;5225,00;5225,00;313500,00;6
WDOV26;09/07/2026;11:40:00;5230,00;5230,00;5230,00;5230,00;52300,00;1
WDOV26;09/07/2026;11:20:00;5230,00;5230,00;5230,00;5230,00;784500,00;15
WDOV26;09/07/2026;11:15:00;5234,50;5234,50;5234,50;5234,50;52345,00;1
WDOV26;09/07/2026;11:00:00;5240,00;5240,00;5234,50;5234,50;157130,00;3
WDOV26;09/07/2026;09:20:00;5238,50;5238,50;5238,50;5238,50;785775,00;15
WDOV26;08/07/2026;18:05:00;5251,00;5251,00;5251,00;5251,00;52510,00;1
WDOV26;08/07/2026;17:30:00;5251,00;5251,00;5251,00;5251,00;52510,00;1
WDOV26;08/07/2026;17:25:00;5250,00;5250,00;5250,00;5250,00;52500,00;1
WDOV26;08/07/2026;17:20:00;5249,00;5249,00;5249,00;5249,00;52490,00;1
WDOV26;08/07/2026;17:05:00;5249,50;5249,50;5249,50;5249,50;787425,00;15
WDOV26;08/07/2026;15:10:00;5245,00;5245,00;5245,00;5245,00;52450,00;1
WDOV26;08/07/2026;15:00:00;5250,00;5250,00;5250,00;5250,00;52500,00;1
WDOV26;08/07/2026;14:20:00;5250,00;5250,00;5250,00;5250,00;3937500,00;75
WDOV26;08/07/2026;12:35:00;5260,00;5260,00;5260,00;5260,00;3945000,00;75
WDOV26;08/07/2026;12:05:00;5255,50;5255,50;5255,50;5255,50;52555,00;1
WDOV26;08/07/2026;11:10:00;5251,00;5251,00;5251,00;5251,00;105020,00;2
WDOV26;08/07/2026;10:25:00;5245,00;5245,00;5245,00;5245,00;104900,00;2
WDOV26;08/07/2026;10:10:00;5244,50;5245,50;5244,50;5245,00;209795,00;4
WDOV26;08/07/2026;10:00:00;5250,00;5250,00;5250,00;5250,00;105000,00;2
WDOV26;08/07/2026;09:55:00;5247,00;5247,00;5247,00;5247,00;104940,00;2
WDOV26;08/07/2026;09:50:00;5245,00;5245,00;5245,00;5245,00;52450,00;1
WDOV26;08/07/2026;09:40:00;5251,00;5251,00;5251,00;5251,00;105020,00;2
WDOV26;08/07/2026;09:35:00;5252,50;5253,00;5252,00;5252,00;892905,00;17
WDOV26;08/07/2026;09:30:00;5254,50;5254,50;5250,00;5250,00;210090,00;4
WDOV26;08/07/2026;09:20:00;5253,50;5253,50;5253,50;5253,50;52535,00;1
WDOV26;08/07/2026;09:15:00;5256,00;5256,00;5253,00;5253,00;210180,00;4
WDOV26;08/07/2026;09:05:00;5263,00;5263,00;5260,50;5260,50;105235,00;2
WDOV26;08/07/2026;09:00:00;5275,50;5275,50;5271,50;5271,50;422000,00;8
WDOV26;07/07/2026;18:15:00;5270,00;5271,00;5270,00;5271,00;210820,00;4
WDOV26;07/07/2026;17:55:00;5261,00;5261,00;5261,00;5261,00;52610,00;1
WDOV26;07/07/2026;16:45:00;5255,00;5255,00;5254,00;5254,00;788130,00;15
WDOV26;07/07/2026;16:35:00;5260,00;5260,00;5255,00;5255,00;105150,00;2
WDOV26;07/07/2026;16:25:00;5259,50;5261,00;5259,50;5261,00;210410,00;4
WDOV26;07/07/2026;16:15:00;5265,00;5265,00;5265,00;5265,00;52650,00;1
WDOV26;07/07/2026;16:10:00;5260,50;5260,50;5260,50;5260,50;52605,00;1
WDOV26;07/07/2026;16:05:00;5260,50;5260,50;5260,50;5260,50;105210,00;2
WDOV26;07/07/2026;15:50:00;5257,00;5257,00;5257,00;5257,00;105140,00;2
WDOV26;07/07/2026;15:45:00;5255,00;5255,00;5255,00;5255,00;52550,00;1
WDOV26;07/07/2026;15:35:00;5247,00;5247,00;5247,00;5247,00;262350,00;5
WDOV26;07/07/2026;12:55:00;5255,00;5255,00;5255,00;5255,00;52550,00;1
WDOV26;07/07/2026;12:35:00;5249,00;5249,50;5248,50;5248,50;1574575,00;30
WDOV26;07/07/2026;12:25:00;5249,00;5249,50;5248,00;5249,50;3149425,00;60
WDOV26;07/07/2026;11:45:00;5248,00;5248,00;5248,00;5248,00;104960,00;2
WDOV26;07/07/2026;11:40:00;5249,50;5249,50;5249,50;5249,50;104990,00;2
WDOV26;07/07/2026;11:10:00;5250,00;5250,00;5250,00;5250,00;105000,00;2
WDOV26;07/07/2026;10:50:00;5247,50;5247,50;5246,50;5247,00;1049440,00;20
WDOV26;07/07/2026;09:25:00;5235,50;5235,50;5235,50;5235,50;104710,00;2
WDOV26;06/07/2026;18:15:00;5229,00;5229,00;5229,00;5229,00;52290,00;1
WDOV26;06/07/2026;16:00:00;5234,50;5234,50;5234,50;5234,50;52345,00;1
WDOV26;06/07/2026;15:45:00;5235,00;5235,00;5235,00;5235,00;52350,00;1
WDOV26;06/07/2026;15:30:00;5238,50;5238,50;5238,50;5238,50;104770,00;2
WDOV26;06/07/2026;15:00:00;5237,00;5237,00;5237,00;5237,00;52370,00;1
WDOV26;06/07/2026;14:40:00;5239,50;5239,50;5239,50;5239,50;52395,00;1
WDOV26;06/07/2026;14:20:00;5242,50;5242,50;5242,50;5242,50;1572750,00;30
WDOV26;06/07/2026;14:10:00;5250,50;5250,50;5250,50;5250,50;52505,00;1
WDOV26;06/07/2026;14:00:00;5253,50;5253,50;5253,50;5253,50;52535,00;1
WDOV26;06/07/2026;13:50:00;5254,00;5254,00;5254,00;5254,00;157620,00;3
WDOV26;06/07/2026;12:55:00;5253,50;5253,50;5253,50;5253,50;105070,00;2
WDOV26;06/07/2026;12:50:00;5255,00;5255,00;5255,00;5255,00;52550,00;1
WDOV26;06/07/2026;12:35:00;5265,00;5266,50;5261,50;5261,50;1210945,00;23
WDOV26;06/07/2026;12:25:00;5271,00;5271,00;5269,50;5269,50;158115,00;3
WDOV26;06/07/2026;11:10:00;5269,00;5269,00;5269,00;5269,00;1475320,00;28
WDOV26;06/07/2026;10:55:00;5276,00;5276,00;5276,00;5276,00;105520,00;2
WDOV26;06/07/2026;10:45:00;5271,50;5271,50;5271,50;5271,50;1317875,00;25
WDOV26;06/07/2026;10:35:00;5277,50;5277,50;5277,50;5277,50;263875,00;5
WDOV26;06/07/2026;10:10:00;5277,50;5277,50;5277,50;5277,50;52775,00;1
WDOV26;06/07/2026;09:55:00;5282,00;5282,00;5282,00;5282,00;52820,00;1
WDOV26;06/07/2026;09:15:00;5278,50;5278,50;5278,50;5278,50;52785,00;1
WDOV26;06/07/2026;09:05:00;5287,00;5287,00;5287,00;5287,00;105740,00;2
WDOV26;06/07/2026;09:00:00;5280,00;5287,00;5280,00;5287,00;1372870,00;26
WDOV26;03/07/2026;18:25:00;5279,00;5279,00;5279,00;5279,00;52790,00;1
WDOV26;03/07/2026;18:10:00;5278,00;5278,00;5278,00;5278,00;52780,00;1
WDOV26;03/07/2026;17:35:00;5275,50;5275,50;5275,50;5275,50;52755,00;1
WDOV26;03/07/2026;16:05:00;5276,50;5276,50;5276,50;5276,50;52765,00;1
WDOV26;03/07/2026;15:55:00;5274,50;5274,50;5274,50;5274,50;52745,00;1
WDOV26;03/07/2026;15:40:00;5276,00;5276,00;5276,00;5276,00;52760,00;1
WDOV26;03/07/2026;15:35:00;5274,00;5275,00;5274,00;5275,00;105490,00;2
WDOV26;03/07/2026;14:00:00;5277,00;5277,00;5277,00;5277,00;52770,00;1
WDOV26;03/07/2026;12:05:00;5276,00;5276,00;5276,00;5276,00;1055200,00;20
WDOV26;03/07/2026;11:50:00;5283,00;5283,00;5280,00;5280,00;316950,00;6
WDOV26;03/07/2026;10:10:00;5282,50;5282,50;5282,50;5282,50;52825,00;1
WDOV26;03/07/2026;10:00:00;5280,00;5280,00;5280,00;5280,00;1056000,00;20
WDOV26;03/07/2026;09:40:00;5289,00;5289,00;5289,00;5289,00;52890,00;1
WDOV26;03/07/2026;09:35:00;5285,00;5290,50;5284,50;5290,50;1162710,00;22
WDOV26;03/07/2026;09:30:00;5286,50;5286,50;5286,50;5286,50;370055,00;7
WDOV26;03/07/2026;09:20:00;5295,00;5298,50;5295,00;5298,50;105935,00;2
WDOV26;03/07/2026;09:05:00;5300,00;5300,00;5300,00;5300,00;15900000,00;300
WDOV26;03/07/2026;09:00:00;5303,00;5303,00;5303,00;5303,00;53030,00;1
WDOV26;02/07/2026;18:10:00;5309,00;5309,00;5309,00;5309,00;53090,00;1
WDOV26;02/07/2026;16:25:00;5320,00;5320,00;5320,00;5320,00;53200,00;1
WDOV26;02/07/2026;16:00:00;5312,50;5312,50;5312,50;5312,50;53125,00;1
WDOV26;02/07/2026;15:55:00;5315,00;5315,00;5315,00;5315,00;265750,00;5
WDOV26;02/07/2026;15:50:00;5312,00;5312,00;5312,00;5312,00;53120,00;1
WDOV26;02/07/2026;15:00:00;5324,00;5324,00;5324,00;5324,00;53240,00;1
WDOV26;02/07/2026;13:35:00;5323,50;5323,50;5323,50;5323,50;53235,00;1
WDOV26;02/07/2026;13:15:00;5323,50;5323,50;5323,50;5323,50;53235,00;1
WDOV26;02/07/2026;13:10:00;5311,50;5311,50;5311,50;5311,50;53115,00;1
WDOV26;02/07/2026;13:05:00;5314,00;5315,50;5314,00;5315,50;637840,00;12
WDOV26;02/07/2026;12:20:00;5305,00;5305,00;5305,00;5305,00;265250,00;5
WDOV26;02/07/2026;11:45:00;5305,50;5305,50;5305,50;5305,50;795825,00;15
WDOV26;02/07/2026;11:25:00;5304,50;5304,50;5304,50;5304,50;53045,00;1
WDOV26;02/07/2026;10:40:00;5290,50;5290,50;5290,50;5290,50;52905,00;1
WDOV26;02/07/2026;10:35:00;5295,50;5295,50;5295,50;5295,50;529550,00;10
WDOV26;02/07/2026;10:25:00;5305,00;5305,00;5305,00;5305,00;1114050,00;21
WDOV26;02/07/2026;10:10:00;5293,00;5293,00;5293,00;5293,00;264650,00;5
WDOV26;02/07/2026;10:05:00;5293,00;5293,00;5293,00;5293,00;52930,00;1
WDOV26;02/07/2026;10:00:00;5298,50;5298,50;5298,50;5298,50;105970,00;2
WDOV26;02/07/2026;09:45:00;5273,50;5277,00;5273,50;5277,00;105505,00;2
WDOV26;02/07/2026;09:35:00;5270,50;5273,50;5270,00;5273,50;158140,00;3
WDOV26;02/07/2026;09:30:00;5294,50;5294,50;5291,00;5291,00;105855,00;2
WDOV26;02/07/2026;09:25:00;5319,50;5319,50;5319,50;5319,50;53195,00;1
WDOV26;02/07/2026;09:05:00;5310,00;5310,00;5310,00;5310,00;53100,00;1
WDOV26;01/07/2026;18:20:00;5319,00;5319,00;5319,00;5319,00;159570,00;3
WDOV26;01/07/2026;16:55:00;5320,00;5320,00;5320,00;5320,00;106400,00;2
WDOV26;01/07/2026;16:40:00;5320,00;5320,00;5320,00;5320,00;106400,00;2
WDOV26;01/07/2026;16:30:00;5319,50;5319,50;5319,50;5319,50;53195,00;1
WDOV26;01/07/2026;15:50:00;5316,50;5316,50;5316,50;5316,50;53165,00;1
WDOV26;01/07/2026;15:30:00;5315,50;5315,50;5315,50;5315,50;53155,00;1
WDOV26;01/07/2026;15:15:00;5310,00;5310,00;5310,00;5310,00;53100,00;1
WDOV26;01/07/2026;14:10:00;5307,00;5307,00;5307,00;5307,00;53070,00;1
WDOV26;01/07/2026;12:05:00;5320,00;5320,00;5320,00;5320,00;1064000,00;20
WDOV26;01/07/2026;12:00:00;5311,50;5311,50;5311,50;5311,50;53115,00;1
WDOV26;01/07/2026;11:55:00;5311,50;5311,50;5311,50;5311,50;53115,00;1
WDOV26;01/07/2026;11:50:00;5310,00;5312,50;5310,00;5312,50;106225,00;2
WDOV26;01/07/2026;11:45:00;5310,00;5310,00;5310,00;5310,00;106200,00;2
WDOV26;01/07/2026;11:30:00;5302,50;5302,50;5302,50;5302,50;53025,00;1
WDOV26;01/07/2026;09:20:00;5293,00;5293,00;5293,00;5293,00;52930,00;1
WDOV26;01/07/2026;09:05:00;5289,00;5298,00;5289,00;5298,00;211700,00;4
WDOV26;30/06/2026;17:50:00;5278,00;5278,00;5278,00;5278,00;52780,00;1
WDOV26;30/06/2026;16:40:00;5279,00;5279,00;5279,00;5279,00;52790,00;1
WDOV26;30/06/2026;16:35:00;5281,50;5281,50;5281,50;5281,50;52815,00;1
WDOV26;30/06/2026;14:55:00;5282,50;5282,50;5282,50;5282,50;52825,00;1
WDOV26;30/06/2026;14:35:00;5280,50;5280,50;5280,50;5280,50;52805,00;1
WDOV26;30/06/2026;09:20:00;5307,00;5307,00;5307,00;5307,00;53070,00;1
WDOV26;29/06/2026;17:50:00;5286,00;5288,00;5286,00;5288,00;105740,00;2
WDOV26;29/06/2026;17:45:00;5285,00;5286,00;5285,00;5286,00;105710,00;2
WDOV26;29/06/2026;17:40:00;5283,00;5284,00;5283,00;5284,00;105670,00;2
WDOV26;29/06/2026;09:05:00;5293,50;5293,50;5293,50;5293,50;52935,00;1
WDOV26;26/06/2026;11:15:00;5280,50;5280,50;5280,50;5280,50;105610,00;2
WDOV26;25/06/2026;10:55:00;5309,50;5316,00;5309,50;5316,00;106255,00;2
WDOV26;25/06/2026;10:50:00;5303,00;5303,00;5303,00;5303,00;53030,00;1
WDOV26;22/06/2026;18:20:00;5265,00;5265,00;5265,00;5265,00;52650,00;1
WDOV26;22/06/2026;18:15:00;5268,00;5269,50;5268,00;5268,00;316125,00;6
WDOV26;22/06/2026;15:55:00;5264,00;5264,00;5264,00;5264,00;52640,00;1
WDOV26;22/06/2026;15:50:00;5265,00;5265,00;5265,00;5265,00;52650,00;1
WDOV26;22/06/2026;15:45:00;5266,00;5266,00;5266,00;5266,00;52660,00;1
WDOV26;22/06/2026;15:40:00;5268,00;5268,00;5267,00;5267,00;105350,00;2
WDOV26;22/06/2026;14:15:00;5261,00;5261,00;5261,00;5261,00;52610,00;1
WDOV26;22/06/2026;12:25:00;5250,50;5250,50;5250,50;5250,50;52505,00;1
WDOV26;22/06/2026;12:15:00;5251,50;5251,50;5251,50;5251,50;52515,00;1
WDOV26;22/06/2026;12:10:00;5253,50;5253,50;5252,50;5252,50;105060,00;2
WDOV26;22/06/2026;12:00:00;5257,50;5257,50;5257,50;5257,50;52575,00;1
WDOV26;22/06/2026;11:35:00;5265,00;5265,00;5265,00;5265,00;52650,00;1
WDOV26;22/06/2026;11:30:00;5258,50;5258,50;5258,50;5258,50;52585,00;1
WDOV26;22/06/2026;11:25:00;5263,50;5263,50;5259,50;5259,50;263075,00;5
WDOV26;22/06/2026;11:05:00;5267,50;5267,50;5264,50;5264,50;210640,00;4
WDOV26;22/06/2026;11:00:00;5274,00;5274,00;5274,00;5274,00;52740,00;1
WDOV26;22/06/2026;10:55:00;5268,50;5268,50;5268,50;5268,50;52685,00;1
WDOV26;22/06/2026;10:45:00;5271,50;5271,50;5269,50;5269,50;158115,00;3
WDOV26;22/06/2026;10:40:00;5270,00;5276,50;5270,00;5272,50;158190,00;3
WDOV26;22/06/2026;10:30:00;5270,00;5270,00;5265,00;5265,00;105350,00;2
WDOV26;22/06/2026;10:20:00;5266,00;5266,00;5266,00;5266,00;52660,00;1
WDOV26;22/06/2026;09:45:00;5275,50;5275,50;5275,50;5275,50;52755,00;1
WDOV26;22/06/2026;09:20:00;5277,50;5277,50;5277,50;5277,50;52775,00;1
WDOV26;22/06/2026;09:05:00;5278,50;5278,50;5277,50;5277,50;105560,00;2
WDOV26;22/06/2026;09:00:00;5280,50;5280,50;5279,50;5279,50;105600,00;2
WDOV26;19/06/2026;18:25:00;5282,00;5282,00;5282,00;5282,00;105640,00;2
WDOV26;19/06/2026;18:20:00;5280,00;5280,00;5279,00;5279,00;105590,00;2
WDOV26;19/06/2026;18:15:00;5280,00;5282,50;5279,00;5279,00;316815,00;6
WDOV26;19/06/2026;18:10:00;5278,00;5278,00;5278,00;5278,00;52780,00;1
WDOV26;19/06/2026;18:05:00;5277,00;5277,00;5277,00;5277,00;52770,00;1
WDOV26;19/06/2026;18:00:00;5280,50;5280,50;5278,00;5278,00;105585,00;2
WDOV26;19/06/2026;17:55:00;5280,00;5280,00;5278,00;5278,00;158370,00;3
WDOV26;19/06/2026;17:50:00;5276,00;5280,50;5276,00;5279,50;158360,00;3
WDOV26;19/06/2026;17:45:00;5280,50;5280,50;5277,00;5277,00;211140,00;4
WDOV26;19/06/2026;17:40:00;5277,00;5278,50;5276,00;5278,00;1425130,00;27
WDOV26;19/06/2026;17:35:00;5283,00;5283,00;5278,00;5278,00;316830,00;6
WDOV26;19/06/2026;17:10:00;5286,00;5286,00;5284,00;5284,00;158550,00;3
WDOV26;19/06/2026;17:05:00;5288,00;5288,00;5287,00;5287,00;105750,00;2
WDOV26;19/06/2026;16:10:00;5275,50;5275,50;5275,50;5275,50;52755,00;1
WDOV26;19/06/2026;13:10:00;5277,50;5277,50;5273,50;5273,50;105510,00;2
WDOV26;19/06/2026;13:05:00;5279,50;5279,50;5276,50;5276,50;105560,00;2
WDOV26;19/06/2026;10:30:00;5280,50;5280,50;5280,50;5280,50;52805,00;1
WDOV26;19/06/2026;10:20:00;5283,00;5283,00;5283,00;5283,00;105660,00;2
WDOV26;19/06/2026;10:15:00;5284,00;5284,00;5284,00;5284,00;52840,00;1
WDOV26;19/06/2026;10:05:00;5285,00;5285,00;5285,00;5285,00;52850,00;1
WDOV26;19/06/2026;10:00:00;5286,00;5286,00;5285,00;5285,00;105710,00;2
WDOV26;19/06/2026;09:40:00;5287,00;5287,00;5287,00;5287,00;52870,00;1
WDOV26;19/06/2026;09:35:00;5294,00;5294,00;5288,50;5288,50;317465,00;6
WDOV26;19/06/2026;09:30:00;5317,00;5317,00;5300,50;5300,50;159215,00;3
WDOV26;02/06/2026;13:30:00;5172,50;5172,50;5172,50;5172,50;3879375,00;75
WDOV26;29/05/2026;18:20:00;5187,00;5187,00;5187,00;5187,00;51870,00;1
WDOV26;29/05/2026;09:55:00;5162,00;5162,00;5162,00;5162,00;51620,00;1
WDOV26;01/12/2025;13:00:00;5708,50;5708,50;5708,50;5708,50;1370040,00;24
WDOV26;01/12/2025;12:55:00;5708,00;5708,00;5708,00;5708,00;57080,00;1
WDOV26;03/10/2025;10:35:00;5809,00;5809,00;5809,00;5809,00;1452250,00;25
WDOV26;29/08/2025;12:15:00;5860,00;5860,00;5860,00;5860,00;1465000,00;25
