WINV26;26/08/2026;13:00:00;177810,00;177835,00;177710,00;177785,00;3105670243,00;87345
WINV26;26/08/2026;12:30:00;177880,00;178100,00;177550,00;177810,00;2,558423791E10;719318
WINV26;26/08/2026;12:00:00;177985,00;178135,00;177865,00;177880,00;2,034785154E10;571619
WINV26;26/08/2026;11:30:00;177775,00;178350,00;177765,00;177980,00;3,882656914E10;1090392
WINV26;26/08/2026;11:00:00;178670,00;179080,00;177710,00;177780,00;5,467120572E10;1530988
WINV26;26/08/2026;10:30:00;178865,00;179025,00;177840,00;178670,00;7,324316686E10;2052184
WINV26;26/08/2026;10:00:00;177430,00;179135,00;177190,00;178870,00;8,442477137E10;2368368
WINV26;26/08/2026;09:30:00;178335,00;178410,00;177240,00;177430,00;5,544808246E10;1560331
WINV26;26/08/2026;09:00:00;178005,00;179050,00;177565,00;178330,00;5,559935304E10;1556998
WINV26;25/08/2026;18:00:00;177575,00;177775,00;177465,00;177465,00;6566785706,00;184853
WINV26;25/08/2026;17:30:00;177390,00;177725,00;177385,00;177575,00;9277476014,00;261193
WINV26;25/08/2026;17:00:00;177635,00;177715,00;177310,00;177390,00;1,627418044E10;458533
WINV26;25/08/2026;16:30:00;177390,00;177770,00;177205,00;177635,00;2,671366845E10;752681
WINV26;25/08/2026;16:00:00;176600,00;177460,00;176575,00;177385,00;2,949919438E10;833196
WINV26;25/08/2026;15:30:00;176415,00;176700,00;176145,00;176600,00;2,727042432E10;772903
WINV26;25/08/2026;15:00:00;176640,00;176780,00;176320,00;176415,00;2,759812309E10;781739
WINV26;25/08/2026;14:30:00;176065,00;176760,00;176045,00;176640,00;3,306463348E10;936939
WINV26;25/08/2026;14:00:00;176280,00;176340,00;175970,00;176060,00;1,934663886E10;549292
WINV26;25/08/2026;13:30:00;176195,00;176380,00;176170,00;176285,00;1,993079931E10;565358
WINV26;25/08/2026;13:00:00;176220,00;176395,00;175805,00;176200,00;2,708872995E10;769233
WINV26;25/08/2026;12:30:00;175325,00;176360,00;175325,00;176220,00;3,87677771E10;1102579
WINV26;25/08/2026;12:00:00;174470,00;175500,00;174430,00;175330,00;4,060761331E10;1160147
WINV26;25/08/2026;11:30:00;174580,00;174775,00;174295,00;174470,00;3,884187384E10;1112920
WINV26;25/08/2026;11:00:00;174195,00;174825,00;174060,00;174580,00;4,359811071E10;1248877
WINV26;25/08/2026;10:30:00;175040,00;175095,00;173875,00;174195,00;7,564639709E10;2170462
WINV26;25/08/2026;10:00:00;174260,00;175290,00;174200,00;175040,00;8,030166397E10;2298291
WINV26;25/08/2026;09:30:00;174435,00;174845,00;174170,00;174260,00;4,61472495E10;1322463
WINV26;25/08/2026;09:00:00;174565,00;175380,00;174275,00;174435,00;5,111859685E10;1463153
WINV26;24/08/2026;18:00:00;174860,00;174880,00;174625,00;174715,00;4160233686,00;119024
WINV26;24/08/2026;17:30:00;174740,00;174895,00;174690,00;174860,00;6384999734,00;182629
WINV26;24/08/2026;17:00:00;174650,00;174830,00;174615,00;174740,00;9798924441,00;280409
WINV26;24/08/2026;16:30:00;174965,00;174975,00;174605,00;174645,00;1,717115184E10;491128
WINV26;24/08/2026;16:00:00;174915,00;175125,00;174885,00;174970,00;1,677421036E10;479260
WINV26;24/08/2026;15:30:00;175030,00;175090,00;174665,00;174920,00;2,043602173E10;584383
WINV26;24/08/2026;15:00:00;174945,00;175360,00;174870,00;175030,00;2,365071208E10;675517
WINV26;24/08/2026;14:30:00;174930,00;175030,00;174675,00;174940,00;1,906233403E10;545030
WINV26;24/08/2026;14:00:00;174940,00;175285,00;174800,00;174930,00;2,64659322E10;756034
WINV26;24/08/2026;13:30:00;175435,00;175660,00;174900,00;174940,00;2,121153658E10;605250
WINV26;24/08/2026;13:00:00;175620,00;175725,00;175320,00;175430,00;1,838482442E10;523761
WINV26;24/08/2026;12:30:00;175985,00;176015,00;175355,00;175625,00;2,767539677E10;788037
WINV26;24/08/2026;12:00:00;175195,00;176065,00;175020,00;175985,00;3,868457395E10;1102176
WINV26;24/08/2026;11:30:00;174375,00;175435,00;174255,00;175190,00;4,387602469E10;1254497
WINV26;24/08/2026;11:00:00;174820,00;175110,00;174000,00;174380,00;5,576279216E10;1598549
WINV26;24/08/2026;10:30:00;172080,00;174985,00;172075,00;174820,00;1,062362199E11;3061049
WINV26;24/08/2026;10:00:00;172420,00;172675,00;172000,00;172085,00;6,57102125E10;1906123
WINV26;24/08/2026;09:30:00;172665,00;172690,00;172220,00;172425,00;3,183614015E10;923186
WINV26;24/08/2026;09:00:00;173480,00;173595,00;172215,00;172665,00;5,941472678E10;1720083
WINV26;21/08/2026;18:00:00;174090,00;174245,00;174035,00;174035,00;3963876477,00;113821
WINV26;21/08/2026;17:30:00;174165,00;174320,00;174040,00;174090,00;7915018067,00;227221
WINV26;21/08/2026;17:00:00;173870,00;174220,00;173775,00;174165,00;1,254598842E10;360517
WINV26;21/08/2026;16:30:00;173840,00;174035,00;173625,00;173865,00;2,047155513E10;588815
WINV26;21/08/2026;16:00:00;174000,00;174150,00;173755,00;173835,00;1,500202017E10;431149
WINV26;21/08/2026;15:30:00;174305,00;174400,00;173875,00;174000,00;1,768042662E10;507809
WINV26;21/08/2026;15:00:00;173830,00;174420,00;173825,00;174305,00;2,118625514E10;608168
WINV26;21/08/2026;14:30:00;173795,00;174025,00;173680,00;173830,00;1,576192638E10;453374
WINV26;21/08/2026;14:00:00;174045,00;174100,00;173740,00;173795,00;1,673212844E10;481053
WINV26;21/08/2026;13:30:00;173885,00;174345,00;173825,00;174045,00;2,149198265E10;617201
WINV26;21/08/2026;13:00:00;174490,00;174655,00;173810,00;173885,00;2,687479909E10;770946
WINV26;21/08/2026;12:30:00;174335,00;175010,00;174310,00;174495,00;3,59714392E10;1029658
WINV26;21/08/2026;12:00:00;173780,00;174390,00;173730,00;174335,00;2,814144831E10;808613
WINV26;21/08/2026;11:30:00;174160,00;174440,00;173760,00;173775,00;4,33839443E10;1246202
WINV26;21/08/2026;11:00:00;173600,00;174365,00;173130,00;174160,00;5,37644396E10;1547496
WINV26;21/08/2026;10:30:00;171945,00;173730,00;171935,00;173600,00;8,463166349E10;2445880
WINV26;21/08/2026;10:00:00;172025,00;172030,00;171305,00;171940,00;6,415657903E10;1868549
WINV26;21/08/2026;09:30:00;171390,00;172070,00;171320,00;172025,00;3,590906869E10;1045635
WINV26;21/08/2026;09:00:00;172250,00;172500,00;171025,00;171385,00;5,64334657E10;1645208
WINV26;20/08/2026;18:00:00;170770,00;171020,00;170710,00;170990,00;5039918928,00;147468
WINV26;20/08/2026;17:30:00;170675,00;170860,00;170660,00;170770,00;6612955824,00;193626
WINV26;20/08/2026;17:00:00;170745,00;170925,00;170605,00;170680,00;1,094857906E10;320531
WINV26;20/08/2026;16:30:00;170825,00;170935,00;170650,00;170745,00;1,525093145E10;446515
WINV26;20/08/2026;16:00:00;170525,00;170890,00;170385,00;170825,00;1,94073487E10;568829
WINV26;20/08/2026;15:30:00;170655,00;170800,00;170505,00;170520,00;1,635626969E10;479116
WINV26;20/08/2026;15:00:00;170515,00;170730,00;170390,00;170655,00;1,920055061E10;562886
WINV26;20/08/2026;14:30:00;170340,00;170585,00;170245,00;170510,00;1,96206209E10;575563
WINV26;20/08/2026;14:00:00;170485,00;170600,00;170230,00;170340,00;1,830568452E10;537093
WINV26;20/08/2026;13:30:00;171010,00;171165,00;170455,00;170485,00;2,562053757E10;749732
WINV26;20/08/2026;13:00:00;171360,00;171555,00;170990,00;171015,00;1,973788371E10;576246
WINV26;20/08/2026;12:30:00;172035,00;172085,00;171230,00;171360,00;2,684217935E10;782325
WINV26;20/08/2026;12:00:00;172225,00;172770,00;171890,00;172030,00;4,34703423E10;1261404
WINV26;20/08/2026;11:30:00;171140,00;172295,00;170975,00;172230,00;4,603519478E10;1340560
WINV26;20/08/2026;11:00:00;170810,00;171405,00;170740,00;171145,00;4,731103444E10;1382791
WINV26;20/08/2026;10:30:00;170415,00;171285,00;170230,00;170805,00;8,014635213E10;2345530
WINV26;20/08/2026;10:00:00;170070,00;170425,00;169715,00;170410,00;6,721907152E10;1976194
WINV26;20/08/2026;09:30:00;169760,00;170095,00;169310,00;170065,00;3,973331556E10;1170850
WINV26;20/08/2026;09:00:00;170650,00;170650,00;169375,00;169770,00;5,465783831E10;1610032
WINV26;19/08/2026;18:00:00;170925,00;171165,00;170905,00;171035,00;5580726071,00;163155
WINV26;19/08/2026;17:30:00;170895,00;171000,00;170855,00;170920,00;7038066685,00;205877
WINV26;19/08/2026;17:00:00;170840,00;171020,00;170765,00;170900,00;9472788232,00;277161
WINV26;19/08/2026;16:30:00;170900,00;170945,00;170720,00;170845,00;1,489769751E10;436058
WINV26;19/08/2026;16:00:00;170700,00;170910,00;170460,00;170905,00;2,036968879E10;596704
WINV26;19/08/2026;15:30:00;170665,00;171150,00;170650,00;170700,00;2,269080839E10;663906
WINV26;19/08/2026;15:00:00;170870,00;171035,00;170600,00;170665,00;1,71574078E10;502069
WINV26;19/08/2026;14:30:00;170875,00;171075,00;170710,00;170875,00;1,839376982E10;538208
WINV26;19/08/2026;14:00:00;171035,00;171230,00;170810,00;170870,00;1,973680234E10;577157
WINV26;19/08/2026;13:30:00;170995,00;171170,00;170785,00;171035,00;2,04896354E10;599355
WINV26;19/08/2026;13:00:00;171220,00;171370,00;170940,00;171000,00;2,266399055E10;662037
WINV26;19/08/2026;12:30:00;171645,00;171750,00;171130,00;171225,00;2,404752225E10;701318
WINV26;19/08/2026;12:00:00;172580,00;172620,00;171595,00;171640,00;2,842810325E10;825977
WINV26;19/08/2026;11:30:00;173035,00;173270,00;172265,00;172575,00;3,821991139E10;1106145
WINV26;19/08/2026;11:00:00;173295,00;173370,00;172740,00;173040,00;4,564068885E10;1318775
WINV26;19/08/2026;10:30:00;172295,00;173530,00;171935,00;173300,00;7,113801556E10;2059133
WINV26;19/08/2026;10:00:00;171575,00;172480,00;171470,00;172295,00;6,858139289E10;1993980
WINV26;19/08/2026;09:30:00;170650,00;171970,00;170375,00;171570,00;5,844537452E10;1706012
WINV26;19/08/2026;09:00:00;169635,00;170745,00;168680,00;170650,00;6,525500897E10;1918469
WINV26;18/08/2026;18:00:00;169435,00;169640,00;169325,00;169640,00;6734106860,00;198629
WINV26;18/08/2026;17:30:00;169295,00;169460,00;169245,00;169430,00;5249336870,00;155019
WINV26;18/08/2026;17:00:00;169375,00;169475,00;169170,00;169290,00;1,05950738E10;312890
WINV26;18/08/2026;16:30:00;169375,00;169530,00;169300,00;169375,00;1,385282021E10;408849
WINV26;18/08/2026;16:00:00;169415,00;169465,00;169240,00;169375,00;1,857440824E10;548426
WINV26;18/08/2026;15:30:00;169995,00;170035,00;169310,00;169415,00;2,299316829E10;677826
WINV26;18/08/2026;15:00:00;169840,00;170295,00;169785,00;169995,00;2,379238581E10;699612
WINV26;18/08/2026;14:30:00;169930,00;170100,00;169825,00;169840,00;1,700919303E10;500441
WINV26;18/08/2026;14:00:00;169820,00;170060,00;169765,00;169935,00;2,368335069E10;696908
WINV26;18/08/2026;13:30:00;169675,00;169845,00;169435,00;169825,00;2,066483983E10;609201
WINV26;18/08/2026;13:00:00;169840,00;169875,00;169600,00;169675,00;1,543332836E10;454695
WINV26;18/08/2026;12:30:00;169950,00;169990,00;169725,00;169840,00;1,628891079E10;479499
WINV26;18/08/2026;12:00:00;169735,00;170155,00;169725,00;169955,00;3,118792164E10;917577
WINV26;18/08/2026;11:30:00;170330,00;170600,00;169705,00;169735,00;3,975919428E10;1168429
WINV26;18/08/2026;11:00:00;171355,00;171500,00;170280,00;170335,00;4,562235572E10;1335108
WINV26;18/08/2026;10:30:00;170395,00;171435,00;170180,00;171360,00;7,423064623E10;2171214
WINV26;18/08/2026;10:00:00;170160,00;170440,00;169630,00;170390,00;6,950951046E10;2043855
WINV26;18/08/2026;09:30:00;169840,00;170180,00;169700,00;170165,00;2,88540252E10;849071
WINV26;18/08/2026;09:00:00;169640,00;170115,00;168555,00;169845,00;5,01442534E10;1477237
WINV26;17/08/2026;18:00:00;169855,00;170190,00;169845,00;169975,00;5950209672,00;175008
WINV26;17/08/2026;17:30:00;169780,00;169885,00;169730,00;169850,00;5687071611,00;167465
WINV26;17/08/2026;17:00:00;170040,00;170040,00;169675,00;169780,00;1,395065736E10;410749
WINV26;17/08/2026;16:30:00;169890,00;170235,00;169810,00;170040,00;1,761837342E10;518045
WINV26;17/08/2026;16:00:00;169925,00;170015,00;169850,00;169885,00;1,193673488E10;351234
WINV26;17/08/2026;15:30:00;169820,00;170040,00;169755,00;169920,00;1,447366656E10;425954
WINV26;17/08/2026;15:00:00;169780,00;169910,00;169540,00;169820,00;2,067346172E10;608976
WINV26;17/08/2026;14:30:00;169905,00;169945,00;169715,00;169775,00;1,841493168E10;542174
WINV26;17/08/2026;14:00:00;169710,00;170110,00;169565,00;169905,00;2,546014294E10;749444
WINV26;17/08/2026;13:30:00;169980,00;169985,00;169560,00;169705,00;1,95266791E10;575237
WINV26;17/08/2026;13:00:00;169840,00;170080,00;169785,00;169975,00;1,808945473E10;532272
WINV26;17/08/2026;12:30:00;170055,00;170155,00;169750,00;169840,00;2,031753773E10;597741
WINV26;17/08/2026;12:00:00;169640,00;170130,00;169560,00;170050,00;2,845370617E10;837728
WINV26;17/08/2026;11:30:00;170315,00;170365,00;169525,00;169645,00;3,570931145E10;1051621
WINV26;17/08/2026;11:00:00;169730,00;170465,00;169705,00;170315,00;5,160733999E10;1516485
WINV26;17/08/2026;10:30:00;170820,00;170895,00;169565,00;169730,00;6,29435247E10;1851700
WINV26;17/08/2026;10:00:00;169660,00;171170,00;169515,00;170820,00;7,367192394E10;2161769
WINV26;17/08/2026;09:30:00;169585,00;169795,00;169385,00;169655,00;3,344851477E10;986192
WINV26;17/08/2026;09:00:00;170245,00;171160,00;169530,00;169590,00;4,534728293E10;1333482
WINV26;14/08/2026;18:00:00;170020,00;170280,00;169830,00;169975,00;6889342037,00;202543
WINV26;14/08/2026;17:30:00;169855,00;170095,00;169830,00;170020,00;8395507846,00;246928
WINV26;14/08/2026;17:00:00;169810,00;170170,00;169755,00;169860,00;1,627184933E10;478834
WINV26;14/08/2026;16:30:00;169405,00;170180,00;169250,00;169810,00;3,6547252E10;1077038
WINV26;14/08/2026;16:00:00;168850,00;169480,00;168695,00;169400,00;2,51164263E10;743119
WINV26;14/08/2026;15:30:00;168540,00;168925,00;168435,00;168845,00;2,2319897E10;661651
WINV26;14/08/2026;15:00:00;168100,00;168555,00;168065,00;168545,00;2,177452284E10;646725
WINV26;14/08/2026;14:30:00;168155,00;168260,00;167975,00;168100,00;1,597382138E10;475129
WINV26;14/08/2026;14:00:00;168350,00;168375,00;168105,00;168150,00;1,535225586E10;456287
WINV26;14/08/2026;13:30:00;168560,00;168780,00;168245,00;168350,00;1,964591435E10;582751
WINV26;14/08/2026;13:00:00;168695,00;168705,00;168430,00;168555,00;1,641684191E10;486965
WINV26;14/08/2026;12:30:00;168730,00;168895,00;168610,00;168695,00;1,758922087E10;521185
WINV26;14/08/2026;12:00:00;168505,00;168865,00;168405,00;168725,00;2,610202242E10;773695
WINV26;14/08/2026;11:30:00;168780,00;168950,00;168470,00;168505,00;3,006439594E10;891068
WINV26;14/08/2026;11:00:00;169235,00;169365,00;168310,00;168775,00;5,054846518E10;1497670
WINV26;14/08/2026;10:30:00;169525,00;169640,00;168800,00;169235,00;7,044809449E10;2082248
WINV26;14/08/2026;10:00:00;169430,00;170100,00;169205,00;169530,00;6,59792019E10;1944272
WINV26;14/08/2026;09:30:00;169755,00;169985,00;169035,00;169425,00;4,721229352E10;1393198
WINV26;14/08/2026;09:00:00;171100,00;171240,00;169745,00;169755,00;4,836893202E10;1421155
WINV26;13/08/2026;18:00:00;170410,00;170970,00;170355,00;170775,00;8244906995,00;241498
WINV26;13/08/2026;17:30:00;170180,00;170440,00;170165,00;170405,00;6818144746,00;200204
WINV26;13/08/2026;17:00:00;170160,00;170400,00;170135,00;170185,00;1,044972474E10;306826
WINV26;13/08/2026;16:30:00;170270,00;170350,00;170100,00;170165,00;1,396869117E10;410257
WINV26;13/08/2026;16:00:00;170200,00;170335,00;170045,00;170270,00;1,647189862E10;483961
WINV26;13/08/2026;15:30:00;170485,00;170585,00;170165,00;170200,00;1,839620342E10;539883
WINV26;13/08/2026;15:00:00;170495,00;170685,00;170380,00;170490,00;2,00234745E10;587044
WINV26;13/08/2026;14:30:00;170570,00;170700,00;170340,00;170495,00;2,260224182E10;662806
WINV26;13/08/2026;14:00:00;170455,00;170620,00;170270,00;170565,00;2,237015362E10;656209
WINV26;13/08/2026;13:30:00;169915,00;170460,00;169830,00;170455,00;2,237483897E10;657527
WINV26;13/08/2026;13:00:00;169765,00;169970,00;169450,00;169915,00;2,709898291E10;798278
WINV26;13/08/2026;12:30:00;169980,00;170055,00;169725,00;169770,00;2,037997203E10;599740
WINV26;13/08/2026;12:00:00;170370,00;170385,00;169820,00;169980,00;2,909307147E10;855322
WINV26;13/08/2026;11:30:00;170645,00;170790,00;170240,00;170375,00;3,475527808E10;1019105
WINV26;13/08/2026;11:00:00;170785,00;171070,00;170475,00;170645,00;4,436220282E10;1298964
WINV26;13/08/2026;10:30:00;171120,00;171865,00;170750,00;170785,00;6,741482247E10;1966715
WINV26;13/08/2026;10:00:00;170210,00;171195,00;170070,00;171115,00;6,757765325E10;1979298
WINV26;13/08/2026;09:30:00;169700,00;170295,00;169635,00;170205,00;3,706748293E10;1090122
WINV26;13/08/2026;09:00:00;170665,00;170810,00;169370,00;169705,00;5,396395546E10;1589205
WINV26;12/08/2026;18:00:00;170340,00;170435,00;170225,00;170430,00;4402887292,00;129229
WINV26;12/08/2026;17:30:00;170575,00;170700,00;170270,00;170345,00;9185394944,00;269393
WINV26;12/08/2026;17:00:00;170835,00;171010,00;170570,00;170575,00;1,376588063E10;403015
WINV26;12/08/2026;16:30:00;171225,00;171230,00;170805,00;170840,00;1,564314221E10;457306
WINV26;12/08/2026;16:00:00;171070,00;171420,00;171050,00;171230,00;1,723009164E10;503012
WINV26;12/08/2026;15:30:00;171160,00;171160,00;170810,00;171070,00;1,881165285E10;550073
WINV26;12/08/2026;15:00:00;171485,00;171490,00;171095,00;171160,00;1,44497914E10;421892
WINV26;12/08/2026;14:30:00;171360,00;171545,00;171165,00;171485,00;1,615403009E10;471379
WINV26;12/08/2026;14:00:00;171450,00;171665,00;171275,00;171365,00;1,847627208E10;538839
WINV26;12/08/2026;13:30:00;171440,00;171555,00;171235,00;171455,00;1,749643704E10;510378
WINV26;12/08/2026;13:00:00;171110,00;171640,00;171110,00;171440,00;1,671284456E10;487645
WINV26;12/08/2026;12:30:00;171420,00;171420,00;171000,00;171110,00;1,443863419E10;421825
WINV26;12/08/2026;12:00:00;171260,00;171465,00;170995,00;171415,00;2,338206511E10;682710
WINV26;12/08/2026;11:30:00;171500,00;171800,00;170860,00;171260,00;4,313569342E10;1258968
WINV26;12/08/2026;11:00:00;171000,00;171755,00;170900,00;171500,00;5,18143708E10;1511938
WINV26;12/08/2026;10:30:00;171025,00;171875,00;170715,00;171000,00;7,457243386E10;2178283
WINV26;12/08/2026;10:00:00;171855,00;172045,00;170545,00;171030,00;6,851302892E10;2000848
WINV26;12/08/2026;09:30:00;171530,00;171925,00;171045,00;171855,00;3,347020619E10;975382
WINV26;12/08/2026;09:00:00;172260,00;172260,00;171180,00;171525,00;4,337079501E10;1264161
WINV26;11/08/2026;18:00:00;171475,00;171750,00;171275,00;171750,00;369759179,00;10779
WINV26;11/08/2026;17:30:00;171450,00;171545,00;171410,00;171480,00;345752115,00;10082
WINV26;11/08/2026;17:00:00;171315,00;171560,00;171310,00;171450,00;1023549103,00;29849
WINV26;11/08/2026;16:30:00;171295,00;171435,00;171120,00;171310,00;1042289468,00;30428
WINV26;11/08/2026;16:00:00;171180,00;171675,00;171140,00;171295,00;1293357568,00;37728
WINV26;11/08/2026;15:30:00;171210,00;171405,00;171075,00;171180,00;903993002,00;26397
WINV26;11/08/2026;15:00:00;171415,00;171530,00;171000,00;171210,00;1674900459,00;48913
WINV26;11/08/2026;14:30:00;171530,00;171670,00;171380,00;171415,00;942337835,00;27473
WINV26;11/08/2026;14:00:00;171795,00;171895,00;171385,00;171530,00;1572354795,00;45808
WINV26;11/08/2026;13:30:00;172240,00;172315,00;171800,00;171800,00;922954658,00;26814
WINV26;11/08/2026;13:00:00;172350,00;172660,00;172130,00;172235,00;1507684253,00;43726
WINV26;11/08/2026;12:30:00;172860,00;172905,00;172245,00;172345,00;1752037442,00;50774
WINV26;11/08/2026;12:00:00;173730,00;173850,00;172810,00;172865,00;1689162760,00;48761
WINV26;11/08/2026;11:30:00;174190,00;174270,00;173570,00;173735,00;1262944545,00;36319
WINV26;11/08/2026;11:00:00;174880,00;174940,00;174080,00;174195,00;1363524084,00;39072
WINV26;11/08/2026;10:30:00;175195,00;175575,00;174770,00;174885,00;2493307692,00;71183
WINV26;11/08/2026;10:00:00;175525,00;175825,00;175080,00;175210,00;1728006744,00;49229
WINV26;11/08/2026;09:30:00;175515,00;175705,00;175315,00;175520,00;801168804,00;22827
WINV26;11/08/2026;09:00:00;175800,00;176200,00;175065,00;175515,00;1485675316,00;42316
WINV26;10/08/2026;18:00:00;175800,00;175925,00;175725,00;175910,00;65946257,00;1875
WINV26;10/08/2026;17:30:00;175925,00;175935,00;175795,00;175845,00;82577560,00;2348
WINV26;10/08/2026;17:00:00;175945,00;176045,00;175860,00;175930,00;286752806,00;8148
WINV26;10/08/2026;16:30:00;176115,00;176320,00;175925,00;175945,00;237644016,00;6748
WINV26;10/08/2026;16:00:00;176035,00;176205,00;175830,00;176120,00;279055632,00;7927
WINV26;10/08/2026;15:30:00;175960,00;176080,00;175910,00;176040,00;152648643,00;4337
WINV26;10/08/2026;15:00:00;176030,00;176160,00;175930,00;175980,00;201089564,00;5711
WINV26;10/08/2026;14:30:00;175780,00;176115,00;175780,00;176025,00;232127608,00;6598
WINV26;10/08/2026;14:00:00;176040,00;176060,00;175655,00;175780,00;340870778,00;9694
WINV26;10/08/2026;13:30:00;175895,00;176130,00;175735,00;176040,00;317385427,00;9020
WINV26;10/08/2026;13:00:00;175815,00;176035,00;175715,00;175895,00;246135737,00;6997
WINV26;10/08/2026;12:30:00;176230,00;176230,00;175790,00;175815,00;238790049,00;6787
WINV26;10/08/2026;12:00:00;175985,00;176375,00;175735,00;176215,00;388470438,00;11034
WINV26;10/08/2026;11:30:00;175495,00;176260,00;175400,00;175980,00;567923066,00;16139
WINV26;10/08/2026;11:00:00;175490,00;175760,00;175215,00;175500,00;541173111,00;15418
WINV26;10/08/2026;10:30:00;176330,00;176615,00;175355,00;175485,00;754308209,00;21421
WINV26;10/08/2026;10:00:00;176470,00;176695,00;176145,00;176360,00;477676674,00;13541
WINV26;10/08/2026;09:30:00;176510,00;176770,00;176415,00;176455,00;359533732,00;10182
WINV26;10/08/2026;09:00:00;176595,00;177260,00;176245,00;176480,00;879826631,00;24899
WINV26;07/08/2026;18:00:00;176085,00;176195,00;175890,00;176195,00;83294853,00;2366
WINV26;07/08/2026;17:30:00;175980,00;176110,00;175945,00;176080,00;90362284,00;2567
WINV26;07/08/2026;17:00:00;176230,00;176245,00;175980,00;175990,00;105483166,00;2995
WINV26;07/08/2026;16:30:00;176130,00;176390,00;176130,00;176225,00;140110172,00;3974
WINV26;07/08/2026;16:00:00;175985,00;176270,00;175955,00;176135,00;122096961,00;3466
WINV26;07/08/2026;15:30:00;176355,00;176400,00;175855,00;175975,00;150583653,00;4274
WINV26;07/08/2026;15:00:00;176430,00;176430,00;176200,00;176340,00;144685278,00;4103
WINV26;07/08/2026;14:30:00;176425,00;176465,00;176240,00;176425,00;104520892,00;2963
WINV26;07/08/2026;14:00:00;176415,00;176495,00;176325,00;176425,00;95927851,00;2719
WINV26;07/08/2026;13:30:00;176475,00;176475,00;176190,00;176400,00;125770263,00;3566
WINV26;07/08/2026;13:00:00;176580,00;176770,00;176425,00;176475,00;134091941,00;3797
WINV26;07/08/2026;12:30:00;176885,00;176945,00;176505,00;176575,00;96718895,00;2736
WINV26;07/08/2026;12:00:00;176835,00;176940,00;176305,00;176885,00;374368608,00;10602
WINV26;07/08/2026;11:30:00;177410,00;177460,00;176765,00;176830,00;156439532,00;4415
WINV26;07/08/2026;11:00:00;178460,00;178485,00;177395,00;177425,00;310799951,00;8741
WINV26;07/08/2026;10:30:00;179525,00;179530,00;178370,00;178450,00;371797008,00;10394
WINV26;07/08/2026;10:00:00;179820,00;179965,00;179450,00;179520,00;228169571,00;6349
WINV26;07/08/2026;09:30:00;179115,00;180065,00;178945,00;179800,00;184132570,00;5124
WINV26;07/08/2026;09:00:00;180070,00;180485,00;179035,00;179085,00;490478269,00;13649
WINV26;06/08/2026;18:00:00;179315,00;179455,00;179275,00;179450,00;16789225,00;468
WINV26;06/08/2026;17:30:00;179310,00;179375,00;179215,00;179340,00;63539622,00;1772
WINV26;06/08/2026;17:00:00;179595,00;179600,00;179250,00;179330,00;49274420,00;1373
WINV26;06/08/2026;16:30:00;179725,00;179800,00;179450,00;179595,00;53913705,00;1501
WINV26;06/08/2026;16:00:00;180005,00;180100,00;179685,00;179720,00;56268989,00;1564
WINV26;06/08/2026;15:30:00;180080,00;180190,00;180000,00;180000,00;28598697,00;794
WINV26;06/08/2026;15:00:00;180155,00;180155,00;179915,00;180065,00;57822165,00;1606
WINV26;06/08/2026;14:30:00;179910,00;180220,00;179875,00;180155,00;88367707,00;2454
WINV26;06/08/2026;14:00:00;179950,00;179980,00;179825,00;179900,00;116324649,00;3233
WINV26;06/08/2026;13:30:00;180010,00;180180,00;179870,00;179955,00;87057349,00;2418
WINV26;06/08/2026;13:00:00;180265,00;180335,00;179950,00;180025,00;93444394,00;2594
WINV26;06/08/2026;12:30:00;180710,00;180720,00;180210,00;180260,00;58553893,00;1623
WINV26;06/08/2026;12:00:00;180870,00;181080,00;180535,00;180670,00;46989357,00;1300
WINV26;06/08/2026;11:30:00;180610,00;181265,00;180530,00;180835,00;78755174,00;2176
WINV26;06/08/2026;11:00:00;180685,00;180800,00;180360,00;180605,00;74741363,00;2070
WINV26;06/08/2026;10:30:00;181215,00;181235,00;180500,00;180700,00;178343548,00;4930
WINV26;06/08/2026;10:00:00;180700,00;181580,00;180285,00;181275,00;187137534,00;5173
WINV26;06/08/2026;09:30:00;180545,00;180730,00;180195,00;180690,00;56258464,00;1558
WINV26;06/08/2026;09:00:00;182170,00;182400,00;180340,00;180580,00;264607411,00;7312
WINV26;05/08/2026;18:00:00;181865,00;181945,00;181780,00;181945,00;45288889,00;1245
WINV26;05/08/2026;17:30:00;181900,00;181940,00;181845,00;181875,00;7675613,00;211
WINV26;05/08/2026;17:00:00;181780,00;182055,00;181780,00;181880,00;35956431,00;988
WINV26;05/08/2026;16:30:00;182110,00;182110,00;181790,00;181790,00;32384506,00;890
WINV26;05/08/2026;16:00:00;182205,00;182240,00;182005,00;182110,00;24187974,00;664
WINV26;05/08/2026;15:30:00;182500,00;182500,00;182205,00;182220,00;15316451,00;420
WINV26;05/08/2026;15:00:00;182335,00;182560,00;182300,00;182540,00;11313479,00;310
WINV26;05/08/2026;14:30:00;182305,00;182585,00;182295,00;182350,00;27698328,00;759
WINV26;05/08/2026;14:00:00;182490,00;182585,00;182145,00;182315,00;46705158,00;1281
WINV26;05/08/2026;13:30:00;182640,00;182685,00;182380,00;182480,00;22090775,00;605
WINV26;05/08/2026;13:00:00;182710,00;182780,00;182490,00;182670,00;19173041,00;525
WINV26;05/08/2026;12:30:00;182980,00;183020,00;182485,00;182735,00;66051609,00;1808
WINV26;05/08/2026;12:00:00;182955,00;183250,00;182900,00;182945,00;13837953,00;378
WINV26;05/08/2026;11:30:00;182935,00;183340,00;182860,00;183020,00;42640104,00;1164
WINV26;05/08/2026;11:00:00;183525,00;184460,00;182885,00;182910,00;144902698,00;3942
WINV26;05/08/2026;10:30:00;183415,00;183750,00;183015,00;183545,00;61099496,00;1666
WINV26;05/08/2026;10:00:00;183345,00;183885,00;182755,00;183425,00;117498257,00;3206
WINV26;05/08/2026;09:30:00;183250,00;183565,00;182970,00;183405,00;54046258,00;1474
WINV26;05/08/2026;09:00:00;182530,00;183265,00;182455,00;183250,00;126657362,00;3464
WINV26;04/08/2026;18:00:00;182065,00;182095,00;181955,00;181955,00;14782487,00;406
WINV26;04/08/2026;17:30:00;182080,00;182080,00;181970,00;182075,00;29417217,00;808
WINV26;04/08/2026;17:00:00;181980,00;182235,00;181935,00;182055,00;92686087,00;2545
WINV26;04/08/2026;16:30:00;182180,00;182180,00;181935,00;181985,00;28654140,00;787
WINV26;04/08/2026;16:00:00;182175,00;182205,00;182025,00;182175,00;12165058,00;334
WINV26;04/08/2026;15:30:00;181950,00;182260,00;181940,00;182120,00;190750267,00;5238
WINV26;04/08/2026;15:00:00;182210,00;182210,00;181775,00;181915,00;273926612,00;7525
WINV26;04/08/2026;14:30:00;182585,00;182735,00;182170,00;182250,00;100761645,00;2762
WINV26;04/08/2026;14:00:00;182600,00;182735,00;182525,00;182610,00;26228729,00;718
WINV26;04/08/2026;13:30:00;182400,00;182705,00;182075,00;182625,00;158382160,00;4343
WINV26;04/08/2026;13:00:00;182760,00;182790,00;182400,00;182400,00;117978750,00;3230
WINV26;04/08/2026;12:30:00;182860,00;182890,00;182685,00;182750,00;74202467,00;2030
WINV26;04/08/2026;12:00:00;183060,00;183275,00;182660,00;182840,00;116933209,00;3197
WINV26;04/08/2026;11:30:00;182770,00;183120,00;182770,00;183080,00;103465351,00;2828
WINV26;04/08/2026;11:00:00;182740,00;182975,00;182575,00;182750,00;119654034,00;3273
WINV26;04/08/2026;10:30:00;183650,00;183840,00;182555,00;182720,00;173201057,00;4728
WINV26;04/08/2026;10:00:00;184400,00;185670,00;183600,00;183600,00;173174382,00;4687
WINV26;04/08/2026;09:30:00;184260,00;184810,00;184170,00;184425,00;27826823,00;754
WINV26;04/08/2026;09:00:00;183025,00;184390,00;182450,00;184285,00;86472572,00;2354
WINV26;03/08/2026;18:00:00;182280,00;182480,00;182260,00;182400,00;9448988,00;259
WINV26;03/08/2026;17:30:00;182355,00;182510,00;182250,00;182300,00;10395575,00;285
WINV26;03/08/2026;17:00:00;182225,00;182420,00;182205,00;182340,00;14766119,00;405
WINV26;03/08/2026;16:30:00;182200,00;182390,00;182165,00;182255,00;23370581,00;641
WINV26;03/08/2026;16:00:00;181810,00;182300,00;181810,00;182190,00;27717534,00;761
WINV26;03/08/2026;15:30:00;181950,00;181950,00;181790,00;181830,00;13565519,00;373
WINV26;03/08/2026;15:00:00;181770,00;182060,00;181770,00;181985,00;8624880,00;237
WINV26;03/08/2026;14:30:00;181840,00;181985,00;181710,00;181770,00;29395892,00;808
WINV26;03/08/2026;14:00:00;181580,00;181915,00;181550,00;181840,00;10324288,00;284
WINV26;03/08/2026;13:30:00;181595,00;181695,00;181485,00;181610,00;8750377,00;241
WINV26;03/08/2026;13:00:00;181625,00;181725,00;181540,00;181600,00;4032368,00;111
WINV26;03/08/2026;12:30:00;181630,00;181710,00;181460,00;181630,00;95820713,00;2637
WINV26;03/08/2026;12:00:00;181555,00;181780,00;181430,00;181630,00;9443926,00;260
WINV26;03/08/2026;11:30:00;181575,00;181885,00;181380,00;181615,00;22558297,00;621
WINV26;03/08/2026;11:00:00;181380,00;181555,00;181145,00;181550,00;39309780,00;1084
WINV26;03/08/2026;10:30:00;182000,00;182355,00;181250,00;181430,00;62961430,00;1734
WINV26;03/08/2026;10:00:00;183195,00;183355,00;181945,00;182000,00;48455920,00;1327
WINV26;03/08/2026;09:30:00;182620,00;183400,00;182590,00;183205,00;32051531,00;876
WINV26;03/08/2026;09:00:00;182810,00;183295,00;182130,00;182650,00;121675684,00;3333
WINV26;31/07/2026;18:00:00;182265,00;182455,00;182265,00;182415,00;21517484,00;590
WINV26;31/07/2026;17:30:00;182490,00;182565,00;182190,00;182275,00;9483580,00;260
WINV26;31/07/2026;17:00:00;182765,00;182800,00;182430,00;182510,00;25229467,00;691
WINV26;31/07/2026;16:30:00;182605,00;182770,00;182345,00;182700,00;21804728,00;597
WINV26;31/07/2026;16:00:00;183090,00;183200,00;182510,00;182510,00;20489655,00;560
WINV26;31/07/2026;15:30:00;182765,00;183160,00;182765,00;183085,00;31153820,00;851
WINV26;31/07/2026;15:00:00;182670,00;182940,00;182585,00;182830,00;23392243,00;640
WINV26;31/07/2026;14:30:00;182670,00;182930,00;182560,00;182740,00;55535811,00;1519
WINV26;31/07/2026;14:00:00;182275,00;182675,00;182130,00;182650,00;29335232,00;804
WINV26;31/07/2026;13:30:00;182545,00;182800,00;182255,00;182345,00;24344806,00;667
WINV26;31/07/2026;13:00:00;182265,00;182500,00;181905,00;182445,00;20806218,00;571
WINV26;31/07/2026;12:30:00;181220,00;182790,00;180835,00;182320,00;63629798,00;1746
WINV26;30/07/2026;18:00:00;181700,00;181750,00;181260,00;181260,00;24130136,00;665
WINV26;30/07/2026;17:30:00;181800,00;181840,00;181650,00;181730,00;28969865,00;797
WINV26;30/07/2026;17:00:00;181575,00;181870,00;181575,00;181810,00;22533848,00;620
WINV26;30/07/2026;16:30:00;181325,00;181640,00;181290,00;181575,00;68710221,00;1893
WINV26;30/07/2026;16:00:00;180840,00;181560,00;180825,00;181360,00;64427689,00;1778
WINV26;30/07/2026;15:30:00;180505,00;180900,00;180505,00;180825,00;63713627,00;1762
WINV26;30/07/2026;15:00:00;180425,00;180515,00;180370,00;180515,00;13136308,00;364
WINV26;30/07/2026;14:30:00;180475,00;180530,00;180360,00;180405,00;28041398,00;777
WINV26;30/07/2026;14:00:00;180545,00;180680,00;180390,00;180430,00;34578642,00;958
WINV26;30/07/2026;13:30:00;180305,00;180555,00;180230,00;180510,00;52280148,00;1449
WINV26;30/07/2026;13:00:00;180160,00;180310,00;180150,00;180290,00;53026001,00;1471
WINV26;30/07/2026;12:30:00;179850,00;180200,00;179800,00;180160,00;14440925,00;401
WINV26;30/07/2026;12:00:00;179745,00;179965,00;179435,00;179905,00;14844873,00;413
WINV26;30/07/2026;11:30:00;179655,00;179900,00;179610,00;179785,00;27334978,00;760
WINV26;30/07/2026;11:00:00;179295,00;179740,00;179175,00;179650,00;34822199,00;970
WINV26;30/07/2026;10:30:00;179090,00;179350,00;178660,00;179305,00;28864940,00;806
WINV26;30/07/2026;10:00:00;178985,00;179550,00;178915,00;179115,00;41044585,00;1145
WINV26;30/07/2026;09:30:00;179185,00;179440,00;178760,00;178905,00;16113174,00;450
WINV26;30/07/2026;09:00:00;178690,00;179345,00;178255,00;179165,00;144592971,00;4039
WINV26;29/07/2026;18:00:00;177890,00;177950,00;177780,00;177800,00;109538901,00;3079
WINV26;29/07/2026;17:30:00;178025,00;178045,00;177875,00;177940,00;15554184,00;437
WINV26;29/07/2026;17:00:00;178455,00;178520,00;177950,00;178065,00;53774778,00;1509
WINV26;29/07/2026;16:30:00;178855,00;179100,00;178455,00;178505,00;68626620,00;1920
WINV26;29/07/2026;16:00:00;179950,00;180170,00;178800,00;178830,00;100092692,00;2790
WINV26;29/07/2026;15:30:00;179050,00;179925,00;178750,00;179925,00;57676119,00;1607
WINV26;29/07/2026;15:00:00;178970,00;179570,00;178850,00;179045,00;143451115,00;4001
WINV26;29/07/2026;14:30:00;179050,00;179050,00;178815,00;178950,00;47210099,00;1319
WINV26;29/07/2026;14:00:00;179225,00;179225,00;179040,00;179075,00;133310760,00;3721
WINV26;29/07/2026;13:30:00;179320,00;179340,00;179175,00;179255,00;66108088,00;1844
WINV26;29/07/2026;13:00:00;179550,00;179575,00;179110,00;179315,00;54747723,00;1527
WINV26;29/07/2026;12:30:00;179580,00;179730,00;179440,00;179550,00;12783155,00;356
WINV26;29/07/2026;12:00:00;179560,00;179790,00;179500,00;179560,00;25406480,00;707
WINV26;29/07/2026;11:30:00;179810,00;179830,00;179350,00;179600,00;67564612,00;1881
WINV26;29/07/2026;11:00:00;179800,00;180130,00;179700,00;179975,00;39251049,00;1091
WINV26;29/07/2026;10:30:00;180625,00;180950,00;179525,00;179695,00;50024740,00;1388
WINV26;29/07/2026;10:00:00;181610,00;181635,00;180390,00;180510,00;61558841,00;1702
WINV26;29/07/2026;09:30:00;181330,00;181590,00;181130,00;181590,00;26194994,00;722
WINV26;29/07/2026;09:00:00;181640,00;182205,00;181030,00;181385,00;102150670,00;2814
WINV26;28/07/2026;18:00:00;181435,00;181570,00;181300,00;181300,00;44973299,00;1239
WINV26;28/07/2026;17:30:00;181440,00;181640,00;181380,00;181385,00;14958048,00;412
WINV26;28/07/2026;17:00:00;181175,00;181505,00;181175,00;181480,00;35524942,00;979
WINV26;28/07/2026;16:30:00;181200,00;181240,00;181045,00;181175,00;24161560,00;667
WINV26;28/07/2026;16:00:00;181070,00;181335,00;181065,00;181190,00;36014609,00;994
WINV26;28/07/2026;15:30:00;181180,00;181315,00;181000,00;181075,00;37052642,00;1023
WINV26;28/07/2026;15:00:00;181470,00;181470,00;181080,00;181160,00;84938766,00;2343
WINV26;28/07/2026;14:30:00;181615,00;181700,00;181330,00;181470,00;28448636,00;784
WINV26;28/07/2026;14:00:00;181750,00;181840,00;181595,00;181595,00;4798414,00;132
WINV26;28/07/2026;13:30:00;181715,00;181890,00;181595,00;181695,00;5525329,00;152
WINV26;28/07/2026;13:00:00;181925,00;182045,00;181625,00;181720,00;15636399,00;430
WINV26;28/07/2026;12:30:00;181525,00;181955,00;181525,00;181955,00;21151771,00;582
WINV26;28/07/2026;12:00:00;181725,00;181850,00;181350,00;181500,00;28109394,00;774
WINV26;28/07/2026;11:30:00;182010,00;182095,00;181750,00;181750,00;24747509,00;680
WINV26;28/07/2026;11:00:00;181485,00;182335,00;181430,00;182010,00;100663271,00;2767
WINV26;28/07/2026;10:30:00;181700,00;182160,00;181225,00;181440,00;97373036,00;2680
WINV26;28/07/2026;10:00:00;182835,00;183355,00;181675,00;181715,00;91920463,00;2519
WINV26;28/07/2026;09:30:00;183000,00;183100,00;182350,00;182875,00;54167751,00;1482
WINV26;28/07/2026;09:00:00;180860,00;183240,00;180810,00;183025,00;206912782,00;5678
WINV26;27/07/2026;18:00:00;180560,00;180565,00;180390,00;180390,00;57138603,00;1583
WINV26;27/07/2026;17:30:00;180390,00;180580,00;180390,00;180500,00;5884437,00;163
WINV26;27/07/2026;17:00:00;180290,00;180440,00;180130,00;180400,00;7643967,00;212
WINV26;27/07/2026;16:30:00;180045,00;180355,00;180035,00;180280,00;126403734,00;3507
WINV26;27/07/2026;16:00:00;179870,00;180060,00;179750,00;179985,00;92999347,00;2583
WINV26;27/07/2026;15:30:00;179620,00;179875,00;179465,00;179820,00;18255291,00;508
WINV26;27/07/2026;15:00:00;179765,00;179765,00;179500,00;179675,00;5389354,00;150
WINV26;27/07/2026;14:30:00;179600,00;179785,00;179555,00;179730,00;3917148,00;109
WINV26;27/07/2026;14:00:00;179555,00;179655,00;179360,00;179655,00;7683592,00;214
WINV26;27/07/2026;13:30:00;179660,00;179840,00;179500,00;179540,00;4528214,00;126
WINV26;27/07/2026;13:00:00;179635,00;179800,00;179515,00;179645,00;14843575,00;413
WINV26;27/07/2026;12:30:00;179600,00;179675,00;179310,00;179570,00;19706070,00;549
WINV26;27/07/2026;12:00:00;179985,00;180090,00;179560,00;179710,00;33419921,00;929
WINV26;27/07/2026;11:30:00;179050,00;179980,00;179035,00;179950,00;186871293,00;5203
WINV26;27/07/2026;11:00:00;179220,00;179345,00;178780,00;179150,00;476350067,00;13299
WINV26;27/07/2026;10:30:00;179330,00;179650,00;179000,00;179280,00;22278108,00;621
WINV26;27/07/2026;10:00:00;179595,00;179605,00;178880,00;179315,00;24691997,00;689
WINV26;27/07/2026;09:30:00;179435,00;179660,00;179250,00;179530,00;20571889,00;573
WINV26;27/07/2026;09:00:00;179215,00;179820,00;178875,00;179440,00;108635445,00;3026
WINV26;24/07/2026;18:00:00;178625,00;178625,00;178425,00;178425,00;20637466,00;578
WINV26;24/07/2026;17:30:00;178630,00;178670,00;178570,00;178610,00;78910093,00;2209
WINV26;24/07/2026;17:00:00;178750,00;178825,00;178635,00;178655,00;11619003,00;325
WINV26;24/07/2026;16:30:00;179005,00;179040,00;178685,00;178770,00;42024914,00;1175
WINV26;24/07/2026;16:00:00;179135,00;179160,00;178965,00;179000,00;42865059,00;1197
WINV26;24/07/2026;15:30:00;178985,00;179155,00;178985,00;179115,00;21024771,00;587
WINV26;24/07/2026;15:00:00;179060,00;179140,00;178980,00;179000,00;16903251,00;472
WINV26;24/07/2026;14:30:00;179220,00;179220,00;178980,00;179050,00;20380049,00;569
WINV26;24/07/2026;14:00:00;179125,00;179210,00;179080,00;179200,00;6592165,00;184
WINV26;24/07/2026;13:30:00;179625,00;179625,00;179030,00;179190,00;33171761,00;925
WINV26;24/07/2026;13:00:00;179800,00;179815,00;179525,00;179625,00;22812616,00;635
WINV26;24/07/2026;12:30:00;179865,00;179895,00;179670,00;179785,00;15534155,00;432
WINV26;24/07/2026;12:00:00;180150,00;180170,00;179600,00;179885,00;71006534,00;1974
WINV26;24/07/2026;11:30:00;180300,00;180300,00;179845,00;180160,00;16092320,00;447
WINV26;24/07/2026;11:00:00;179925,00;180350,00;179885,00;180265,00;24209386,00;672
WINV26;24/07/2026;10:30:00;179895,00;180160,00;179475,00;179850,00;50555856,00;1406
WINV26;24/07/2026;10:00:00;180070,00;180220,00;179735,00;179960,00;30809781,00;856
WINV26;24/07/2026;09:30:00;180180,00;180475,00;179930,00;180060,00;29583464,00;821
WINV26;24/07/2026;09:00:00;181510,00;181870,00;180125,00;180210,00;216000178,00;5978
WINV26;23/07/2026;18:00:00;181600,00;181750,00;181560,00;181750,00;68649592,00;1890
WINV26;23/07/2026;17:30:00;181550,00;181615,00;181500,00;181595,00;2650850,00;73
WINV26;23/07/2026;17:00:00;181530,00;181665,00;181480,00;181545,00;64572905,00;1778
WINV26;23/07/2026;16:30:00;181650,00;181825,00;181440,00;181555,00;9005380,00;248
WINV26;23/07/2026;16:00:00;181725,00;181865,00;181420,00;181565,00;54597446,00;1503
WINV26;23/07/2026;15:30:00;181515,00;181760,00;181515,00;181700,00;47123667,00;1297
WINV26;23/07/2026;15:00:00;181440,00;181565,00;181330,00;181525,00;4172970,00;115
WINV26;23/07/2026;14:30:00;181345,00;181520,00;181205,00;181330,00;20595705,00;568
WINV26;23/07/2026;14:00:00;181580,00;181675,00;181250,00;181395,00;8165030,00;225
WINV26;23/07/2026;13:30:00;181545,00;181555,00;181430,00;181545,00;1088957,00;30
WINV26;23/07/2026;13:00:00;181515,00;181690,00;181480,00;181630,00;7410140,00;204
WINV26;23/07/2026;12:30:00;181335,00;181705,00;181310,00;181515,00;152673705,00;4204
WINV26;23/07/2026;12:00:00;182305,00;182395,00;181350,00;181350,00;197038379,00;5419
WINV26;23/07/2026;11:30:00;182500,00;182580,00;182000,00;182325,00;38391902,00;1053
WINV26;23/07/2026;11:00:00;182010,00;182495,00;181760,00;182495,00;157879121,00;4333
WINV26;23/07/2026;10:30:00;181975,00;182880,00;181790,00;182000,00;110561073,00;3028
WINV26;23/07/2026;10:00:00;182080,00;182225,00;181190,00;181900,00;55877849,00;1538
WINV26;23/07/2026;09:30:00;182200,00;182440,00;181910,00;182010,00;43436343,00;1192
WINV26;23/07/2026;09:00:00;182190,00;182515,00;181545,00;182150,00;192527490,00;5290
WINV26;22/07/2026;18:00:00;182745,00;182900,00;182605,00;182605,00;72423705,00;1981
WINV26;22/07/2026;17:30:00;182865,00;182925,00;182715,00;182810,00;18134210,00;496
WINV26;22/07/2026;17:00:00;182705,00;182950,00;182640,00;182865,00;27198690,00;744
WINV26;22/07/2026;16:30:00;182585,00;182740,00;182445,00;182705,00;20999240,00;575
WINV26;22/07/2026;16:00:00;182705,00;182710,00;182465,00;182585,00;8397856,00;230
WINV26;22/07/2026;15:30:00;182410,00;182735,00;182345,00;182705,00;14424109,00;395
WINV26;22/07/2026;15:00:00;182440,00;182585,00;182310,00;182460,00;37256168,00;1021
WINV26;22/07/2026;14:30:00;181980,00;182510,00;181980,00;182410,00;33132632,00;909
WINV26;22/07/2026;14:00:00;181550,00;182045,00;181550,00;182030,00;43137981,00;1186
WINV26;22/07/2026;13:30:00;181295,00;181605,00;181295,00;181540,00;9182712,00;253
WINV26;22/07/2026;13:00:00;181250,00;181385,00;181160,00;181270,00;13270329,00;366
WINV26;22/07/2026;12:30:00;180705,00;181285,00;180705,00;181175,00;21008893,00;580
WINV26;22/07/2026;12:00:00;180505,00;180860,00;180455,00;180770,00;11275814,00;312
WINV26;22/07/2026;11:30:00;180840,00;180840,00;180315,00;180580,00;26981091,00;747
WINV26;22/07/2026;11:00:00;181570,00;181660,00;180840,00;180855,00;77900010,00;2150
WINV26;22/07/2026;10:30:00;179990,00;181990,00;179990,00;181610,00;243719788,00;6722
WINV26;22/07/2026;10:00:00;179480,00;179990,00;179300,00;179955,00;69946015,00;1947
WINV26;22/07/2026;09:30:00;178950,00;179480,00;178860,00;179385,00;23721472,00;662
WINV26;22/07/2026;09:00:00;178000,00;179310,00;177965,00;179070,00;112236156,00;3140
WINV26;21/07/2026;18:00:00;178350,00;178450,00;178310,00;178450,00;73804882,00;2069
WINV26;21/07/2026;17:30:00;178220,00;178345,00;178210,00;178345,00;14864790,00;417
WINV26;21/07/2026;17:00:00;178380,00;178380,00;178205,00;178220,00;3921701,00;110
WINV26;21/07/2026;16:30:00;178350,00;178490,00;178320,00;178425,00;8029758,00;225
WINV26;21/07/2026;16:00:00;178485,00;178555,00;178390,00;178460,00;8745710,00;245
WINV26;21/07/2026;15:30:00;178420,00;178490,00;178370,00;178400,00;2819219,00;79
WINV26;21/07/2026;15:00:00;178385,00;178420,00;178245,00;178375,00;6385393,00;179
WINV26;21/07/2026;14:30:00;178060,00;178400,00;178005,00;178390,00;22812333,00;640
WINV26;21/07/2026;14:00:00;178075,00;178170,00;177970,00;178025,00;2955776,00;83
WINV26;21/07/2026;13:30:00;177930,00;178125,00;177880,00;178045,00;5875334,00;165
WINV26;21/07/2026;13:00:00;177700,00;177990,00;177700,00;177930,00;25004417,00;703
WINV26;21/07/2026;12:30:00;177675,00;177860,00;177665,00;177665,00;41141577,00;1157
WINV26;21/07/2026;12:00:00;177315,00;177730,00;177230,00;177685,00;45533596,00;1283
WINV26;21/07/2026;11:30:00;177845,00;178000,00;177250,00;177315,00;220249239,00;6201
WINV26;21/07/2026;11:00:00;177690,00;178330,00;177690,00;177810,00;25717474,00;722
WINV26;21/07/2026;10:30:00;178385,00;178825,00;177620,00;177815,00;303525527,00;8520
WINV26;21/07/2026;10:00:00;178475,00;178700,00;178110,00;178345,00;154268864,00;4326
WINV26;21/07/2026;09:30:00;178340,00;178755,00;178320,00;178420,00;23490635,00;658
WINV26;21/07/2026;09:00:00;178990,00;179090,00;178190,00;178390,00;189211289,00;5298
WINV26;20/07/2026;18:00:00;178410,00;178480,00;178285,00;178330,00;58283159,00;1634
WINV26;20/07/2026;17:30:00;178465,00;178500,00;178400,00;178445,00;6246218,00;175
WINV26;20/07/2026;17:00:00;178775,00;178775,00;178385,00;178400,00;8388893,00;235
WINV26;20/07/2026;16:30:00;178865,00;178955,00;178760,00;178770,00;6618919,00;185
WINV26;20/07/2026;16:00:00;178865,00;178955,00;178660,00;178865,00;5650213,00;158
WINV26;20/07/2026;15:30:00;178915,00;179040,00;178695,00;178805,00;4042912,00;113
WINV26;20/07/2026;15:00:00;178935,00;179090,00;178855,00;178915,00;5225783,00;146
WINV26;20/07/2026;14:30:00;178750,00;178900,00;178590,00;178900,00;4969675,00;139
WINV26;20/07/2026;14:00:00;178730,00;178805,00;178670,00;178730,00;3932813,00;110
WINV26;20/07/2026;13:30:00;179190,00;179205,00;178660,00;178660,00;15211414,00;425
WINV26;20/07/2026;13:00:00;179185,00;179450,00;179135,00;179135,00;5953962,00;166
WINV26;20/07/2026;12:30:00;179080,00;179330,00;179035,00;179225,00;11041617,00;308
WINV26;20/07/2026;12:00:00;179200,00;179325,00;178890,00;179050,00;5587071,00;156
WINV26;20/07/2026;11:30:00;179000,00;179520,00;179000,00;179235,00;8498212,00;237
WINV26;20/07/2026;11:00:00;178990,00;179155,00;178710,00;179000,00;4689731,00;131
WINV26;20/07/2026;10:30:00;178845,00;179110,00;178300,00;178950,00;32941307,00;922
WINV26;20/07/2026;10:00:00;178970,00;179680,00;178870,00;178915,00;32491221,00;906
WINV26;20/07/2026;09:30:00;178955,00;179120,00;178760,00;178980,00;11560752,00;323
WINV26;20/07/2026;09:00:00;179300,00;179670,00;178500,00;178920,00;129632353,00;3623
WINV26;17/07/2026;18:00:00;178645,00;178850,00;178645,00;178775,00;52320111,00;1464
WINV26;17/07/2026;17:30:00;178900,00;178920,00;178620,00;178690,00;15336815,00;429
WINV26;17/07/2026;17:00:00;178960,00;179030,00;178895,00;178950,00;4259048,00;119
WINV26;17/07/2026;16:30:00;178795,00;179085,00;178700,00;179005,00;62710177,00;1753
WINV26;17/07/2026;16:00:00;178655,00;178790,00;178495,00;178790,00;38435091,00;1076
WINV26;17/07/2026;15:30:00;178680,00;178710,00;178565,00;178665,00;29545640,00;827
WINV26;17/07/2026;15:00:00;178775,00;178775,00;178605,00;178675,00;9934691,00;278
WINV26;17/07/2026;14:30:00;179190,00;179270,00;178775,00;178775,00;29282985,00;818
WINV26;17/07/2026;14:00:00;179170,00;179270,00;179100,00;179170,00;6450147,00;180
WINV26;17/07/2026;13:30:00;179250,00;179280,00;179030,00;179115,00;9494121,00;265
WINV26;17/07/2026;13:00:00;179680,00;179745,00;179160,00;179235,00;33621080,00;937
WINV26;17/07/2026;12:30:00;179650,00;179795,00;179455,00;179670,00;13762486,00;383
WINV26;17/07/2026;12:00:00;179455,00;179700,00;179240,00;179700,00;18419035,00;513
WINV26;17/07/2026;11:30:00;179070,00;179495,00;179070,00;179430,00;8859542,00;247
WINV26;17/07/2026;11:00:00;179400,00;179400,00;178830,00;179140,00;15009220,00;419
WINV26;17/07/2026;10:30:00;178840,00;179600,00;178770,00;179500,00;33938840,00;947
WINV26;17/07/2026;10:00:00;179085,00;179185,00;178545,00;178990,00;20242740,00;566
WINV26;17/07/2026;09:30:00;178750,00;179150,00;178610,00;179010,00;14781279,00;413
WINV26;17/07/2026;09:00:00;178250,00;179365,00;178250,00;178755,00;99774241,00;2788
WINV26;16/07/2026;18:00:00;179030,00;179035,00;178865,00;178865,00;53638933,00;1499
WINV26;16/07/2026;17:30:00;179010,00;179095,00;178870,00;179005,00;11061827,00;309
WINV26;16/07/2026;17:00:00;179210,00;179260,00;179030,00;179045,00;4800453,00;134
WINV26;16/07/2026;16:30:00;179065,00;179185,00;178975,00;179170,00;8129438,00;227
WINV26;16/07/2026;16:00:00;179090,00;179195,00;179015,00;179125,00;8345741,00;233
WINV26;16/07/2026;15:30:00;179095,00;179255,00;179025,00;179130,00;41912303,00;1170
WINV26;16/07/2026;15:00:00;179150,00;179315,00;178905,00;179185,00;34334204,00;958
WINV26;16/07/2026;14:30:00;179500,00;179500,00;179135,00;179200,00;49339737,00;1376
WINV26;16/07/2026;14:00:00;179880,00;179895,00;179300,00;179430,00;68360314,00;1904
WINV26;16/07/2026;13:30:00;180080,00;180170,00;179840,00;179860,00;13033456,00;362
WINV26;16/07/2026;13:00:00;180500,00;180525,00;179950,00;180060,00;13220125,00;367
WINV26;16/07/2026;12:30:00;180435,00;180590,00;180275,00;180500,00;10611085,00;294
WINV26;16/07/2026;12:00:00;180295,00;180565,00;180080,00;180420,00;13811462,00;383
WINV26;16/07/2026;11:30:00;180005,00;180615,00;179920,00;180430,00;17739395,00;492
WINV26;16/07/2026;11:00:00;179475,00;180220,00;179475,00;180015,00;39115435,00;1087
WINV26;16/07/2026;10:30:00;180390,00;180390,00;179195,00;179465,00;64533188,00;1797
WINV26;16/07/2026;10:00:00;181060,00;181080,00;180340,00;180465,00;33015025,00;914
WINV26;16/07/2026;09:30:00;181525,00;181525,00;181045,00;181075,00;13088372,00;361
WINV26;16/07/2026;09:00:00;181045,00;182500,00;181000,00;181370,00;108351236,00;2977
WINV26;15/07/2026;18:00:00;181520,00;182250,00;181465,00;182250,00;30192667,00;831
WINV26;15/07/2026;17:30:00;181455,00;181530,00;181435,00;181500,00;2758512,00;76
WINV26;15/07/2026;17:00:00;181485,00;181700,00;181400,00;181450,00;22702236,00;625
WINV26;15/07/2026;16:30:00;181710,00;181725,00;181460,00;181480,00;8569321,00;236
WINV26;15/07/2026;16:00:00;181595,00;181840,00;181595,00;181725,00;5742957,00;158
WINV26;15/07/2026;15:30:00;181720,00;181840,00;181565,00;181590,00;6868268,00;189
WINV26;15/07/2026;15:00:00;181585,00;181730,00;181500,00;181730,00;6429095,00;177
WINV26;15/07/2026;14:30:00;181295,00;181720,00;181260,00;181605,00;6025179,00;166
WINV26;15/07/2026;14:00:00;180945,00;181300,00;180915,00;181300,00;6229528,00;172
WINV26;15/07/2026;13:30:00;181095,00;181300,00;180850,00;180920,00;10431011,00;288
WINV26;15/07/2026;13:00:00;181310,00;181310,00;180985,00;181040,00;13188074,00;364
WINV26;15/07/2026;12:30:00;181410,00;181410,00;181190,00;181215,00;5148025,00;142
WINV26;15/07/2026;12:00:00;181680,00;181885,00;181370,00;181420,00;16713059,00;460
WINV26;15/07/2026;11:30:00;181295,00;181750,00;181245,00;181685,00;120355621,00;3313
WINV26;15/07/2026;11:00:00;181540,00;181845,00;181110,00;181375,00;204575721,00;5643
WINV26;15/07/2026;10:30:00;181725,00;181900,00;181155,00;181515,00;37832553,00;1043
WINV26;15/07/2026;10:00:00;182255,00;182265,00;181450,00;181625,00;67187890,00;1848
WINV26;15/07/2026;09:30:00;181850,00;182440,00;181605,00;182200,00;20828007,00;572
WINV26;15/07/2026;09:00:00;181900,00;182000,00;180800,00;181790,00;273383039,00;7537
WINV26;14/07/2026;18:00:00;182260,00;182300,00;181935,00;181935,00;60673538,00;1666
WINV26;14/07/2026;17:30:00;182205,00;182350,00;182205,00;182285,00;3135079,00;86
WINV26;14/07/2026;17:00:00;182250,00;182420,00;182145,00;182165,00;16043409,00;440
WINV26;14/07/2026;16:30:00;182065,00;182340,00;181960,00;182250,00;5100421,00;140
WINV26;14/07/2026;16:00:00;182175,00;182350,00;182015,00;182095,00;15083078,00;414
WINV26;14/07/2026;15:30:00;181795,00;182290,00;181770,00;182265,00;19948014,00;548
WINV26;14/07/2026;15:00:00;181680,00;181850,00;181615,00;181850,00;7488597,00;206
WINV26;14/07/2026;14:30:00;181600,00;181790,00;181550,00;181560,00;9589912,00;264
WINV26;14/07/2026;14:00:00;181790,00;181835,00;181550,00;181565,00;9046257,00;249
WINV26;14/07/2026;13:30:00;181785,00;181940,00;181660,00;181745,00;11747083,00;323
WINV26;14/07/2026;13:00:00;181665,00;181785,00;181340,00;181680,00;27492691,00;757
WINV26;14/07/2026;12:30:00;182090,00;182090,00;181655,00;181700,00;9453096,00;260
WINV26;14/07/2026;12:00:00;181870,00;182255,00;181635,00;182125,00;29884410,00;821
WINV26;14/07/2026;11:30:00;182060,00;182550,00;181680,00;181890,00;59200201,00;1624
WINV26;14/07/2026;11:00:00;182500,00;182740,00;181885,00;182000,00;379719449,00;10427
WINV26;14/07/2026;10:30:00;181805,00;182490,00;181805,00;182480,00;32609674,00;895
WINV26;14/07/2026;10:00:00;182045,00;182450,00;181540,00;181745,00;45513906,00;1251
WINV26;14/07/2026;09:30:00;181395,00;183000,00;181340,00;182045,00;302963855,00;8309
WINV26;14/07/2026;09:00:00;181310,00;182080,00;181100,00;181390,00;142530721,00;3930
WINV26;13/07/2026;18:00:00;180905,00;181115,00;180775,00;181005,00;75238056,00;2079
WINV26;13/07/2026;17:30:00;181050,00;181050,00;180845,00;180900,00;5788565,00;160
WINV26;13/07/2026;17:00:00;181235,00;181425,00;181000,00;181090,00;11337804,00;313
WINV26;13/07/2026;16:30:00;181275,00;181400,00;181135,00;181240,00;18635076,00;514
WINV26;13/07/2026;16:00:00;181550,00;181650,00;181280,00;181280,00;15397114,00;424
WINV26;13/07/2026;15:30:00;181350,00;181550,00;181350,00;181550,00;10742190,00;296
WINV26;13/07/2026;15:00:00;181340,00;181425,00;181205,00;181275,00;23826346,00;657
WINV26;13/07/2026;14:30:00;181425,00;181515,00;181250,00;181325,00;24481192,00;675
WINV26;13/07/2026;14:00:00;181615,00;181800,00;181455,00;181465,00;12601502,00;347
WINV26;13/07/2026;13:30:00;182055,00;182075,00;181605,00;181635,00;19964238,00;549
WINV26;13/07/2026;13:00:00;182140,00;182220,00;182025,00;182035,00;8814753,00;242
WINV26;13/07/2026;12:30:00;182300,00;182365,00;182035,00;182130,00;5574748,00;153
WINV26;13/07/2026;12:00:00;182515,00;182550,00;182070,00;182250,00;14103311,00;387
WINV26;13/07/2026;11:30:00;182745,00;182825,00;182280,00;182545,00;13467677,00;369
WINV26;13/07/2026;11:00:00;183245,00;183245,00;182495,00;182810,00;58461793,00;1599
WINV26;13/07/2026;10:30:00;183270,00;183670,00;182715,00;183320,00;27936062,00;763
WINV26;13/07/2026;10:00:00;184000,00;184030,00;183155,00;183260,00;68006353,00;1853
WINV26;13/07/2026;09:30:00;183660,00;183975,00;183545,00;183890,00;132163680,00;3596
WINV26;13/07/2026;09:00:00;184120,00;184120,00;183305,00;183625,00;148026665,00;4031
WINV26;10/07/2026;18:00:00;184260,00;184450,00;184185,00;184365,00;107378472,00;2912
WINV26;10/07/2026;17:30:00;184175,00;184395,00;184150,00;184245,00;67300682,00;1826
WINV26;10/07/2026;17:00:00;183725,00;184260,00;183705,00;184190,00;162514865,00;4414
WINV26;10/07/2026;16:30:00;183445,00;183715,00;183400,00;183700,00;22106543,00;602
WINV26;10/07/2026;16:00:00;183245,00;183505,00;183225,00;183450,00;33150416,00;904
WINV26;10/07/2026;15:30:00;183510,00;183555,00;183185,00;183250,00;49525784,00;1351
WINV26;10/07/2026;15:00:00;183095,00;183725,00;183095,00;183495,00;124495610,00;3392
WINV26;10/07/2026;14:30:00;183125,00;183195,00;183025,00;183085,00;64745884,00;1768
WINV26;10/07/2026;14:00:00;183090,00;183205,00;183000,00;183140,00;52227281,00;1426
WINV26;10/07/2026;13:30:00;182890,00;183265,00;182825,00;183100,00;193878400,00;5293
WINV26;10/07/2026;13:00:00;182215,00;182925,00;182215,00;182890,00;52902163,00;1448
WINV26;10/07/2026;12:30:00;182115,00;182215,00;181915,00;182215,00;19411726,00;533
WINV26;10/07/2026;12:00:00;182410,00;182415,00;181940,00;182160,00;86303563,00;2369
WINV26;10/07/2026;11:30:00;182535,00;182765,00;181750,00;182450,00;592846923,00;16263
WINV26;10/07/2026;11:00:00;182275,00;182710,00;182000,00;182535,00;442951990,00;12144
WINV26;10/07/2026;10:30:00;181815,00;182285,00;181550,00;182250,00;340863597,00;9365
WINV26;10/07/2026;10:00:00;182000,00;182505,00;181310,00;181785,00;242811164,00;6678
WINV26;10/07/2026;09:30:00;181255,00;184330,00;181255,00;182070,00;236680443,00;6505
WINV26;10/07/2026;09:00:00;179455,00;181595,00;179455,00;181200,00;299342085,00;8263
WINV26;09/07/2026;18:00:00;178900,00;179130,00;178900,00;178905,00;100141001,00;2797
WINV26;09/07/2026;17:30:00;178810,00;178900,00;178780,00;178900,00;5329390,00;149
WINV26;09/07/2026;17:00:00;178720,00;178930,00;178680,00;178830,00;16774743,00;469
WINV26;09/07/2026;16:30:00;178625,00;178785,00;178500,00;178765,00;8004016,00;224
WINV26;09/07/2026;16:00:00;178570,00;178750,00;178535,00;178665,00;10576395,00;296
WINV26;09/07/2026;15:30:00;178395,00;178625,00;178325,00;178600,00;6031292,00;169
WINV26;09/07/2026;15:00:00;178600,00;178600,00;178350,00;178350,00;6531657,00;183
WINV26;09/07/2026;14:30:00;178400,00;178670,00;178400,00;178595,00;20427032,00;572
WINV26;09/07/2026;14:00:00;178210,00;178410,00;178115,00;178335,00;2210768,00;62
WINV26;09/07/2026;13:30:00;178230,00;178305,00;178100,00;178165,00;1674900,00;47
WINV26;09/07/2026;13:00:00;178250,00;178440,00;178250,00;178315,00;12088207,00;339
WINV26;09/07/2026;12:30:00;177875,00;178225,00;177850,00;178210,00;2315223,00;65
WINV26;09/07/2026;12:00:00;178230,00;178420,00;177890,00;177975,00;6664053,00;187
WINV26;09/07/2026;11:30:00;178000,00;178225,00;177875,00;178225,00;7761389,00;218
WINV26;09/07/2026;11:00:00;176890,00;178105,00;176890,00;177955,00;53336445,00;1501
WINV26;09/07/2026;10:30:00;177010,00;177030,00;176570,00;176800,00;23447771,00;663
WINV26;09/07/2026;10:00:00;176945,00;177525,00;176945,00;177100,00;19387757,00;547
WINV26;09/07/2026;09:30:00;177305,00;177450,00;176740,00;176875,00;19368015,00;547
WINV26;09/07/2026;09:00:00;176540,00;177550,00;176250,00;177440,00;92579288,00;2619
WINV26;08/07/2026;18:00:00;176230,00;176420,00;176230,00;176350,00;114245290,00;3239
WINV26;08/07/2026;17:30:00;176240,00;176295,00;176175,00;176230,00;2114727,00;60
WINV26;08/07/2026;17:00:00;176500,00;176500,00;176200,00;176225,00;6699972,00;190
WINV26;08/07/2026;16:30:00;176650,00;176775,00;176510,00;176595,00;8373710,00;237
WINV26;08/07/2026;16:00:00;176515,00;176660,00;176500,00;176575,00;1871408,00;53
WINV26;08/07/2026;15:30:00;176590,00;176690,00;176400,00;176470,00;6003961,00;170
WINV26;08/07/2026;15:00:00;176350,00;176675,00;176315,00;176495,00;11584241,00;328
WINV26;08/07/2026;14:30:00;176360,00;176395,00;176250,00;176250,00;4090620,00;116
WINV26;08/07/2026;14:00:00;176505,00;176585,00;176190,00;176375,00;110435415,00;3133
WINV26;08/07/2026;13:30:00;175990,00;176700,00;175900,00;176535,00;141778133,00;4014
WINV26;08/07/2026;13:00:00;175985,00;176070,00;175945,00;175990,00;8026216,00;228
WINV26;08/07/2026;12:30:00;176200,00;176375,00;176000,00;176000,00;11134408,00;316
WINV26;08/07/2026;12:00:00;175935,00;176300,00;175850,00;176000,00;1796592,00;51
WINV26;08/07/2026;11:30:00;176485,00;176515,00;175870,00;176030,00;18600475,00;528
WINV26;08/07/2026;11:00:00;176470,00;176835,00;176300,00;176500,00;222892997,00;6312
WINV26;08/07/2026;10:30:00;176890,00;177200,00;176280,00;176490,00;330578719,00;9358
WINV26;08/07/2026;10:00:00;177400,00;177505,00;175745,00;176945,00;133488050,00;3777
WINV26;08/07/2026;09:30:00;177470,00;177565,00;177210,00;177325,00;3973113,00;112
WINV26;08/07/2026;09:00:00;176295,00;177500,00;175840,00;177445,00;73067481,00;2064
WINV26;07/07/2026;18:00:00;177675,00;177675,00;177360,00;177360,00;14799014,00;417
WINV26;07/07/2026;17:30:00;177815,00;177820,00;177670,00;177670,00;1492872,00;42
WINV26;07/07/2026;17:00:00;177780,00;177910,00;177770,00;177825,00;3520826,00;99
WINV26;07/07/2026;16:30:00;177785,00;177850,00;177650,00;177770,00;5793807,00;163
WINV26;07/07/2026;16:00:00;177820,00;177920,00;177710,00;177770,00;5760393,00;162
WINV26;07/07/2026;15:30:00;177735,00;178060,00;177655,00;177885,00;25324338,00;712
WINV26;07/07/2026;15:00:00;177795,00;177800,00;177445,00;177715,00;4085480,00;115
WINV26;07/07/2026;14:30:00;177910,00;177925,00;177620,00;177790,00;6434076,00;181
WINV26;07/07/2026;14:00:00;177505,00;177920,00;177505,00;177905,00;7641432,00;215
WINV26;07/07/2026;13:30:00;177460,00;177490,00;177370,00;177430,00;3051780,00;86
WINV26;07/07/2026;13:00:00;177460,00;177540,00;177305,00;177490,00;13130070,00;370
WINV26;07/07/2026;12:30:00;177620,00;177710,00;177390,00;177425,00;13772660,00;388
WINV26;07/07/2026;12:00:00;177935,00;177935,00;177450,00;177550,00;14098989,00;397
WINV26;07/07/2026;11:30:00;177560,00;178260,00;177550,00;178010,00;4411824,00;124
WINV26;07/07/2026;11:00:00;178460,00;178730,00;177335,00;177580,00;224105040,00;6287
WINV26;07/07/2026;10:30:00;178500,00;179525,00;178305,00;178305,00;269487416,00;7522
WINV26;07/07/2026;10:00:00;178975,00;179045,00;178345,00;178430,00;10366113,00;290
WINV26;07/07/2026;09:30:00;179185,00;179185,00;178785,00;178785,00;5906961,00;165
WINV26;07/07/2026;09:00:00;178000,00;179400,00;178000,00;179220,00;14890298,00;416
WINV26;06/07/2026;18:00:00;178495,00;178570,00;178245,00;178275,00;6458434,00;181
WINV26;06/07/2026;17:30:00;178375,00;178560,00;178370,00;178545,00;3569476,00;100
WINV26;06/07/2026;17:00:00;178375,00;178450,00;178365,00;178375,00;2783212,00;78
WINV26;06/07/2026;16:30:00;178375,00;178450,00;178295,00;178350,00;6813855,00;191
WINV26;06/07/2026;16:00:00;178370,00;178420,00;178165,00;178420,00;7522801,00;211
WINV26;06/07/2026;15:30:00;178575,00;178620,00;178380,00;178385,00;2320451,00;65
WINV26;06/07/2026;15:00:00;178540,00;178610,00;178300,00;178555,00;7996240,00;224
WINV26;06/07/2026;14:30:00;178300,00;178590,00;178200,00;178480,00;11807630,00;331
WINV26;06/07/2026;14:00:00;178080,00;178465,00;177965,00;178315,00;98357022,00;2760
WINV26;06/07/2026;13:30:00;177900,00;178125,00;177850,00;177990,00;17055741,00;479
WINV26;06/07/2026;13:00:00;177945,00;177975,00;177810,00;177900,00;14941286,00;420
WINV26;06/07/2026;12:30:00;178035,00;178200,00;177885,00;177975,00;33265337,00;934
WINV26;06/07/2026;12:00:00;177815,00;178065,00;177785,00;178025,00;59015089,00;1658
WINV26;06/07/2026;11:30:00;177900,00;178000,00;177620,00;177870,00;114202736,00;3212
WINV26;06/07/2026;11:00:00;178410,00;178535,00;177850,00;178030,00;92341394,00;2593
WINV26;06/07/2026;10:30:00;178410,00;179210,00;178300,00;178450,00;93682694,00;2620
WINV26;06/07/2026;10:00:00;178820,00;179035,00;178250,00;178440,00;76708664,00;2148
WINV26;06/07/2026;09:30:00;179095,00;179175,00;178780,00;178890,00;10090277,00;282
WINV26;06/07/2026;09:00:00;180550,00;180560,00;178840,00;179050,00;38549385,00;1074
WINV26;03/07/2026;18:00:00;180615,00;180615,00;180490,00;180490,00;2130490,00;59
WINV26;03/07/2026;17:30:00;180475,00;180635,00;180475,00;180590,00;2744576,00;76
WINV26;03/07/2026;17:00:00;180400,00;180470,00;180335,00;180430,00;902128,00;25
WINV26;03/07/2026;16:30:00;180470,00;180565,00;180305,00;180565,00;2345694,00;65
WINV26;03/07/2026;16:00:00;180575,00;180620,00;180445,00;180445,00;3899232,00;108
WINV26;03/07/2026;15:30:00;180575,00;180620,00;180575,00;180620,00;108360,00;3
WINV26;03/07/2026;15:00:00;180635,00;180650,00;180520,00;180600,00;4731479,00;131
WINV26;03/07/2026;14:30:00;180750,00;180825,00;180665,00;180720,00;3614735,00;100
WINV26;03/07/2026;14:00:00;180630,00;180750,00;180515,00;180750,00;3972944,00;110
WINV26;03/07/2026;13:30:00;180705,00;180745,00;180650,00;180655,00;2818671,00;78
WINV26;03/07/2026;13:00:00;180750,00;180945,00;180705,00;180725,00;10522813,00;291
WINV26;03/07/2026;12:30:00;180595,00;180760,00;180550,00;180690,00;9217571,00;255
WINV26;03/07/2026;12:00:00;180465,00;180700,00;180465,00;180610,00;12533095,00;347
WINV26;03/07/2026;11:30:00;180250,00;180530,00;180160,00;180405,00;4257118,00;118
WINV26;03/07/2026;11:00:00;179860,00;180450,00;179860,00;180250,00;20009092,00;555
WINV26;03/07/2026;10:30:00;179460,00;179925,00;179200,00;179860,00;26415022,00;735
WINV26;03/07/2026;10:00:00;180170,00;180225,00;179075,00;179485,00;44094647,00;1227
WINV26;03/07/2026;09:30:00;180475,00;180500,00;179995,00;180010,00;20322499,00;564
WINV26;03/07/2026;09:00:00;179200,00;180500,00;179200,00;180375,00;265616433,00;7375
WINV26;02/07/2026;18:00:00;179070,00;179070,00;178860,00;178880,00;61541616,00;1720
WINV26;02/07/2026;17:30:00;179130,00;179165,00;179025,00;179070,00;6447006,00;180
WINV26;02/07/2026;17:00:00;179045,00;179125,00;178855,00;179100,00;10168798,00;284
WINV26;02/07/2026;16:30:00;178595,00;179025,00;178585,00;179025,00;6219788,00;174
WINV26;02/07/2026;16:00:00;178910,00;178940,00;178440,00;178555,00;22644223,00;634
WINV26;02/07/2026;15:30:00;178740,00;179050,00;178740,00;179000,00;11127624,00;311
WINV26;02/07/2026;15:00:00;178305,00;178725,00;178295,00;178725,00;21102128,00;591
WINV26;02/07/2026;14:30:00;178405,00;178500,00;178315,00;178315,00;4638928,00;130
WINV26;02/07/2026;14:00:00;178295,00;178575,00;178295,00;178435,00;8209649,00;230
WINV26;02/07/2026;13:30:00;178395,00;178595,00;178250,00;178255,00;15739893,00;441
WINV26;02/07/2026;13:00:00;178600,00;178730,00;178250,00;178370,00;46601270,00;1306
WINV26;02/07/2026;12:30:00;178500,00;178615,00;178435,00;178460,00;3356439,00;94
WINV26;02/07/2026;12:00:00;178715,00;178880,00;178030,00;178350,00;45285150,00;1270
WINV26;02/07/2026;11:30:00;178955,00;179300,00;178410,00;178745,00;292994186,00;8195
WINV26;02/07/2026;11:00:00;179770,00;179940,00;178950,00;179000,00;19383785,00;540
WINV26;02/07/2026;10:30:00;179000,00;180790,00;179000,00;179720,00;79335607,00;2202
WINV26;02/07/2026;10:00:00;179580,00;179710,00;178850,00;178945,00;90242200,00;2517
WINV26;02/07/2026;09:30:00;178700,00;180365,00;178290,00;179495,00;54412865,00;1513
WINV26;02/07/2026;09:00:00;178075,00;178745,00;177685,00;178685,00;61862402,00;1738
WINV26;01/07/2026;18:00:00;178230,00;178300,00;178160,00;178295,00;38565101,00;1082
WINV26;01/07/2026;17:30:00;178020,00;178375,00;178020,00;178260,00;8374383,00;235
WINV26;01/07/2026;17:00:00;177935,00;178105,00;177850,00;177950,00;9004682,00;253
WINV26;01/07/2026;16:30:00;178060,00;178200,00;177935,00;177990,00;10754501,00;302
WINV26;01/07/2026;16:00:00;177860,00;178285,00;177750,00;178070,00;6445270,00;181
WINV26;01/07/2026;15:30:00;177790,00;177815,00;177740,00;177775,00;568916,00;16
WINV26;01/07/2026;15:00:00;178000,00;178030,00;177650,00;177840,00;7573489,00;213
WINV26;01/07/2026;14:30:00;178195,00;178300,00;177745,00;177910,00;8718342,00;245
WINV26;01/07/2026;14:00:00;178160,00;178420,00;178115,00;178260,00;3494501,00;98
WINV26;01/07/2026;13:30:00;178270,00;178375,00;178030,00;178055,00;3350175,00;94
WINV26;01/07/2026;13:00:00;178035,00;178250,00;178000,00;178250,00;5557382,00;156
WINV26;01/07/2026;12:30:00;177330,00;178250,00;177330,00;178030,00;22077385,00;621
WINV26;01/07/2026;12:00:00;177395,00;177560,00;177220,00;177350,00;22206680,00;626
WINV26;01/07/2026;11:30:00;177790,00;177920,00;177415,00;177450,00;20106042,00;566
WINV26;01/07/2026;11:00:00;177640,00;178200,00;177455,00;177820,00;28639083,00;805
WINV26;01/07/2026;10:30:00;176620,00;177945,00;176340,00;177515,00;56687462,00;1597
WINV26;01/07/2026;10:00:00;176140,00;176700,00;175805,00;176585,00;152382472,00;4327
WINV26;01/07/2026;09:30:00;176385,00;176455,00;175925,00;176100,00;57724678,00;1639
WINV26;01/07/2026;09:00:00;177760,00;177890,00;176245,00;176380,00;216863014,00;6124
WINV26;30/06/2026;18:00:00;178400,00;178400,00;178275,00;178330,00;57173139,00;1603
WINV26;30/06/2026;17:30:00;178345,00;178420,00;178285,00;178420,00;2640106,00;74
WINV26;30/06/2026;17:00:00;178510,00;178585,00;178280,00;178335,00;6425685,00;180
WINV26;30/06/2026;16:30:00;178675,00;178765,00;178455,00;178490,00;9500341,00;266
WINV26;30/06/2026;16:00:00;178775,00;178775,00;178500,00;178610,00;2679173,00;75
WINV26;30/06/2026;15:30:00;178850,00;178850,00;178650,00;178760,00;6328027,00;177
WINV26;30/06/2026;15:00:00;179070,00;179075,00;178860,00;178860,00;10631360,00;297
WINV26;30/06/2026;14:30:00;178735,00;179165,00;178685,00;179100,00;16211042,00;453
WINV26;30/06/2026;14:00:00;178480,00;178790,00;178410,00;178785,00;8323749,00;233
WINV26;30/06/2026;13:30:00;178820,00;178820,00;178475,00;178475,00;3572561,00;100
WINV26;30/06/2026;13:00:00;178500,00;178895,00;178395,00;178805,00;8397221,00;235
WINV26;30/06/2026;12:30:00;178085,00;178400,00;178085,00;178345,00;3637611,00;102
WINV26;30/06/2026;12:00:00;177870,00;178435,00;177870,00;178150,00;12967979,00;364
WINV26;30/06/2026;11:30:00;177760,00;177955,00;177590,00;177890,00;15786961,00;444
WINV26;30/06/2026;11:00:00;177500,00;178515,00;177255,00;177755,00;137052429,00;3853
WINV26;30/06/2026;10:30:00;177425,00;177640,00;176780,00;177525,00;165750511,00;4675
WINV26;30/06/2026;10:00:00;178335,00;178345,00;177220,00;177400,00;281334275,00;7921
WINV26;30/06/2026;09:30:00;178510,00;178895,00;178330,00;178390,00;30176990,00;845
WINV26;30/06/2026;09:00:00;179650,00;179805,00;178085,00;178475,00;139167258,00;3884
WINV26;29/06/2026;18:00:00;179690,00;179730,00;179500,00;179500,00;48362749,00;1346
WINV26;29/06/2026;17:30:00;179770,00;179775,00;179665,00;179720,00;1869047,00;52
WINV26;29/06/2026;17:00:00;179650,00;179800,00;179645,00;179780,00;2947185,00;82
WINV26;29/06/2026;16:30:00;179710,00;179740,00;179535,00;179585,00;4418802,00;123
WINV26;29/06/2026;16:00:00;179975,00;179985,00;179700,00;179760,00;5430619,00;151
WINV26;29/06/2026;15:30:00;179930,00;180120,00;179930,00;179955,00;3384695,00;94
WINV26;29/06/2026;15:00:00;179895,00;180010,00;179815,00;179970,00;6188383,00;172
WINV26;29/06/2026;14:30:00;179805,00;179830,00;179690,00;179795,00;2157096,00;60
WINV26;29/06/2026;14:00:00;179745,00;179920,00;179745,00;179850,00;3489240,00;97
WINV26;29/06/2026;13:30:00;179445,00;179975,00;179440,00;179750,00;110724061,00;3082
WINV26;29/06/2026;13:00:00;178995,00;179425,00;178985,00;179425,00;4550471,00;127
WINV26;29/06/2026;12:30:00;179375,00;179375,00;179000,00;179075,00;26977644,00;753
WINV26;29/06/2026;12:00:00;179550,00;179580,00;179220,00;179375,00;6778788,00;189
WINV26;29/06/2026;11:30:00;179725,00;179900,00;179400,00;179460,00;106143283,00;2957
WINV26;29/06/2026;11:00:00;179490,00;180020,00;179055,00;179770,00;443963976,00;12368
WINV26;29/06/2026;10:30:00;179530,00;179650,00;178710,00;179540,00;496526357,00;13848
WINV26;29/06/2026;10:00:00;180095,00;180415,00;179545,00;179545,00;24614232,00;684
WINV26;29/06/2026;09:30:00;179645,00;180095,00;179335,00;180045,00;20701350,00;576
WINV26;29/06/2026;09:00:00;180565,00;181000,00;179440,00;179470,00;126148230,00;3498
WINV26;26/06/2026;18:00:00;180075,00;180200,00;179865,00;179865,00;65024538,00;1806
WINV26;26/06/2026;17:30:00;180170,00;180170,00;179930,00;180085,00;4681390,00;130
WINV26;26/06/2026;17:00:00;180000,00;180265,00;179850,00;180265,00;13794351,00;383
WINV26;26/06/2026;16:30:00;180015,00;180105,00;179850,00;179930,00;6083269,00;169
WINV26;26/06/2026;16:00:00;180195,00;180245,00;179980,00;180120,00;8250220,00;229
WINV26;26/06/2026;15:30:00;180455,00;180490,00;180070,00;180180,00;82726712,00;2296
WINV26;26/06/2026;15:00:00;180345,00;180630,00;180345,00;180425,00;10287880,00;285
WINV26;26/06/2026;14:30:00;180395,00;180450,00;180250,00;180375,00;2994303,00;83
WINV26;26/06/2026;14:00:00;180140,00;180455,00;180130,00;180290,00;40565283,00;1125
WINV26;26/06/2026;13:30:00;180120,00;180405,00;179940,00;180105,00;78596177,00;2181
WINV26;26/06/2026;13:00:00;180230,00;180260,00;180050,00;180050,00;6917284,00;192
WINV26;26/06/2026;12:30:00;180045,00;180220,00;179790,00;180180,00;11484495,00;319
WINV26;26/06/2026;12:00:00;179525,00;180015,00;179480,00;180005,00;10640220,00;296
WINV26;26/06/2026;11:30:00;178920,00;179590,00;178855,00;179480,00;10934083,00;305
WINV26;26/06/2026;11:00:00;178285,00;179290,00;178000,00;178960,00;135576856,00;3795
WINV26;26/06/2026;10:30:00;177830,00;178250,00;177550,00;178235,00;29683999,00;835
WINV26;26/06/2026;10:00:00;178200,00;178305,00;177490,00;177770,00;30292992,00;851
WINV26;26/06/2026;09:30:00;178750,00;178800,00;178195,00;178265,00;13629710,00;382
WINV26;26/06/2026;09:00:00;177605,00;179210,00;177465,00;178745,00;72587623,00;2037
WINV26;25/06/2026;18:00:00;178590,00;178590,00;178355,00;178355,00;28065369,00;786
WINV26;25/06/2026;17:30:00;178690,00;178690,00;178530,00;178535,00;6928901,00;194
WINV26;25/06/2026;17:00:00;178595,00;178745,00;178595,00;178745,00;7969826,00;223
WINV26;25/06/2026;16:30:00;178705,00;178805,00;178425,00;178495,00;7642360,00;214
WINV26;25/06/2026;16:00:00;178730,00;178895,00;178710,00;178830,00;2467160,00;69
WINV26;25/06/2026;15:30:00;179005,00;179005,00;178610,00;178800,00;5685564,00;159
WINV26;25/06/2026;15:00:00;179135,00;179135,00;178550,00;179025,00;16591840,00;464
WINV26;25/06/2026;14:30:00;179150,00;179260,00;179010,00;179160,00;3225287,00;90
WINV26;25/06/2026;14:00:00;179400,00;179445,00;178850,00;179065,00;14602007,00;408
WINV26;25/06/2026;13:30:00;179655,00;179655,00;179200,00;179340,00;8678926,00;242
WINV26;25/06/2026;13:00:00;179570,00;179900,00;179570,00;179650,00;2805606,00;78
WINV26;25/06/2026;12:30:00;179525,00;179760,00;179500,00;179615,00;2909470,00;81
WINV26;25/06/2026;12:00:00;179190,00;179500,00;178960,00;179495,00;8317898,00;232
WINV26;25/06/2026;11:30:00;179655,00;179935,00;179100,00;179220,00;57144588,00;1592
WINV26;25/06/2026;11:00:00;178040,00;179635,00;178040,00;179635,00;27361656,00;765
WINV26;25/06/2026;10:30:00;178445,00;178570,00;177575,00;177915,00;21009141,00;590
WINV26;25/06/2026;10:00:00;178175,00;179470,00;178085,00;178445,00;295793411,00;8264
WINV26;25/06/2026;09:30:00;178365,00;178910,00;178170,00;178170,00;56665723,00;1585
WINV26;25/06/2026;09:00:00;177650,00;178775,00;177460,00;178375,00;129934346,00;3644
WINV26;24/06/2026;18:00:00;177880,00;178180,00;177845,00;177845,00;58175121,00;1634
WINV26;24/06/2026;17:30:00;177650,00;177850,00;177565,00;177840,00;6684747,00;188
WINV26;24/06/2026;17:00:00;177195,00;177665,00;177190,00;177575,00;4082825,00;115
WINV26;24/06/2026;16:30:00;177240,00;177240,00;177100,00;177145,00;32882577,00;928
WINV26;24/06/2026;16:00:00;177145,00;177395,00;177000,00;177330,00;26384384,00;744
WINV26;24/06/2026;15:30:00;176955,00;177230,00;176850,00;177070,00;2796591,00;79
WINV26;24/06/2026;15:00:00;176755,00;177070,00;176755,00;176915,00;10971336,00;310
WINV26;24/06/2026;14:30:00;176500,00;176860,00;176345,00;176675,00;30952995,00;876
WINV26;24/06/2026;14:00:00;176895,00;176995,00;176305,00;176490,00;82383981,00;2335
WINV26;24/06/2026;13:30:00;176870,00;177190,00;176860,00;176890,00;7151265,00;202
WINV26;24/06/2026;13:00:00;176750,00;176970,00;176650,00;176865,00;848633,00;24
WINV26;24/06/2026;12:30:00;177035,00;177035,00;176680,00;176790,00;2900729,00;82
WINV26;24/06/2026;12:00:00;176675,00;177160,00;176490,00;176980,00;12421518,00;351
WINV26;24/06/2026;11:30:00;176625,00;176940,00;176245,00;176655,00;118484918,00;3358
WINV26;24/06/2026;11:00:00;177080,00;177350,00;176490,00;176670,00;41891416,00;1184
WINV26;24/06/2026;10:30:00;178060,00;178100,00;176825,00;177040,00;41201506,00;1161
WINV26;24/06/2026;10:00:00;176735,00;178035,00;175970,00;177975,00;80344503,00;2267
WINV26;24/06/2026;09:30:00;176820,00;176870,00;176560,00;176735,00;3428457,00;97
WINV26;24/06/2026;09:00:00;177945,00;178450,00;176610,00;176765,00;106705777,00;2999
WINV26;23/06/2026;18:00:00;178390,00;178650,00;178375,00;178510,00;60025354,00;1681
WINV26;23/06/2026;17:30:00;178310,00;178480,00;178240,00;178395,00;4673715,00;131
WINV26;23/06/2026;17:00:00;178080,00;178335,00;178000,00;178315,00;4525941,00;127
WINV26;23/06/2026;16:30:00;178340,00;178490,00;178060,00;178115,00;5491486,00;154
WINV26;23/06/2026;16:00:00;177940,00;178345,00;177920,00;178300,00;2494470,00;70
WINV26;23/06/2026;15:30:00;177860,00;178025,00;177805,00;177920,00;2170553,00;61
WINV26;23/06/2026;15:00:00;178270,00;178315,00;177915,00;177915,00;2849886,00;80
WINV26;23/06/2026;14:30:00;178200,00;178335,00;178120,00;178175,00;3208336,00;90
WINV26;23/06/2026;14:00:00;178090,00;178255,00;177955,00;178255,00;1638681,00;46
WINV26;23/06/2026;13:30:00;178165,00;178430,00;178050,00;178125,00;5345509,00;150
WINV26;23/06/2026;13:00:00;177585,00;178285,00;177565,00;178150,00;13598678,00;382
WINV26;23/06/2026;12:30:00;177575,00;177635,00;177225,00;177530,00;5820558,00;164
WINV26;23/06/2026;12:00:00;177600,00;178000,00;177520,00;177520,00;9245847,00;260
WINV26;23/06/2026;11:30:00;177390,00;177890,00;177245,00;177630,00;36193610,00;1018
WINV26;23/06/2026;11:00:00;176565,00;177500,00;176525,00;177500,00;11577996,00;327
WINV26;23/06/2026;10:30:00;176000,00;176795,00;175980,00;176545,00;61933251,00;1755
WINV26;23/06/2026;10:00:00;175500,00;176030,00;175130,00;176030,00;30911235,00;881
WINV26;23/06/2026;09:30:00;175410,00;175685,00;175220,00;175410,00;30387825,00;866
WINV26;23/06/2026;09:00:00;176160,00;176160,00;175190,00;175425,00;51211123,00;1459
WINV26;22/06/2026;18:00:00;177370,00;177390,00;177155,00;177155,00;34786872,00;981
WINV26;22/06/2026;17:30:00;177165,00;177395,00;177165,00;177395,00;34404544,00;970
WINV26;22/06/2026;17:00:00;177225,00;177225,00;177020,00;177115,00;1877182,00;53
WINV26;22/06/2026;16:30:00;177420,00;177495,00;177245,00;177245,00;1738087,00;49
WINV26;22/06/2026;16:00:00;177270,00;177600,00;177270,00;177450,00;2555708,00;72
WINV26;22/06/2026;15:30:00;177240,00;177425,00;177240,00;177270,00;1063954,00;30
WINV26;22/06/2026;15:00:00;177175,00;177380,00;177155,00;177275,00;3190820,00;90
WINV26;22/06/2026;14:30:00;177145,00;177165,00;176935,00;177070,00;3044573,00;86
WINV26;22/06/2026;14:00:00;177345,00;177520,00;177175,00;177195,00;6845453,00;193
WINV26;22/06/2026;13:30:00;177020,00;177425,00;177020,00;177415,00;6988224,00;197
WINV26;22/06/2026;13:00:00;176900,00;177065,00;176770,00;176990,00;3998224,00;113
WINV26;22/06/2026;12:30:00;177210,00;177245,00;176950,00;177105,00;1416751,00;40
WINV26;22/06/2026;12:00:00;177550,00;177575,00;177095,00;177285,00;2801179,00;79
WINV26;22/06/2026;11:30:00;176785,00;177520,00;176710,00;177450,00;3046304,00;86
WINV26;22/06/2026;11:00:00;176470,00;177100,00;176470,00;176900,00;10896257,00;308
WINV26;22/06/2026;10:30:00;176965,00;176965,00;175950,00;176655,00;7592717,00;215
WINV26;22/06/2026;10:00:00;175120,00;177195,00;175120,00;176950,00;75617733,00;2146
WINV26;22/06/2026;09:30:00;175065,00;175300,00;174975,00;175140,00;10648331,00;304
WINV26;22/06/2026;09:00:00;175205,00;175260,00;173975,00;174865,00;70670064,00;2023
WINV26;19/06/2026;18:00:00;175165,00;175610,00;175000,00;175450,00;50811114,00;1450
WINV26;19/06/2026;17:30:00;175140,00;175140,00;175045,00;175115,00;2626204,00;75
WINV26;19/06/2026;17:00:00;175025,00;175215,00;175020,00;175115,00;2346336,00;67
WINV26;19/06/2026;16:30:00;175180,00;175310,00;175000,00;175160,00;6130360,00;175
WINV26;19/06/2026;16:00:00;175390,00;175390,00;175165,00;175225,00;2383619,00;68
WINV26;19/06/2026;15:30:00;175380,00;175490,00;175340,00;175405,00;1157609,00;33
WINV26;19/06/2026;15:00:00;175430,00;175520,00;175360,00;175470,00;1965072,00;56
WINV26;19/06/2026;14:30:00;175035,00;175635,00;175020,00;175525,00;9116363,00;260
WINV26;19/06/2026;14:00:00;174775,00;175105,00;174770,00;175015,00;5948614,00;170
WINV26;19/06/2026;13:30:00;175010,00;175010,00;174735,00;174760,00;7307268,00;209
WINV26;19/06/2026;13:00:00;175100,00;175115,00;174925,00;175110,00;2240251,00;64
WINV26;19/06/2026;12:30:00;175245,00;175245,00;175000,00;175040,00;4026098,00;115
WINV26;19/06/2026;12:00:00;175190,00;175465,00;175170,00;175170,00;2980670,00;85
WINV26;19/06/2026;11:30:00;175260,00;175380,00;175085,00;175285,00;3400364,00;97
WINV26;19/06/2026;11:00:00;174590,00;175365,00;174590,00;175295,00;9563144,00;273
WINV26;19/06/2026;10:30:00;175250,00;175300,00;174500,00;174500,00;29049388,00;831
WINV26;19/06/2026;10:00:00;175145,00;175660,00;175025,00;175300,00;8068152,00;230
WINV26;19/06/2026;09:30:00;174670,00;175340,00;174670,00;175220,00;10538732,00;301
WINV26;19/06/2026;09:00:00;175200,00;175890,00;174620,00;174635,00;64938035,00;1856
WINV26;18/06/2026;18:00:00;175435,00;175685,00;175435,00;175685,00;5863217,00;167
WINV26;18/06/2026;17:30:00;175400,00;175490,00;175305,00;175490,00;51975717,00;1482
WINV26;18/06/2026;17:00:00;175255,00;175400,00;175255,00;175380,00;3261526,00;93
WINV26;18/06/2026;16:30:00;175235,00;175370,00;175090,00;175370,00;3469428,00;99
WINV26;18/06/2026;16:00:00;175225,00;175440,00;175200,00;175340,00;2279961,00;65
WINV26;18/06/2026;15:30:00;175365,00;175550,00;175245,00;175270,00;8560521,00;244
WINV26;18/06/2026;15:00:00;175090,00;175395,00;174880,00;175370,00;7323532,00;209
WINV26;18/06/2026;14:30:00;175180,00;175230,00;174980,00;175180,00;2871732,00;82
WINV26;18/06/2026;14:00:00;175250,00;175380,00;175080,00;175110,00;3750555,00;107
WINV26;18/06/2026;13:30:00;175195,00;175250,00;175030,00;175250,00;1225889,00;35
WINV26;18/06/2026;13:00:00;175350,00;175350,00;174935,00;175155,00;6409916,00;183
WINV26;18/06/2026;12:30:00;175600,00;175725,00;175300,00;175450,00;4000611,00;114
WINV26;18/06/2026;12:00:00;175845,00;175950,00;175540,00;175670,00;3443387,00;98
WINV26;18/06/2026;11:30:00;176330,00;176675,00;175800,00;175845,00;19511062,00;553
WINV26;18/06/2026;11:00:00;175780,00;176320,00;175730,00;176170,00;7432258,00;211
WINV26;18/06/2026;10:30:00;175455,00;176240,00;175300,00;175920,00;34800235,00;990
WINV26;18/06/2026;10:00:00;175205,00;175610,00;174875,00;175320,00;8936473,00;255
WINV26;18/06/2026;09:30:00;175000,00;175300,00;174810,00;175005,00;14879077,00;425
WINV26;18/06/2026;09:00:00;175300,00;175500,00;173970,00;174980,00;36774250,00;1052
WINV26;17/06/2026;18:00:00;175150,00;175300,00;175020,00;175300,00;840666,00;24
WINV26;17/06/2026;17:30:00;175400,00;175450,00;175155,00;175295,00;700967,00;20
WINV26;17/06/2026;17:00:00;175195,00;175450,00;175150,00;175450,00;1507883,00;43
WINV26;17/06/2026;16:30:00;175500,00;175580,00;175000,00;175290,00;981959,00;28
WINV26;17/06/2026;16:00:00;177210,00;177210,00;175550,00;175550,00;2682050,00;76
WINV26;17/06/2026;15:30:00;177500,00;177760,00;177225,00;177225,00;2554080,00;72
WINV26;17/06/2026;15:00:00;178510,00;178510,00;177000,00;177100,00;3691300,00;104
WINV26;17/06/2026;14:30:00;178410,00;178785,00;178290,00;178785,00;1606260,00;45
WINV26;17/06/2026;14:00:00;178775,00;179120,00;178625,00;178625,00;1788963,00;50
WINV26;17/06/2026;13:30:00;178440,00;178835,00;178405,00;178625,00;892955,00;25
WINV26;17/06/2026;13:00:00;178400,00;178645,00;178400,00;178640,00;392672,00;11
WINV26;17/06/2026;12:30:00;178350,00;178350,00;178150,00;178150,00;71300,00;2
WINV26;17/06/2026;12:00:00;178200,00;178300,00;177995,00;178300,00;855385,00;24
WINV26;17/06/2026;11:30:00;178655,00;178655,00;178060,00;178400,00;2319477,00;65
WINV26;17/06/2026;11:00:00;177885,00;178465,00;177885,00;178440,00;819679,00;23
WINV26;17/06/2026;10:30:00;178000,00;178855,00;177805,00;177835,00;6559501,00;184
WINV26;17/06/2026;10:00:00;177400,00;178400,00;177400,00;177985,00;2100428,00;59
WINV26;17/06/2026;09:30:00;177185,00;177700,00;177060,00;177700,00;638415,00;18
WINV26;17/06/2026;09:00:00;176690,00;177485,00;176070,00;177460,00;13154187,00;372
WINV26;16/06/2026;18:00:00;176600,00;176815,00;176600,00;176815,00;106046,00;3
WINV26;16/06/2026;17:30:00;176675,00;176675,00;176500,00;176500,00;141275,00;4
WINV26;16/06/2026;16:00:00;176800,00;176800,00;176700,00;176700,00;70700,00;2
WINV26;16/06/2026;15:30:00;177115,00;177115,00;176875,00;176875,00;106194,00;3
WINV26;16/06/2026;15:00:00;177115,00;177115,00;177115,00;177115,00;177115,00;5
WINV26;16/06/2026;13:30:00;177200,00;177200,00;177100,00;177125,00;744025,00;21
WINV26;16/06/2026;12:00:00;176645,00;176645,00;176645,00;176645,00;35329,00;1
WINV26;16/06/2026;11:30:00;176505,00;176815,00;176500,00;176815,00;105964,00;3
WINV26;16/06/2026;11:00:00;177175,00;177175,00;177175,00;177175,00;35435,00;1
WINV26;16/06/2026;10:30:00;176550,00;177155,00;176550,00;177155,00;742203,00;21
WINV26;16/06/2026;10:00:00;176600,00;176690,00;176600,00;176690,00;388700,00;11
WINV26;16/06/2026;09:30:00;177200,00;177200,00;177000,00;177000,00;283416,00;8
WINV26;16/06/2026;09:00:00;178000,00;178000,00;177250,00;177720,00;142082,00;4
WINV26;15/06/2026;18:00:00;177900,00;177900,00;177800,00;177800,00;213380,00;6
WINV26;15/06/2026;16:30:00;178000,00;178190,00;178000,00;178190,00;391980,00;11
WINV26;15/06/2026;16:00:00;178000,00;178000,00;177800,00;177800,00;711800,00;20
WINV26;15/06/2026;15:30:00;178000,00;178000,00;178000,00;178000,00;35600,00;1
WINV26;15/06/2026;15:00:00;178500,00;178500,00;178000,00;178000,00;249795,00;7
WINV26;15/06/2026;14:30:00;178785,00;178785,00;178745,00;178745,00;393319,00;11
WINV26;15/06/2026;14:00:00;179000,00;179000,00;179000,00;179000,00;35800,00;1
WINV26;15/06/2026;13:30:00;179060,00;179060,00;179060,00;179060,00;1074360,00;30
WINV26;15/06/2026;13:00:00;180000,00;180000,00;180000,00;180000,00;36000,00;1
WINV26;15/06/2026;12:00:00;180200,00;180200,00;180200,00;180200,00;36040,00;1
WINV26;15/06/2026;11:30:00;180000,00;180000,00;180000,00;180000,00;108000,00;3
WINV26;15/06/2026;11:00:00;181000,00;181000,00;181000,00;181000,00;36200,00;1
WINV26;15/06/2026;10:30:00;181565,00;181585,00;181530,00;181530,00;181562,00;5
WINV26;15/06/2026;10:00:00;181145,00;181610,00;181145,00;181560,00;1087233,00;30
WINV26;15/06/2026;09:30:00;181000,00;181000,00;181000,00;181000,00;72400,00;2
WINV26;15/06/2026;09:00:00;180090,00;180090,00;180000,00;180000,00;972450,00;27
WINV26;12/06/2026;18:00:00;178695,00;178695,00;178500,00;178500,00;71439,00;2
WINV26;12/06/2026;17:30:00;178800,00;178800,00;178800,00;178800,00;107280,00;3
WINV26;12/06/2026;17:00:00;178655,00;178655,00;178655,00;178655,00;35731,00;1
WINV26;12/06/2026;13:30:00;178655,00;178655,00;178655,00;178655,00;35731,00;1
WINV26;12/06/2026;12:00:00;179675,00;179720,00;179675,00;179720,00;107823,00;3
WINV26;12/06/2026;11:30:00;179240,00;179240,00;179240,00;179240,00;35848,00;1
WINV26;12/06/2026;11:00:00;179600,00;179600,00;179200,00;179200,00;215280,00;6
WINV26;12/06/2026;10:30:00;179750,00;179750,00;178355,00;179000,00;357883,00;10
WINV26;12/06/2026;10:00:00;177790,00;179000,00;177790,00;179000,00;178484,00;5
WINV26;12/06/2026;09:30:00;177600,00;177600,00;177500,00;177500,00;106526,00;3
WINV26;12/06/2026;09:00:00;177510,00;179000,00;177385,00;177500,00;676101,00;19
WINV26;11/06/2026;17:30:00;179080,00;179270,00;179005,00;179270,00;501633,00;14
WINV26;11/06/2026;17:00:00;179350,00;179350,00;179350,00;179350,00;71740,00;2
WINV26;11/06/2026;16:30:00;179500,00;179500,00;178920,00;178920,00;789106,00;22
WINV26;11/06/2026;16:00:00;178270,00;178270,00;178255,00;178255,00;71305,00;2
WINV26;11/06/2026;15:30:00;177990,00;177990,00;177990,00;177990,00;35598,00;1
WINV26;11/06/2026;15:00:00;177700,00;178000,00;177270,00;177270,00;461274,00;13
WINV26;11/06/2026;14:30:00;177240,00;177700,00;177240,00;177700,00;1100595,00;31
WINV26;11/06/2026;14:00:00;175910,00;176360,00;175865,00;176360,00;140877,00;4
WINV26;11/06/2026;13:30:00;176100,00;176100,00;176100,00;176100,00;35220,00;1
WINV26;11/06/2026;10:30:00;177000,00;177000,00;176700,00;176700,00;70740,00;2
WINV26;11/06/2026;10:00:00;176400,00;176660,00;176090,00;176660,00;1550922,00;44
WINV26;11/06/2026;09:00:00;177200,00;177220,00;177200,00;177220,00;106324,00;3
WINV26;10/06/2026;17:30:00;176100,00;176100,00;176000,00;176000,00;70420,00;2
WINV26;10/06/2026;15:00:00;176100,00;176100,00;176100,00;176100,00;352200,00;10
WINV26;10/06/2026;14:30:00;176100,00;176100,00;176100,00;176100,00;352200,00;10
WINV26;10/06/2026;11:00:00;176750,00;176750,00;176750,00;176750,00;35350,00;1
WINV26;10/06/2026;10:30:00;176525,00;176525,00;176525,00;176525,00;35305,00;1
WINV26;10/06/2026;09:30:00;177085,00;177085,00;176540,00;176540,00;388518,00;11
WINV26;09/06/2026;18:00:00;177245,00;177245,00;177165,00;177165,00;212614,00;6
WINV26;09/06/2026;17:30:00;177400,00;177400,00;177400,00;177400,00;35480,00;1
WINV26;09/06/2026;17:00:00;177560,00;177560,00;177520,00;177520,00;71016,00;2
WINV26;09/06/2026;13:30:00;176815,00;176815,00;176115,00;176115,00;1480890,00;42
WINV26;09/06/2026;13:00:00;177200,00;177200,00;177200,00;177200,00;106320,00;3
WINV26;09/06/2026;10:30:00;177475,00;177475,00;177475,00;177475,00;35495,00;1
WINV26;09/06/2026;09:00:00;177500,00;177500,00;177500,00;177500,00;71000,00;2
WINV26;08/06/2026;18:00:00;176575,00;176600,00;176500,00;176500,00;141255,00;4
WINV26;08/06/2026;14:30:00;176250,00;176250,00;176250,00;176250,00;35250,00;1
WINV26;08/06/2026;14:00:00;176000,00;176135,00;176000,00;176135,00;246562,00;7
WINV26;08/06/2026;11:00:00;176200,00;176200,00;176200,00;176200,00;35240,00;1
WINV26;08/06/2026;10:30:00;176515,00;176515,00;176515,00;176515,00;35303,00;1
WINV26;08/06/2026;09:30:00;176715,00;176715,00;176715,00;176715,00;353430,00;10
WINV26;08/06/2026;09:00:00;177375,00;177375,00;177200,00;177200,00;496607,00;14
WINV26;05/06/2026;18:00:00;176700,00;176700,00;176295,00;176295,00;105858,00;3
WINV26;05/06/2026;17:30:00;176700,00;176775,00;176700,00;176775,00;353535,00;10
WINV26;05/06/2026;16:00:00;177000,00;177000,00;177000,00;177000,00;35400,00;1
WINV26;05/06/2026;14:30:00;177250,00;177250,00;177250,00;177250,00;35450,00;1
WINV26;05/06/2026;13:30:00;177000,00;177000,00;177000,00;177000,00;35400,00;1
WINV26;05/06/2026;13:00:00;177100,00;177100,00;177100,00;177100,00;35420,00;1
WINV26;05/06/2026;10:30:00;178000,00;178400,00;178000,00;178400,00;106900,00;3
WINV26;05/06/2026;10:00:00;177605,00;178000,00;177595,00;178000,00;817262,00;23
WINV26;05/06/2026;09:30:00;178220,00;178300,00;178125,00;178125,00;106929,00;3
WINV26;05/06/2026;09:00:00;178830,00;178830,00;178830,00;178830,00;357660,00;10
WINV26;03/06/2026;17:30:00;178465,00;178465,00;178465,00;178465,00;35693,00;1
WINV26;03/06/2026;16:30:00;178380,00;178465,00;178380,00;178465,00;535157,00;15
WINV26;03/06/2026;15:30:00;178300,00;178300,00;178300,00;178300,00;35660,00;1
WINV26;03/06/2026;14:30:00;178440,00;178440,00;178300,00;178300,00;499352,00;14
WINV26;03/06/2026;13:30:00;178715,00;178725,00;178440,00;178440,00;856795,00;24
WINV26;03/06/2026;12:30:00;178885,00;178885,00;178885,00;178885,00;35777,00;1
WINV26;03/06/2026;12:00:00;179120,00;179120,00;178970,00;178970,00;71618,00;2
WINV26;03/06/2026;11:30:00;179165,00;179230,00;179165,00;179220,00;143368,00;4
WINV26;03/06/2026;10:30:00;179940,00;180350,00;179800,00;179800,00;467930,00;13
WINV26;03/06/2026;09:30:00;179665,00;179665,00;179665,00;179665,00;359330,00;10
WINV26;03/06/2026;09:00:00;182000,00;182290,00;179565,00;179565,00;937088,00;26
WINV26;02/06/2026;13:00:00;183145,00;183145,00;183145,00;183145,00;73258,00;2
WINV26;02/06/2026;12:30:00;183100,00;183100,00;183100,00;183100,00;36620,00;1
WINV26;02/06/2026;11:30:00;183000,00;183000,00;183000,00;183000,00;36600,00;1
WINV26;02/06/2026;11:00:00;182425,00;182575,00;182425,00;182575,00;401635,00;11
WINV26;02/06/2026;10:30:00;182000,00;182000,00;182000,00;182000,00;36400,00;1
WINV26;02/06/2026;10:00:00;181335,00;181400,00;181335,00;181400,00;108814,00;3
WINV26;02/06/2026;09:30:00;181355,00;181355,00;180980,00;180980,00;398243,00;11
WINV26;02/06/2026;09:00:00;181400,00;181500,00;181400,00;181400,00;145140,00;4
WINV26;01/06/2026;18:00:00;180610,00;180610,00;180465,00;180465,00;72215,00;2
WINV26;01/06/2026;17:00:00;180615,00;180615,00;180610,00;180610,00;180611,00;5
WINV26;01/06/2026;13:00:00;180000,00;180000,00;180000,00;180000,00;36000,00;1
WINV26;01/06/2026;12:30:00;180960,00;180960,00;180960,00;180960,00;36192,00;1
WINV26;01/06/2026;10:00:00;182000,00;182030,00;181420,00;181420,00;472020,00;13
WINV26;01/06/2026;09:30:00;182135,00;182135,00;182135,00;182135,00;36427,00;1
WINV26;01/06/2026;09:00:00;183000,00;183375,00;183000,00;183375,00;403350,00;11
WINV26;29/05/2026;16:30:00;182700,00;182700,00;182700,00;182700,00;36540,00;1
WINV26;29/05/2026;16:00:00;182500,00;182980,00;182500,00;182980,00;73096,00;2
WINV26;29/05/2026;14:00:00;182225,00;182225,00;182205,00;182205,00;400855,00;11
WINV26;29/05/2026;12:30:00;182030,00;182030,00;181990,00;181990,00;11285380,00;310
WINV26;29/05/2026;11:30:00;181335,00;181335,00;181335,00;181335,00;36267,00;1
WINV26;29/05/2026;10:00:00;182500,00;182500,00;182000,00;182010,00;109302,00;3
WINV26;29/05/2026;09:30:00;183020,00;183020,00;183020,00;183020,00;36604,00;1
WINV26;29/05/2026;09:00:00;183610,00;183610,00;183120,00;183120,00;991195,00;27
WINV26;28/05/2026;18:00:00;183000,00;183000,00;183000,00;183000,00;36600,00;1
WINV26;28/05/2026;17:30:00;183515,00;183515,00;183345,00;183345,00;586738,00;16
WINV26;28/05/2026;15:00:00;184530,00;184530,00;184530,00;184530,00;36906,00;1
WINV26;28/05/2026;11:00:00;184890,00;185275,00;184890,00;185275,00;777758,00;21
WINV26;28/05/2026;09:00:00;183395,00;183395,00;183235,00;183235,00;1172759,00;32
WINV26;27/05/2026;18:00:00;184300,00;184300,00;184300,00;184300,00;36860,00;1
WINV26;27/05/2026;17:30:00;184500,00;184500,00;184500,00;184500,00;36900,00;1
WINV26;27/05/2026;17:00:00;184175,00;184175,00;184175,00;184175,00;368350,00;10
WINV26;27/05/2026;15:00:00;184835,00;184835,00;184835,00;184835,00;554505,00;15
WINV26;27/05/2026;14:00:00;184810,00;184810,00;184340,00;184340,00;110718,00;3
WINV26;27/05/2026;10:00:00;186665,00;186665,00;185500,00;185500,00;821093,00;22
WINV26;27/05/2026;09:30:00;187000,00;187000,00;186465,00;186465,00;820553,00;22
WINV26;27/05/2026;09:00:00;186375,00;186780,00;186375,00;186780,00;111981,00;3
WINV26;26/05/2026;18:00:00;185300,00;185315,00;185300,00;185315,00;74123,00;2
WINV26;26/05/2026;15:00:00;184690,00;184690,00;184490,00;184490,00;73836,00;2
WINV26;26/05/2026;14:00:00;184590,00;184590,00;184490,00;184490,00;73816,00;2
WINV26;26/05/2026;11:30:00;184675,00;185010,00;184675,00;185010,00;184876,00;5
WINV26;26/05/2026;10:30:00;185045,00;185060,00;185045,00;185060,00;555177,00;15
WINV26;26/05/2026;10:00:00;185750,00;186200,00;185750,00;186200,00;260552,00;7
WINV26;26/05/2026;09:30:00;186505,00;186505,00;186505,00;186505,00;37301,00;1
WINV26;26/05/2026;09:00:00;185960,00;186390,00;185960,00;186390,00;186184,00;5
WINV26;25/05/2026;17:30:00;186800,00;186800,00;186800,00;186800,00;37360,00;1
WINV26;25/05/2026;17:00:00;186800,00;186800,00;186600,00;186700,00;112020,00;3
WINV26;25/05/2026;16:30:00;186500,00;186635,00;186500,00;186635,00;709186,00;19
WINV26;25/05/2026;14:00:00;185910,00;186010,00;185910,00;186010,00;74384,00;2
WINV26;25/05/2026;13:00:00;185340,00;185340,00;185340,00;185340,00;222408,00;6
WINV26;25/05/2026;12:00:00;185500,00;185500,00;185500,00;185500,00;37100,00;1
WINV26;25/05/2026;11:00:00;185665,00;185665,00;185665,00;185665,00;37133,00;1
WINV26;25/05/2026;10:30:00;186115,00;186225,00;185900,00;185900,00;819303,00;22
WINV26;25/05/2026;09:00:00;187500,00;187600,00;186710,00;186710,00;1498288,00;40
WINV26;22/05/2026;14:30:00;185035,00;185035,00;185035,00;185035,00;37007,00;1
WINV26;22/05/2026;14:00:00;185000,00;185000,00;185000,00;185000,00;37000,00;1
WINV26;22/05/2026;12:00:00;184450,00;184450,00;184450,00;184450,00;36890,00;1
WINV26;22/05/2026;11:30:00;184000,00;184200,00;184000,00;184200,00;73640,00;2
WINV26;22/05/2026;11:00:00;184845,00;184845,00;184845,00;184845,00;221814,00;6
WINV26;22/05/2026;10:30:00;185030,00;185030,00;184915,00;184915,00;147955,00;4
WINV26;22/05/2026;10:00:00;185580,00;185810,00;185580,00;185810,00;780285,00;21
WINV26;22/05/2026;09:00:00;185900,00;186010,00;185900,00;186010,00;74382,00;2
WINV26;21/05/2026;17:00:00;186550,00;186550,00;186550,00;186550,00;37310,00;1
WINV26;21/05/2026;16:00:00;186445,00;186445,00;186445,00;186445,00;37289,00;1
WINV26;21/05/2026;15:30:00;187180,00;187235,00;186500,00;186500,00;149543,00;4
WINV26;21/05/2026;15:00:00;186950,00;187200,00;186885,00;187200,00;336697,00;9
WINV26;21/05/2026;14:00:00;186780,00;186780,00;186780,00;186780,00;373560,00;10
WINV26;21/05/2026;11:00:00;185735,00;185735,00;185735,00;185735,00;371470,00;10
WINV26;21/05/2026;09:30:00;185785,00;185785,00;185785,00;185785,00;185785,00;5
WINV26;20/05/2026;15:30:00;187070,00;187070,00;187070,00;187070,00;37414,00;1
WINV26;20/05/2026;12:30:00;186485,00;186485,00;186485,00;186485,00;37297,00;1
WINV26;20/05/2026;11:00:00;185750,00;185750,00;185750,00;185750,00;37150,00;1
WINV26;20/05/2026;10:30:00;185460,00;186360,00;185460,00;186360,00;297552,00;8
WINV26;20/05/2026;10:00:00;185000,00;185345,00;185000,00;185345,00;111109,00;3
WINV26;20/05/2026;09:30:00;184275,00;184275,00;184275,00;184275,00;442260,00;12
WINV26;20/05/2026;09:00:00;183025,00;184990,00;183025,00;184400,00;1841884,00;50
WINV26;19/05/2026;18:00:00;183750,00;183750,00;183750,00;183750,00;36750,00;1
WINV26;19/05/2026;17:30:00;183405,00;183405,00;183405,00;183405,00;36681,00;1
WINV26;19/05/2026;16:00:00;183100,00;183100,00;183100,00;183100,00;36620,00;1
WINV26;19/05/2026;15:00:00;183500,00;183500,00;183500,00;183500,00;36700,00;1
WINV26;19/05/2026;14:00:00;184220,00;184220,00;184220,00;184220,00;36844,00;1
WINV26;19/05/2026;13:00:00;183500,00;183750,00;183500,00;183750,00;73450,00;2
WINV26;19/05/2026;11:00:00;184750,00;185100,00;184750,00;185100,00;184941,00;5
WINV26;19/05/2026;10:30:00;183530,00;184650,00;183480,00;184650,00;735771,00;20
WINV26;19/05/2026;10:00:00;184000,00;184000,00;183000,00;183000,00;771158,00;21
WINV26;19/05/2026;09:00:00;185800,00;185800,00;184505,00;185055,00;296301,00;8
WINV26;18/05/2026;18:00:00;186900,00;186900,00;186900,00;186900,00;37380,00;1
WINV26;18/05/2026;17:30:00;186700,00;186700,00;186700,00;186700,00;37340,00;1
WINV26;18/05/2026;16:30:00;186250,00;186260,00;186250,00;186260,00;596030,00;16
WINV26;18/05/2026;15:30:00;185300,00;185300,00;185300,00;185300,00;37060,00;1
WINV26;18/05/2026;14:30:00;186000,00;186000,00;186000,00;186000,00;37200,00;1
WINV26;18/05/2026;12:30:00;186250,00;186250,00;186250,00;186250,00;37250,00;1
WINV26;18/05/2026;10:00:00;186045,00;186045,00;186045,00;186045,00;558135,00;15
WINV26;18/05/2026;09:30:00;185925,00;185925,00;185925,00;185925,00;557775,00;15
WINV26;18/05/2026;09:00:00;185910,00;185910,00;185895,00;185895,00;74361,00;2
WINV26;15/05/2026;18:00:00;186655,00;187190,00;186550,00;186680,00;934034,00;25
WINV26;15/05/2026;17:30:00;186895,00;186895,00;186895,00;186895,00;37379,00;1
WINV26;15/05/2026;16:30:00;186630,00;186630,00;186630,00;186630,00;37326,00;1
WINV26;15/05/2026;16:00:00;185915,00;185915,00;185915,00;185915,00;37183,00;1
WINV26;15/05/2026;13:00:00;186200,00;186210,00;186200,00;186210,00;74482,00;2
WINV26;15/05/2026;11:00:00;185375,00;186495,00;185375,00;186495,00;297572,00;8
WINV26;15/05/2026;10:30:00;184845,00;185260,00;184820,00;185260,00;295917,00;8
WINV26;15/05/2026;10:00:00;185200,00;185200,00;185000,00;185000,00;74040,00;2
WINV26;15/05/2026;09:00:00;186475,00;186475,00;185300,00;185915,00;742138,00;20
WINV26;14/05/2026;16:30:00;188200,00;188200,00;188200,00;188200,00;37640,00;1
WINV26;14/05/2026;16:00:00;188200,00;188200,00;188200,00;188200,00;37640,00;1
WINV26;14/05/2026;15:30:00;188500,00;188500,00;188330,00;188330,00;75366,00;2
WINV26;14/05/2026;14:30:00;189000,00;189000,00;189000,00;189000,00;37800,00;1
WINV26;14/05/2026;14:00:00;189220,00;189220,00;188735,00;188735,00;113396,00;3
WINV26;14/05/2026;13:00:00;188770,00;188935,00;188770,00;188935,00;755446,00;20
WINV26;14/05/2026;12:30:00;188550,00;188550,00;188550,00;188550,00;37710,00;1
WINV26;14/05/2026;11:30:00;188475,00;188475,00;188475,00;188475,00;37695,00;1
WINV26;14/05/2026;09:30:00;187965,00;188255,00;187930,00;187960,00;902532,00;24
WINV26;14/05/2026;09:00:00;187000,00;187525,00;187000,00;187465,00;412342,00;11
WINV26;13/05/2026;18:00:00;186430,00;186430,00;186430,00;186430,00;37286,00;1
WINV26;13/05/2026;17:30:00;186890,00;186890,00;186800,00;186800,00;411140,00;11
WINV26;13/05/2026;16:00:00;187080,00;187160,00;186945,00;186945,00;336735,00;9
WINV26;13/05/2026;15:30:00;187560,00;187560,00;186715,00;186875,00;1195177,00;32
WINV26;13/05/2026;15:00:00;188000,00;188055,00;188000,00;188055,00;75211,00;2
WINV26;13/05/2026;14:30:00;189330,00;189410,00;188100,00;188100,00;1431879,00;38
WINV26;13/05/2026;14:00:00;189530,00;189530,00;189430,00;189430,00;75792,00;2
WINV26;13/05/2026;13:00:00;190445,00;190445,00;190350,00;190360,00;342665,00;9
WINV26;13/05/2026;12:30:00;190230,00;190385,00;190050,00;190100,00;456614,00;12
WINV26;13/05/2026;12:00:00;190000,00;190100,00;189950,00;190100,00;1292010,00;34
WINV26;13/05/2026;11:30:00;190220,00;190220,00;190220,00;190220,00;38044,00;1
WINV26;13/05/2026;11:00:00;189780,00;189900,00;189780,00;189900,00;75936,00;2
WINV26;13/05/2026;10:30:00;189400,00;189670,00;188900,00;189670,00;302766,00;8
WINV26;13/05/2026;10:00:00;189900,00;190100,00;189500,00;189500,00;303705,00;8
WINV26;13/05/2026;09:30:00;189775,00;189850,00;189775,00;189850,00;75925,00;2
WINV26;12/05/2026;18:00:00;190750,00;190750,00;190600,00;190600,00;114404,00;3
WINV26;12/05/2026;17:30:00;190600,00;190600,00;190600,00;190600,00;38120,00;1
WINV26;12/05/2026;15:30:00;190400,00;190765,00;190400,00;190765,00;5761030,00;151
WINV26;12/05/2026;15:00:00;189905,00;190510,00;189905,00;190510,00;152104,00;4
WINV26;12/05/2026;14:30:00;190200,00;190200,00;189895,00;189895,00;266219,00;7
WINV26;12/05/2026;14:00:00;190220,00;190220,00;190220,00;190220,00;38044,00;1
WINV26;12/05/2026;13:30:00;190030,00;190030,00;190030,00;190030,00;38006,00;1
WINV26;12/05/2026;13:00:00;190130,00;190130,00;190130,00;190130,00;38026,00;1
WINV26;12/05/2026;12:30:00;190220,00;190220,00;190220,00;190220,00;38044,00;1
WINV26;12/05/2026;10:30:00;191520,00;191520,00;191520,00;191520,00;38304,00;1
WINV26;12/05/2026;09:00:00;191415,00;191500,00;190910,00;190910,00;1718614,00;45
WINV26;11/05/2026;17:00:00;192100,00;192100,00;192000,00;192000,00;76820,00;2
WINV26;11/05/2026;16:30:00;192215,00;192215,00;192215,00;192215,00;38443,00;1
WINV26;11/05/2026;16:00:00;192040,00;192040,00;192040,00;192040,00;38408,00;1
WINV26;11/05/2026;14:30:00;192285,00;192285,00;192285,00;192285,00;38457,00;1
WINV26;11/05/2026;13:30:00;192375,00;192375,00;192375,00;192375,00;38475,00;1
WINV26;11/05/2026;13:00:00;192490,00;192490,00;192490,00;192490,00;38498,00;1
WINV26;11/05/2026;12:00:00;192500,00;192500,00;192365,00;192365,00;153936,00;4
WINV26;11/05/2026;11:00:00;192945,00;192945,00;192945,00;192945,00;1543560,00;40
WINV26;11/05/2026;09:30:00;194050,00;194050,00;193950,00;193950,00;77600,00;2
WINV26;11/05/2026;09:00:00;193555,00;194170,00;193555,00;194170,00;77545,00;2
WINV26;08/05/2026;15:00:00;195020,00;195020,00;195020,00;195020,00;39004,00;1
WINV26;08/05/2026;11:00:00;195175,00;195175,00;195175,00;195175,00;39035,00;1
WINV26;08/05/2026;10:30:00;196000,00;196000,00;196000,00;196000,00;39200,00;1
WINV26;08/05/2026;10:00:00;195305,00;195550,00;195200,00;195550,00;117211,00;3
WINV26;08/05/2026;09:30:00;195420,00;195450,00;195405,00;195405,00;3595814,00;92
WINV26;08/05/2026;09:00:00;193490,00;194020,00;193490,00;194020,00;1590858,00;41
WINV26;07/05/2026;18:00:00;193410,00;193410,00;193280,00;193280,00;193328,00;5
WINV26;07/05/2026;17:30:00;193460,00;193460,00;193460,00;193460,00;38692,00;1
WINV26;07/05/2026;16:00:00;193800,00;193800,00;193800,00;193800,00;426360,00;11
WINV26;07/05/2026;13:30:00;194445,00;194510,00;194445,00;194505,00;116692,00;3
WINV26;07/05/2026;12:30:00;194500,00;194500,00;194500,00;194500,00;38900,00;1
WINV26;07/05/2026;11:00:00;194590,00;194590,00;194425,00;194565,00;661498,00;17
WINV26;07/05/2026;10:30:00;195800,00;195800,00;194865,00;194905,00;351753,00;9
WINV26;07/05/2026;10:00:00;197160,00;197160,00;196500,00;196500,00;157442,00;4
WINV26;07/05/2026;09:30:00;197260,00;197630,00;197260,00;197630,00;78978,00;2
WINV26;07/05/2026;09:00:00;198210,00;198210,00;197400,00;197400,00;118628,00;3
WINV26;06/05/2026;18:00:00;197900,00;197900,00;197900,00;197900,00;39580,00;1
WINV26;06/05/2026;17:30:00;198200,00;198200,00;197960,00;197960,00;1267000,00;32
WINV26;06/05/2026;16:30:00;198415,00;198415,00;198415,00;198415,00;39683,00;1
WINV26;06/05/2026;12:30:00;198645,00;198645,00;198645,00;198645,00;39729,00;1
WINV26;06/05/2026;11:00:00;197830,00;197830,00;197830,00;197830,00;39566,00;1
WINV26;06/05/2026;10:30:00;199300,00;199300,00;199300,00;199300,00;39860,00;1
WINV26;06/05/2026;10:00:00;199150,00;199150,00;199150,00;199150,00;398300,00;10
WINV26;06/05/2026;09:30:00;200300,00;200300,00;199750,00;199750,00;80010,00;2
WINV26;06/05/2026;09:00:00;199550,00;199550,00;199500,00;199500,00;119710,00;3
WINV26;05/05/2026;18:00:00;197500,00;197500,00;197355,00;197355,00;118471,00;3
WINV26;05/05/2026;17:30:00;197500,00;197500,00;197365,00;197420,00;118457,00;3
WINV26;05/05/2026;17:00:00;197580,00;197580,00;197580,00;197580,00;39516,00;1
WINV26;05/05/2026;16:30:00;197505,00;197505,00;197400,00;197400,00;118481,00;3
WINV26;05/05/2026;16:00:00;197530,00;197530,00;197530,00;197530,00;39506,00;1
WINV26;05/05/2026;15:00:00;197500,00;197500,00;197500,00;197500,00;39500,00;1
WINV26;05/05/2026;14:30:00;197050,00;197050,00;197050,00;197050,00;39410,00;1
WINV26;05/05/2026;14:00:00;197250,00;197250,00;197075,00;197075,00;118305,00;3
WINV26;05/05/2026;13:30:00;198000,00;198045,00;197575,00;197575,00;158274,00;4
WINV26;05/05/2026;13:00:00;198250,00;198250,00;198250,00;198250,00;39650,00;1
WINV26;05/05/2026;12:30:00;197970,00;197970,00;197970,00;197970,00;1187820,00;30
WINV26;05/05/2026;12:00:00;197500,00;197650,00;197500,00;197650,00;79030,00;2
WINV26;05/05/2026;11:30:00;197200,00;197200,00;197200,00;197200,00;39440,00;1
WINV26;05/05/2026;10:00:00;196400,00;196820,00;196400,00;196820,00;865920,00;22
WINV26;05/05/2026;09:00:00;197155,00;197155,00;197155,00;197155,00;39431,00;1
WINV26;04/05/2026;17:00:00;196520,00;196520,00;196520,00;196520,00;78608,00;2
WINV26;04/05/2026;15:30:00;196615,00;196615,00;196470,00;196520,00;117921,00;3
WINV26;04/05/2026;14:30:00;196550,00;196550,00;196550,00;196550,00;78620,00;2
WINV26;04/05/2026;14:00:00;196560,00;196560,00;196560,00;196560,00;39312,00;1
WINV26;04/05/2026;13:30:00;196990,00;196990,00;196510,00;196510,00;275418,00;7
WINV26;04/05/2026;13:00:00;196740,00;196990,00;196740,00;196930,00;236265,00;6
WINV26;04/05/2026;12:30:00;197060,00;197110,00;196920,00;196920,00;157630,00;4
WINV26;04/05/2026;12:00:00;197800,00;197800,00;197060,00;197160,00;197310,00;5
WINV26;04/05/2026;10:30:00;198500,00;198500,00;198250,00;198250,00;79350,00;2
WINV26;04/05/2026;09:30:00;198250,00;198250,00;198060,00;198060,00;1029950,00;26
WINV26;04/05/2026;09:00:00;198000,00;198500,00;198000,00;198500,00;79300,00;2
WINV26;30/04/2026;18:00:00;198300,00;198300,00;198300,00;198300,00;39660,00;1
WINV26;30/04/2026;17:30:00;198100,00;198100,00;198045,00;198100,00;475330,00;12
WINV26;30/04/2026;17:00:00;198255,00;198255,00;198250,00;198250,00;79301,00;2
WINV26;30/04/2026;16:00:00;198850,00;198850,00;198850,00;198850,00;39770,00;1
WINV26;30/04/2026;15:30:00;198370,00;198370,00;198370,00;198370,00;317392,00;8
WINV26;30/04/2026;15:00:00;198360,00;198600,00;198335,00;198335,00;555522,00;14
WINV26;30/04/2026;14:30:00;198380,00;198390,00;198260,00;198260,00;4007352,00;101
WINV26;30/04/2026;14:00:00;198150,00;198150,00;198100,00;198100,00;79250,00;2
WINV26;30/04/2026;13:30:00;198120,00;198120,00;198120,00;198120,00;39624,00;1
WINV26;30/04/2026;12:30:00;197890,00;197890,00;197890,00;197890,00;39578,00;1
WINV26;30/04/2026;11:30:00;197880,00;198480,00;197880,00;198480,00;158562,00;4
WINV26;30/04/2026;11:00:00;197610,00;198000,00;197610,00;197995,00;158281,00;4
WINV26;30/04/2026;10:30:00;197610,00;197830,00;197610,00;197830,00;237176,00;6
WINV26;30/04/2026;10:00:00;197250,00;197250,00;197150,00;197150,00;354950,00;9
WINV26;30/04/2026;09:30:00;196970,00;197000,00;196970,00;197000,00;2009100,00;51
WINV26;30/04/2026;09:00:00;195935,00;197110,00;195935,00;197110,00;235887,00;6
WINV26;29/04/2026;18:00:00;195100,00;195100,00;195000,00;195000,00;702190,00;18
WINV26;29/04/2026;17:30:00;195075,00;195200,00;195020,00;195200,00;1677949,00;43
WINV26;29/04/2026;17:00:00;195600,00;195600,00;195325,00;195400,00;586184,00;15
WINV26;29/04/2026;16:30:00;195600,00;195600,00;195600,00;195600,00;195600,00;5
WINV26;29/04/2026;16:00:00;196000,00;196100,00;195995,00;196100,00;117619,00;3
WINV26;29/04/2026;15:30:00;196000,00;196000,00;196000,00;196000,00;823200,00;21
WINV26;29/04/2026;12:30:00;197000,00;197000,00;197000,00;197000,00;39400,00;1
WINV26;29/04/2026;12:00:00;197400,00;197600,00;197400,00;197600,00;276440,00;7
WINV26;29/04/2026;11:00:00;197500,00;197650,00;197325,00;197650,00;1106531,00;28
WINV26;29/04/2026;10:30:00;198325,00;198400,00;197545,00;197600,00;1702229,00;43
WINV26;29/04/2026;10:00:00;198740,00;198740,00;198190,00;198190,00;1746394,00;44
WINV26;29/04/2026;09:30:00;199095,00;199095,00;198895,00;198895,00;2428919,00;61
WINV26;28/04/2026;18:00:00;199800,00;199800,00;199800,00;199800,00;79920,00;2
WINV26;28/04/2026;15:30:00;200035,00;200035,00;200035,00;200035,00;440077,00;11
WINV26;28/04/2026;14:30:00;200140,00;200140,00;200140,00;200140,00;40028,00;1
WINV26;28/04/2026;14:00:00;199985,00;199985,00;199965,00;199965,00;239970,00;6
WINV26;28/04/2026;13:30:00;199675,00;200065,00;199675,00;200065,00;279938,00;7
WINV26;28/04/2026;12:30:00;199990,00;199990,00;199990,00;199990,00;399980,00;10
WINV26;28/04/2026;12:00:00;199500,00;199500,00;199500,00;199500,00;39900,00;1
WINV26;28/04/2026;11:30:00;199105,00;199105,00;199105,00;199105,00;358389,00;9
WINV26;28/04/2026;11:00:00;199250,00;199250,00;199250,00;199250,00;39850,00;1
WINV26;28/04/2026;10:30:00;199265,00;199700,00;199265,00;199685,00;2831919,00;71
WINV26;28/04/2026;09:30:00;199705,00;199705,00;199705,00;199705,00;39941,00;1
WINV26;28/04/2026;09:00:00;200265,00;200265,00;200265,00;200265,00;40053,00;1
WINV26;27/04/2026;18:00:00;200800,00;200925,00;200745,00;200925,00;1405951,00;35
WINV26;27/04/2026;17:00:00;200950,00;201300,00;200950,00;201300,00;120670,00;3
WINV26;27/04/2026;14:00:00;201500,00;201500,00;201500,00;201500,00;40300,00;1
WINV26;27/04/2026;11:30:00;201890,00;201890,00;201890,00;201890,00;444158,00;11
WINV26;27/04/2026;11:00:00;202980,00;202980,00;202980,00;202980,00;40596,00;1
WINV26;27/04/2026;10:30:00;202470,00;202500,00;201910,00;201910,00;12570910,00;311
WINV26;27/04/2026;09:00:00;202950,00;203410,00;202950,00;203410,00;528686,00;13
WINV26;24/04/2026;18:00:00;202900,00;202900,00;202900,00;202900,00;40580,00;1
WINV26;24/04/2026;17:00:00;202770,00;202770,00;202770,00;202770,00;81108,00;2
WINV26;24/04/2026;16:30:00;202515,00;203570,00;202500,00;202500,00;1910866,00;47
WINV26;24/04/2026;15:30:00;202610,00;202610,00;202610,00;202610,00;40522,00;1
WINV26;24/04/2026;15:00:00;202380,00;202405,00;202320,00;202320,00;404694,00;10
WINV26;24/04/2026;14:00:00;201990,00;201990,00;201990,00;201990,00;40398,00;1
WINV26;24/04/2026;13:00:00;202190,00;202190,00;202190,00;202190,00;40438,00;1
WINV26;24/04/2026;12:30:00;201670,00;202165,00;201670,00;202165,00;201826,00;5
WINV26;24/04/2026;11:30:00;201860,00;202200,00;201860,00;202200,00;201968,00;5
WINV26;24/04/2026;10:30:00;202000,00;202000,00;202000,00;202000,00;40400,00;1
WINV26;23/04/2026;14:00:00;203735,00;203735,00;203605,00;203605,00;81468,00;2
WINV26;23/04/2026;10:00:00;205000,00;205000,00;205000,00;205000,00;41000,00;1
WINV26;22/04/2026;18:00:00;204900,00;204990,00;204285,00;204285,00;163784,00;4
WINV26;22/04/2026;14:30:00;205255,00;205305,00;204900,00;204970,00;861209,00;21
WINV26;22/04/2026;14:00:00;205085,00;205245,00;205085,00;205245,00;82066,00;2
WINV26;22/04/2026;13:30:00;205100,00;205100,00;204900,00;204900,00;164012,00;4
WINV26;22/04/2026;13:00:00;205275,00;205275,00;205150,00;205165,00;410382,00;10
WINV26;22/04/2026;12:30:00;205620,00;205620,00;205620,00;205620,00;41124,00;1
WINV26;22/04/2026;11:30:00;205890,00;205890,00;205845,00;205845,00;82347,00;2
WINV26;22/04/2026;10:30:00;207140,00;207200,00;206900,00;206900,00;248508,00;6
WINV26;22/04/2026;10:00:00;207500,00;207850,00;207500,00;207850,00;249250,00;6
WINV26;22/04/2026;09:00:00;207500,00;207800,00;207500,00;207700,00;207630,00;5
WINV26;20/04/2026;18:00:00;208355,00;208745,00;208355,00;208745,00;83420,00;2
WINV26;20/04/2026;12:00:00;208115,00;208115,00;208115,00;208115,00;41623,00;1
WINV26;20/04/2026;11:00:00;207935,00;207935,00;207935,00;207935,00;83174,00;2
WINV26;20/04/2026;09:30:00;208625,00;208735,00;208625,00;208735,00;500744,00;12
WINV26;20/04/2026;09:00:00;208100,00;208100,00;208000,00;208000,00;124840,00;3
WINV26;17/04/2026;11:30:00;209130,00;209130,00;208000,00;208000,00;291646,00;7
WINV26;17/04/2026;10:30:00;210190,00;210190,00;209850,00;209850,00;126018,00;3
WINV26;17/04/2026;10:00:00;211560,00;211560,00;210860,00;210860,00;84484,00;2
WINV26;17/04/2026;09:30:00;210825,00;210825,00;210825,00;210825,00;42165,00;1
WINV26;17/04/2026;09:00:00;209630,00;210020,00;209630,00;210020,00;83930,00;2
WINV26;16/04/2026;17:00:00;208875,00;208875,00;208875,00;208875,00;41775,00;1
WINV26;16/04/2026;14:00:00;209460,00;209460,00;209460,00;209460,00;41892,00;1
WINV26;16/04/2026;12:00:00;209565,00;209565,00;209565,00;209565,00;41913,00;1
WINV26;16/04/2026;11:00:00;209700,00;209765,00;209700,00;209765,00;83893,00;2
WINV26;16/04/2026;10:30:00;210230,00;210230,00;210230,00;210230,00;42046,00;1
WINV26;16/04/2026;10:00:00;210430,00;210430,00;210430,00;210430,00;42086,00;1
WINV26;16/04/2026;09:00:00;210230,00;210630,00;210230,00;210630,00;84172,00;2
WINV26;15/04/2026;15:30:00;210140,00;210250,00;210140,00;210250,00;126128,00;3
WINV26;15/04/2026;15:00:00;209800,00;209900,00;209800,00;209900,00;125910,00;3
WINV26;15/04/2026;13:00:00;209685,00;209750,00;209685,00;209750,00;125827,00;3
WINV26;15/04/2026;12:00:00;210000,00;210000,00;210000,00;210000,00;2100000,00;50
