WINV26;02/09/2026;15:20:00;187640,00;187800,00;187360,00;187510,00;9399776098,00;250588
WINV26;02/09/2026;15:10:00;187430,00;187880,00;187410,00;187640,00;1,240025635E10;330410
WINV26;02/09/2026;15:00:00;187350,00;187630,00;187305,00;187430,00;8917403996,00;237809
WINV26;02/09/2026;14:50:00;187145,00;187465,00;187000,00;187355,00;1,073980925E10;286832
WINV26;02/09/2026;14:40:00;187210,00;187340,00;187120,00;187145,00;9038069486,00;241352
WINV26;02/09/2026;14:30:00;187225,00;187375,00;187170,00;187205,00;6164576553,00;164613
WINV26;02/09/2026;14:20:00;186885,00;187285,00;186845,00;187230,00;9317713184,00;248970
WINV26;02/09/2026;14:10:00;187250,00;187265,00;186865,00;186890,00;9827085583,00;262711
WINV26;02/09/2026;14:00:00;187470,00;187630,00;187230,00;187255,00;9855463579,00;262903
WINV26;02/09/2026;13:50:00;187395,00;187580,00;187370,00;187470,00;5810068290,00;154944
WINV26;02/09/2026;13:40:00;187490,00;187665,00;187320,00;187395,00;9963685095,00;265736
WINV26;02/09/2026;13:30:00;187150,00;187585,00;187140,00;187495,00;9492456315,00;253273
WINV26;02/09/2026;13:20:00;187145,00;187390,00;187130,00;187155,00;8132129712,00;217135
WINV26;02/09/2026;13:10:00;187120,00;187320,00;186805,00;187145,00;1,307651158E10;349545
WINV26;02/09/2026;13:00:00;187530,00;187560,00;186980,00;187115,00;1,316067031E10;351464
WINV26;02/09/2026;12:50:00;188020,00;188045,00;187510,00;187530,00;1,156554796E10;307977
WINV26;02/09/2026;12:40:00;188175,00;188350,00;187945,00;188020,00;1,085613591E10;288539
WINV26;02/09/2026;12:30:00;188050,00;188275,00;187955,00;188180,00;8612315554,00;228883
WINV26;02/09/2026;12:20:00;187875,00;188135,00;187720,00;188050,00;1,047167496E10;278645
WINV26;02/09/2026;12:10:00;188445,00;188645,00;187840,00;187875,00;1,533866001E10;407251
WINV26;02/09/2026;12:00:00;187575,00;188930,00;187475,00;188440,00;2,755996742E10;732138
WINV26;02/09/2026;11:50:00;187770,00;187795,00;187315,00;187575,00;1,79210534E10;477880
WINV26;02/09/2026;11:40:00;187815,00;187865,00;187470,00;187775,00;1,663688506E10;443243
WINV26;02/09/2026;11:30:00;187525,00;187945,00;187455,00;187815,00;1,931611811E10;514606
WINV26;02/09/2026;11:20:00;187185,00;187680,00;187125,00;187530,00;2,213739293E10;590451
WINV26;02/09/2026;11:10:00;186595,00;187455,00;186535,00;187185,00;2,61200184E10;698106
WINV26;02/09/2026;11:00:00;186355,00;186850,00;186225,00;186600,00;2,280418111E10;611131
WINV26;02/09/2026;10:50:00;185465,00;186540,00;185410,00;186355,00;3,014453147E10;810292
WINV26;02/09/2026;10:40:00;185120,00;185730,00;185005,00;185465,00;2,565117071E10;691583
WINV26;02/09/2026;10:30:00;184560,00;185275,00;184325,00;185125,00;4,469727117E10;1208852
WINV26;02/09/2026;10:20:00;183025,00;184710,00;182780,00;184565,00;4,136481755E10;1124987
WINV26;02/09/2026;10:10:00;183130,00;183325,00;182665,00;183030,00;3,230782324E10;882836
WINV26;02/09/2026;10:00:00;183015,00;183630,00;183015,00;183135,00;2,986137059E10;814249
WINV26;02/09/2026;09:50:00;183200,00;183280,00;183005,00;183015,00;1,028404755E10;280751
WINV26;02/09/2026;09:40:00;183090,00;183310,00;182750,00;183200,00;1,752049036E10;478715
WINV26;02/09/2026;09:30:00;182875,00;183410,00;182850,00;183090,00;1,877180835E10;512445
WINV26;02/09/2026;09:20:00;182790,00;183110,00;182725,00;182870,00;1,642994487E10;449103
WINV26;02/09/2026;09:10:00;182790,00;182970,00;182535,00;182790,00;1,816812238E10;497061
WINV26;02/09/2026;09:00:00;182050,00;183285,00;181970,00;182790,00;3,145239316E10;860273
WINV26;01/09/2026;18:20:00;182315,00;182390,00;182260,00;182390,00;1220972596,00;33476
WINV26;01/09/2026;18:10:00;182290,00;182375,00;182200,00;182315,00;2001875488,00;54909
WINV26;01/09/2026;18:00:00;182195,00;182370,00;182175,00;182290,00;2087467775,00;57255
WINV26;01/09/2026;17:50:00;182315,00;182330,00;182175,00;182200,00;1550109438,00;42523
WINV26;01/09/2026;17:40:00;182260,00;182335,00;182130,00;182320,00;3780612950,00;103725
WINV26;01/09/2026;17:30:00;182530,00;182560,00;182230,00;182255,00;4073448037,00;111645
WINV26;01/09/2026;17:20:00;182400,00;182615,00;182395,00;182535,00;4311371369,00;118100
WINV26;01/09/2026;17:10:00;182165,00;182430,00;182125,00;182405,00;4728698132,00;129710
WINV26;01/09/2026;17:00:00;182380,00;182400,00;182140,00;182165,00;5607141066,00;153836
WINV26;01/09/2026;16:50:00;182320,00;182455,00;182275,00;182385,00;5715744348,00;156713
WINV26;01/09/2026;16:40:00;182185,00;182380,00;182175,00;182320,00;6301371286,00;172851
WINV26;01/09/2026;16:30:00;182615,00;182630,00;182110,00;182185,00;1,220716497E10;334799
WINV26;01/09/2026;16:20:00;182740,00;182765,00;182575,00;182610,00;8120963861,00;222288
WINV26;01/09/2026;16:10:00;182910,00;182965,00;182735,00;182735,00;5902956619,00;161408
WINV26;01/09/2026;16:00:00;182885,00;183145,00;182865,00;182905,00;9689234116,00;264715
WINV26;01/09/2026;15:50:00;182785,00;182925,00;182725,00;182890,00;7103973706,00;194291
WINV26;01/09/2026;15:40:00;182875,00;183025,00;182745,00;182785,00;8256074784,00;225724
WINV26;01/09/2026;15:30:00;183035,00;183090,00;182870,00;182870,00;8520663460,00;232813
WINV26;01/09/2026;15:20:00;183290,00;183295,00;182970,00;183030,00;8550624840,00;233480
WINV26;01/09/2026;15:10:00;183205,00;183335,00;183165,00;183295,00;4690048544,00;127978
WINV26;01/09/2026;15:00:00;183230,00;183350,00;183155,00;183205,00;7894210274,00;215382
WINV26;01/09/2026;14:50:00;183310,00;183345,00;183170,00;183235,00;7237201800,00;197464
WINV26;01/09/2026;14:40:00;183425,00;183470,00;183305,00;183310,00;6000445081,00;163591
WINV26;01/09/2026;14:30:00;183215,00;183545,00;183205,00;183430,00;1,27045256E10;346381
WINV26;01/09/2026;14:20:00;183220,00;183250,00;183050,00;183210,00;8298442400,00;226583
WINV26;01/09/2026;14:10:00;183080,00;183390,00;183065,00;183215,00;9025764672,00;246262
WINV26;01/09/2026;14:00:00;183060,00;183220,00;182965,00;183080,00;8118342127,00;221697
WINV26;01/09/2026;13:50:00;183120,00;183205,00;183035,00;183055,00;5243665591,00;143190
WINV26;01/09/2026;13:40:00;183105,00;183235,00;182855,00;183120,00;1,092200979E10;298328
WINV26;01/09/2026;13:30:00;183015,00;183145,00;182780,00;183105,00;1,091570333E10;298350
WINV26;01/09/2026;13:20:00;183050,00;183150,00;182855,00;183015,00;1,137487882E10;310807
WINV26;01/09/2026;13:10:00;183300,00;183475,00;183030,00;183055,00;1,137243945E10;310248
WINV26;01/09/2026;13:00:00;182895,00;183395,00;182875,00;183300,00;1,08762325E10;296909
WINV26;01/09/2026;12:50:00;182880,00;182940,00;182705,00;182890,00;7496919773,00;205030
WINV26;01/09/2026;12:40:00;182540,00;182965,00;182540,00;182880,00;1,090807728E10;298414
WINV26;01/09/2026;12:30:00;182750,00;182820,00;182465,00;182540,00;9741709574,00;266676
WINV26;01/09/2026;12:20:00;183160,00;183165,00;182635,00;182750,00;1,042661224E10;285085
WINV26;01/09/2026;12:10:00;183015,00;183260,00;182940,00;183160,00;9398088426,00;256695
WINV26;01/09/2026;12:00:00;183495,00;183595,00;182965,00;183020,00;1,508748817E10;411674
WINV26;01/09/2026;11:50:00;183260,00;183545,00;183225,00;183490,00;1,152100009E10;314196
WINV26;01/09/2026;11:40:00;183505,00;183560,00;183250,00;183260,00;1,357751732E10;370149
WINV26;01/09/2026;11:30:00;183445,00;183670,00;183190,00;183505,00;1,556736082E10;424282
WINV26;01/09/2026;11:20:00;182995,00;183575,00;182860,00;183450,00;1,834699365E10;500442
WINV26;01/09/2026;11:10:00;183090,00;183345,00;182860,00;182990,00;2,115246673E10;577644
WINV26;01/09/2026;11:00:00;182370,00;183225,00;182145,00;183085,00;2,792589957E10;763764
WINV26;01/09/2026;10:50:00;181275,00;182385,00;181265,00;182365,00;2,794888077E10;768304
WINV26;01/09/2026;10:40:00;181615,00;181720,00;181045,00;181275,00;2,346594009E10;646952
WINV26;01/09/2026;10:30:00;180270,00;181650,00;180215,00;181615,00;3,310940658E10;914471
WINV26;01/09/2026;10:20:00;180220,00;180340,00;179720,00;180270,00;2,407193782E10;668584
WINV26;01/09/2026;10:10:00;180820,00;181000,00;180190,00;180220,00;2,819255452E10;780489
WINV26;01/09/2026;10:00:00;181195,00;181555,00;180665,00;180820,00;3,051752089E10;842578
WINV26;01/09/2026;09:50:00;180695,00;181290,00;180635,00;181200,00;1,948985145E10;538219
WINV26;01/09/2026;09:40:00;180270,00;180935,00;180155,00;180700,00;1,877954908E10;519948
WINV26;01/09/2026;09:30:00;180475,00;180490,00;180120,00;180275,00;1,310658702E10;363467
WINV26;01/09/2026;09:20:00;180415,00;180535,00;180100,00;180480,00;1,775039458E10;492228
WINV26;01/09/2026;09:10:00;180235,00;180715,00;179830,00;180415,00;2,455867142E10;681010
WINV26;01/09/2026;09:00:00;179390,00;180485,00;179000,00;180235,00;3,017879826E10;838593
WINV26;31/08/2026;18:20:00;180110,00;180140,00;180045,00;180075,00;1097627239,00;30476
WINV26;31/08/2026;18:10:00;180190,00;180275,00;180075,00;180105,00;2082064922,00;57775
WINV26;31/08/2026;18:00:00;179985,00;180255,00;179975,00;180190,00;2585089071,00;71749
WINV26;31/08/2026;17:50:00;180010,00;180020,00;179955,00;179985,00;1309877455,00;36388
WINV26;31/08/2026;17:40:00;180070,00;180075,00;179970,00;180010,00;1854654179,00;51514
WINV26;31/08/2026;17:30:00;180025,00;180095,00;179940,00;180070,00;2629633031,00;73039
WINV26;31/08/2026;17:20:00;180025,00;180120,00;180015,00;180020,00;1821605199,00;50583
WINV26;31/08/2026;17:10:00;180110,00;180115,00;180000,00;180030,00;2967881768,00;82416
WINV26;31/08/2026;17:00:00;180270,00;180380,00;180005,00;180115,00;7631216296,00;211779
WINV26;31/08/2026;16:50:00;180100,00;180330,00;180100,00;180265,00;8071086018,00;223901
WINV26;31/08/2026;16:40:00;180245,00;180285,00;180020,00;180105,00;6917543732,00;192023
WINV26;31/08/2026;16:30:00;180480,00;180545,00;180240,00;180245,00;6845983659,00;189743
WINV26;31/08/2026;16:20:00;180255,00;180510,00;180255,00;180475,00;6594770965,00;182776
WINV26;31/08/2026;16:10:00;180205,00;180325,00;180180,00;180260,00;3808046622,00;105635
WINV26;31/08/2026;16:00:00;180095,00;180305,00;180050,00;180205,00;6898233253,00;191425
WINV26;31/08/2026;15:50:00;180090,00;180205,00;180065,00;180090,00;5084230369,00;141125
WINV26;31/08/2026;15:40:00;180025,00;180185,00;180015,00;180095,00;5902742544,00;163880
WINV26;31/08/2026;15:30:00;179955,00;180130,00;179955,00;180025,00;5255161554,00;145940
WINV26;31/08/2026;15:20:00;180070,00;180080,00;179910,00;179955,00;4802119266,00;133395
WINV26;31/08/2026;15:10:00;180150,00;180220,00;180010,00;180065,00;5782503142,00;160526
WINV26;31/08/2026;15:00:00;180275,00;180400,00;180055,00;180155,00;9228449144,00;256032
WINV26;31/08/2026;14:50:00;180250,00;180370,00;180190,00;180270,00;7871348702,00;218296
WINV26;31/08/2026;14:40:00;180110,00;180330,00;179995,00;180250,00;9974382879,00;276791
WINV26;31/08/2026;14:30:00;179870,00;180130,00;179720,00;180115,00;1,141414086E10;317191
WINV26;31/08/2026;14:20:00;180030,00;180045,00;179845,00;179870,00;5606412458,00;155769
WINV26;31/08/2026;14:10:00;180200,00;180210,00;179935,00;180030,00;6502314480,00;180555
WINV26;31/08/2026;14:00:00;180320,00;180420,00;180035,00;180200,00;9272785065,00;257283
WINV26;31/08/2026;13:50:00;180235,00;180380,00;180225,00;180325,00;5621914348,00;155902
WINV26;31/08/2026;13:40:00;180035,00;180300,00;179975,00;180235,00;6615906503,00;183643
WINV26;31/08/2026;13:30:00;180095,00;180255,00;180010,00;180035,00;7393284340,00;205203
WINV26;31/08/2026;13:20:00;180165,00;180230,00;179960,00;180090,00;7209006725,00;200179
WINV26;31/08/2026;13:10:00;180030,00;180190,00;180015,00;180160,00;4258704338,00;118220
WINV26;31/08/2026;13:00:00;179950,00;180180,00;179885,00;180030,00;7434164892,00;206431
WINV26;31/08/2026;12:50:00;180040,00;180110,00;179840,00;179950,00;6513212835,00;180944
WINV26;31/08/2026;12:40:00;180025,00;180200,00;180015,00;180035,00;6146190459,00;170627
WINV26;31/08/2026;12:30:00;180070,00;180155,00;179990,00;180030,00;7782099290,00;216088
WINV26;31/08/2026;12:20:00;179820,00;180085,00;179715,00;180070,00;8460444468,00;235148
WINV26;31/08/2026;12:10:00;179650,00;180045,00;179520,00;179820,00;1,121600187E10;311890
WINV26;31/08/2026;12:00:00;179730,00;179885,00;179490,00;179650,00;1,02005706E10;283914
WINV26;31/08/2026;11:50:00;179685,00;179855,00;179405,00;179730,00;1,255728717E10;349530
WINV26;31/08/2026;11:40:00;179660,00;179860,00;179565,00;179685,00;1,157708127E10;322103
WINV26;31/08/2026;11:30:00;179735,00;179790,00;179405,00;179665,00;1,404703947E10;391008
WINV26;31/08/2026;11:20:00;179830,00;179940,00;179600,00;179740,00;1,170173848E10;325445
WINV26;31/08/2026;11:10:00;180080,00;180090,00;179605,00;179830,00;1,542575893E10;428920
WINV26;31/08/2026;11:00:00;180160,00;180275,00;179935,00;180080,00;1,565796967E10;434683
WINV26;31/08/2026;10:50:00;180570,00;180580,00;180055,00;180155,00;1,903848316E10;527979
WINV26;31/08/2026;10:40:00;181110,00;181185,00;180480,00;180570,00;2,190424399E10;605738
WINV26;31/08/2026;10:30:00;180975,00;181230,00;180665,00;181110,00;2,809990463E10;776255
WINV26;31/08/2026;10:20:00;180645,00;181050,00;180445,00;180975,00;1,855634939E10;513385
WINV26;31/08/2026;10:10:00;180785,00;181190,00;180405,00;180650,00;2,587078706E10;715296
WINV26;31/08/2026;10:00:00;179850,00;180855,00;179535,00;180785,00;3,164023665E10;877744
WINV26;31/08/2026;09:50:00;179925,00;179975,00;179710,00;179850,00;1,23547826E10;343481
WINV26;31/08/2026;09:40:00;179680,00;180060,00;179505,00;179925,00;1,153857499E10;320902
WINV26;31/08/2026;09:30:00;179835,00;179970,00;179585,00;179690,00;1,459220914E10;405903
WINV26;31/08/2026;09:20:00;179560,00;180010,00;179435,00;179835,00;1,68303935E10;468209
WINV26;31/08/2026;09:10:00;180290,00;180630,00;179415,00;179560,00;2,631387801E10;730851
WINV26;31/08/2026;09:00:00;178625,00;180530,00;178610,00;180285,00;3,044209823E10;846461
WINV26;28/08/2026;18:20:00;177740,00;177815,00;177640,00;177640,00;973691259,00;27402
WINV26;28/08/2026;18:10:00;177840,00;177875,00;177670,00;177740,00;1592392522,00;44791
WINV26;28/08/2026;18:00:00;177785,00;177870,00;177625,00;177840,00;2484496134,00;69888
WINV26;28/08/2026;17:50:00;177855,00;177870,00;177755,00;177785,00;2209293832,00;62125
WINV26;28/08/2026;17:40:00;178105,00;178145,00;177615,00;177850,00;5068759013,00;142453
WINV26;28/08/2026;17:30:00;178260,00;178400,00;178065,00;178110,00;3780050994,00;106029
WINV26;28/08/2026;17:20:00;178265,00;178300,00;178215,00;178260,00;1530987272,00;42943
WINV26;28/08/2026;17:10:00;178280,00;178300,00;178200,00;178260,00;2069661618,00;58056
WINV26;28/08/2026;17:00:00;178305,00;178350,00;178175,00;178280,00;4257153375,00;119409
WINV26;28/08/2026;16:50:00;178285,00;178340,00;178125,00;178305,00;7086526731,00;198798
WINV26;28/08/2026;16:40:00;178345,00;178415,00;178240,00;178290,00;6812767410,00;191032
WINV26;28/08/2026;16:30:00;177980,00;178360,00;177940,00;178350,00;9060908523,00;254283
WINV26;28/08/2026;16:20:00;177945,00;178060,00;177850,00;177985,00;5031751015,00;141366
WINV26;28/08/2026;16:10:00;177920,00;177985,00;177840,00;177945,00;4140386143,00;116356
WINV26;28/08/2026;16:00:00;177560,00;177985,00;177560,00;177915,00;9942131703,00;279552
WINV26;28/08/2026;15:50:00;177485,00;177650,00;177460,00;177560,00;5874237772,00;165415
WINV26;28/08/2026;15:40:00;177435,00;177535,00;177405,00;177490,00;4144209547,00;116761
WINV26;28/08/2026;15:30:00;177300,00;177510,00;177150,00;177440,00;7241635572,00;204150
WINV26;28/08/2026;15:20:00;177470,00;177510,00;177230,00;177305,00;6032675469,00;170081
WINV26;28/08/2026;15:10:00;177440,00;177490,00;177335,00;177470,00;4504969047,00;126960
WINV26;28/08/2026;15:00:00;177325,00;177515,00;177295,00;177445,00;6680576512,00;188269
WINV26;28/08/2026;14:50:00;177330,00;177385,00;177225,00;177325,00;4514624660,00;127314
WINV26;28/08/2026;14:40:00;177175,00;177370,00;177155,00;177330,00;5118955561,00;144389
WINV26;28/08/2026;14:30:00;177220,00;177320,00;177110,00;177180,00;5533063619,00;156118
WINV26;28/08/2026;14:20:00;177200,00;177320,00;177130,00;177220,00;4845077679,00;136695
WINV26;28/08/2026;14:10:00;177095,00;177340,00;177060,00;177205,00;6503021805,00;183493
WINV26;28/08/2026;14:00:00;177135,00;177200,00;177010,00;177095,00;6236597906,00;176066
WINV26;28/08/2026;13:50:00;177175,00;177270,00;177090,00;177135,00;5590444929,00;157774
WINV26;28/08/2026;13:40:00;177185,00;177250,00;176870,00;177175,00;9826582040,00;277478
WINV26;28/08/2026;13:30:00;176755,00;177295,00;176745,00;177185,00;1,377422476E10;389021
WINV26;28/08/2026;13:20:00;176555,00;176765,00;176455,00;176755,00;6943394689,00;196558
WINV26;28/08/2026;13:10:00;176535,00;176595,00;176425,00;176555,00;5722254360,00;162093
WINV26;28/08/2026;13:00:00;176690,00;176745,00;176425,00;176535,00;8214271944,00;232590
WINV26;28/08/2026;12:50:00;176660,00;176835,00;176620,00;176690,00;6886956602,00;194842
WINV26;28/08/2026;12:40:00;176740,00;176740,00;176535,00;176660,00;8435329128,00;238772
WINV26;28/08/2026;12:30:00;177175,00;177185,00;176710,00;176740,00;1,016332352E10;287201
WINV26;28/08/2026;12:20:00;177020,00;177205,00;177005,00;177170,00;6360645853,00;179573
WINV26;28/08/2026;12:10:00;176995,00;177250,00;176905,00;177025,00;1,015078857E10;286661
WINV26;28/08/2026;12:00:00;177190,00;177270,00;176945,00;177000,00;8630531696,00;243686
WINV26;28/08/2026;11:50:00;177210,00;177290,00;177025,00;177195,00;1,050601331E10;296458
WINV26;28/08/2026;11:40:00;177340,00;177575,00;177150,00;177210,00;9826788082,00;277044
WINV26;28/08/2026;11:30:00;177400,00;177640,00;177310,00;177340,00;1,275772752E10;359359
WINV26;28/08/2026;11:20:00;177165,00;177565,00;177130,00;177405,00;1,939353711E10;546816
WINV26;28/08/2026;11:10:00;177745,00;177855,00;177145,00;177165,00;2,07147139E10;583381
WINV26;28/08/2026;11:00:00;177675,00;178175,00;177450,00;177745,00;1,919271971E10;539535
WINV26;28/08/2026;10:50:00;177850,00;178265,00;177590,00;177665,00;1,700400556E10;477853
WINV26;28/08/2026;10:40:00;177960,00;178025,00;177680,00;177850,00;1,520334839E10;427439
WINV26;28/08/2026;10:30:00;178165,00;178410,00;177855,00;177955,00;2,611839109E10;733203
WINV26;28/08/2026;10:20:00;178590,00;178700,00;178160,00;178165,00;1,785312844E10;500311
WINV26;28/08/2026;10:10:00;178490,00;179115,00;178375,00;178585,00;2,846719538E10;796503
WINV26;28/08/2026;10:00:00;178125,00;178780,00;178045,00;178490,00;2,720608449E10;762171
WINV26;28/08/2026;09:50:00;178445,00;178515,00;177910,00;178125,00;1,730558925E10;485753
WINV26;28/08/2026;09:40:00;178480,00;178560,00;178320,00;178440,00;1,246935526E10;349431
WINV26;28/08/2026;09:30:00;178995,00;179150,00;178385,00;178480,00;1,468078028E10;410502
WINV26;28/08/2026;09:20:00;178890,00;179220,00;178870,00;178995,00;1,652960478E10;461530
WINV26;28/08/2026;09:10:00;178910,00;178965,00;178470,00;178895,00;1,704174622E10;476760
WINV26;28/08/2026;09:00:00;177645,00;179060,00;177400,00;178910,00;2,52213453E10;707064
WINV26;27/08/2026;18:20:00;177755,00;177790,00;177705,00;177725,00;1115929322,00;31394
WINV26;27/08/2026;18:10:00;177830,00;177850,00;177705,00;177755,00;1557913856,00;43820
WINV26;27/08/2026;18:00:00;177860,00;177870,00;177680,00;177830,00;2153141125,00;60561
WINV26;27/08/2026;17:50:00;177730,00;177895,00;177690,00;177865,00;2412035077,00;67829
WINV26;27/08/2026;17:40:00;177755,00;177780,00;177715,00;177735,00;1000511188,00;28143
WINV26;27/08/2026;17:30:00;177765,00;177785,00;177700,00;177750,00;1359424137,00;38241
WINV26;27/08/2026;17:20:00;177785,00;177840,00;177680,00;177765,00;2792767719,00;78554
WINV26;27/08/2026;17:10:00;177830,00;177835,00;177635,00;177785,00;4770086734,00;134192
WINV26;27/08/2026;17:00:00;178000,00;178025,00;177775,00;177830,00;6121244777,00;172054
WINV26;27/08/2026;16:50:00;177995,00;178095,00;177910,00;178005,00;5881618075,00;165208
WINV26;27/08/2026;16:40:00;178190,00;178210,00;177975,00;177990,00;4741195740,00;133127
WINV26;27/08/2026;16:30:00;178035,00;178280,00;178030,00;178185,00;6245032953,00;175252
WINV26;27/08/2026;16:20:00;177970,00;178050,00;177890,00;178035,00;5025739021,00;141198
WINV26;27/08/2026;16:10:00;178095,00;178195,00;177930,00;177975,00;5095768041,00;143098
WINV26;27/08/2026;16:00:00;178035,00;178150,00;177995,00;178095,00;5739207690,00;161150
WINV26;27/08/2026;15:50:00;177975,00;178100,00;177860,00;178035,00;7332863119,00;206024
WINV26;27/08/2026;15:40:00;178145,00;178180,00;177965,00;177970,00;6539671108,00;183625
WINV26;27/08/2026;15:30:00;178110,00;178245,00;178085,00;178145,00;5696506598,00;159865
WINV26;27/08/2026;15:20:00;178160,00;178220,00;178050,00;178110,00;4801901613,00;134789
WINV26;27/08/2026;15:10:00;178145,00;178260,00;178020,00;178160,00;7603826004,00;213426
WINV26;27/08/2026;15:00:00;177975,00;178205,00;177710,00;178145,00;1,133053469E10;318354
WINV26;27/08/2026;14:50:00;178060,00;178140,00;177880,00;177970,00;7359583551,00;206752
WINV26;27/08/2026;14:40:00;178040,00;178080,00;177910,00;178060,00;5913566993,00;166106
WINV26;27/08/2026;14:30:00;177965,00;178185,00;177965,00;178035,00;6958559408,00;195391
WINV26;27/08/2026;14:20:00;178060,00;178110,00;177870,00;177965,00;8467415647,00;237843
WINV26;27/08/2026;14:10:00;178030,00;178235,00;177985,00;178055,00;9863799695,00;276897
WINV26;27/08/2026;14:00:00;177815,00;178055,00;177780,00;178025,00;9426092431,00;264899
WINV26;27/08/2026;13:50:00;177700,00;177900,00;177665,00;177815,00;5576053855,00;156801
WINV26;27/08/2026;13:40:00;177785,00;177890,00;177665,00;177705,00;8015153309,00;225425
WINV26;27/08/2026;13:30:00;177620,00;177825,00;177595,00;177780,00;5973710534,00;168087
WINV26;27/08/2026;13:20:00;177690,00;177775,00;177575,00;177620,00;5640235668,00;158720
WINV26;27/08/2026;13:10:00;177480,00;177745,00;177450,00;177690,00;7010388343,00;197326
WINV26;27/08/2026;13:00:00;177540,00;177625,00;177450,00;177480,00;5588021269,00;157383
WINV26;27/08/2026;12:50:00;177445,00;177595,00;177415,00;177545,00;6372990463,00;179510
WINV26;27/08/2026;12:40:00;177485,00;177685,00;177330,00;177445,00;1,095589969E10;308608
WINV26;27/08/2026;12:30:00;177240,00;177585,00;177235,00;177485,00;8213764621,00;231516
WINV26;27/08/2026;12:20:00;177100,00;177315,00;177050,00;177240,00;7042400968,00;198719
WINV26;27/08/2026;12:10:00;176920,00;177230,00;176905,00;177100,00;9636632215,00;272097
WINV26;27/08/2026;12:00:00;176950,00;177135,00;176690,00;176920,00;1,363425002E10;385361
WINV26;27/08/2026;11:50:00;177395,00;177575,00;176910,00;176950,00;1,677409594E10;473112
WINV26;27/08/2026;11:40:00;176870,00;177535,00;176860,00;177395,00;1,618345575E10;456586
WINV26;27/08/2026;11:30:00;176515,00;176930,00;176395,00;176865,00;1,520690348E10;430368
WINV26;27/08/2026;11:20:00;176790,00;176900,00;176220,00;176520,00;1,510685801E10;427821
WINV26;27/08/2026;11:10:00;176945,00;177060,00;176625,00;176790,00;1,41234983E10;399465
WINV26;27/08/2026;11:00:00;176430,00;177140,00;176390,00;176950,00;2,013953624E10;569539
WINV26;27/08/2026;10:50:00;176655,00;176850,00;176365,00;176430,00;1,60021906E10;453093
WINV26;27/08/2026;10:40:00;176815,00;176900,00;176500,00;176655,00;2,235737941E10;632784
WINV26;27/08/2026;10:30:00;176845,00;177305,00;176470,00;176810,00;3,409201897E10;963472
WINV26;27/08/2026;10:20:00;176655,00;177135,00;176600,00;176845,00;2,296168284E10;649106
WINV26;27/08/2026;10:10:00;176525,00;177075,00;176490,00;176655,00;2,532307031E10;716119
WINV26;27/08/2026;10:00:00;176845,00;176855,00;176105,00;176525,00;2,484422557E10;704297
WINV26;27/08/2026;09:50:00;176995,00;177005,00;176625,00;176845,00;1,251551157E10;354012
WINV26;27/08/2026;09:40:00;177160,00;177240,00;176940,00;176995,00;9630421268,00;271916
WINV26;27/08/2026;09:30:00;176915,00;177260,00;176880,00;177160,00;1,472054226E10;415651
WINV26;27/08/2026;09:20:00;177295,00;177345,00;176745,00;176910,00;1,466268791E10;414027
WINV26;27/08/2026;09:10:00;177215,00;177570,00;177065,00;177295,00;1,818920525E10;512990
WINV26;27/08/2026;09:00:00;177670,00;177925,00;176690,00;177215,00;2,710396015E10;764603
WINV26;26/08/2026;18:20:00;177905,00;177945,00;177845,00;177900,00;1098507127,00;30875
WINV26;26/08/2026;18:10:00;177795,00;177945,00;177785,00;177900,00;1988902430,00;55905
WINV26;26/08/2026;18:00:00;177780,00;177875,00;177680,00;177795,00;2311137501,00;64992
WINV26;26/08/2026;17:50:00;177685,00;177800,00;177645,00;177780,00;1680700658,00;47284
WINV26;26/08/2026;17:40:00;177720,00;177810,00;177650,00;177690,00;2910991875,00;81897
WINV26;26/08/2026;17:30:00;177630,00;177750,00;177505,00;177720,00;3515110856,00;98947
WINV26;26/08/2026;17:20:00;177575,00;177655,00;177530,00;177630,00;2797640688,00;78763
WINV26;26/08/2026;17:10:00;177575,00;177590,00;177425,00;177570,00;3883767588,00;109390
WINV26;26/08/2026;17:00:00;177310,00;177660,00;177295,00;177570,00;7048013050,00;198580
WINV26;26/08/2026;16:50:00;177425,00;177430,00;177165,00;177310,00;7584401052,00;213916
WINV26;26/08/2026;16:40:00;177460,00;177495,00;177360,00;177425,00;4313681576,00;121567
WINV26;26/08/2026;16:30:00;177520,00;177600,00;177420,00;177460,00;5004068914,00;140965
WINV26;26/08/2026;16:20:00;177530,00;177625,00;177470,00;177525,00;4789175819,00;134874
WINV26;26/08/2026;16:10:00;177630,00;177685,00;177465,00;177535,00;6060762392,00;170656
WINV26;26/08/2026;16:00:00;177395,00;177690,00;177390,00;177630,00;9221942365,00;259688
WINV26;26/08/2026;15:50:00;177370,00;177460,00;177230,00;177400,00;7613591354,00;214655
WINV26;26/08/2026;15:40:00;177130,00;177410,00;177125,00;177370,00;8229728420,00;232118
WINV26;26/08/2026;15:30:00;177350,00;177355,00;176910,00;177135,00;1,283565305E10;362407
WINV26;26/08/2026;15:20:00;177500,00;177595,00;177285,00;177355,00;8656802993,00;243964
WINV26;26/08/2026;15:10:00;177645,00;177650,00;177490,00;177500,00;4983367799,00;140327
WINV26;26/08/2026;15:00:00;177760,00;177835,00;177595,00;177645,00;6736877091,00;189541
WINV26;26/08/2026;14:50:00;177740,00;177785,00;177650,00;177760,00;4540428095,00;127741
WINV26;26/08/2026;14:40:00;177785,00;177850,00;177650,00;177735,00;5430162821,00;152757
WINV26;26/08/2026;14:30:00;177905,00;177920,00;177670,00;177785,00;7414278445,00;208543
WINV26;26/08/2026;14:20:00;177840,00;178040,00;177795,00;177905,00;6183252970,00;173766
WINV26;26/08/2026;14:10:00;177830,00;177905,00;177745,00;177835,00;5793984074,00;162907
WINV26;26/08/2026;14:00:00;177690,00;177975,00;177670,00;177825,00;8504762151,00;239104
WINV26;26/08/2026;13:50:00;177585,00;177705,00;177490,00;177685,00;6534824496,00;183978
WINV26;26/08/2026;13:40:00;177980,00;178000,00;177435,00;177580,00;1,192792934E10;335635
WINV26;26/08/2026;13:30:00;178045,00;178100,00;177875,00;177980,00;7444257477,00;209111
WINV26;26/08/2026;13:20:00;177835,00;178160,00;177830,00;178045,00;9731197784,00;273320
WINV26;26/08/2026;13:10:00;177865,00;177910,00;177745,00;177840,00;5411897121,00;152171
WINV26;26/08/2026;13:00:00;177810,00;177895,00;177710,00;177870,00;5470744697,00;153848
WINV26;26/08/2026;12:50:00;177870,00;177870,00;177550,00;177810,00;1,219617391E10;343126
WINV26;26/08/2026;12:40:00;177965,00;178100,00;177860,00;177865,00;6824370552,00;191704
WINV26;26/08/2026;12:30:00;177880,00;177995,00;177805,00;177965,00;6563693445,00;184488
WINV26;26/08/2026;12:20:00;178020,00;178085,00;177865,00;177880,00;6849762611,00;192431
WINV26;26/08/2026;12:10:00;178000,00;178030,00;177890,00;178025,00;5771041783,00;162150
WINV26;26/08/2026;12:00:00;177985,00;178135,00;177890,00;177995,00;7727047144,00;217038
WINV26;26/08/2026;11:50:00;177835,00;178090,00;177810,00;177980,00;1,072774082E10;301406
WINV26;26/08/2026;11:40:00;178160,00;178195,00;177825,00;177835,00;1,172535528E10;329369
WINV26;26/08/2026;11:30:00;177775,00;178350,00;177765,00;178165,00;1,637347304E10;459617
WINV26;26/08/2026;11:20:00;178495,00;178510,00;177710,00;177780,00;1,794131091E10;503748
WINV26;26/08/2026;11:10:00;178815,00;178975,00;178430,00;178495,00;1,506794274E10;421628
WINV26;26/08/2026;11:00:00;178670,00;179080,00;178515,00;178820,00;2,166195208E10;605612
WINV26;26/08/2026;10:50:00;178760,00;178990,00;178570,00;178670,00;1,795089127E10;501976
WINV26;26/08/2026;10:40:00;178355,00;178775,00;178045,00;178760,00;2,257361533E10;632646
WINV26;26/08/2026;10:30:00;178865,00;179025,00;177840,00;178360,00;3,271866026E10;917562
WINV26;26/08/2026;10:20:00;178550,00;179135,00;178480,00;178870,00;2,879056432E10;804763
WINV26;26/08/2026;10:10:00;177640,00;178665,00;177635,00;178545,00;3,114194351E10;873508
WINV26;26/08/2026;10:00:00;177430,00;177730,00;177190,00;177640,00;2,449226355E10;690097
WINV26;26/08/2026;09:50:00;177765,00;177850,00;177410,00;177430,00;1,488488394E10;418886
WINV26;26/08/2026;09:40:00;177680,00;177790,00;177240,00;177765,00;1,879436238E10;529454
WINV26;26/08/2026;09:30:00;178335,00;178410,00;177575,00;177685,00;2,176883614E10;611991
WINV26;26/08/2026;09:20:00;178545,00;178720,00;178230,00;178330,00;1,36859746E10;383365
WINV26;26/08/2026;09:10:00;178790,00;178900,00;178360,00;178550,00;1,716963276E10;480563
WINV26;26/08/2026;09:00:00;178005,00;179050,00;177565,00;178790,00;2,474374567E10;693070
WINV26;25/08/2026;18:20:00;177625,00;177625,00;177465,00;177465,00;1387388356,00;39083
WINV26;25/08/2026;18:10:00;177715,00;177775,00;177530,00;177625,00;2926250417,00;82360
WINV26;25/08/2026;18:00:00;177575,00;177760,00;177560,00;177715,00;2253146933,00;63410
WINV26;25/08/2026;17:50:00;177585,00;177690,00;177555,00;177575,00;1935416132,00;54482
WINV26;25/08/2026;17:40:00;177650,00;177715,00;177545,00;177585,00;3146412783,00;88566
WINV26;25/08/2026;17:30:00;177390,00;177725,00;177385,00;177650,00;4195647099,00;118145
WINV26;25/08/2026;17:20:00;177420,00;177465,00;177330,00;177390,00;3283836859,00;92556
WINV26;25/08/2026;17:10:00;177550,00;177580,00;177310,00;177420,00;5235743941,00;147568
WINV26;25/08/2026;17:00:00;177635,00;177715,00;177380,00;177555,00;7754599644,00;218409
WINV26;25/08/2026;16:50:00;177430,00;177770,00;177420,00;177635,00;9941959324,00;279890
WINV26;25/08/2026;16:40:00;177425,00;177480,00;177275,00;177430,00;6726556427,00;189608
WINV26;25/08/2026;16:30:00;177390,00;177485,00;177205,00;177420,00;1,00451527E10;283183
WINV26;25/08/2026;16:20:00;177155,00;177460,00;177020,00;177385,00;1,117397825E10;315220
WINV26;25/08/2026;16:10:00;176760,00;177190,00;176735,00;177155,00;1,097348208E10;309951
WINV26;25/08/2026;16:00:00;176600,00;176800,00;176575,00;176755,00;7351734056,00;208025
WINV26;25/08/2026;15:50:00;176495,00;176700,00;176435,00;176600,00;8484981003,00;240284
WINV26;25/08/2026;15:40:00;176210,00;176560,00;176145,00;176495,00;1,083153267E10;307058
WINV26;25/08/2026;15:30:00;176415,00;176435,00;176170,00;176205,00;7953910644,00;225561
WINV26;25/08/2026;15:20:00;176410,00;176565,00;176320,00;176415,00;8924060312,00;252922
WINV26;25/08/2026;15:10:00;176540,00;176610,00;176375,00;176410,00;7738495287,00;219217
WINV26;25/08/2026;15:00:00;176640,00;176780,00;176435,00;176535,00;1,093556749E10;309600
WINV26;25/08/2026;14:50:00;176440,00;176760,00;176415,00;176640,00;1,011114465E10;286250
WINV26;25/08/2026;14:40:00;176370,00;176650,00;176325,00;176435,00;1,190473983E10;337260
WINV26;25/08/2026;14:30:00;176065,00;176420,00;176045,00;176365,00;1,104874901E10;313429
WINV26;25/08/2026;14:20:00;176030,00;176130,00;175970,00;176060,00;5275483143,00;149831
WINV26;25/08/2026;14:10:00;176130,00;176150,00;175985,00;176030,00;5323240785,00;151180
WINV26;25/08/2026;14:00:00;176280,00;176340,00;176040,00;176125,00;8747914927,00;248281
WINV26;25/08/2026;13:50:00;176220,00;176325,00;176180,00;176285,00;5480645468,00;155485
WINV26;25/08/2026;13:40:00;176260,00;176380,00;176175,00;176220,00;7685217570,00;217985
WINV26;25/08/2026;13:30:00;176195,00;176365,00;176170,00;176260,00;6764936275,00;191888
WINV26;25/08/2026;13:20:00;176090,00;176245,00;176015,00;176200,00;6419706534,00;182231
WINV26;25/08/2026;13:10:00;175875,00;176160,00;175835,00;176095,00;7742547329,00;219915
WINV26;25/08/2026;13:00:00;176220,00;176395,00;175805,00;175880,00;1,292647609E10;367087
WINV26;25/08/2026;12:50:00;175690,00;176360,00;175675,00;176220,00;1,7894073E10;508176
WINV26;25/08/2026;12:40:00;175700,00;175780,00;175580,00;175685,00;8932673784,00;254227
WINV26;25/08/2026;12:30:00;175325,00;175750,00;175325,00;175700,00;1,194103031E10;340176
WINV26;25/08/2026;12:20:00;175020,00;175500,00;175000,00;175330,00;1,611683494E10;459702
WINV26;25/08/2026;12:10:00;174760,00;175050,00;174745,00;175020,00;1,074068448E10;307032
WINV26;25/08/2026;12:00:00;174470,00;174890,00;174430,00;174765,00;1,37500939E10;393413
WINV26;25/08/2026;11:50:00;174545,00;174600,00;174310,00;174470,00;8912252196,00;255466
WINV26;25/08/2026;11:40:00;174605,00;174775,00;174295,00;174545,00;1,541590733E10;441592
WINV26;25/08/2026;11:30:00;174580,00;174680,00;174365,00;174605,00;1,451371432E10;415862
WINV26;25/08/2026;11:20:00;174530,00;174795,00;174500,00;174580,00;1,034698848E10;296233
WINV26;25/08/2026;11:10:00;174605,00;174775,00;174445,00;174530,00;1,31125231E10;375495
WINV26;25/08/2026;11:00:00;174195,00;174825,00;174060,00;174605,00;2,013859913E10;577149
WINV26;25/08/2026;10:50:00;174075,00;174260,00;173920,00;174195,00;1,478089396E10;424546
WINV26;25/08/2026;10:40:00;174255,00;174385,00;173875,00;174075,00;2,723706497E10;782179
WINV26;25/08/2026;10:30:00;175040,00;175095,00;174115,00;174255,00;3,362843817E10;963737
WINV26;25/08/2026;10:20:00;174700,00;175290,00;174605,00;175040,00;2,647659006E10;756850
WINV26;25/08/2026;10:10:00;174725,00;174950,00;174285,00;174705,00;2,46854291E10;706698
WINV26;25/08/2026;10:00:00;174260,00;174880,00;174200,00;174725,00;2,91396448E10;834743
WINV26;25/08/2026;09:50:00;174390,00;174460,00;174170,00;174260,00;1,368507764E10;392584
WINV26;25/08/2026;09:40:00;174385,00;174735,00;174335,00;174385,00;1,553324535E10;444960
WINV26;25/08/2026;09:30:00;174435,00;174845,00;174325,00;174390,00;1,69289265E10;484919
WINV26;25/08/2026;09:20:00;174765,00;174775,00;174370,00;174435,00;1,271210558E10;364182
WINV26;25/08/2026;09:10:00;174845,00;174885,00;174550,00;174765,00;1,122582427E10;321254
WINV26;25/08/2026;09:00:00;174565,00;175380,00;174275,00;174840,00;2,7180667E10;777717
WINV26;24/08/2026;18:20:00;174720,00;174720,00;174625,00;174715,00;1178463892,00;33729
WINV26;24/08/2026;18:10:00;174825,00;174835,00;174675,00;174720,00;1654375901,00;47330
WINV26;24/08/2026;18:00:00;174860,00;174880,00;174760,00;174830,00;1327393893,00;37965
WINV26;24/08/2026;17:50:00;174820,00;174895,00;174725,00;174860,00;2239174597,00;64051
WINV26;24/08/2026;17:40:00;174850,00;174890,00;174805,00;174825,00;1521077672,00;43498
WINV26;24/08/2026;17:30:00;174740,00;174895,00;174690,00;174855,00;2624747465,00;75080
WINV26;24/08/2026;17:20:00;174680,00;174750,00;174675,00;174740,00;2099678676,00;60091
WINV26;24/08/2026;17:10:00;174755,00;174785,00;174655,00;174675,00;2817999772,00;80642
WINV26;24/08/2026;17:00:00;174650,00;174830,00;174615,00;174750,00;4881245993,00;139676
WINV26;24/08/2026;16:50:00;174795,00;174835,00;174605,00;174645,00;6447863265,00;184509
WINV26;24/08/2026;16:40:00;174785,00;174955,00;174740,00;174800,00;6100643801,00;174440
WINV26;24/08/2026;16:30:00;174965,00;174975,00;174770,00;174785,00;4622644770,00;132179
WINV26;24/08/2026;16:20:00;175020,00;175050,00;174920,00;174970,00;5002265845,00;142945
WINV26;24/08/2026;16:10:00;174985,00;175125,00;174885,00;175015,00;6292374790,00;179765
WINV26;24/08/2026;16:00:00;174915,00;175075,00;174910,00;174985,00;5479569721,00;156550
WINV26;24/08/2026;15:50:00;174865,00;174960,00;174795,00;174920,00;5374842000,00;153661
WINV26;24/08/2026;15:40:00;174815,00;174920,00;174750,00;174865,00;5621740336,00;160756
WINV26;24/08/2026;15:30:00;175030,00;175090,00;174665,00;174820,00;9439439389,00;269966
WINV26;24/08/2026;15:20:00;175145,00;175170,00;174870,00;175030,00;6917829507,00;197634
WINV26;24/08/2026;15:10:00;174990,00;175360,00;174930,00;175145,00;8938980424,00;255182
WINV26;24/08/2026;15:00:00;174945,00;175125,00;174880,00;174995,00;7793902150,00;222701
WINV26;24/08/2026;14:50:00;174725,00;174985,00;174675,00;174940,00;6091617490,00;174187
WINV26;24/08/2026;14:40:00;174900,00;175030,00;174675,00;174725,00;6501630406,00;185916
WINV26;24/08/2026;14:30:00;174930,00;175030,00;174815,00;174905,00;6469086133,00;184927
WINV26;24/08/2026;14:20:00;175150,00;175165,00;174875,00;174930,00;8639438001,00;246862
WINV26;24/08/2026;14:10:00;175050,00;175285,00;175010,00;175150,00;8084226214,00;230767
WINV26;24/08/2026;14:00:00;174940,00;175165,00;174800,00;175045,00;9742267987,00;278405
WINV26;24/08/2026;13:50:00;175045,00;175080,00;174900,00;174940,00;5506985807,00;157355
WINV26;24/08/2026;13:40:00;175365,00;175390,00;175005,00;175045,00;8682296790,00;247820
WINV26;24/08/2026;13:30:00;175435,00;175660,00;175355,00;175365,00;7022253986,00;200075
WINV26;24/08/2026;13:20:00;175490,00;175535,00;175320,00;175430,00;6690774217,00;190715
WINV26;24/08/2026;13:10:00;175570,00;175600,00;175430,00;175495,00;5982023090,00;170408
WINV26;24/08/2026;13:00:00;175620,00;175725,00;175500,00;175570,00;5712027112,00;162638
WINV26;24/08/2026;12:50:00;175680,00;175730,00;175485,00;175625,00;8003886959,00;227882
WINV26;24/08/2026;12:40:00;175425,00;175740,00;175355,00;175680,00;8803268395,00;250792
WINV26;24/08/2026;12:30:00;175985,00;176015,00;175380,00;175425,00;1,086824142E10;309363
WINV26;24/08/2026;12:20:00;175655,00;176065,00;175500,00;175985,00;1,394166326E10;396477
WINV26;24/08/2026;12:10:00;175130,00;175675,00;175055,00;175655,00;1,358584783E10;387228
WINV26;24/08/2026;12:00:00;175195,00;175280,00;175020,00;175130,00;1,115706286E10;318471
WINV26;24/08/2026;11:50:00;174930,00;175435,00;174790,00;175190,00;1,37878359E10;393620
WINV26;24/08/2026;11:40:00;174830,00;175040,00;174635,00;174930,00;1,385867729E10;396321
WINV26;24/08/2026;11:30:00;174375,00;174945,00;174255,00;174835,00;1,62295115E10;464556
WINV26;24/08/2026;11:20:00;174155,00;174575,00;174000,00;174380,00;1,604834692E10;460344
WINV26;24/08/2026;11:10:00;174250,00;174480,00;174030,00;174150,00;1,497892356E10;429749
WINV26;24/08/2026;11:00:00;174820,00;175110,00;174145,00;174250,00;2,473552168E10;708456
WINV26;24/08/2026;10:50:00;173520,00;174985,00;173410,00;174820,00;3,017893884E10;865510
WINV26;24/08/2026;10:40:00;173560,00;173885,00;173060,00;173520,00;3,374349549E10;972160
WINV26;24/08/2026;10:30:00;172080,00;173635,00;172075,00;173565,00;4,231378561E10;1223379
WINV26;24/08/2026;10:20:00;172440,00;172525,00;172000,00;172085,00;1,98238409E10;575364
WINV26;24/08/2026;10:10:00;172415,00;172675,00;172180,00;172440,00;2,124977256E10;616125
WINV26;24/08/2026;10:00:00;172420,00;172635,00;172065,00;172420,00;2,463659904E10;714634
WINV26;24/08/2026;09:50:00;172320,00;172550,00;172220,00;172425,00;9265299176,00;268742
WINV26;24/08/2026;09:40:00;172505,00;172515,00;172285,00;172320,00;7866851037,00;228190
WINV26;24/08/2026;09:30:00;172665,00;172690,00;172270,00;172500,00;1,470398993E10;426254
WINV26;24/08/2026;09:20:00;172400,00;172800,00;172250,00;172665,00;1,49440773E10;433115
WINV26;24/08/2026;09:10:00;172495,00;172745,00;172215,00;172400,00;1,653412369E10;479460
WINV26;24/08/2026;09:00:00;173480,00;173595,00;172415,00;172500,00;2,79365258E10;807508
WINV26;21/08/2026;18:20:00;174105,00;174110,00;174035,00;174035,00;1078988491,00;30997
WINV26;21/08/2026;18:10:00;174140,00;174245,00;174070,00;174095,00;1659279555,00;47635
WINV26;21/08/2026;18:00:00;174090,00;174215,00;174070,00;174145,00;1225608431,00;35189
WINV26;21/08/2026;17:50:00;174150,00;174230,00;174065,00;174090,00;2213866911,00;63561
WINV26;21/08/2026;17:40:00;174285,00;174285,00;174040,00;174145,00;3549692888,00;101924
WINV26;21/08/2026;17:30:00;174165,00;174320,00;174125,00;174290,00;2151458268,00;61736
WINV26;21/08/2026;17:20:00;174085,00;174200,00;174065,00;174165,00;2433964964,00;69884
WINV26;21/08/2026;17:10:00;173960,00;174220,00;173855,00;174085,00;5195694832,00;149288
WINV26;21/08/2026;17:00:00;173870,00;173995,00;173775,00;173955,00;4916328620,00;141345
WINV26;21/08/2026;16:50:00;173965,00;174035,00;173655,00;173865,00;7887108686,00;226853
WINV26;21/08/2026;16:40:00;173855,00;174035,00;173825,00;173970,00;5312873875,00;152734
WINV26;21/08/2026;16:30:00;173840,00;173925,00;173625,00;173855,00;7271572565,00;209228
WINV26;21/08/2026;16:20:00;174040,00;174040,00;173755,00;173835,00;5108319997,00;146888
WINV26;21/08/2026;16:10:00;174020,00;174090,00;173930,00;174040,00;4169757228,00;119805
WINV26;21/08/2026;16:00:00;174000,00;174150,00;173925,00;174020,00;5723942949,00;164456
WINV26;21/08/2026;15:50:00;173970,00;174025,00;173875,00;174000,00;4622878889,00;132869
WINV26;21/08/2026;15:40:00;173945,00;174100,00;173925,00;173970,00;4885601552,00;140375
WINV26;21/08/2026;15:30:00;174305,00;174400,00;173910,00;173940,00;8171946175,00;234565
WINV26;21/08/2026;15:20:00;174285,00;174420,00;174190,00;174305,00;5524974967,00;158485
WINV26;21/08/2026;15:10:00;174080,00;174350,00;174060,00;174285,00;6942432360,00;199209
WINV26;21/08/2026;15:00:00;173830,00;174225,00;173825,00;174080,00;8718847810,00;250474
WINV26;21/08/2026;14:50:00;173820,00;173875,00;173680,00;173830,00;6182150251,00;177875
WINV26;21/08/2026;14:40:00;173860,00;173910,00;173800,00;173820,00;4047036428,00;116400
WINV26;21/08/2026;14:30:00;173795,00;174025,00;173750,00;173865,00;5532739699,00;159099
WINV26;21/08/2026;14:20:00;173835,00;173935,00;173740,00;173795,00;4844524129,00;139339
WINV26;21/08/2026;14:10:00;174050,00;174055,00;173780,00;173840,00;7008628524,00;201534
WINV26;21/08/2026;14:00:00;174045,00;174100,00;173950,00;174050,00;4878975785,00;140180
WINV26;21/08/2026;13:50:00;174150,00;174290,00;174025,00;174045,00;4939535589,00;141831
WINV26;21/08/2026;13:40:00;174155,00;174345,00;174035,00;174150,00;8598789206,00;246834
WINV26;21/08/2026;13:30:00;173885,00;174220,00;173825,00;174155,00;7953657856,00;228536
WINV26;21/08/2026;13:20:00;174210,00;174425,00;173810,00;173885,00;1,088324707E10;312588
WINV26;21/08/2026;13:10:00;174500,00;174550,00;174190,00;174215,00;7800136272,00;223688
WINV26;21/08/2026;13:00:00;174490,00;174655,00;174410,00;174500,00;8191415741,00;234670
WINV26;21/08/2026;12:50:00;174785,00;174825,00;174415,00;174495,00;9593360493,00;274703
WINV26;21/08/2026;12:40:00;174805,00;174980,00;174755,00;174790,00;8293065041,00;237136
WINV26;21/08/2026;12:30:00;174335,00;175010,00;174310,00;174810,00;1,808501366E10;517819
WINV26;21/08/2026;12:20:00;173870,00;174390,00;173805,00;174335,00;9219497712,00;264691
WINV26;21/08/2026;12:10:00;173925,00;174045,00;173790,00;173860,00;6578300210,00;189151
WINV26;21/08/2026;12:00:00;173780,00;174170,00;173730,00;173925,00;1,234365039E10;354771
WINV26;21/08/2026;11:50:00;174105,00;174275,00;173760,00;173775,00;1,164726618E10;334661
WINV26;21/08/2026;11:40:00;173865,00;174255,00;173855,00;174105,00;1,205835471E10;346439
WINV26;21/08/2026;11:30:00;174160,00;174440,00;173805,00;173875,00;1,967832341E10;565102
WINV26;21/08/2026;11:20:00;173890,00;174365,00;173805,00;174160,00;2,032410377E10;583757
WINV26;21/08/2026;11:10:00;173345,00;173945,00;173345,00;173895,00;1,699390328E10;489290
WINV26;21/08/2026;11:00:00;173600,00;173640,00;173130,00;173350,00;1,644643255E10;474449
WINV26;21/08/2026;10:50:00;173235,00;173730,00;172940,00;173600,00;2,018197978E10;581970
WINV26;21/08/2026;10:40:00;173225,00;173720,00;172860,00;173235,00;3,057548106E10;882223
WINV26;21/08/2026;10:30:00;171945,00;173345,00;171935,00;173225,00;3,387420265E10;981687
WINV26;21/08/2026;10:20:00;171455,00;171965,00;171380,00;171940,00;1,97599429E10;575652
WINV26;21/08/2026;10:10:00;171385,00;171940,00;171370,00;171455,00;2,17102581E10;632421
WINV26;21/08/2026;10:00:00;172025,00;172030,00;171305,00;171390,00;2,268637802E10;660476
WINV26;21/08/2026;09:50:00;171705,00;172070,00;171655,00;172025,00;8992482496,00;261648
WINV26;21/08/2026;09:40:00;171530,00;171915,00;171485,00;171700,00;1,115846988E10;324880
WINV26;21/08/2026;09:30:00;171390,00;171825,00;171320,00;171530,00;1,575811632E10;459107
WINV26;21/08/2026;09:20:00;171070,00;171540,00;171025,00;171385,00;1,484350729E10;433201
WINV26;21/08/2026;09:10:00;171575,00;171615,00;171030,00;171070,00;1,552301665E10;453274
WINV26;21/08/2026;09:00:00;172250,00;172500,00;171380,00;171580,00;2,606694176E10;758733
WINV26;20/08/2026;18:20:00;170960,00;171020,00;170940,00;170990,00;1008853855,00;29501
WINV26;20/08/2026;18:10:00;170885,00;170970,00;170820,00;170960,00;1527381455,00;44687
WINV26;20/08/2026;18:00:00;170770,00;170920,00;170710,00;170885,00;2503683618,00;73280
WINV26;20/08/2026;17:50:00;170780,00;170800,00;170660,00;170770,00;2263040830,00;66274
WINV26;20/08/2026;17:40:00;170810,00;170860,00;170755,00;170780,00;1860772020,00;54471
WINV26;20/08/2026;17:30:00;170675,00;170855,00;170670,00;170805,00;2489142974,00;72881
WINV26;20/08/2026;17:20:00;170770,00;170775,00;170605,00;170680,00;3184094860,00;93283
WINV26;20/08/2026;17:10:00;170830,00;170925,00;170725,00;170775,00;3698906262,00;108262
WINV26;20/08/2026;17:00:00;170745,00;170920,00;170735,00;170830,00;4065577939,00;118986
WINV26;20/08/2026;16:50:00;170805,00;170820,00;170650,00;170745,00;4665205683,00;136625
WINV26;20/08/2026;16:40:00;170795,00;170835,00;170690,00;170805,00;4354518768,00;127501
WINV26;20/08/2026;16:30:00;170825,00;170935,00;170705,00;170795,00;6231206998,00;182389
WINV26;20/08/2026;16:20:00;170600,00;170890,00;170550,00;170825,00;7584478398,00;222121
WINV26;20/08/2026;16:10:00;170490,00;170625,00;170475,00;170600,00;4583832497,00;134387
WINV26;20/08/2026;16:00:00;170525,00;170540,00;170385,00;170495,00;7239037807,00;212321
WINV26;20/08/2026;15:50:00;170740,00;170800,00;170505,00;170520,00;5915007150,00;173276
WINV26;20/08/2026;15:40:00;170740,00;170765,00;170625,00;170735,00;3885647304,00;113806
WINV26;20/08/2026;15:30:00;170655,00;170780,00;170580,00;170740,00;6555615236,00;192034
WINV26;20/08/2026;15:20:00;170645,00;170730,00;170620,00;170655,00;5733054542,00;167951
WINV26;20/08/2026;15:10:00;170485,00;170675,00;170395,00;170650,00;6494316020,00;190415
WINV26;20/08/2026;15:00:00;170515,00;170575,00;170390,00;170480,00;6973180048,00;204520
WINV26;20/08/2026;14:50:00;170525,00;170585,00;170460,00;170510,00;5441876883,00;159565
WINV26;20/08/2026;14:40:00;170395,00;170565,00;170355,00;170530,00;7292533779,00;213905
WINV26;20/08/2026;14:30:00;170340,00;170480,00;170245,00;170395,00;6886210240,00;202093
WINV26;20/08/2026;14:20:00;170295,00;170400,00;170240,00;170340,00;5005832071,00;146957
WINV26;20/08/2026;14:10:00;170565,00;170575,00;170230,00;170290,00;7391876165,00;216903
WINV26;20/08/2026;14:00:00;170485,00;170600,00;170430,00;170560,00;5907976288,00;173233
WINV26;20/08/2026;13:50:00;170920,00;170940,00;170455,00;170485,00;1,051111174E10;307980
WINV26;20/08/2026;13:40:00;171025,00;171165,00;170875,00;170920,00;6486028631,00;189625
WINV26;20/08/2026;13:30:00;171010,00;171150,00;170860,00;171025,00;8623397207,00;252127
WINV26;20/08/2026;13:20:00;171180,00;171200,00;170990,00;171015,00;6165558229,00;180167
WINV26;20/08/2026;13:10:00;171340,00;171340,00;171155,00;171175,00;5751953329,00;167962
WINV26;20/08/2026;13:00:00;171360,00;171555,00;171285,00;171340,00;7820372155,00;228117
WINV26;20/08/2026;12:50:00;171425,00;171460,00;171230,00;171360,00;6272843703,00;183059
WINV26;20/08/2026;12:40:00;171510,00;171570,00;171270,00;171425,00;1,021454328E10;297924
WINV26;20/08/2026;12:30:00;172035,00;172085,00;171480,00;171505,00;1,035479236E10;301342
WINV26;20/08/2026;12:20:00;172255,00;172305,00;171890,00;172030,00;1,102265293E10;320299
WINV26;20/08/2026;12:10:00;172270,00;172470,00;172180,00;172255,00;1,178551067E10;341937
WINV26;20/08/2026;12:00:00;172225,00;172770,00;172115,00;172270,00;2,06621787E10;599168
WINV26;20/08/2026;11:50:00;171815,00;172295,00;171800,00;172230,00;1,397479527E10;406033
WINV26;20/08/2026;11:40:00;171405,00;171970,00;171370,00;171815,00;1,885788562E10;549089
WINV26;20/08/2026;11:30:00;171140,00;171470,00;170975,00;171405,00;1,320251389E10;385438
WINV26;20/08/2026;11:20:00;170930,00;171405,00;170830,00;171145,00;1,562505451E10;456508
WINV26;20/08/2026;11:10:00;170860,00;171225,00;170850,00;170930,00;1,485094151E10;434074
WINV26;20/08/2026;11:00:00;170810,00;171315,00;170740,00;170860,00;1,683503842E10;492209
WINV26;20/08/2026;10:50:00;170760,00;171050,00;170660,00;170805,00;2,081824087E10;609239
WINV26;20/08/2026;10:40:00;171080,00;171285,00;170720,00;170760,00;2,339254956E10;683792
WINV26;20/08/2026;10:30:00;170415,00;171240,00;170230,00;171080,00;3,593556171E10;1052499
WINV26;20/08/2026;10:20:00;169920,00;170425,00;169840,00;170410,00;1,76154622E10;517585
WINV26;20/08/2026;10:10:00;170210,00;170260,00;169780,00;169920,00;2,483041437E10;730250
WINV26;20/08/2026;10:00:00;170070,00;170315,00;169715,00;170205,00;2,477319495E10;728359
WINV26;20/08/2026;09:50:00;169825,00;170095,00;169765,00;170065,00;1,345717835E10;395972
WINV26;20/08/2026;09:40:00;169470,00;169850,00;169310,00;169825,00;1,14116772E10;336508
WINV26;20/08/2026;09:30:00;169760,00;169830,00;169330,00;169470,00;1,486446001E10;438370
WINV26;20/08/2026;09:20:00;169735,00;169850,00;169505,00;169770,00;1,325679351E10;390569
WINV26;20/08/2026;09:10:00;169595,00;169790,00;169375,00;169735,00;1,397746476E10;412145
WINV26;20/08/2026;09:00:00;170650,00;170650,00;169420,00;169590,00;2,742358004E10;807318
WINV26;19/08/2026;18:20:00;171070,00;171165,00;171035,00;171035,00;1281150234,00;37448
WINV26;19/08/2026;18:10:00;171025,00;171100,00;170950,00;171065,00;1541727165,00;45074
WINV26;19/08/2026;18:00:00;170925,00;171090,00;170905,00;171030,00;2757848672,00;80633
WINV26;19/08/2026;17:50:00;170960,00;170980,00;170855,00;170920,00;1770509120,00;51792
WINV26;19/08/2026;17:40:00;170875,00;170980,00;170865,00;170960,00;2563354747,00;74984
WINV26;19/08/2026;17:30:00;170895,00;171000,00;170855,00;170875,00;2704202818,00;79101
WINV26;19/08/2026;17:20:00;170820,00;170910,00;170805,00;170900,00;1723812138,00;50446
WINV26;19/08/2026;17:10:00;170905,00;171020,00;170765,00;170820,00;4606232224,00;134758
WINV26;19/08/2026;17:00:00;170840,00;170945,00;170800,00;170905,00;3142743870,00;91957
WINV26;19/08/2026;16:50:00;170800,00;170945,00;170740,00;170845,00;5231297497,00;153100
WINV26;19/08/2026;16:40:00;170805,00;170865,00;170720,00;170800,00;4191956814,00;122722
WINV26;19/08/2026;16:30:00;170900,00;170915,00;170750,00;170810,00;5474443197,00;160236
WINV26;19/08/2026;16:20:00;170745,00;170910,00;170680,00;170905,00;7334320266,00;214717
WINV26;19/08/2026;16:10:00;170635,00;170760,00;170460,00;170745,00;7284000193,00;213478
WINV26;19/08/2026;16:00:00;170700,00;170725,00;170570,00;170635,00;5751368326,00;168509
WINV26;19/08/2026;15:50:00;170975,00;171010,00;170700,00;170700,00;6227429359,00;182253
WINV26;19/08/2026;15:40:00;170820,00;171150,00;170810,00;170975,00;9077601104,00;265418
WINV26;19/08/2026;15:30:00;170665,00;170875,00;170650,00;170825,00;7385777926,00;216235
WINV26;19/08/2026;15:20:00;170870,00;170895,00;170600,00;170665,00;6901146524,00;202070
WINV26;19/08/2026;15:10:00;170930,00;171035,00;170855,00;170870,00;4339247923,00;126909
WINV26;19/08/2026;15:00:00;170870,00;171030,00;170820,00;170935,00;5917013349,00;173090
WINV26;19/08/2026;14:50:00;170905,00;170985,00;170805,00;170875,00;5074606102,00;148464
WINV26;19/08/2026;14:40:00;170785,00;171075,00;170750,00;170905,00;6931971366,00;202753
WINV26;19/08/2026;14:30:00;170875,00;170895,00;170710,00;170790,00;6387192349,00;186991
WINV26;19/08/2026;14:20:00;171000,00;171045,00;170825,00;170870,00;4116157437,00;120416
WINV26;19/08/2026;14:10:00;170880,00;171000,00;170810,00;171000,00;6347352004,00;185700
WINV26;19/08/2026;14:00:00;171035,00;171230,00;170865,00;170880,00;9273292896,00;271041
WINV26;19/08/2026;13:50:00;170915,00;171170,00;170845,00;171035,00;7461019637,00;218164
WINV26;19/08/2026;13:40:00;170850,00;170970,00;170785,00;170915,00;6349942287,00;185804
WINV26;19/08/2026;13:30:00;170995,00;171015,00;170820,00;170845,00;6678673476,00;195387
WINV26;19/08/2026;13:20:00;171115,00;171220,00;170940,00;171000,00;6443003589,00;188307
WINV26;19/08/2026;13:10:00;171260,00;171370,00;171090,00;171110,00;7425724475,00;216805
WINV26;19/08/2026;13:00:00;171220,00;171320,00;171030,00;171260,00;8795262482,00;256925
WINV26;19/08/2026;12:50:00;171345,00;171445,00;171130,00;171225,00;8003910499,00;233639
WINV26;19/08/2026;12:40:00;171515,00;171575,00;171320,00;171340,00;7900433391,00;230407
WINV26;19/08/2026;12:30:00;171645,00;171750,00;171480,00;171515,00;8143178358,00;237272
WINV26;19/08/2026;12:20:00;171860,00;171885,00;171595,00;171640,00;9389831869,00;273345
WINV26;19/08/2026;12:10:00;172400,00;172410,00;171845,00;171860,00;1,016764509E10;295406
WINV26;19/08/2026;12:00:00;172580,00;172620,00;172310,00;172405,00;8870626286,00;257226
WINV26;19/08/2026;11:50:00;172510,00;172805,00;172265,00;172575,00;1,535636318E10;445116
WINV26;19/08/2026;11:40:00;173045,00;173085,00;172500,00;172505,00;1,18600702E10;343189
WINV26;19/08/2026;11:30:00;173035,00;173270,00;172930,00;173040,00;1,1003478E10;317840
WINV26;19/08/2026;11:20:00;173120,00;173150,00;172740,00;173040,00;1,321430258E10;382023
WINV26;19/08/2026;11:10:00;172960,00;173245,00;172790,00;173125,00;1,364168454E10;394172
WINV26;19/08/2026;11:00:00;173295,00;173370,00;172865,00;172955,00;1,878470173E10;542580
WINV26;19/08/2026;10:50:00;173225,00;173530,00;172710,00;173300,00;2,220482852E10;641210
WINV26;19/08/2026;10:40:00;172545,00;173285,00;172460,00;173230,00;2,207760747E10;638442
WINV26;19/08/2026;10:30:00;172295,00;172645,00;171935,00;172545,00;2,685557958E10;779481
WINV26;19/08/2026;10:20:00;172090,00;172480,00;171780,00;172295,00;2,174401759E10;631618
WINV26;19/08/2026;10:10:00;172140,00;172345,00;171535,00;172090,00;2,292882871E10;666887
WINV26;19/08/2026;10:00:00;171575,00;172290,00;171470,00;172140,00;2,390854659E10;695475
WINV26;19/08/2026;09:50:00;171415,00;171725,00;171165,00;171570,00;1,456835191E10;425079
WINV26;19/08/2026;09:40:00;171585,00;171970,00;171315,00;171415,00;1,904182372E10;554852
WINV26;19/08/2026;09:30:00;170650,00;171685,00;170375,00;171590,00;2,48351989E10;726081
WINV26;19/08/2026;09:20:00;170390,00;170745,00;170225,00;170650,00;1,567117334E10;459609
WINV26;19/08/2026;09:10:00;170470,00;170675,00;170305,00;170395,00;1,71388111E10;502615
WINV26;19/08/2026;09:00:00;169635,00;170550,00;168680,00;170475,00;3,244502454E10;956245
WINV26;18/08/2026;18:20:00;169535,00;169640,00;169495,00;169640,00;984476338,00;29022
WINV26;18/08/2026;18:10:00;169555,00;169620,00;169435,00;169535,00;2540762358,00;74930
WINV26;18/08/2026;18:00:00;169435,00;169605,00;169325,00;169550,00;3208868164,00;94677
WINV26;18/08/2026;17:50:00;169290,00;169460,00;169245,00;169430,00;2830830900,00;83585
WINV26;18/08/2026;17:40:00;169275,00;169320,00;169265,00;169290,00;1238880289,00;36590
WINV26;18/08/2026;17:30:00;169295,00;169300,00;169245,00;169280,00;1179625681,00;34844
WINV26;18/08/2026;17:20:00;169345,00;169360,00;169205,00;169290,00;2715423119,00;80208
WINV26;18/08/2026;17:10:00;169385,00;169390,00;169170,00;169340,00;4732673552,00;139796
WINV26;18/08/2026;17:00:00;169375,00;169475,00;169330,00;169385,00;3146977131,00;92886
WINV26;18/08/2026;16:50:00;169460,00;169480,00;169300,00;169375,00;5389045124,00;159072
WINV26;18/08/2026;16:40:00;169440,00;169530,00;169395,00;169460,00;3954868841,00;116687
WINV26;18/08/2026;16:30:00;169375,00;169490,00;169310,00;169440,00;4508906240,00;133090
WINV26;18/08/2026;16:20:00;169325,00;169465,00;169240,00;169375,00;5622338967,00;165999
WINV26;18/08/2026;16:10:00;169330,00;169435,00;169265,00;169320,00;5954224546,00;175805
WINV26;18/08/2026;16:00:00;169415,00;169425,00;169240,00;169325,00;6997844727,00;206622
WINV26;18/08/2026;15:50:00;169570,00;169585,00;169310,00;169415,00;9436924807,00;278525
WINV26;18/08/2026;15:40:00;169780,00;169780,00;169530,00;169570,00;7446437018,00;219487
WINV26;18/08/2026;15:30:00;169995,00;170035,00;169765,00;169775,00;6109806463,00;179814
WINV26;18/08/2026;15:20:00;170110,00;170165,00;169915,00;169995,00;7457909368,00;219271
WINV26;18/08/2026;15:10:00;169940,00;170295,00;169930,00;170110,00;9283671593,00;272836
WINV26;18/08/2026;15:00:00;169840,00;170015,00;169785,00;169940,00;7050804844,00;207505
WINV26;18/08/2026;14:50:00;169890,00;169975,00;169840,00;169840,00;4245881194,00;124955
WINV26;18/08/2026;14:40:00;169880,00;169990,00;169860,00;169890,00;4129750280,00;121522
WINV26;18/08/2026;14:30:00;169930,00;170100,00;169825,00;169880,00;8633561554,00;253964
WINV26;18/08/2026;14:20:00;169910,00;170035,00;169820,00;169935,00;7982162146,00;234852
WINV26;18/08/2026;14:10:00;169955,00;170060,00;169870,00;169905,00;7857086422,00;231150
WINV26;18/08/2026;14:00:00;169820,00;169980,00;169765,00;169955,00;7844102119,00;230906
WINV26;18/08/2026;13:50:00;169535,00;169845,00;169480,00;169825,00;8186188784,00;241214
WINV26;18/08/2026;13:40:00;169535,00;169595,00;169435,00;169535,00;7692837839,00;226905
WINV26;18/08/2026;13:30:00;169675,00;169690,00;169525,00;169535,00;4785813203,00;141082
WINV26;18/08/2026;13:20:00;169690,00;169720,00;169600,00;169675,00;4790329679,00;141171
WINV26;18/08/2026;13:10:00;169750,00;169760,00;169635,00;169690,00;6232593824,00;183643
WINV26;18/08/2026;13:00:00;169840,00;169875,00;169730,00;169750,00;4410404858,00;129881
WINV26;18/08/2026;12:50:00;169855,00;169945,00;169785,00;169840,00;4798950503,00;141256
WINV26;18/08/2026;12:40:00;169765,00;169920,00;169725,00;169850,00;5949908330,00;175185
WINV26;18/08/2026;12:30:00;169950,00;169990,00;169760,00;169770,00;5540051957,00;163058
WINV26;18/08/2026;12:20:00;169945,00;170030,00;169900,00;169955,00;5601051793,00;164773
WINV26;18/08/2026;12:10:00;170005,00;170055,00;169785,00;169950,00;1,111233305E10;326956
WINV26;18/08/2026;12:00:00;169735,00;170155,00;169725,00;170005,00;1,447453679E10;425848
WINV26;18/08/2026;11:50:00;170145,00;170160,00;169705,00;169735,00;1,333531853E10;392468
WINV26;18/08/2026;11:40:00;170170,00;170260,00;170040,00;170145,00;1,06808565E10;313870
WINV26;18/08/2026;11:30:00;170330,00;170600,00;170130,00;170170,00;1,574301926E10;462091
WINV26;18/08/2026;11:20:00;170635,00;170695,00;170280,00;170335,00;1,215413145E10;356447
WINV26;18/08/2026;11:10:00;171040,00;171155,00;170500,00;170635,00;1,827955186E10;535077
WINV26;18/08/2026;11:00:00;171355,00;171500,00;171025,00;171040,00;1,518867241E10;443584
WINV26;18/08/2026;10:50:00;171295,00;171435,00;170990,00;171360,00;1,989207003E10;580892
WINV26;18/08/2026;10:40:00;170820,00;171300,00;170675,00;171300,00;2,20266244E10;643863
WINV26;18/08/2026;10:30:00;170395,00;170975,00;170180,00;170825,00;3,23119518E10;946459
WINV26;18/08/2026;10:20:00;170115,00;170440,00;169825,00;170390,00;2,09319433E10;615316
WINV26;18/08/2026;10:10:00;170055,00;170335,00;169980,00;170120,00;2,322409887E10;682349
WINV26;18/08/2026;10:00:00;170160,00;170180,00;169630,00;170055,00;2,535346829E10;746190
WINV26;18/08/2026;09:50:00;169960,00;170180,00;169910,00;170165,00;1,08619568E10;319372
WINV26;18/08/2026;09:40:00;169845,00;170005,00;169705,00;169965,00;8556340213,00;251887
WINV26;18/08/2026;09:30:00;169840,00;169945,00;169700,00;169840,00;9435728193,00;277812
WINV26;18/08/2026;09:20:00;169965,00;170070,00;169745,00;169845,00;1,065266208E10;313555
WINV26;18/08/2026;09:10:00;169790,00;170095,00;169570,00;169960,00;1,613823445E10;475155
WINV26;18/08/2026;09:00:00;169640,00;170115,00;168555,00;169790,00;2,335335686E10;688527
WINV26;17/08/2026;18:20:00;170155,00;170190,00;169975,00;169975,00;1016116601,00;29879
WINV26;17/08/2026;18:10:00;169940,00;170180,00;169910,00;170160,00;2647371982,00;77840
WINV26;17/08/2026;18:00:00;169855,00;169975,00;169845,00;169940,00;2286721089,00;67289
WINV26;17/08/2026;17:50:00;169780,00;169885,00;169745,00;169850,00;1621916311,00;47750
WINV26;17/08/2026;17:40:00;169760,00;169830,00;169730,00;169775,00;1645409828,00;48458
WINV26;17/08/2026;17:30:00;169780,00;169840,00;169740,00;169760,00;2419745472,00;71257
WINV26;17/08/2026;17:20:00;169815,00;169815,00;169715,00;169780,00;2302168708,00;67808
WINV26;17/08/2026;17:10:00;169740,00;169845,00;169675,00;169815,00;4676884483,00;137747
WINV26;17/08/2026;17:00:00;170040,00;170040,00;169700,00;169740,00;6971604172,00;205194
WINV26;17/08/2026;16:50:00;170125,00;170145,00;169980,00;170040,00;5863424092,00;172405
WINV26;17/08/2026;16:40:00;170000,00;170235,00;169990,00;170130,00;6632027478,00;194906
WINV26;17/08/2026;16:30:00;169890,00;170045,00;169810,00;170000,00;5122921846,00;150734
WINV26;17/08/2026;16:20:00;169925,00;169965,00;169850,00;169885,00;3469573436,00;102103
WINV26;17/08/2026;16:10:00;169950,00;169965,00;169865,00;169925,00;3361647696,00;98921
WINV26;17/08/2026;16:00:00;169925,00;170015,00;169865,00;169950,00;5105513752,00;150210
WINV26;17/08/2026;15:50:00;170005,00;170010,00;169835,00;169920,00;4427632539,00;130291
WINV26;17/08/2026;15:40:00;169880,00;170040,00;169825,00;170005,00;4774586618,00;140487
WINV26;17/08/2026;15:30:00;169820,00;169950,00;169755,00;169880,00;5271447398,00;155176
WINV26;17/08/2026;15:20:00;169800,00;169860,00;169725,00;169820,00;5202591197,00;153199
WINV26;17/08/2026;15:10:00;169595,00;169910,00;169540,00;169800,00;8299630457,00;244489
WINV26;17/08/2026;15:00:00;169780,00;169825,00;169575,00;169600,00;7171240062,00;211288
WINV26;17/08/2026;14:50:00;169795,00;169935,00;169760,00;169775,00;5932829500,00;174648
WINV26;17/08/2026;14:40:00;169730,00;169875,00;169715,00;169795,00;4935347463,00;145327
WINV26;17/08/2026;14:30:00;169905,00;169945,00;169715,00;169725,00;7546754719,00;222199
WINV26;17/08/2026;14:20:00;170000,00;170110,00;169885,00;169905,00;8339396324,00;245293
WINV26;17/08/2026;14:10:00;169830,00;170040,00;169795,00;170000,00;7872585749,00;231664
WINV26;17/08/2026;14:00:00;169710,00;169850,00;169565,00;169835,00;9248160862,00;272487
WINV26;17/08/2026;13:50:00;169635,00;169795,00;169570,00;169705,00;7348741146,00;216526
WINV26;17/08/2026;13:40:00;169825,00;169825,00;169560,00;169640,00;7045168235,00;207614
WINV26;17/08/2026;13:30:00;169980,00;169985,00;169760,00;169820,00;5132769715,00;151097
WINV26;17/08/2026;13:20:00;170030,00;170035,00;169795,00;169975,00;7018042426,00;206511
WINV26;17/08/2026;13:10:00;169905,00;170080,00;169890,00;170035,00;6118693272,00;179971
WINV26;17/08/2026;13:00:00;169840,00;169935,00;169785,00;169905,00;4952719027,00;145790
WINV26;17/08/2026;12:50:00;169850,00;169890,00;169750,00;169840,00;5482707901,00;161425
WINV26;17/08/2026;12:40:00;170075,00;170095,00;169800,00;169850,00;7523584976,00;221339
WINV26;17/08/2026;12:30:00;170055,00;170155,00;169955,00;170075,00;7311244851,00;214977
WINV26;17/08/2026;12:20:00;169755,00;170130,00;169680,00;170050,00;1,083515689E10;318870
WINV26;17/08/2026;12:10:00;169770,00;170035,00;169720,00;169755,00;1,016703954E10;299270
WINV26;17/08/2026;12:00:00;169640,00;169800,00;169560,00;169765,00;7451509745,00;219588
WINV26;17/08/2026;11:50:00;169775,00;169850,00;169565,00;169645,00;8448946390,00;248973
WINV26;17/08/2026;11:40:00;169585,00;169900,00;169545,00;169775,00;1,203861531E10;354692
WINV26;17/08/2026;11:30:00;170315,00;170365,00;169525,00;169590,00;1,522174975E10;447956
WINV26;17/08/2026;11:20:00;170225,00;170465,00;170130,00;170315,00;1,430752836E10;420094
WINV26;17/08/2026;11:10:00;170075,00;170280,00;169855,00;170230,00;1,686748211E10;495951
WINV26;17/08/2026;11:00:00;169730,00;170395,00;169705,00;170075,00;2,043232951E10;600440
WINV26;17/08/2026;10:50:00;169685,00;169895,00;169660,00;169730,00;1,125641546E10;331506
WINV26;17/08/2026;10:40:00;169915,00;169960,00;169565,00;169690,00;2,047409365E10;603082
WINV26;17/08/2026;10:30:00;170820,00;170895,00;169755,00;169915,00;3,121301559E10;917112
WINV26;17/08/2026;10:20:00;170800,00;171170,00;170665,00;170820,00;1,965883087E10;574985
WINV26;17/08/2026;10:10:00;170390,00;170910,00;169950,00;170800,00;2,935419424E10;861229
WINV26;17/08/2026;10:00:00;169660,00;170410,00;169515,00;170385,00;2,465889883E10;725555
WINV26;17/08/2026;09:50:00;169685,00;169740,00;169575,00;169655,00;7334155563,00;216157
WINV26;17/08/2026;09:40:00;169480,00;169795,00;169475,00;169680,00;1,135530451E10;334663
WINV26;17/08/2026;09:30:00;169585,00;169660,00;169385,00;169480,00;1,47590547E10;435372
WINV26;17/08/2026;09:20:00;169670,00;169875,00;169530,00;169590,00;1,139694429E10;335800
WINV26;17/08/2026;09:10:00;169865,00;169880,00;169560,00;169665,00;1,081028691E10;318485
WINV26;17/08/2026;09:00:00;170245,00;171160,00;169840,00;169870,00;2,314005174E10;679197
WINV26;14/08/2026;18:20:00;170005,00;170015,00;169875,00;169975,00;1128403221,00;33194
WINV26;14/08/2026;18:10:00;170230,00;170265,00;169960,00;170010,00;1968049147,00;57843
WINV26;14/08/2026;18:00:00;170020,00;170280,00;169830,00;170230,00;3792889669,00;111506
WINV26;14/08/2026;17:50:00;169965,00;170090,00;169930,00;170020,00;2014884551,00;59258
WINV26;14/08/2026;17:40:00;169925,00;170040,00;169915,00;169970,00;2309259653,00;67927
WINV26;14/08/2026;17:30:00;169855,00;170095,00;169830,00;169920,00;4071363642,00;119743
WINV26;14/08/2026;17:20:00;169905,00;169950,00;169810,00;169860,00;2493184864,00;73383
WINV26;14/08/2026;17:10:00;169910,00;169955,00;169755,00;169905,00;4522483840,00;133135
WINV26;14/08/2026;17:00:00;169810,00;170170,00;169760,00;169915,00;9256180626,00;272316
WINV26;14/08/2026;16:50:00;169800,00;170180,00;169705,00;169810,00;1,349213758E10;397004
WINV26;14/08/2026;16:40:00;169410,00;169885,00;169250,00;169795,00;1,295822692E10;382203
WINV26;14/08/2026;16:30:00;169405,00;169665,00;169370,00;169415,00;1,00968875E10;297831
WINV26;14/08/2026;16:20:00;168925,00;169480,00;168915,00;169400,00;1,040963241E10;307585
WINV26;14/08/2026;16:10:00;168845,00;168980,00;168750,00;168930,00;8304193208,00;245862
WINV26;14/08/2026;16:00:00;168850,00;168880,00;168695,00;168845,00;6402600685,00;189672
WINV26;14/08/2026;15:50:00;168770,00;168925,00;168740,00;168845,00;7652564387,00;226605
WINV26;14/08/2026;15:40:00;168600,00;168775,00;168435,00;168765,00;8915042748,00;264414
WINV26;14/08/2026;15:30:00;168540,00;168635,00;168495,00;168600,00;5752289866,00;170632
WINV26;14/08/2026;15:20:00;168435,00;168555,00;168330,00;168545,00;6017699859,00;178630
WINV26;14/08/2026;15:10:00;168330,00;168500,00;168295,00;168430,00;8624440092,00;256097
WINV26;14/08/2026;15:00:00;168100,00;168340,00;168065,00;168330,00;7132382893,00;211998
WINV26;14/08/2026;14:50:00;168045,00;168150,00;168005,00;168100,00;4658923615,00;138595
WINV26;14/08/2026;14:40:00;168075,00;168135,00;167975,00;168045,00;4579807015,00;136260
WINV26;14/08/2026;14:30:00;168155,00;168260,00;168050,00;168075,00;6735090747,00;200274
WINV26;14/08/2026;14:20:00;168255,00;168315,00;168105,00;168150,00;5030081558,00;149533
WINV26;14/08/2026;14:10:00;168235,00;168285,00;168160,00;168255,00;4303074659,00;127888
WINV26;14/08/2026;14:00:00;168350,00;168375,00;168180,00;168235,00;6019099645,00;178866
WINV26;14/08/2026;13:50:00;168655,00;168655,00;168245,00;168350,00;8268793825,00;245501
WINV26;14/08/2026;13:40:00;168690,00;168780,00;168615,00;168655,00;5261320387,00;155945
WINV26;14/08/2026;13:30:00;168560,00;168750,00;168480,00;168690,00;6115800140,00;181305
WINV26;14/08/2026;13:20:00;168630,00;168645,00;168430,00;168555,00;5292193364,00;157022
WINV26;14/08/2026;13:10:00;168610,00;168700,00;168490,00;168630,00;5723352700,00;169745
WINV26;14/08/2026;13:00:00;168695,00;168705,00;168505,00;168615,00;5401295843,00;160198
WINV26;14/08/2026;12:50:00;168695,00;168790,00;168655,00;168695,00;4795347403,00;142112
WINV26;14/08/2026;12:40:00;168830,00;168860,00;168690,00;168695,00;6171016218,00;182835
WINV26;14/08/2026;12:30:00;168730,00;168895,00;168610,00;168825,00;6622857251,00;196238
WINV26;14/08/2026;12:20:00;168710,00;168865,00;168630,00;168725,00;8315902511,00;246428
WINV26;14/08/2026;12:10:00;168770,00;168795,00;168625,00;168715,00;6579306118,00;195005
WINV26;14/08/2026;12:00:00;168505,00;168805,00;168405,00;168770,00;1,120681379E10;332262
WINV26;14/08/2026;11:50:00;168735,00;168810,00;168470,00;168505,00;8697375825,00;257861
WINV26;14/08/2026;11:40:00;168760,00;168840,00;168555,00;168735,00;8963769133,00;265680
WINV26;14/08/2026;11:30:00;168780,00;168950,00;168580,00;168760,00;1,240325098E10;367527
WINV26;14/08/2026;11:20:00;168390,00;168830,00;168365,00;168775,00;1,286779574E10;381479
WINV26;14/08/2026;11:10:00;168885,00;169075,00;168310,00;168390,00;1,805327655E10;535268
WINV26;14/08/2026;11:00:00;169235,00;169365,00;168640,00;168885,00;1,96273929E10;580923
WINV26;14/08/2026;10:50:00;169320,00;169640,00;169120,00;169235,00;1,604464712E10;473659
WINV26;14/08/2026;10:40:00;169145,00;169425,00;168800,00;169325,00;2,285044217E10;675599
WINV26;14/08/2026;10:30:00;169525,00;169530,00;168840,00;169140,00;3,155300521E10;932990
WINV26;14/08/2026;10:20:00;169740,00;169850,00;169450,00;169530,00;1,39865585E10;412141
WINV26;14/08/2026;10:10:00;169955,00;170100,00;169525,00;169745,00;2,446045719E10;720512
WINV26;14/08/2026;10:00:00;169430,00;170055,00;169205,00;169960,00;2,753218622E10;811619
WINV26;14/08/2026;09:50:00;169475,00;169580,00;169340,00;169425,00;1,044938646E10;308299
WINV26;14/08/2026;09:40:00;169380,00;169500,00;169035,00;169475,00;1,932103657E10;570872
WINV26;14/08/2026;09:30:00;169755,00;169985,00;169345,00;169380,00;1,744187049E10;514027
WINV26;14/08/2026;09:20:00;170210,00;170390,00;169745,00;169755,00;1,361488967E10;400255
WINV26;14/08/2026;09:10:00;170005,00;170270,00;169940,00;170210,00;1,208900734E10;355392
WINV26;14/08/2026;09:00:00;171100,00;171240,00;169900,00;170005,00;2,266503502E10;665508
WINV26;13/08/2026;18:20:00;170805,00;170870,00;170740,00;170775,00;1188053351,00;34782
WINV26;13/08/2026;18:10:00;170655,00;170970,00;170600,00;170805,00;3903191405,00;114255
WINV26;13/08/2026;18:00:00;170410,00;170680,00;170355,00;170650,00;3153662239,00;92461
WINV26;13/08/2026;17:50:00;170250,00;170440,00;170210,00;170405,00;3437072696,00;100897
WINV26;13/08/2026;17:40:00;170280,00;170295,00;170225,00;170250,00;1518018336,00;44580
WINV26;13/08/2026;17:30:00;170180,00;170295,00;170165,00;170285,00;1863053714,00;54727
WINV26;13/08/2026;17:20:00;170200,00;170275,00;170170,00;170185,00;1968214751,00;57813
WINV26;13/08/2026;17:10:00;170290,00;170370,00;170185,00;170205,00;2994187161,00;87922
WINV26;13/08/2026;17:00:00;170160,00;170400,00;170135,00;170290,00;5487322832,00;161091
WINV26;13/08/2026;16:50:00;170310,00;170325,00;170100,00;170165,00;5560413525,00;163351
WINV26;13/08/2026;16:40:00;170235,00;170350,00;170235,00;170310,00;4604792671,00;135195
WINV26;13/08/2026;16:30:00;170270,00;170285,00;170195,00;170240,00;3803484977,00;111711
WINV26;13/08/2026;16:20:00;170200,00;170335,00;170195,00;170270,00;5384805693,00;158139
WINV26;13/08/2026;16:10:00;170140,00;170250,00;170045,00;170200,00;6136297663,00;180341
WINV26;13/08/2026;16:00:00;170200,00;170210,00;170100,00;170140,00;4950795267,00;145481
WINV26;13/08/2026;15:50:00;170370,00;170430,00;170165,00;170200,00;6152618208,00;180647
WINV26;13/08/2026;15:40:00;170410,00;170420,00;170280,00;170370,00;6251538893,00;183496
WINV26;13/08/2026;15:30:00;170485,00;170585,00;170395,00;170410,00;5992046320,00;175740
WINV26;13/08/2026;15:20:00;170640,00;170645,00;170450,00;170490,00;5298973096,00;155367
WINV26;13/08/2026;15:10:00;170490,00;170685,00;170445,00;170645,00;6624437105,00;194134
WINV26;13/08/2026;15:00:00;170495,00;170625,00;170380,00;170485,00;8100064303,00;237543
WINV26;13/08/2026;14:50:00;170480,00;170525,00;170340,00;170495,00;7819585783,00;229429
WINV26;13/08/2026;14:40:00;170515,00;170700,00;170455,00;170485,00;8690916747,00;254768
WINV26;13/08/2026;14:30:00;170570,00;170615,00;170460,00;170515,00;6091739285,00;178609
WINV26;13/08/2026;14:20:00;170485,00;170620,00;170470,00;170565,00;5901775127,00;173018
WINV26;13/08/2026;14:10:00;170405,00;170535,00;170365,00;170485,00;6304772178,00;184956
WINV26;13/08/2026;14:00:00;170455,00;170550,00;170270,00;170400,00;1,016360632E10;298235
WINV26;13/08/2026;13:50:00;170195,00;170460,00;170150,00;170455,00;6134883300,00;180149
WINV26;13/08/2026;13:40:00;170135,00;170265,00;170080,00;170195,00;7826374001,00;229944
WINV26;13/08/2026;13:30:00;169915,00;170170,00;169830,00;170135,00;8413581668,00;247434
WINV26;13/08/2026;13:20:00;169875,00;169950,00;169730,00;169915,00;6665866547,00;196231
WINV26;13/08/2026;13:10:00;169670,00;169970,00;169580,00;169880,00;8197653536,00;241395
WINV26;13/08/2026;13:00:00;169765,00;169810,00;169450,00;169675,00;1,223546283E10;360652
WINV26;13/08/2026;12:50:00;169970,00;170025,00;169725,00;169770,00;7247679083,00;213364
WINV26;13/08/2026;12:40:00;169945,00;170055,00;169870,00;169970,00;6496711327,00;191126
WINV26;13/08/2026;12:30:00;169980,00;170010,00;169825,00;169945,00;6635581621,00;195250
WINV26;13/08/2026;12:20:00;169945,00;170035,00;169820,00;169980,00;9560259409,00;281307
WINV26;13/08/2026;12:10:00;170210,00;170230,00;169875,00;169945,00;9772033683,00;287343
WINV26;13/08/2026;12:00:00;170370,00;170385,00;170085,00;170210,00;9760778380,00;286672
WINV26;13/08/2026;11:50:00;170320,00;170570,00;170240,00;170375,00;1,189909562E10;349099
WINV26;13/08/2026;11:40:00;170625,00;170675,00;170300,00;170320,00;1,152793419E10;338118
WINV26;13/08/2026;11:30:00;170645,00;170790,00;170500,00;170625,00;1,132824827E10;331888
WINV26;13/08/2026;11:20:00;170675,00;170785,00;170475,00;170645,00;1,524479928E10;446738
WINV26;13/08/2026;11:10:00;170830,00;170930,00;170580,00;170680,00;1,280922088E10;375028
WINV26;13/08/2026;11:00:00;170785,00;171070,00;170680,00;170835,00;1,630818267E10;477198
WINV26;13/08/2026;10:50:00;171400,00;171495,00;170750,00;170785,00;1,826408836E10;533691
WINV26;13/08/2026;10:40:00;171755,00;171865,00;171365,00;171400,00;2,003975469E10;583713
WINV26;13/08/2026;10:30:00;171120,00;171790,00;170950,00;171750,00;2,911097943E10;849311
WINV26;13/08/2026;10:20:00;170820,00;171195,00;170795,00;171115,00;2,191938022E10;640776
WINV26;13/08/2026;10:10:00;170755,00;170945,00;170540,00;170820,00;2,043934595E10;598554
WINV26;13/08/2026;10:00:00;170210,00;170870,00;170070,00;170755,00;2,521892708E10;739968
WINV26;13/08/2026;09:50:00;169970,00;170295,00;169895,00;170205,00;1,029698106E10;302736
WINV26;13/08/2026;09:40:00;170090,00;170200,00;169910,00;169965,00;1,069076483E10;314338
WINV26;13/08/2026;09:30:00;169700,00;170245,00;169635,00;170095,00;1,607973704E10;473048
WINV26;13/08/2026;09:20:00;169490,00;169845,00;169415,00;169705,00;1,254821532E10;369955
WINV26;13/08/2026;09:10:00;169750,00;170010,00;169370,00;169490,00;2,030279054E10;598178
WINV26;13/08/2026;09:00:00;170665,00;170810,00;169555,00;169755,00;2,11129496E10;621072
WINV26;12/08/2026;18:20:00;170415,00;170430,00;170270,00;170430,00;843428395,00;24747
WINV26;12/08/2026;18:10:00;170330,00;170435,00;170225,00;170415,00;2128067422,00;62467
WINV26;12/08/2026;18:00:00;170340,00;170420,00;170280,00;170325,00;1431391475,00;42015
WINV26;12/08/2026;17:50:00;170470,00;170475,00;170270,00;170345,00;3194286521,00;93758
WINV26;12/08/2026;17:40:00;170585,00;170595,00;170430,00;170470,00;2779108143,00;81503
WINV26;12/08/2026;17:30:00;170575,00;170700,00;170530,00;170590,00;3212000280,00;94132
WINV26;12/08/2026;17:20:00;170725,00;170790,00;170570,00;170575,00;3872168174,00;113453
WINV26;12/08/2026;17:10:00;170920,00;170930,00;170685,00;170720,00;4248349187,00;124387
WINV26;12/08/2026;17:00:00;170835,00;171010,00;170765,00;170915,00;5645363270,00;165175
WINV26;12/08/2026;16:50:00;171015,00;171020,00;170805,00;170840,00;6079931569,00;177874
WINV26;12/08/2026;16:40:00;171165,00;171170,00;170990,00;171015,00;4755326433,00;138983
WINV26;12/08/2026;16:30:00;171225,00;171230,00;171105,00;171165,00;4807884212,00;140449
WINV26;12/08/2026;16:20:00;171320,00;171360,00;171190,00;171230,00;4987736530,00;145623
WINV26;12/08/2026;16:10:00;171310,00;171390,00;171250,00;171320,00;5165738005,00;150773
WINV26;12/08/2026;16:00:00;171070,00;171420,00;171050,00;171310,00;7076617100,00;206616
WINV26;12/08/2026;15:50:00;171055,00;171110,00;170970,00;171070,00;4032496853,00;117881
WINV26;12/08/2026;15:40:00;170875,00;171125,00;170820,00;171055,00;6471054980,00;189225
WINV26;12/08/2026;15:30:00;171160,00;171160,00;170810,00;170875,00;8308101017,00;242967
WINV26;12/08/2026;15:20:00;171160,00;171225,00;171120,00;171160,00;3283889156,00;95924
WINV26;12/08/2026;15:10:00;171290,00;171310,00;171095,00;171160,00;5683851185,00;166006
WINV26;12/08/2026;15:00:00;171485,00;171490,00;171275,00;171295,00;5482051060,00;159962
WINV26;12/08/2026;14:50:00;171435,00;171545,00;171405,00;171485,00;4997475459,00;145721
WINV26;12/08/2026;14:40:00;171255,00;171440,00;171180,00;171430,00;4968395998,00;144996
WINV26;12/08/2026;14:30:00;171360,00;171365,00;171165,00;171255,00;6188158632,00;180662
WINV26;12/08/2026;14:20:00;171390,00;171515,00;171335,00;171365,00;4663975236,00;136040
WINV26;12/08/2026;14:10:00;171335,00;171665,00;171330,00;171390,00;8635602025,00;251751
WINV26;12/08/2026;14:00:00;171450,00;171460,00;171275,00;171340,00;5176694821,00;151048
WINV26;12/08/2026;13:50:00;171270,00;171555,00;171235,00;171455,00;6952506569,00;202813
WINV26;12/08/2026;13:40:00;171435,00;171485,00;171255,00;171270,00;5778306630,00;168578
WINV26;12/08/2026;13:30:00;171440,00;171540,00;171360,00;171435,00;4765623840,00;138987
WINV26;12/08/2026;13:20:00;171425,00;171640,00;171420,00;171440,00;5986361091,00;174503
WINV26;12/08/2026;13:10:00;171230,00;171425,00;171210,00;171425,00;4566187118,00;133266
WINV26;12/08/2026;13:00:00;171110,00;171340,00;171110,00;171235,00;6160296348,00;179876
WINV26;12/08/2026;12:50:00;171105,00;171145,00;171000,00;171110,00;3808925360,00;111328
WINV26;12/08/2026;12:40:00;171165,00;171190,00;171040,00;171110,00;3877155053,00;113290
WINV26;12/08/2026;12:30:00;171420,00;171420,00;171065,00;171165,00;6752553779,00;197207
WINV26;12/08/2026;12:20:00;171365,00;171465,00;171255,00;171415,00;6416604277,00;187213
WINV26;12/08/2026;12:10:00;171070,00;171440,00;170995,00;171360,00;8497295419,00;248147
WINV26;12/08/2026;12:00:00;171260,00;171295,00;171050,00;171070,00;8468165415,00;247350
WINV26;12/08/2026;11:50:00;171200,00;171345,00;170860,00;171260,00;1,530336451E10;447182
WINV26;12/08/2026;11:40:00;171360,00;171415,00;171150,00;171205,00;1,043262758E10;304580
WINV26;12/08/2026;11:30:00;171500,00;171800,00;171280,00;171360,00;1,739970133E10;507206
WINV26;12/08/2026;11:20:00;171430,00;171755,00;171305,00;171500,00;2,024861259E10;590184
WINV26;12/08/2026;11:10:00;171350,00;171460,00;170900,00;171430,00;1,592925845E10;465268
WINV26;12/08/2026;11:00:00;171000,00;171510,00;170940,00;171355,00;1,563649976E10;456486
WINV26;12/08/2026;10:50:00;171050,00;171235,00;170805,00;171000,00;1,490017512E10;435681
WINV26;12/08/2026;10:40:00;171055,00;171430,00;170825,00;171045,00;2,515783044E10;735132
WINV26;12/08/2026;10:30:00;171025,00;171875,00;170715,00;171055,00;3,451442829E10;1007470
WINV26;12/08/2026;10:20:00;170825,00;171225,00;170545,00;171030,00;2,345002547E10;686255
WINV26;12/08/2026;10:10:00;171445,00;171485,00;170735,00;170825,00;2,307730722E10;674244
WINV26;12/08/2026;10:00:00;171855,00;172045,00;171270,00;171450,00;2,198569624E10;640349
WINV26;12/08/2026;09:50:00;171820,00;171925,00;171665,00;171855,00;1,025492231E10;298500
WINV26;12/08/2026;09:40:00;171515,00;171900,00;171365,00;171825,00;1,041441952E10;303439
WINV26;12/08/2026;09:30:00;171530,00;171630,00;171045,00;171520,00;1,280086437E10;373443
WINV26;12/08/2026;09:20:00;171505,00;171665,00;171305,00;171525,00;1,012938939E10;295342
WINV26;12/08/2026;09:10:00;171430,00;171725,00;171240,00;171505,00;1,153203827E10;336205
WINV26;12/08/2026;09:00:00;172260,00;172260,00;171180,00;171430,00;2,170936735E10;632614
WINV26;11/08/2026;18:20:00;171595,00;171750,00;171550,00;171750,00;87511983,00;2549
WINV26;11/08/2026;18:10:00;171500,00;171590,00;171275,00;171585,00;215395929,00;6281
WINV26;11/08/2026;18:00:00;171475,00;171550,00;171450,00;171500,00;66851267,00;1949
WINV26;11/08/2026;17:50:00;171515,00;171535,00;171450,00;171480,00;85159092,00;2483
WINV26;11/08/2026;17:40:00;171470,00;171545,00;171410,00;171505,00;162553362,00;4740
WINV26;11/08/2026;17:30:00;171450,00;171500,00;171415,00;171465,00;98039661,00;2859
WINV26;11/08/2026;17:20:00;171455,00;171520,00;171410,00;171450,00;256352510,00;7476
WINV26;11/08/2026;17:10:00;171485,00;171560,00;171390,00;171450,00;357584084,00;10427
WINV26;11/08/2026;17:00:00;171315,00;171545,00;171310,00;171485,00;409612509,00;11946
WINV26;11/08/2026;16:50:00;171305,00;171375,00;171205,00;171310,00;369358588,00;10782
WINV26;11/08/2026;16:40:00;171155,00;171345,00;171150,00;171300,00;344139278,00;10048
WINV26;11/08/2026;16:30:00;171295,00;171435,00;171120,00;171150,00;328791602,00;9598
WINV26;11/08/2026;16:20:00;171275,00;171405,00;171210,00;171295,00;358591014,00;10466
WINV26;11/08/2026;16:10:00;171600,00;171600,00;171270,00;171275,00;354838477,00;10349
WINV26;11/08/2026;16:00:00;171180,00;171675,00;171140,00;171600,00;579928077,00;16913
WINV26;11/08/2026;15:50:00;171080,00;171220,00;171075,00;171180,00;201053209,00;5874
WINV26;11/08/2026;15:40:00;171315,00;171315,00;171075,00;171080,00;295585756,00;8634
WINV26;11/08/2026;15:30:00;171210,00;171405,00;171200,00;171310,00;407354037,00;11889
WINV26;11/08/2026;15:20:00;171120,00;171275,00;171000,00;171210,00;607489799,00;17749
WINV26;11/08/2026;15:10:00;171205,00;171275,00;171055,00;171135,00;478592379,00;13981
WINV26;11/08/2026;15:00:00;171415,00;171530,00;171170,00;171215,00;588818281,00;17183
WINV26;11/08/2026;14:50:00;171605,00;171670,00;171380,00;171415,00;329542032,00;9608
WINV26;11/08/2026;14:40:00;171485,00;171660,00;171450,00;171610,00;326670128,00;9521
WINV26;11/08/2026;14:30:00;171530,00;171530,00;171405,00;171485,00;286125675,00;8344
WINV26;11/08/2026;14:20:00;171605,00;171605,00;171385,00;171530,00;369051422,00;10758
WINV26;11/08/2026;14:10:00;171675,00;171730,00;171415,00;171605,00;719019296,00;20953
WINV26;11/08/2026;14:00:00;171795,00;171895,00;171625,00;171670,00;484284077,00;14097
WINV26;11/08/2026;13:50:00;172145,00;172145,00;171800,00;171800,00;431749669,00;12553
WINV26;11/08/2026;13:40:00;172215,00;172315,00;172150,00;172150,00;215526792,00;6257
WINV26;11/08/2026;13:30:00;172240,00;172265,00;172145,00;172215,00;275678197,00;8004
WINV26;11/08/2026;13:20:00;172420,00;172440,00;172130,00;172235,00;374670693,00;10874
WINV26;11/08/2026;13:10:00;172490,00;172660,00;172395,00;172415,00;500291599,00;14499
WINV26;11/08/2026;13:00:00;172350,00;172520,00;172220,00;172500,00;632721961,00;18353
WINV26;11/08/2026;12:50:00;172515,00;172535,00;172245,00;172345,00;418409404,00;12137
WINV26;11/08/2026;12:40:00;172425,00;172575,00;172330,00;172520,00;588414166,00;17059
WINV26;11/08/2026;12:30:00;172860,00;172905,00;172400,00;172430,00;745213872,00;21578
WINV26;11/08/2026;12:20:00;173045,00;173165,00;172810,00;172865,00;447351627,00;12929
WINV26;11/08/2026;12:10:00;173180,00;173195,00;172940,00;173040,00;494384492,00;14285
WINV26;11/08/2026;12:00:00;173730,00;173850,00;173115,00;173190,00;747426641,00;21547
WINV26;11/08/2026;11:50:00;173785,00;173805,00;173570,00;173735,00;500925580,00;14421
WINV26;11/08/2026;11:40:00;173930,00;174000,00;173715,00;173785,00;404956076,00;11645
WINV26;11/08/2026;11:30:00;174190,00;174270,00;173930,00;173930,00;357062889,00;10253
WINV26;11/08/2026;11:20:00;174215,00;174300,00;174080,00;174195,00;386263514,00;11087
WINV26;11/08/2026;11:10:00;174700,00;174840,00;174135,00;174215,00;504688248,00;14462
WINV26;11/08/2026;11:00:00;174880,00;174940,00;174610,00;174695,00;472572322,00;13523
WINV26;11/08/2026;10:50:00;175255,00;175255,00;174770,00;174885,00;590968914,00;16890
WINV26;11/08/2026;10:40:00;175315,00;175575,00;175165,00;175250,00;663443309,00;18915
WINV26;11/08/2026;10:30:00;175195,00;175380,00;174850,00;175310,00;1238895469,00;35378
WINV26;11/08/2026;10:20:00;175465,00;175495,00;175080,00;175210,00;598267884,00;17065
WINV26;11/08/2026;10:10:00;175725,00;175800,00;175350,00;175465,00;419458132,00;11946
WINV26;11/08/2026;10:00:00;175525,00;175825,00;175445,00;175730,00;710280728,00;20218
WINV26;11/08/2026;09:50:00;175510,00;175625,00;175375,00;175520,00;279181038,00;7954
WINV26;11/08/2026;09:40:00;175340,00;175560,00;175335,00;175500,00;189329971,00;5395
WINV26;11/08/2026;09:30:00;175515,00;175705,00;175315,00;175345,00;332657795,00;9478
WINV26;11/08/2026;09:20:00;175515,00;175600,00;175310,00;175515,00;380551646,00;10845
WINV26;11/08/2026;09:10:00;175725,00;175785,00;175410,00;175520,00;304960225,00;8685
WINV26;11/08/2026;09:00:00;175800,00;176200,00;175065,00;175730,00;800163445,00;22786
WINV26;10/08/2026;18:20:00;175860,00;175910,00;175725,00;175910,00;39217717,00;1115
WINV26;10/08/2026;18:10:00;175855,00;175900,00;175800,00;175895,00;20326935,00;578
WINV26;10/08/2026;18:00:00;175800,00;175925,00;175760,00;175850,00;6401605,00;182
WINV26;10/08/2026;17:50:00;175875,00;175895,00;175795,00;175845,00;33124772,00;942
WINV26;10/08/2026;17:40:00;175845,00;175905,00;175840,00;175875,00;22933398,00;652
WINV26;10/08/2026;17:30:00;175925,00;175935,00;175810,00;175850,00;26519390,00;754
WINV26;10/08/2026;17:20:00;175945,00;175955,00;175885,00;175930,00;23818306,00;677
WINV26;10/08/2026;17:10:00;175990,00;176045,00;175935,00;175945,00;170326094,00;4839
WINV26;10/08/2026;17:00:00;175945,00;176040,00;175860,00;176000,00;92608406,00;2632
WINV26;10/08/2026;16:50:00;176020,00;176060,00;175925,00;175945,00;71624074,00;2035
WINV26;10/08/2026;16:40:00;176080,00;176320,00;176005,00;176020,00;104213674,00;2958
WINV26;10/08/2026;16:30:00;176115,00;176145,00;176035,00;176075,00;61806268,00;1755
WINV26;10/08/2026;16:20:00;176125,00;176205,00;176100,00;176120,00;62919032,00;1786
WINV26;10/08/2026;16:10:00;175900,00;176180,00;175900,00;176125,00;83352486,00;2367
WINV26;10/08/2026;16:00:00;176035,00;176050,00;175830,00;175890,00;132784114,00;3774
WINV26;10/08/2026;15:50:00;175945,00;176080,00;175925,00;176040,00;80464421,00;2286
WINV26;10/08/2026;15:40:00;175950,00;176030,00;175945,00;175960,00;19323266,00;549
WINV26;10/08/2026;15:30:00;175960,00;176045,00;175910,00;175930,00;52860956,00;1502
WINV26;10/08/2026;15:20:00;176030,00;176060,00;175930,00;175980,00;46990645,00;1335
WINV26;10/08/2026;15:10:00;176100,00;176155,00;175985,00;176010,00;69367027,00;1970
WINV26;10/08/2026;15:00:00;176030,00;176160,00;175950,00;176100,00;84731892,00;2406
WINV26;10/08/2026;14:50:00;175835,00;176115,00;175825,00;176025,00;79432867,00;2257
WINV26;10/08/2026;14:40:00;175835,00;175905,00;175785,00;175840,00;55354569,00;1574
WINV26;10/08/2026;14:30:00;175780,00;175995,00;175780,00;175820,00;97340172,00;2767
WINV26;10/08/2026;14:20:00;175835,00;175860,00;175700,00;175780,00;81739425,00;2325
WINV26;10/08/2026;14:10:00;175805,00;175855,00;175655,00;175830,00;161437823,00;4592
WINV26;10/08/2026;14:00:00;176040,00;176060,00;175790,00;175810,00;97693530,00;2777
WINV26;10/08/2026;13:50:00;176085,00;176130,00;176015,00;176040,00;110188547,00;3129
WINV26;10/08/2026;13:40:00;175900,00;176100,00;175770,00;176090,00;113707887,00;3233
WINV26;10/08/2026;13:30:00;175895,00;175955,00;175735,00;175900,00;93488993,00;2658
WINV26;10/08/2026;13:20:00;175990,00;176035,00;175780,00;175895,00;76171300,00;2165
WINV26;10/08/2026;13:10:00;175920,00;176005,00;175815,00;176000,00;81308336,00;2311
WINV26;10/08/2026;13:00:00;175815,00;175950,00;175715,00;175915,00;88656101,00;2521
WINV26;10/08/2026;12:50:00;175915,00;175940,00;175815,00;175815,00;56316722,00;1601
WINV26;10/08/2026;12:40:00;175900,00;175930,00;175790,00;175900,00;81496629,00;2317
WINV26;10/08/2026;12:30:00;176230,00;176230,00;175860,00;175905,00;100976698,00;2869
WINV26;10/08/2026;12:20:00;176025,00;176375,00;176005,00;176215,00;169925760,00;4822
WINV26;10/08/2026;12:10:00;175845,00;176055,00;175735,00;176030,00;172524520,00;4904
WINV26;10/08/2026;12:00:00;175985,00;176025,00;175775,00;175835,00;46020158,00;1308
WINV26;10/08/2026;11:50:00;176140,00;176170,00;175780,00;175980,00;193063530,00;5485
WINV26;10/08/2026;11:40:00;175865,00;176260,00;175760,00;176135,00;222236956,00;6312
WINV26;10/08/2026;11:30:00;175495,00;175950,00;175400,00;175830,00;152622580,00;4342
WINV26;10/08/2026;11:20:00;175560,00;175645,00;175390,00;175500,00;146425713,00;4171
WINV26;10/08/2026;11:10:00;175425,00;175760,00;175400,00;175565,00;197141184,00;5613
WINV26;10/08/2026;11:00:00;175490,00;175580,00;175215,00;175435,00;197606214,00;5634
WINV26;10/08/2026;10:50:00;175995,00;176100,00;175355,00;175485,00;277080650,00;7881
WINV26;10/08/2026;10:40:00;176445,00;176595,00;175970,00;175990,00;205172093,00;5822
WINV26;10/08/2026;10:30:00;176330,00;176615,00;175980,00;176445,00;272055466,00;7718
WINV26;10/08/2026;10:20:00;176335,00;176695,00;176275,00;176360,00;134678814,00;3815
WINV26;10/08/2026;10:10:00;176325,00;176455,00;176240,00;176345,00;111278483,00;3155
WINV26;10/08/2026;10:00:00;176470,00;176520,00;176145,00;176320,00;231719377,00;6571
WINV26;10/08/2026;09:50:00;176465,00;176605,00;176415,00;176455,00;114761177,00;3251
WINV26;10/08/2026;09:40:00;176580,00;176625,00;176430,00;176475,00;73479034,00;2081
WINV26;10/08/2026;09:30:00;176510,00;176770,00;176460,00;176575,00;171293521,00;4850
WINV26;10/08/2026;09:20:00;176285,00;176685,00;176275,00;176480,00;231232786,00;6551
WINV26;10/08/2026;09:10:00;176755,00;176755,00;176245,00;176275,00;245439568,00;6952
WINV26;10/08/2026;09:00:00;176595,00;177260,00;176325,00;176745,00;403154277,00;11396
WINV26;07/08/2026;18:20:00;176060,00;176195,00;176050,00;176195,00;20676819,00;587
WINV26;07/08/2026;18:10:00;175980,00;176075,00;175950,00;176035,00;13623116,00;387
WINV26;07/08/2026;18:00:00;176085,00;176085,00;175890,00;175980,00;48994918,00;1392
WINV26;07/08/2026;17:50:00;176015,00;176110,00;176005,00;176080,00;15527814,00;441
WINV26;07/08/2026;17:40:00;176025,00;176040,00;175950,00;176025,00;41571351,00;1181
WINV26;07/08/2026;17:30:00;175980,00;176045,00;175945,00;176005,00;33263119,00;945
WINV26;07/08/2026;17:20:00;176090,00;176090,00;175980,00;175990,00;27881309,00;792
WINV26;07/08/2026;17:10:00;176085,00;176155,00;176050,00;176090,00;29935471,00;850
WINV26;07/08/2026;17:00:00;176230,00;176245,00;176075,00;176085,00;47666386,00;1353
WINV26;07/08/2026;16:50:00;176275,00;176325,00;176210,00;176225,00;23370999,00;663
WINV26;07/08/2026;16:40:00;176290,00;176310,00;176195,00;176260,00;58062416,00;1647
WINV26;07/08/2026;16:30:00;176130,00;176390,00;176130,00;176285,00;58676757,00;1664
WINV26;07/08/2026;16:20:00;176210,00;176270,00;176045,00;176135,00;22799866,00;647
WINV26;07/08/2026;16:10:00;176190,00;176250,00;176100,00;176190,00;22900471,00;650
WINV26;07/08/2026;16:00:00;175985,00;176225,00;175955,00;176190,00;76396624,00;2169
WINV26;07/08/2026;15:50:00;176165,00;176210,00;175855,00;175975,00;68544009,00;1947
WINV26;07/08/2026;15:40:00;176345,00;176345,00;176070,00;176170,00;33652049,00;955
WINV26;07/08/2026;15:30:00;176355,00;176400,00;176230,00;176345,00;48387595,00;1372
WINV26;07/08/2026;15:20:00;176265,00;176420,00;176235,00;176340,00;68099408,00;1931
WINV26;07/08/2026;15:10:00;176355,00;176365,00;176200,00;176265,00;52777739,00;1497
WINV26;07/08/2026;15:00:00;176430,00;176430,00;176320,00;176350,00;23808131,00;675
WINV26;07/08/2026;14:50:00;176375,00;176450,00;176350,00;176425,00;22719064,00;644
WINV26;07/08/2026;14:40:00;176350,00;176460,00;176340,00;176355,00;34891081,00;989
WINV26;07/08/2026;14:30:00;176425,00;176465,00;176240,00;176350,00;46910747,00;1330
WINV26;07/08/2026;14:20:00;176420,00;176435,00;176350,00;176425,00;13406271,00;380
WINV26;07/08/2026;14:10:00;176420,00;176450,00;176340,00;176395,00;26846507,00;761
WINV26;07/08/2026;14:00:00;176415,00;176495,00;176325,00;176405,00;55675073,00;1578
WINV26;07/08/2026;13:50:00;176350,00;176425,00;176320,00;176400,00;11077387,00;314
WINV26;07/08/2026;13:40:00;176395,00;176460,00;176300,00;176355,00;19223347,00;545
WINV26;07/08/2026;13:30:00;176475,00;176475,00;176190,00;176395,00;95469529,00;2707
WINV26;07/08/2026;13:20:00;176730,00;176770,00;176425,00;176475,00;75580953,00;2141
WINV26;07/08/2026;13:10:00;176585,00;176740,00;176570,00;176725,00;43957570,00;1244
WINV26;07/08/2026;13:00:00;176580,00;176715,00;176550,00;176580,00;14553418,00;412
WINV26;07/08/2026;12:50:00;176665,00;176670,00;176505,00;176575,00;24583424,00;696
WINV26;07/08/2026;12:40:00;176855,00;176910,00;176625,00;176680,00;25881248,00;732
WINV26;07/08/2026;12:30:00;176885,00;176945,00;176735,00;176850,00;46254223,00;1308
WINV26;07/08/2026;12:20:00;176650,00;176940,00;176640,00;176885,00;68997297,00;1952
WINV26;07/08/2026;12:10:00;176405,00;176720,00;176305,00;176645,00;80115186,00;2270
WINV26;07/08/2026;12:00:00;176835,00;176920,00;176365,00;176400,00;225256125,00;6380
WINV26;07/08/2026;11:50:00;177000,00;177035,00;176765,00;176830,00;38179568,00;1079
WINV26;07/08/2026;11:40:00;177290,00;177315,00;176995,00;177020,00;59920866,00;1691
WINV26;07/08/2026;11:30:00;177410,00;177460,00;177220,00;177290,00;58339098,00;1645
WINV26;07/08/2026;11:20:00;177730,00;177755,00;177395,00;177425,00;107027451,00;3014
WINV26;07/08/2026;11:10:00;177715,00;177910,00;177650,00;177740,00;83649343,00;2353
WINV26;07/08/2026;11:00:00;178460,00;178485,00;177685,00;177735,00;120123157,00;3374
WINV26;07/08/2026;10:50:00;178755,00;178780,00;178370,00;178450,00;92705081,00;2596
WINV26;07/08/2026;10:40:00;178970,00;179075,00;178675,00;178730,00;130933353,00;3661
WINV26;07/08/2026;10:30:00;179525,00;179530,00;178775,00;178985,00;148158574,00;4137
WINV26;07/08/2026;10:20:00;179565,00;179940,00;179470,00;179520,00;80681898,00;2245
WINV26;07/08/2026;10:10:00;179615,00;179705,00;179450,00;179580,00;60767130,00;1692
WINV26;07/08/2026;10:00:00;179820,00;179965,00;179455,00;179640,00;86720543,00;2412
WINV26;07/08/2026;09:50:00;179800,00;180065,00;179735,00;179800,00;39467437,00;1097
WINV26;07/08/2026;09:40:00;179675,00;179885,00;179615,00;179815,00;47531946,00;1322
WINV26;07/08/2026;09:30:00;179115,00;179805,00;178945,00;179710,00;97133187,00;2705
WINV26;07/08/2026;09:20:00;179220,00;179325,00;179035,00;179085,00;69706463,00;1945
WINV26;07/08/2026;09:10:00;179555,00;179615,00;179165,00;179220,00;119708776,00;3336
WINV26;07/08/2026;09:00:00;180070,00;180485,00;179495,00;179545,00;301063030,00;8368
WINV26;06/08/2026;18:20:00;179400,00;179455,00;179395,00;179450,00;5490603,00;153
WINV26;06/08/2026;18:10:00;179320,00;179400,00;179285,00;179400,00;7748036,00;216
WINV26;06/08/2026;18:00:00;179315,00;179365,00;179275,00;179340,00;3550586,00;99
WINV26;06/08/2026;17:50:00;179300,00;179375,00;179270,00;179340,00;8320836,00;232
WINV26;06/08/2026;17:40:00;179250,00;179345,00;179250,00;179290,00;33351882,00;930
WINV26;06/08/2026;17:30:00;179310,00;179315,00;179215,00;179235,00;21866904,00;610
WINV26;06/08/2026;17:20:00;179355,00;179355,00;179250,00;179330,00;10972913,00;306
WINV26;06/08/2026;17:10:00;179565,00;179565,00;179350,00;179365,00;23397742,00;652
WINV26;06/08/2026;17:00:00;179595,00;179600,00;179515,00;179540,00;14903765,00;415
WINV26;06/08/2026;16:50:00;179515,00;179665,00;179450,00;179595,00;19214673,00;535
WINV26;06/08/2026;16:40:00;179650,00;179650,00;179460,00;179520,00;19748509,00;550
WINV26;06/08/2026;16:30:00;179725,00;179800,00;179620,00;179660,00;14950523,00;416
WINV26;06/08/2026;16:20:00;179955,00;179955,00;179685,00;179720,00;27365645,00;761
WINV26;06/08/2026;16:10:00;180055,00;180055,00;179910,00;179950,00;13711904,00;381
WINV26;06/08/2026;16:00:00;180005,00;180100,00;179900,00;180060,00;15191440,00;422
WINV26;06/08/2026;15:50:00;180105,00;180140,00;180000,00;180000,00;7022256,00;195
WINV26;06/08/2026;15:40:00;180190,00;180190,00;180085,00;180120,00;7745658,00;215
WINV26;06/08/2026;15:30:00;180080,00;180190,00;180015,00;180180,00;13830783,00;384
WINV26;06/08/2026;15:20:00;180025,00;180075,00;179990,00;180065,00;8281613,00;230
WINV26;06/08/2026;15:10:00;180015,00;180075,00;179915,00;180025,00;24225971,00;673
WINV26;06/08/2026;15:00:00;180155,00;180155,00;179935,00;180005,00;25314581,00;703
WINV26;06/08/2026;14:50:00;180115,00;180220,00;180095,00;180155,00;21115888,00;586
WINV26;06/08/2026;14:40:00;180075,00;180140,00;180020,00;180105,00;26435334,00;734
WINV26;06/08/2026;14:30:00;179910,00;180085,00;179875,00;180070,00;40816485,00;1134
WINV26;06/08/2026;14:20:00;179865,00;179975,00;179845,00;179900,00;36448971,00;1013
WINV26;06/08/2026;14:10:00;179865,00;179955,00;179835,00;179865,00;37132672,00;1032
WINV26;06/08/2026;14:00:00;179950,00;179980,00;179825,00;179855,00;42743006,00;1188
WINV26;06/08/2026;13:50:00;179935,00;179995,00;179870,00;179955,00;25406996,00;706
WINV26;06/08/2026;13:40:00;180065,00;180065,00;179920,00;179945,00;23721923,00;659
WINV26;06/08/2026;13:30:00;180010,00;180180,00;180010,00;180070,00;37928430,00;1053
WINV26;06/08/2026;13:20:00;180000,00;180070,00;179950,00;180025,00;26028749,00;723
WINV26;06/08/2026;13:10:00;180160,00;180175,00;179955,00;180065,00;28304020,00;786
WINV26;06/08/2026;13:00:00;180265,00;180335,00;180125,00;180175,00;39111625,00;1085
WINV26;06/08/2026;12:50:00;180380,00;180565,00;180210,00;180260,00;25103093,00;696
WINV26;06/08/2026;12:40:00;180445,00;180445,00;180295,00;180375,00;26157134,00;725
WINV26;06/08/2026;12:30:00;180710,00;180720,00;180450,00;180470,00;7293666,00;202
WINV26;06/08/2026;12:20:00;180735,00;180750,00;180540,00;180670,00;7732844,00;214
WINV26;06/08/2026;12:10:00;180835,00;180880,00;180535,00;180720,00;25760515,00;713
WINV26;06/08/2026;12:00:00;180870,00;181080,00;180780,00;180815,00;13495998,00;373
WINV26;06/08/2026;11:50:00;181115,00;181265,00;180835,00;180835,00;15210796,00;420
WINV26;06/08/2026;11:40:00;180915,00;181225,00;180905,00;181125,00;13330090,00;368
WINV26;06/08/2026;11:30:00;180610,00;181090,00;180530,00;180915,00;50214288,00;1388
WINV26;06/08/2026;11:20:00;180470,00;180640,00;180370,00;180605,00;17365546,00;481
WINV26;06/08/2026;11:10:00;180495,00;180650,00;180360,00;180470,00;22055015,00;611
WINV26;06/08/2026;11:00:00;180685,00;180800,00;180425,00;180470,00;35320802,00;978
WINV26;06/08/2026;10:50:00;180765,00;180990,00;180500,00;180700,00;36476729,00;1009
WINV26;06/08/2026;10:40:00;180905,00;181080,00;180520,00;180750,00;36942228,00;1022
WINV26;06/08/2026;10:30:00;181215,00;181235,00;180650,00;180910,00;104924591,00;2899
WINV26;06/08/2026;10:20:00;181310,00;181580,00;181045,00;181275,00;47317858,00;1305
WINV26;06/08/2026;10:10:00;180790,00;181400,00;180785,00;181375,00;48323992,00;1334
WINV26;06/08/2026;10:00:00;180700,00;180865,00;180285,00;180820,00;91495684,00;2534
WINV26;06/08/2026;09:50:00;180515,00;180730,00;180500,00;180690,00;7621373,00;211
WINV26;06/08/2026;09:40:00;180555,00;180700,00;180455,00;180545,00;15783749,00;437
WINV26;06/08/2026;09:30:00;180545,00;180665,00;180195,00;180520,00;32853342,00;910
WINV26;06/08/2026;09:20:00;180420,00;180830,00;180340,00;180580,00;88181413,00;2442
WINV26;06/08/2026;09:10:00;180725,00;180920,00;180375,00;180450,00;43664145,00;1209
WINV26;06/08/2026;09:00:00;182170,00;182400,00;180590,00;180860,00;132761853,00;3661
WINV26;05/08/2026;18:20:00;181900,00;181945,00;181865,00;181945,00;16771673,00;461
WINV26;05/08/2026;18:10:00;181840,00;181900,00;181780,00;181895,00;18333534,00;504
WINV26;05/08/2026;18:00:00;181865,00;181880,00;181815,00;181820,00;10183682,00;280
WINV26;05/08/2026;17:50:00;181890,00;181900,00;181865,00;181875,00;2146278,00;59
WINV26;05/08/2026;17:40:00;181895,00;181895,00;181845,00;181880,00;3018970,00;83
WINV26;05/08/2026;17:30:00;181900,00;181940,00;181900,00;181900,00;2510365,00;69
WINV26;05/08/2026;17:20:00;181925,00;181925,00;181825,00;181880,00;3710024,00;102
WINV26;05/08/2026;17:10:00;181975,00;182055,00;181900,00;181900,00;22640253,00;622
WINV26;05/08/2026;17:00:00;181780,00;181990,00;181780,00;181960,00;9606154,00;264
WINV26;05/08/2026;16:50:00;181870,00;181950,00;181790,00;181790,00;7455350,00;205
WINV26;05/08/2026;16:40:00;181960,00;182020,00;181830,00;181880,00;16336990,00;449
WINV26;05/08/2026;16:30:00;182110,00;182110,00;181965,00;181980,00;8592166,00;236
WINV26;05/08/2026;16:20:00;182200,00;182220,00;182110,00;182110,00;2841783,00;78
WINV26;05/08/2026;16:10:00;182125,00;182240,00;182065,00;182180,00;6740295,00;185
WINV26;05/08/2026;16:00:00;182205,00;182235,00;182005,00;182140,00;14605896,00;401
WINV26;05/08/2026;15:50:00;182420,00;182445,00;182205,00;182220,00;7146133,00;196
WINV26;05/08/2026;15:40:00;182350,00;182415,00;182295,00;182400,00;3646892,00;100
WINV26;05/08/2026;15:30:00;182500,00;182500,00;182300,00;182300,00;4523426,00;124
WINV26;05/08/2026;15:20:00;182465,00;182560,00;182465,00;182540,00;4198223,00;115
WINV26;05/08/2026;15:10:00;182425,00;182520,00;182425,00;182480,00;4489093,00;123
WINV26;05/08/2026;15:00:00;182335,00;182470,00;182300,00;182385,00;2626163,00;72
WINV26;05/08/2026;14:50:00;182440,00;182530,00;182350,00;182350,00;5036153,00;138
WINV26;05/08/2026;14:40:00;182550,00;182585,00;182400,00;182435,00;6679481,00;183
WINV26;05/08/2026;14:30:00;182305,00;182565,00;182295,00;182505,00;15982694,00;438
WINV26;05/08/2026;14:20:00;182235,00;182335,00;182145,00;182315,00;25508363,00;700
WINV26;05/08/2026;14:10:00;182410,00;182520,00;182220,00;182260,00;11963259,00;328
WINV26;05/08/2026;14:00:00;182490,00;182585,00;182430,00;182430,00;9233536,00;253
WINV26;05/08/2026;13:50:00;182590,00;182650,00;182380,00;182480,00;7189562,00;197
WINV26;05/08/2026;13:40:00;182620,00;182645,00;182540,00;182575,00;3943987,00;108
WINV26;05/08/2026;13:30:00;182640,00;182685,00;182580,00;182615,00;10957226,00;300
WINV26;05/08/2026;13:20:00;182650,00;182735,00;182595,00;182670,00;2484214,00;68
WINV26;05/08/2026;13:10:00;182510,00;182635,00;182490,00;182560,00;9238058,00;253
WINV26;05/08/2026;13:00:00;182710,00;182780,00;182520,00;182555,00;7450769,00;204
WINV26;05/08/2026;12:50:00;182620,00;182770,00;182610,00;182735,00;15163708,00;415
WINV26;05/08/2026;12:40:00;182805,00;182825,00;182485,00;182560,00;44707788,00;1224
WINV26;05/08/2026;12:30:00;182980,00;183020,00;182750,00;182830,00;6180113,00;169
WINV26;05/08/2026;12:20:00;183040,00;183145,00;182900,00;182945,00;2855061,00;78
WINV26;05/08/2026;12:10:00;183165,00;183210,00;182905,00;183030,00;4867375,00;133
WINV26;05/08/2026;12:00:00;182955,00;183250,00;182950,00;183065,00;6115517,00;167
WINV26;05/08/2026;11:50:00;183265,00;183340,00;182860,00;183020,00;5308064,00;145
WINV26;05/08/2026;11:40:00;183140,00;183315,00;183025,00;183250,00;5055855,00;138
WINV26;05/08/2026;11:30:00;182935,00;183340,00;182860,00;183190,00;32276185,00;881
WINV26;05/08/2026;11:20:00;184050,00;184090,00;182885,00;182910,00;43814346,00;1195
WINV26;05/08/2026;11:10:00;184235,00;184460,00;183840,00;184050,00;41177606,00;1118
WINV26;05/08/2026;11:00:00;183525,00;184220,00;183310,00;184180,00;59910746,00;1629
WINV26;05/08/2026;10:50:00;183170,00;183700,00;183015,00;183545,00;17346588,00;473
WINV26;05/08/2026;10:40:00;183605,00;183720,00;183070,00;183175,00;15360475,00;419
WINV26;05/08/2026;10:30:00;183415,00;183750,00;183130,00;183700,00;28392433,00;774
WINV26;05/08/2026;10:20:00;183475,00;183885,00;183425,00;183425,00;26846825,00;731
WINV26;05/08/2026;10:10:00;182940,00;183595,00;182915,00;183490,00;16719881,00;456
WINV26;05/08/2026;10:00:00;183345,00;183365,00;182755,00;182940,00;73931551,00;2019
WINV26;05/08/2026;09:50:00;183370,00;183565,00;183345,00;183405,00;22124692,00;603
WINV26;05/08/2026;09:40:00;183295,00;183405,00;183100,00;183360,00;12539263,00;342
WINV26;05/08/2026;09:30:00;183250,00;183380,00;182970,00;183225,00;19382303,00;529
WINV26;05/08/2026;09:20:00;183075,00;183265,00;182900,00;183250,00;13219306,00;361
WINV26;05/08/2026;09:10:00;182760,00;183135,00;182610,00;183100,00;21363112,00;584
WINV26;05/08/2026;09:00:00;182530,00;183175,00;182455,00;182740,00;92074944,00;2519
WINV26;04/08/2026;18:20:00;182060,00;182095,00;181955,00;181955,00;10741367,00;295
WINV26;04/08/2026;18:10:00;182010,00;182050,00;182005,00;182050,00;2693954,00;74
WINV26;04/08/2026;18:00:00;182065,00;182075,00;182000,00;182035,00;1347166,00;37
WINV26;04/08/2026;17:50:00;182015,00;182080,00;181980,00;182075,00;2330084,00;64
WINV26;04/08/2026;17:40:00;181970,00;182035,00;181970,00;182030,00;3057568,00;84
WINV26;04/08/2026;17:30:00;182080,00;182080,00;182000,00;182025,00;24029565,00;660
WINV26;04/08/2026;17:20:00;182050,00;182080,00;181965,00;182055,00;9647434,00;265
WINV26;04/08/2026;17:10:00;182135,00;182135,00;182000,00;182035,00;45479334,00;1249
WINV26;04/08/2026;17:00:00;181980,00;182235,00;181935,00;182150,00;37559319,00;1031
WINV26;04/08/2026;16:50:00;182100,00;182100,00;181935,00;181985,00;19805104,00;544
WINV26;04/08/2026;16:40:00;182095,00;182125,00;182050,00;182085,00;3314229,00;91
WINV26;04/08/2026;16:30:00;182180,00;182180,00;182025,00;182070,00;5534807,00;152
WINV26;04/08/2026;16:20:00;182175,00;182185,00;182025,00;182175,00;4188318,00;115
WINV26;04/08/2026;16:10:00;182160,00;182160,00;182035,00;182160,00;2804179,00;77
WINV26;04/08/2026;16:00:00;182175,00;182205,00;182030,00;182170,00;5172561,00;142
WINV26;04/08/2026;15:50:00;182020,00;182260,00;182020,00;182120,00;49876715,00;1369
WINV26;04/08/2026;15:40:00;182010,00;182110,00;181975,00;182025,00;46131708,00;1267
WINV26;04/08/2026;15:30:00;181950,00;182150,00;181940,00;182015,00;94741844,00;2602
WINV26;04/08/2026;15:20:00;181815,00;181945,00;181775,00;181915,00;24552198,00;675
WINV26;04/08/2026;15:10:00;181990,00;182165,00;181820,00;181890,00;117489735,00;3227
WINV26;04/08/2026;15:00:00;182210,00;182210,00;181880,00;181990,00;131884679,00;3623
WINV26;04/08/2026;14:50:00;182660,00;182670,00;182170,00;182250,00;83043897,00;2277
WINV26;04/08/2026;14:40:00;182680,00;182735,00;182630,00;182630,00;3361304,00;92
WINV26;04/08/2026;14:30:00;182585,00;182725,00;182575,00;182645,00;14356444,00;393
WINV26;04/08/2026;14:20:00;182695,00;182695,00;182555,00;182610,00;7999424,00;219
WINV26;04/08/2026;14:10:00;182595,00;182710,00;182580,00;182690,00;4967301,00;136
WINV26;04/08/2026;14:00:00;182600,00;182735,00;182525,00;182625,00;13262004,00;363
WINV26;04/08/2026;13:50:00;182565,00;182705,00;182535,00;182625,00;6026763,00;165
WINV26;04/08/2026;13:40:00;182335,00;182550,00;182290,00;182550,00;70006104,00;1919
WINV26;04/08/2026;13:30:00;182400,00;182430,00;182075,00;182360,00;82349293,00;2259
WINV26;04/08/2026;13:20:00;182580,00;182710,00;182400,00;182400,00;50260357,00;1376
WINV26;04/08/2026;13:10:00;182710,00;182740,00;182515,00;182590,00;65927495,00;1805
WINV26;04/08/2026;13:00:00;182760,00;182790,00;182700,00;182735,00;1790898,00;49
WINV26;04/08/2026;12:50:00;182780,00;182840,00;182745,00;182750,00;16743531,00;458
WINV26;04/08/2026;12:40:00;182685,00;182795,00;182685,00;182775,00;25399016,00;695
WINV26;04/08/2026;12:30:00;182860,00;182890,00;182695,00;182775,00;32059920,00;877
WINV26;04/08/2026;12:20:00;182840,00;182860,00;182660,00;182840,00;61223408,00;1675
WINV26;04/08/2026;12:10:00;183085,00;183085,00;182810,00;182810,00;35927214,00;982
WINV26;04/08/2026;12:00:00;183060,00;183275,00;183020,00;183125,00;19782587,00;540
WINV26;04/08/2026;11:50:00;183045,00;183120,00;182955,00;183080,00;7029610,00;192
WINV26;04/08/2026;11:40:00;182955,00;183100,00;182880,00;183070,00;33084634,00;904
WINV26;04/08/2026;11:30:00;182770,00;183025,00;182770,00;182950,00;63351107,00;1732
WINV26;04/08/2026;11:20:00;182740,00;182830,00;182650,00;182750,00;26975544,00;738
WINV26;04/08/2026;11:10:00;182740,00;182875,00;182695,00;182760,00;19413923,00;531
WINV26;04/08/2026;11:00:00;182740,00;182975,00;182575,00;182750,00;73264567,00;2004
WINV26;04/08/2026;10:50:00;183040,00;183040,00;182555,00;182720,00;67266862,00;1840
WINV26;04/08/2026;10:40:00;183400,00;183575,00;182900,00;183010,00;29666018,00;809
WINV26;04/08/2026;10:30:00;183650,00;183840,00;183095,00;183400,00;76268177,00;2079
WINV26;04/08/2026;10:20:00;184345,00;184445,00;183600,00;183600,00;50903843,00;1382
WINV26;04/08/2026;10:10:00;184700,00;185115,00;184310,00;184350,00;45282122,00;1226
WINV26;04/08/2026;10:00:00;184400,00;185670,00;184250,00;184720,00;76988417,00;2079
WINV26;04/08/2026;09:50:00;184725,00;184810,00;184400,00;184425,00;11074574,00;300
WINV26;04/08/2026;09:40:00;184500,00;184700,00;184425,00;184690,00;5870164,00;159
WINV26;04/08/2026;09:30:00;184260,00;184560,00;184170,00;184555,00;10882085,00;295
WINV26;04/08/2026;09:20:00;184345,00;184360,00;183880,00;184285,00;11639825,00;316
WINV26;04/08/2026;09:10:00;183835,00;184390,00;183750,00;184300,00;16534154,00;449
WINV26;04/08/2026;09:00:00;183025,00;184100,00;182450,00;183845,00;58298593,00;1589
WINV26;03/08/2026;18:20:00;182450,00;182480,00;182315,00;182400,00;4779171,00;131
WINV26;03/08/2026;18:10:00;182460,00;182475,00;182380,00;182450,00;2225652,00;61
WINV26;03/08/2026;18:00:00;182280,00;182460,00;182260,00;182460,00;2444165,00;67
WINV26;03/08/2026;17:50:00;182480,00;182480,00;182250,00;182300,00;4303195,00;118
WINV26;03/08/2026;17:40:00;182400,00;182510,00;182375,00;182445,00;2298882,00;63
WINV26;03/08/2026;17:30:00;182355,00;182425,00;182355,00;182425,00;3793498,00;104
WINV26;03/08/2026;17:20:00;182370,00;182370,00;182295,00;182340,00;1713923,00;47
WINV26;03/08/2026;17:10:00;182205,00;182370,00;182205,00;182370,00;2005250,00;55
WINV26;03/08/2026;17:00:00;182225,00;182420,00;182205,00;182275,00;11046946,00;303
WINV26;03/08/2026;16:50:00;182340,00;182380,00;182255,00;182255,00;3864983,00;106
WINV26;03/08/2026;16:40:00;182340,00;182350,00;182180,00;182330,00;6415775,00;176
WINV26;03/08/2026;16:30:00;182200,00;182390,00;182165,00;182325,00;13089823,00;359
WINV26;03/08/2026;16:20:00;182200,00;182300,00;182150,00;182190,00;9913116,00;272
WINV26;03/08/2026;16:10:00;182050,00;182195,00;182040,00;182175,00;9725928,00;267
WINV26;03/08/2026;16:00:00;181810,00;182035,00;181810,00;182035,00;8078490,00;222
WINV26;03/08/2026;15:50:00;181840,00;181890,00;181805,00;181830,00;1854866,00;51
WINV26;03/08/2026;15:40:00;181910,00;181910,00;181790,00;181835,00;9527698,00;262
WINV26;03/08/2026;15:30:00;181950,00;181950,00;181860,00;181920,00;2182955,00;60
WINV26;03/08/2026;15:20:00;181935,00;182060,00;181930,00;181985,00;1747234,00;48
WINV26;03/08/2026;15:10:00;181900,00;182010,00;181875,00;182005,00;4986125,00;137
WINV26;03/08/2026;15:00:00;181770,00;181900,00;181770,00;181855,00;1891521,00;52
WINV26;03/08/2026;14:50:00;181965,00;181980,00;181770,00;181770,00;10115345,00;278
WINV26;03/08/2026;14:40:00;181735,00;181985,00;181710,00;181940,00;13681516,00;376
WINV26;03/08/2026;14:30:00;181840,00;181850,00;181735,00;181735,00;5599031,00;154
WINV26;03/08/2026;14:20:00;181815,00;181840,00;181700,00;181840,00;2326868,00;64
WINV26;03/08/2026;14:10:00;181725,00;181915,00;181725,00;181845,00;4872931,00;134
WINV26;03/08/2026;14:00:00;181580,00;181720,00;181550,00;181720,00;3124489,00;86
WINV26;03/08/2026;13:50:00;181515,00;181610,00;181485,00;181610,00;6425859,00;177
WINV26;03/08/2026;13:40:00;181670,00;181670,00;181535,00;181565,00;1307372,00;36
WINV26;03/08/2026;13:30:00;181595,00;181695,00;181580,00;181690,00;1017146,00;28
WINV26;03/08/2026;13:20:00;181700,00;181725,00;181590,00;181600,00;1598688,00;44
WINV26;03/08/2026;13:10:00;181660,00;181695,00;181560,00;181695,00;1707354,00;47
WINV26;03/08/2026;13:00:00;181625,00;181625,00;181540,00;181565,00;726326,00;20
WINV26;03/08/2026;12:50:00;181670,00;181710,00;181610,00;181630,00;44618186,00;1228
WINV26;03/08/2026;12:40:00;181650,00;181710,00;181580,00;181705,00;49750201,00;1369
WINV26;03/08/2026;12:30:00;181630,00;181630,00;181460,00;181630,00;1452326,00;40
WINV26;03/08/2026;12:20:00;181750,00;181780,00;181550,00;181630,00;4939908,00;136
WINV26;03/08/2026;12:10:00;181545,00;181735,00;181545,00;181735,00;3233299,00;89
WINV26;03/08/2026;12:00:00;181555,00;181625,00;181430,00;181580,00;1270719,00;35
WINV26;03/08/2026;11:50:00;181610,00;181680,00;181475,00;181615,00;1961511,00;54
WINV26;03/08/2026;11:40:00;181570,00;181625,00;181380,00;181590,00;3739197,00;103
WINV26;03/08/2026;11:30:00;181575,00;181885,00;181495,00;181560,00;16857589,00;464
WINV26;03/08/2026;11:20:00;181280,00;181555,00;181280,00;181550,00;7186333,00;198
WINV26;03/08/2026;11:10:00;181270,00;181440,00;181220,00;181270,00;4134567,00;114
WINV26;03/08/2026;11:00:00;181380,00;181445,00;181145,00;181240,00;27988880,00;772
WINV26;03/08/2026;10:50:00;181460,00;181625,00;181250,00;181430,00;18935322,00;522
WINV26;03/08/2026;10:40:00;181420,00;181760,00;181350,00;181500,00;27078088,00;746
WINV26;03/08/2026;10:30:00;182000,00;182355,00;181370,00;181395,00;16948020,00;466
WINV26;03/08/2026;10:20:00;182135,00;182300,00;181945,00;182000,00;6700470,00;184
WINV26;03/08/2026;10:10:00;182890,00;182890,00;182060,00;182105,00;26788404,00;734
WINV26;03/08/2026;10:00:00;183195,00;183355,00;182860,00;182945,00;14967046,00;409
WINV26;03/08/2026;09:50:00;182955,00;183400,00;182925,00;183205,00;11429538,00;312
WINV26;03/08/2026;09:40:00;182880,00;183060,00;182680,00;182960,00;7680992,00;210
WINV26;03/08/2026;09:30:00;182620,00;183000,00;182590,00;182905,00;12941001,00;354
WINV26;03/08/2026;09:20:00;182585,00;182695,00;182435,00;182650,00;7667131,00;210
WINV26;03/08/2026;09:10:00;182310,00;182690,00;182150,00;182560,00;19298363,00;529
WINV26;03/08/2026;09:00:00;182810,00;183295,00;182130,00;182340,00;94710190,00;2594
WINV26;31/07/2026;18:20:00;182385,00;182415,00;182265,00;182415,00;13894312,00;381
WINV26;31/07/2026;18:10:00;182330,00;182410,00;182280,00;182340,00;2990798,00;82
WINV26;31/07/2026;18:00:00;182265,00;182455,00;182265,00;182325,00;4632374,00;127
WINV26;31/07/2026;17:50:00;182445,00;182445,00;182190,00;182275,00;5870777,00;161
WINV26;31/07/2026;17:40:00;182450,00;182565,00;182440,00;182440,00;1824843,00;50
WINV26;31/07/2026;17:30:00;182490,00;182490,00;182380,00;182440,00;1787960,00;49
WINV26;31/07/2026;17:20:00;182570,00;182595,00;182465,00;182510,00;15079035,00;413
WINV26;31/07/2026;17:10:00;182450,00;182590,00;182430,00;182575,00;4709319,00;129
WINV26;31/07/2026;17:00:00;182765,00;182800,00;182440,00;182495,00;5441113,00;149
WINV26;31/07/2026;16:50:00;182695,00;182770,00;182615,00;182700,00;6504439,00;178
WINV26;31/07/2026;16:40:00;182350,00;182740,00;182350,00;182660,00;10189864,00;279
WINV26;31/07/2026;16:30:00;182605,00;182610,00;182345,00;182345,00;5110425,00;140
WINV26;31/07/2026;16:20:00;182735,00;182785,00;182510,00;182510,00;4347830,00;119
WINV26;31/07/2026;16:10:00;182985,00;182995,00;182750,00;182750,00;6802871,00;186
WINV26;31/07/2026;16:00:00;183090,00;183200,00;182955,00;183085,00;9338954,00;255
WINV26;31/07/2026;15:50:00;183040,00;183160,00;183025,00;183085,00;16697920,00;456
WINV26;31/07/2026;15:40:00;183000,00;183095,00;182880,00;182970,00;5417472,00;148
WINV26;31/07/2026;15:30:00;182765,00;183050,00;182765,00;183050,00;9038428,00;247
WINV26;31/07/2026;15:20:00;182785,00;182940,00;182765,00;182830,00;6655739,00;182
WINV26;31/07/2026;15:10:00;182730,00;182825,00;182630,00;182740,00;10342645,00;283
WINV26;31/07/2026;15:00:00;182670,00;182750,00;182585,00;182730,00;6393859,00;175
WINV26;31/07/2026;14:50:00;182685,00;182780,00;182660,00;182740,00;6394161,00;175
WINV26;31/07/2026;14:40:00;182720,00;182930,00;182650,00;182650,00;35440671,00;969
WINV26;31/07/2026;14:30:00;182670,00;182770,00;182560,00;182635,00;13700979,00;375
WINV26;31/07/2026;14:20:00;182390,00;182665,00;182380,00;182650,00;8835639,00;242
WINV26;31/07/2026;14:10:00;182150,00;182675,00;182150,00;182435,00;13757296,00;377
WINV26;31/07/2026;14:00:00;182275,00;182345,00;182130,00;182240,00;6742297,00;185
WINV26;31/07/2026;13:50:00;182360,00;182455,00;182255,00;182345,00;4886775,00;134
WINV26;31/07/2026;13:40:00;182730,00;182800,00;182340,00;182340,00;10510724,00;288
WINV26;31/07/2026;13:30:00;182545,00;182770,00;182470,00;182670,00;8947307,00;245
WINV26;31/07/2026;13:20:00;182100,00;182500,00;182100,00;182445,00;5942941,00;163
WINV26;31/07/2026;13:10:00;182125,00;182310,00;181905,00;182030,00;5353084,00;147
WINV26;31/07/2026;13:00:00;182265,00;182385,00;182070,00;182205,00;9510193,00;261
WINV26;31/07/2026;12:50:00;182590,00;182790,00;182235,00;182320,00;27921985,00;765
WINV26;31/07/2026;12:40:00;182000,00;182630,00;182000,00;182590,00;13171818,00;361
WINV26;31/07/2026;12:30:00;181220,00;182300,00;180835,00;182120,00;22535995,00;620
WINV26;30/07/2026;18:20:00;181410,00;181410,00;181260,00;181260,00;13926069,00;384
WINV26;30/07/2026;18:10:00;181630,00;181630,00;181400,00;181400,00;7406534,00;204
WINV26;30/07/2026;18:00:00;181700,00;181750,00;181615,00;181660,00;2797533,00;77
WINV26;30/07/2026;17:50:00;181800,00;181800,00;181730,00;181730,00;11597247,00;319
WINV26;30/07/2026;17:40:00;181760,00;181800,00;181650,00;181760,00;9521068,00;262
WINV26;30/07/2026;17:30:00;181800,00;181840,00;181690,00;181745,00;7851550,00;216
WINV26;30/07/2026;17:20:00;181840,00;181870,00;181790,00;181810,00;2363766,00;65
WINV26;30/07/2026;17:10:00;181755,00;181835,00;181720,00;181805,00;8397203,00;231
WINV26;30/07/2026;17:00:00;181575,00;181830,00;181575,00;181785,00;11772879,00;324
WINV26;30/07/2026;16:50:00;181500,00;181640,00;181380,00;181575,00;12453007,00;343
WINV26;30/07/2026;16:40:00;181365,00;181590,00;181350,00;181520,00;52376289,00;1443
WINV26;30/07/2026;16:30:00;181325,00;181405,00;181290,00;181350,00;3880925,00;107
WINV26;30/07/2026;16:20:00;181140,00;181560,00;181140,00;181360,00;31119823,00;858
WINV26;30/07/2026;16:10:00;181040,00;181180,00;180945,00;181165,00;16695988,00;461
WINV26;30/07/2026;16:00:00;180840,00;181020,00;180825,00;181010,00;16611878,00;459
WINV26;30/07/2026;15:50:00;180820,00;180900,00;180820,00;180825,00;17145177,00;474
WINV26;30/07/2026;15:40:00;180575,00;180855,00;180575,00;180830,00;37971720,00;1050
WINV26;30/07/2026;15:30:00;180505,00;180675,00;180505,00;180570,00;8596730,00;238
WINV26;30/07/2026;15:20:00;180455,00;180515,00;180440,00;180515,00;3970744,00;110
WINV26;30/07/2026;15:10:00;180435,00;180465,00;180370,00;180370,00;4221780,00;117
WINV26;30/07/2026;15:00:00;180425,00;180470,00;180375,00;180455,00;4943784,00;137
WINV26;30/07/2026;14:50:00;180490,00;180530,00;180405,00;180405,00;9998455,00;277
WINV26;30/07/2026;14:40:00;180450,00;180530,00;180445,00;180450,00;2237880,00;62
WINV26;30/07/2026;14:30:00;180475,00;180520,00;180360,00;180460,00;15805063,00;438
WINV26;30/07/2026;14:20:00;180650,00;180650,00;180390,00;180430,00;25513099,00;707
WINV26;30/07/2026;14:10:00;180590,00;180680,00;180550,00;180650,00;4478998,00;124
WINV26;30/07/2026;14:00:00;180545,00;180635,00;180525,00;180525,00;4586545,00;127
WINV26;30/07/2026;13:50:00;180300,00;180555,00;180270,00;180510,00;11443080,00;317
WINV26;30/07/2026;13:40:00;180435,00;180435,00;180230,00;180310,00;4616614,00;128
WINV26;30/07/2026;13:30:00;180305,00;180470,00;180300,00;180430,00;36220454,00;1004
WINV26;30/07/2026;13:20:00;180225,00;180310,00;180190,00;180290,00;12257866,00;340
WINV26;30/07/2026;13:10:00;180245,00;180275,00;180200,00;180270,00;9696432,00;269
WINV26;30/07/2026;13:00:00;180160,00;180290,00;180150,00;180235,00;31071703,00;862
WINV26;30/07/2026;12:50:00;180080,00;180200,00;180080,00;180160,00;2125864,00;59
WINV26;30/07/2026;12:40:00;180100,00;180150,00;180050,00;180100,00;3097682,00;86
WINV26;30/07/2026;12:30:00;179850,00;180135,00;179800,00;180040,00;9217379,00;256
WINV26;30/07/2026;12:20:00;179885,00;179965,00;179770,00;179905,00;3453758,00;96
WINV26;30/07/2026;12:10:00;179720,00;179870,00;179640,00;179870,00;5177079,00;144
WINV26;30/07/2026;12:00:00;179745,00;179745,00;179435,00;179745,00;6214036,00;173
WINV26;30/07/2026;11:50:00;179765,00;179850,00;179700,00;179785,00;2840124,00;79
WINV26;30/07/2026;11:40:00;179790,00;179830,00;179700,00;179815,00;3343630,00;93
WINV26;30/07/2026;11:30:00;179655,00;179900,00;179610,00;179790,00;21151224,00;588
WINV26;30/07/2026;11:20:00;179435,00;179740,00;179435,00;179650,00;15374392,00;428
WINV26;30/07/2026;11:10:00;179415,00;179550,00;179270,00;179305,00;7964847,00;222
WINV26;30/07/2026;11:00:00;179295,00;179650,00;179175,00;179430,00;11482960,00;320
WINV26;30/07/2026;10:50:00;179085,00;179320,00;178920,00;179305,00;11502484,00;321
WINV26;30/07/2026;10:40:00;178890,00;179155,00;178745,00;179120,00;6083472,00;170
WINV26;30/07/2026;10:30:00;179090,00;179350,00;178660,00;178950,00;11278984,00;315
WINV26;30/07/2026;10:20:00;179325,00;179550,00;179015,00;179115,00;20760981,00;579
WINV26;30/07/2026;10:10:00;178950,00;179375,00;178915,00;179350,00;7312105,00;204
WINV26;30/07/2026;10:00:00;178985,00;179400,00;178930,00;178960,00;12971499,00;362
WINV26;30/07/2026;09:50:00;178885,00;179025,00;178760,00;178905,00;3255802,00;91
WINV26;30/07/2026;09:40:00;179015,00;179065,00;178845,00;178880,00;2505255,00;70
WINV26;30/07/2026;09:30:00;179185,00;179440,00;178910,00;178995,00;10352117,00;289
WINV26;30/07/2026;09:20:00;179065,00;179345,00;178975,00;179165,00;9282047,00;259
WINV26;30/07/2026;09:10:00;179040,00;179270,00;178875,00;179190,00;5230852,00;146
WINV26;30/07/2026;09:00:00;178690,00;179330,00;178255,00;179035,00;130080072,00;3634
WINV26;29/07/2026;18:20:00;177805,00;177910,00;177785,00;177800,00;52822296,00;1485
WINV26;29/07/2026;18:10:00;177865,00;177870,00;177780,00;177800,00;8180340,00;230
WINV26;29/07/2026;18:00:00;177890,00;177950,00;177870,00;177935,00;48536265,00;1364
WINV26;29/07/2026;17:50:00;177900,00;177940,00;177885,00;177940,00;676108,00;19
WINV26;29/07/2026;17:40:00;178000,00;178005,00;177875,00;177900,00;6939251,00;195
WINV26;29/07/2026;17:30:00;178025,00;178045,00;177915,00;178005,00;7938825,00;223
WINV26;29/07/2026;17:20:00;178075,00;178080,00;177990,00;178065,00;8012049,00;225
WINV26;29/07/2026;17:10:00;178180,00;178320,00;177950,00;178020,00;34312351,00;963
WINV26;29/07/2026;17:00:00;178455,00;178520,00;178130,00;178140,00;11450378,00;321
WINV26;29/07/2026;16:50:00;178730,00;178730,00;178455,00;178505,00;24005587,00;672
WINV26;29/07/2026;16:40:00;178685,00;178875,00;178685,00;178750,00;18088807,00;506
WINV26;29/07/2026;16:30:00;178855,00;179100,00;178620,00;178680,00;26532226,00;742
WINV26;29/07/2026;16:20:00;179440,00;179440,00;178800,00;178830,00;58367414,00;1630
WINV26;29/07/2026;16:10:00;179385,00;179645,00;179365,00;179460,00;8830757,00;246
WINV26;29/07/2026;16:00:00;179950,00;180170,00;179325,00;179325,00;32894521,00;914
WINV26;29/07/2026;15:50:00;179645,00;179925,00;179585,00;179925,00;21786505,00;606
WINV26;29/07/2026;15:40:00;179275,00;179700,00;179200,00;179680,00;22897566,00;638
WINV26;29/07/2026;15:30:00;179050,00;179250,00;178750,00;179250,00;12992048,00;363
WINV26;29/07/2026;15:20:00;179110,00;179110,00;178850,00;179045,00;18899829,00;528
WINV26;29/07/2026;15:10:00;179300,00;179460,00;179065,00;179085,00;16204978,00;452
WINV26;29/07/2026;15:00:00;178970,00;179570,00;178970,00;179310,00;108346308,00;3021
WINV26;29/07/2026;14:50:00;178900,00;178995,00;178815,00;178950,00;7120867,00;199
WINV26;29/07/2026;14:40:00;178925,00;178995,00;178910,00;178910,00;5512393,00;154
WINV26;29/07/2026;14:30:00;179050,00;179050,00;178860,00;178950,00;34576839,00;966
WINV26;29/07/2026;14:20:00;179130,00;179215,00;179055,00;179075,00;44210668,00;1234
WINV26;29/07/2026;14:10:00;179065,00;179140,00;179050,00;179085,00;16478888,00;460
WINV26;29/07/2026;14:00:00;179225,00;179225,00;179040,00;179085,00;72621204,00;2027
WINV26;29/07/2026;13:50:00;179225,00;179340,00;179175,00;179255,00;44848207,00;1251
WINV26;29/07/2026;13:40:00;179250,00;179295,00;179205,00;179250,00;10218610,00;285
WINV26;29/07/2026;13:30:00;179320,00;179320,00;179200,00;179250,00;11041271,00;308
WINV26;29/07/2026;13:20:00;179180,00;179330,00;179160,00;179315,00;14159594,00;395
WINV26;29/07/2026;13:10:00;179285,00;179285,00;179110,00;179170,00;19354327,00;540
WINV26;29/07/2026;13:00:00;179550,00;179575,00;179270,00;179335,00;21233802,00;592
WINV26;29/07/2026;12:50:00;179450,00;179550,00;179450,00;179550,00;4271836,00;119
WINV26;29/07/2026;12:40:00;179530,00;179575,00;179440,00;179500,00;2835932,00;79
WINV26;29/07/2026;12:30:00;179580,00;179730,00;179560,00;179560,00;5675387,00;158
WINV26;29/07/2026;12:20:00;179635,00;179660,00;179560,00;179560,00;9270081,00;258
WINV26;29/07/2026;12:10:00;179705,00;179790,00;179640,00;179640,00;13226612,00;368
WINV26;29/07/2026;12:00:00;179560,00;179755,00;179500,00;179755,00;2909787,00;81
WINV26;29/07/2026;11:50:00;179550,00;179650,00;179445,00;179600,00;22080199,00;615
WINV26;29/07/2026;11:40:00;179615,00;179615,00;179350,00;179545,00;17014702,00;474
WINV26;29/07/2026;11:30:00;179810,00;179830,00;179605,00;179645,00;28469711,00;792
WINV26;29/07/2026;11:20:00;179920,00;180000,00;179850,00;179975,00;2554805,00;71
WINV26;29/07/2026;11:10:00;179925,00;179960,00;179700,00;179920,00;16755268,00;466
WINV26;29/07/2026;11:00:00;179800,00;180130,00;179775,00;179935,00;19940976,00;554
WINV26;29/07/2026;10:50:00;179945,00;179945,00;179525,00;179695,00;15567433,00;433
WINV26;29/07/2026;10:40:00;180450,00;180450,00;179950,00;179970,00;14233752,00;395
WINV26;29/07/2026;10:30:00;180625,00;180950,00;180315,00;180470,00;20223555,00;560
WINV26;29/07/2026;10:20:00;180710,00;180710,00;180390,00;180510,00;11592325,00;321
WINV26;29/07/2026;10:10:00;181025,00;181120,00;180680,00;180765,00;34060830,00;942
WINV26;29/07/2026;10:00:00;181610,00;181635,00;180970,00;181055,00;15905686,00;439
WINV26;29/07/2026;09:50:00;181485,00;181590,00;181355,00;181590,00;11106077,00;306
WINV26;29/07/2026;09:40:00;181325,00;181500,00;181305,00;181495,00;7257152,00;200
WINV26;29/07/2026;09:30:00;181330,00;181400,00;181130,00;181350,00;7831765,00;216
WINV26;29/07/2026;09:20:00;181100,00;181475,00;181065,00;181385,00;9102217,00;251
WINV26;29/07/2026;09:10:00;181300,00;181480,00;181030,00;181265,00;8626542,00;238
WINV26;29/07/2026;09:00:00;181640,00;182205,00;181095,00;181220,00;84421911,00;2325
WINV26;28/07/2026;18:20:00;181445,00;181570,00;181300,00;181300,00;10019534,00;276
WINV26;28/07/2026;18:10:00;181520,00;181525,00;181410,00;181445,00;28637278,00;789
WINV26;28/07/2026;18:00:00;181435,00;181550,00;181435,00;181550,00;6316487,00;174
WINV26;28/07/2026;17:50:00;181570,00;181570,00;181380,00;181385,00;6423714,00;177
WINV26;28/07/2026;17:40:00;181595,00;181640,00;181575,00;181595,00;4685928,00;129
WINV26;28/07/2026;17:30:00;181440,00;181610,00;181440,00;181610,00;3848406,00;106
WINV26;28/07/2026;17:20:00;181420,00;181480,00;181360,00;181480,00;3265442,00;90
WINV26;28/07/2026;17:10:00;181450,00;181505,00;181400,00;181420,00;4137542,00;114
WINV26;28/07/2026;17:00:00;181175,00;181475,00;181175,00;181445,00;28121958,00;775
WINV26;28/07/2026;16:50:00;181105,00;181230,00;181045,00;181175,00;9456797,00;261
WINV26;28/07/2026;16:40:00;181065,00;181190,00;181055,00;181165,00;4311553,00;119
WINV26;28/07/2026;16:30:00;181200,00;181240,00;181045,00;181050,00;10393210,00;287
WINV26;28/07/2026;16:20:00;181260,00;181335,00;181190,00;181190,00;2247385,00;62
WINV26;28/07/2026;16:10:00;181130,00;181250,00;181085,00;181240,00;16088467,00;444
WINV26;28/07/2026;16:00:00;181070,00;181150,00;181065,00;181135,00;17678757,00;488
WINV26;28/07/2026;15:50:00;181140,00;181140,00;181000,00;181075,00;26069272,00;720
WINV26;28/07/2026;15:40:00;181145,00;181225,00;181140,00;181140,00;2464134,00;68
WINV26;28/07/2026;15:30:00;181180,00;181315,00;181170,00;181190,00;8519236,00;235
WINV26;28/07/2026;15:20:00;181270,00;181325,00;181160,00;181160,00;40236682,00;1110
WINV26;28/07/2026;15:10:00;181380,00;181380,00;181080,00;181240,00;43903844,00;1211
WINV26;28/07/2026;15:00:00;181470,00;181470,00;181400,00;181410,00;798240,00;22
WINV26;28/07/2026;14:50:00;181445,00;181485,00;181340,00;181470,00;3664437,00;101
WINV26;28/07/2026;14:40:00;181400,00;181435,00;181330,00;181410,00;4063286,00;112
WINV26;28/07/2026;14:30:00;181615,00;181700,00;181400,00;181465,00;20720913,00;571
WINV26;28/07/2026;14:20:00;181660,00;181815,00;181595,00;181595,00;2144638,00;59
WINV26;28/07/2026;14:10:00;181775,00;181810,00;181700,00;181700,00;944993,00;26
WINV26;28/07/2026;14:00:00;181750,00;181840,00;181730,00;181730,00;1708783,00;47
WINV26;28/07/2026;13:50:00;181665,00;181720,00;181665,00;181695,00;1489850,00;41
WINV26;28/07/2026;13:40:00;181765,00;181765,00;181595,00;181595,00;1090032,00;30
WINV26;28/07/2026;13:30:00;181715,00;181890,00;181695,00;181785,00;2945447,00;81
WINV26;28/07/2026;13:20:00;181755,00;181775,00;181655,00;181720,00;2107896,00;58
WINV26;28/07/2026;13:10:00;181650,00;181905,00;181650,00;181760,00;6654271,00;183
WINV26;28/07/2026;13:00:00;181925,00;182045,00;181625,00;181625,00;6874232,00;189
WINV26;28/07/2026;12:50:00;181730,00;181955,00;181660,00;181955,00;9528286,00;262
WINV26;28/07/2026;12:40:00;181615,00;181735,00;181525,00;181695,00;4613735,00;127
WINV26;28/07/2026;12:30:00;181525,00;181670,00;181525,00;181600,00;7009750,00;193
WINV26;28/07/2026;12:20:00;181445,00;181590,00;181350,00;181500,00;8346154,00;230
WINV26;28/07/2026;12:10:00;181670,00;181850,00;181360,00;181410,00;15875623,00;437
WINV26;28/07/2026;12:00:00;181725,00;181810,00;181565,00;181690,00;3887617,00;107
WINV26;28/07/2026;11:50:00;182050,00;182090,00;181750,00;181750,00;9243591,00;254
WINV26;28/07/2026;11:40:00;181880,00;182095,00;181845,00;182095,00;8554654,00;235
WINV26;28/07/2026;11:30:00;182010,00;182030,00;181810,00;181900,00;6949264,00;191
WINV26;28/07/2026;11:20:00;181745,00;182010,00;181585,00;182010,00;12070116,00;332
WINV26;28/07/2026;11:10:00;182035,00;182335,00;181745,00;181780,00;25097991,00;689
WINV26;28/07/2026;11:00:00;181485,00;182090,00;181430,00;182065,00;63495164,00;1746
WINV26;28/07/2026;10:50:00;181500,00;181500,00;181225,00;181440,00;16427444,00;453
WINV26;28/07/2026;10:40:00;181640,00;181700,00;181275,00;181490,00;32341510,00;891
WINV26;28/07/2026;10:30:00;181700,00;182160,00;181460,00;181605,00;48604082,00;1336
WINV26;28/07/2026;10:20:00;182370,00;182585,00;181675,00;181715,00;41893268,00;1151
WINV26;28/07/2026;10:10:00;183100,00;183175,00;182250,00;182345,00;25423211,00;696
WINV26;28/07/2026;10:00:00;182835,00;183355,00;182610,00;183155,00;24603984,00;672
WINV26;28/07/2026;09:50:00;182815,00;183015,00;182780,00;182875,00;11630400,00;318
WINV26;28/07/2026;09:40:00;182705,00;182885,00;182350,00;182805,00;23441332,00;642
WINV26;28/07/2026;09:30:00;183000,00;183100,00;182660,00;182665,00;19096019,00;522
WINV26;28/07/2026;09:20:00;182795,00;183240,00;182650,00;183025,00;35256778,00;964
WINV26;28/07/2026;09:10:00;182215,00;182835,00;182205,00;182830,00;66122617,00;1812
WINV26;28/07/2026;09:00:00;180860,00;182530,00;180810,00;182200,00;105533387,00;2902
WINV26;27/07/2026;18:20:00;180505,00;180520,00;180390,00;180390,00;3283870,00;91
WINV26;27/07/2026;18:10:00;180460,00;180565,00;180425,00;180465,00;52158041,00;1445
WINV26;27/07/2026;18:00:00;180560,00;180560,00;180475,00;180475,00;1696692,00;47
WINV26;27/07/2026;17:50:00;180485,00;180505,00;180465,00;180500,00;794143,00;22
WINV26;27/07/2026;17:40:00;180560,00;180570,00;180475,00;180475,00;1877341,00;52
WINV26;27/07/2026;17:30:00;180390,00;180580,00;180390,00;180575,00;3212953,00;89
WINV26;27/07/2026;17:20:00;180395,00;180400,00;180390,00;180400,00;324716,00;9
WINV26;27/07/2026;17:10:00;180290,00;180440,00;180290,00;180400,00;3354855,00;93
WINV26;27/07/2026;17:00:00;180290,00;180320,00;180130,00;180290,00;3964396,00;110
WINV26;27/07/2026;16:50:00;180265,00;180355,00;180250,00;180280,00;22935244,00;636
WINV26;27/07/2026;16:40:00;180160,00;180320,00;180160,00;180245,00;95724579,00;2656
WINV26;27/07/2026;16:30:00;180045,00;180170,00;180035,00;180170,00;7743911,00;215
WINV26;27/07/2026;16:20:00;179960,00;180060,00;179940,00;179985,00;86955477,00;2415
WINV26;27/07/2026;16:10:00;179920,00;179955,00;179870,00;179935,00;1727209,00;48
WINV26;27/07/2026;16:00:00;179870,00;179910,00;179750,00;179865,00;4316661,00;120
WINV26;27/07/2026;15:50:00;179615,00;179875,00;179610,00;179820,00;7730315,00;215
WINV26;27/07/2026;15:40:00;179490,00;179655,00;179490,00;179610,00;7687768,00;214
WINV26;27/07/2026;15:30:00;179620,00;179625,00;179465,00;179530,00;2837208,00;79
WINV26;27/07/2026;15:20:00;179500,00;179675,00;179500,00;179675,00;2658311,00;74
WINV26;27/07/2026;15:10:00;179650,00;179660,00;179565,00;179590,00;969956,00;27
WINV26;27/07/2026;15:00:00;179765,00;179765,00;179625,00;179635,00;1761087,00;49
WINV26;27/07/2026;14:50:00;179570,00;179785,00;179570,00;179730,00;1797160,00;50
WINV26;27/07/2026;14:40:00;179650,00;179670,00;179555,00;179555,00;1113754,00;31
WINV26;27/07/2026;14:30:00;179600,00;179720,00;179600,00;179720,00;1006234,00;28
WINV26;27/07/2026;14:20:00;179510,00;179655,00;179510,00;179655,00;2514308,00;70
WINV26;27/07/2026;14:10:00;179465,00;179560,00;179450,00;179485,00;2513160,00;70
WINV26;27/07/2026;14:00:00;179555,00;179555,00;179360,00;179470,00;2656124,00;74
WINV26;27/07/2026;13:50:00;179670,00;179705,00;179500,00;179540,00;1939550,00;54
WINV26;27/07/2026;13:40:00;179795,00;179820,00;179740,00;179755,00;791130,00;22
WINV26;27/07/2026;13:30:00;179660,00;179840,00;179660,00;179740,00;1797534,00;50
WINV26;27/07/2026;13:20:00;179525,00;179800,00;179515,00;179645,00;13154898,00;366
WINV26;27/07/2026;13:10:00;179660,00;179695,00;179540,00;179600,00;1041961,00;29
WINV26;27/07/2026;13:00:00;179635,00;179660,00;179635,00;179660,00;646716,00;18
WINV26;27/07/2026;12:50:00;179540,00;179675,00;179535,00;179570,00;2119034,00;59
WINV26;27/07/2026;12:40:00;179420,00;179550,00;179420,00;179495,00;1399983,00;39
WINV26;27/07/2026;12:30:00;179600,00;179600,00;179310,00;179425,00;16187053,00;451
WINV26;27/07/2026;12:20:00;179695,00;179755,00;179685,00;179710,00;1186146,00;33
WINV26;27/07/2026;12:10:00;179705,00;179800,00;179560,00;179585,00;11249598,00;313
WINV26;27/07/2026;12:00:00;179985,00;180090,00;179730,00;179730,00;20984177,00;583
WINV26;27/07/2026;11:50:00;179475,00;179980,00;179435,00;179950,00;84617453,00;2354
WINV26;27/07/2026;11:40:00;179290,00;179570,00;179265,00;179520,00;97560178,00;2718
WINV26;27/07/2026;11:30:00;179050,00;179220,00;179035,00;179220,00;4693662,00;131
WINV26;27/07/2026;11:20:00;179105,00;179330,00;179040,00;179150,00;32815888,00;916
WINV26;27/07/2026;11:10:00;179145,00;179220,00;178985,00;179120,00;105896596,00;2956
WINV26;27/07/2026;11:00:00;179220,00;179345,00;178780,00;179110,00;337637583,00;9427
WINV26;27/07/2026;10:50:00;179435,00;179440,00;179000,00;179280,00;5697551,00;159
WINV26;27/07/2026;10:40:00;179395,00;179650,00;179385,00;179415,00;8330320,00;232
WINV26;27/07/2026;10:30:00;179330,00;179480,00;179145,00;179260,00;8250237,00;230
WINV26;27/07/2026;10:20:00;179190,00;179365,00;179010,00;179315,00;8422240,00;235
WINV26;27/07/2026;10:10:00;179005,00;179240,00;178925,00;179180,00;5515978,00;154
WINV26;27/07/2026;10:00:00;179595,00;179605,00;178880,00;179000,00;10753779,00;300
WINV26;27/07/2026;09:50:00;179500,00;179660,00;179465,00;179530,00;10847670,00;302
WINV26;27/07/2026;09:40:00;179300,00;179585,00;179250,00;179565,00;6997988,00;195
WINV26;27/07/2026;09:30:00;179435,00;179435,00;179275,00;179275,00;2726231,00;76
WINV26;27/07/2026;09:20:00;179460,00;179520,00;179400,00;179440,00;4199137,00;117
WINV26;27/07/2026;09:10:00;179240,00;179570,00;179220,00;179500,00;8685407,00;242
WINV26;27/07/2026;09:00:00;179215,00;179820,00;178875,00;179260,00;95750901,00;2667
WINV26;24/07/2026;18:20:00;178550,00;178590,00;178425,00;178425,00;9925525,00;278
WINV26;24/07/2026;18:10:00;178545,00;178555,00;178495,00;178550,00;4641973,00;130
WINV26;24/07/2026;18:00:00;178625,00;178625,00;178500,00;178525,00;6069968,00;170
WINV26;24/07/2026;17:50:00;178575,00;178615,00;178570,00;178610,00;18645778,00;522
WINV26;24/07/2026;17:40:00;178640,00;178660,00;178600,00;178615,00;2893871,00;81
WINV26;24/07/2026;17:30:00;178630,00;178670,00;178580,00;178640,00;57370444,00;1606
WINV26;24/07/2026;17:20:00;178675,00;178720,00;178650,00;178655,00;1214941,00;34
WINV26;24/07/2026;17:10:00;178670,00;178725,00;178635,00;178725,00;821968,00;23
WINV26;24/07/2026;17:00:00;178750,00;178825,00;178660,00;178675,00;9582094,00;268
WINV26;24/07/2026;16:50:00;178920,00;178920,00;178685,00;178770,00;22415014,00;627
WINV26;24/07/2026;16:40:00;178990,00;179015,00;178840,00;178875,00;16065427,00;449
WINV26;24/07/2026;16:30:00;179005,00;179040,00;178985,00;178990,00;3544473,00;99
WINV26;24/07/2026;16:20:00;179045,00;179090,00;178965,00;179000,00;6050949,00;169
WINV26;24/07/2026;16:10:00;179125,00;179155,00;179010,00;179030,00;32623113,00;911
WINV26;24/07/2026;16:00:00;179135,00;179160,00;179035,00;179125,00;4190997,00;117
WINV26;24/07/2026;15:50:00;179095,00;179155,00;179075,00;179115,00;5122614,00;143
WINV26;24/07/2026;15:40:00;179080,00;179110,00;179040,00;179080,00;7127319,00;199
WINV26;24/07/2026;15:30:00;178985,00;179120,00;178985,00;179100,00;8774838,00;245
WINV26;24/07/2026;15:20:00;179010,00;179070,00;178980,00;179000,00;7876877,00;220
WINV26;24/07/2026;15:10:00;179080,00;179140,00;179010,00;179010,00;6411678,00;179
WINV26;24/07/2026;15:00:00;179060,00;179130,00;179050,00;179080,00;2614696,00;73
WINV26;24/07/2026;14:50:00;179180,00;179180,00;178980,00;179050,00;12390193,00;346
WINV26;24/07/2026;14:40:00;179150,00;179190,00;179080,00;179180,00;4406764,00;123
WINV26;24/07/2026;14:30:00;179220,00;179220,00;179100,00;179155,00;3583092,00;100
WINV26;24/07/2026;14:20:00;179100,00;179210,00;179100,00;179200,00;1827614,00;51
WINV26;24/07/2026;14:10:00;179105,00;179135,00;179080,00;179135,00;967173,00;27
WINV26;24/07/2026;14:00:00;179125,00;179200,00;179085,00;179125,00;3797378,00;106
WINV26;24/07/2026;13:50:00;179135,00;179190,00;179030,00;179190,00;3976185,00;111
WINV26;24/07/2026;13:40:00;179320,00;179320,00;179115,00;179130,00;12939898,00;361
WINV26;24/07/2026;13:30:00;179625,00;179625,00;179255,00;179290,00;16255678,00;453
WINV26;24/07/2026;13:20:00;179650,00;179660,00;179525,00;179625,00;11385257,00;317
WINV26;24/07/2026;13:10:00;179695,00;179750,00;179560,00;179645,00;8694968,00;242
WINV26;24/07/2026;13:00:00;179800,00;179815,00;179690,00;179690,00;2732391,00;76
WINV26;24/07/2026;12:50:00;179755,00;179800,00;179670,00;179785,00;2948090,00;82
WINV26;24/07/2026;12:40:00;179860,00;179895,00;179695,00;179755,00;7515341,00;209
WINV26;24/07/2026;12:30:00;179865,00;179885,00;179735,00;179860,00;5070724,00;141
WINV26;24/07/2026;12:20:00;179995,00;180090,00;179815,00;179885,00;3563794,00;99
WINV26;24/07/2026;12:10:00;179640,00;180170,00;179605,00;180020,00;25954323,00;721
WINV26;24/07/2026;12:00:00;180150,00;180165,00;179600,00;179705,00;41488417,00;1154
WINV26;24/07/2026;11:50:00;180035,00;180190,00;179980,00;180160,00;5979340,00;166
WINV26;24/07/2026;11:40:00;179920,00;180025,00;179845,00;180025,00;5864903,00;163
WINV26;24/07/2026;11:30:00;180300,00;180300,00;179900,00;180020,00;4248077,00;118
WINV26;24/07/2026;11:20:00;179915,00;180350,00;179910,00;180265,00;7173347,00;199
WINV26;24/07/2026;11:10:00;180065,00;180150,00;179885,00;179920,00;5616254,00;156
WINV26;24/07/2026;11:00:00;179925,00;180250,00;179905,00;180080,00;11419785,00;317
WINV26;24/07/2026;10:50:00;179780,00;179945,00;179680,00;179850,00;4242698,00;118
WINV26;24/07/2026;10:40:00;179580,00;180015,00;179475,00;179780,00;21754607,00;605
WINV26;24/07/2026;10:30:00;179895,00;180160,00;179510,00;179580,00;24558551,00;683
WINV26;24/07/2026;10:20:00;179860,00;180135,00;179860,00;179960,00;7414577,00;206
WINV26;24/07/2026;10:10:00;180010,00;180130,00;179735,00;179870,00;12881019,00;358
WINV26;24/07/2026;10:00:00;180070,00;180220,00;179780,00;180100,00;10514185,00;292
WINV26;24/07/2026;09:50:00;180195,00;180210,00;179930,00;180060,00;6374603,00;177
WINV26;24/07/2026;09:40:00;180195,00;180250,00;180010,00;180155,00;10989492,00;305
WINV26;24/07/2026;09:30:00;180180,00;180475,00;180100,00;180180,00;12219369,00;339
WINV26;24/07/2026;09:20:00;180385,00;180465,00;180125,00;180210,00;22132689,00;614
WINV26;24/07/2026;09:10:00;180585,00;180585,00;180200,00;180435,00;23376239,00;648
WINV26;24/07/2026;09:00:00;181510,00;181870,00;180300,00;180575,00;170491250,00;4716
WINV26;23/07/2026;18:20:00;181635,00;181750,00;181560,00;181750,00;7991102,00;220
WINV26;23/07/2026;18:10:00;181660,00;181680,00;181590,00;181650,00;58079384,00;1599
WINV26;23/07/2026;18:00:00;181600,00;181655,00;181560,00;181655,00;2579106,00;71
WINV26;23/07/2026;17:50:00;181535,00;181615,00;181535,00;181595,00;1416362,00;39
WINV26;23/07/2026;17:40:00;181575,00;181580,00;181525,00;181525,00;907710,00;25
WINV26;23/07/2026;17:30:00;181550,00;181565,00;181500,00;181545,00;326778,00;9
WINV26;23/07/2026;17:20:00;181515,00;181545,00;181490,00;181545,00;363038,00;10
WINV26;23/07/2026;17:10:00;181570,00;181640,00;181480,00;181480,00;13473966,00;371
WINV26;23/07/2026;17:00:00;181530,00;181665,00;181530,00;181585,00;50735901,00;1397
WINV26;23/07/2026;16:50:00;181515,00;181555,00;181440,00;181555,00;2613489,00;72
WINV26;23/07/2026;16:40:00;181545,00;181555,00;181445,00;181460,00;2214107,00;61
WINV26;23/07/2026;16:30:00;181650,00;181825,00;181510,00;181535,00;4177784,00;115
WINV26;23/07/2026;16:20:00;181450,00;181600,00;181420,00;181565,00;29286683,00;807
WINV26;23/07/2026;16:10:00;181725,00;181760,00;181480,00;181485,00;3270476,00;90
WINV26;23/07/2026;16:00:00;181725,00;181865,00;181725,00;181725,00;22040287,00;606
WINV26;23/07/2026;15:50:00;181680,00;181705,00;181625,00;181700,00;2870455,00;79
WINV26;23/07/2026;15:40:00;181660,00;181740,00;181565,00;181675,00;24553827,00;676
WINV26;23/07/2026;15:30:00;181515,00;181760,00;181515,00;181690,00;19699385,00;542
WINV26;23/07/2026;15:20:00;181460,00;181565,00;181440,00;181525,00;1851383,00;51
WINV26;23/07/2026;15:10:00;181360,00;181460,00;181330,00;181460,00;1777308,00;49
WINV26;23/07/2026;15:00:00;181440,00;181475,00;181395,00;181395,00;544279,00;15
WINV26;23/07/2026;14:50:00;181505,00;181520,00;181280,00;181330,00;4134448,00;114
WINV26;23/07/2026;14:40:00;181235,00;181500,00;181205,00;181500,00;3771368,00;104
WINV26;23/07/2026;14:30:00;181345,00;181440,00;181240,00;181245,00;12689889,00;350
WINV26;23/07/2026;14:20:00;181440,00;181485,00;181320,00;181395,00;2467311,00;68
WINV26;23/07/2026;14:10:00;181465,00;181465,00;181250,00;181435,00;3555284,00;98
WINV26;23/07/2026;14:00:00;181580,00;181675,00;181365,00;181510,00;2142435,00;59
WINV26;23/07/2026;13:40:00;181450,00;181555,00;181450,00;181545,00;544589,00;15
WINV26;23/07/2026;13:30:00;181545,00;181545,00;181430,00;181430,00;544368,00;15
WINV26;23/07/2026;13:20:00;181540,00;181630,00;181540,00;181630,00;835383,00;23
WINV26;23/07/2026;13:10:00;181565,00;181690,00;181490,00;181620,00;6393259,00;176
WINV26;23/07/2026;13:00:00;181515,00;181515,00;181480,00;181510,00;181498,00;5
WINV26;23/07/2026;12:50:00;181505,00;181565,00;181450,00;181515,00;12126545,00;334
WINV26;23/07/2026;12:40:00;181630,00;181670,00;181390,00;181425,00;2649783,00;73
WINV26;23/07/2026;12:30:00;181335,00;181705,00;181310,00;181590,00;137897377,00;3797
WINV26;23/07/2026;12:20:00;182005,00;182005,00;181350,00;181350,00;177040520,00;4870
WINV26;23/07/2026;12:10:00;182155,00;182195,00;181910,00;182005,00;13653325,00;375
WINV26;23/07/2026;12:00:00;182305,00;182395,00;182185,00;182300,00;6344534,00;174
WINV26;23/07/2026;11:50:00;182100,00;182395,00;182000,00;182325,00;23834343,00;654
WINV26;23/07/2026;11:40:00;182465,00;182500,00;182120,00;182140,00;3282951,00;90
WINV26;23/07/2026;11:30:00;182500,00;182580,00;182265,00;182495,00;11274608,00;309
WINV26;23/07/2026;11:20:00;181985,00;182495,00;181985,00;182495,00;12214476,00;335
WINV26;23/07/2026;11:10:00;181900,00;182350,00;181870,00;182025,00;110487032,00;3031
WINV26;23/07/2026;11:00:00;182010,00;182145,00;181760,00;181890,00;35177613,00;967
WINV26;23/07/2026;10:50:00;182560,00;182880,00;182000,00;182000,00;71868134,00;1967
WINV26;23/07/2026;10:40:00;182010,00;182575,00;182000,00;182530,00;29295372,00;803
WINV26;23/07/2026;10:30:00;181975,00;182345,00;181790,00;181850,00;9397567,00;258
WINV26;23/07/2026;10:20:00;181365,00;181965,00;181190,00;181900,00;7003086,00;193
WINV26;23/07/2026;10:10:00;181715,00;181855,00;181225,00;181355,00;26358728,00;726
WINV26;23/07/2026;10:00:00;182080,00;182225,00;181700,00;181715,00;22516035,00;619
WINV26;23/07/2026;09:50:00;182150,00;182195,00;182010,00;182010,00;4150992,00;114
WINV26;23/07/2026;09:40:00;182255,00;182350,00;181910,00;182140,00;20795809,00;571
WINV26;23/07/2026;09:30:00;182200,00;182440,00;182180,00;182275,00;18489542,00;507
WINV26;23/07/2026;09:20:00;181890,00;182180,00;181890,00;182150,00;3458726,00;95
WINV26;23/07/2026;09:10:00;182160,00;182255,00;181870,00;181965,00;25200064,00;692
WINV26;23/07/2026;09:00:00;182190,00;182515,00;181545,00;182215,00;163868700,00;4503
WINV26;22/07/2026;18:20:00;182735,00;182735,00;182605,00;182605,00;10668808,00;292
WINV26;22/07/2026;18:10:00;182810,00;182850,00;182715,00;182750,00;5958785,00;163
WINV26;22/07/2026;18:00:00;182745,00;182900,00;182745,00;182825,00;55796112,00;1526
WINV26;22/07/2026;17:50:00;182750,00;182815,00;182745,00;182810,00;3436037,00;94
WINV26;22/07/2026;17:40:00;182800,00;182820,00;182715,00;182715,00;8662390,00;237
WINV26;22/07/2026;17:30:00;182865,00;182925,00;182865,00;182925,00;6035783,00;165
WINV26;22/07/2026;17:20:00;182885,00;182950,00;182865,00;182865,00;5341081,00;146
WINV26;22/07/2026;17:10:00;182670,00;182935,00;182670,00;182935,00;18057139,00;494
WINV26;22/07/2026;17:00:00;182705,00;182750,00;182640,00;182695,00;3800470,00;104
WINV26;22/07/2026;16:50:00;182590,00;182740,00;182560,00;182705,00;6868728,00;188
WINV26;22/07/2026;16:40:00;182500,00;182625,00;182445,00;182625,00;1314194,00;36
WINV26;22/07/2026;16:30:00;182585,00;182590,00;182515,00;182565,00;12816318,00;351
WINV26;22/07/2026;16:20:00;182535,00;182635,00;182465,00;182585,00;2336431,00;64
WINV26;22/07/2026;16:10:00;182520,00;182595,00;182480,00;182555,00;1679426,00;46
WINV26;22/07/2026;16:00:00;182705,00;182710,00;182500,00;182595,00;4381999,00;120
WINV26;22/07/2026;15:50:00;182570,00;182735,00;182550,00;182705,00;10080790,00;276
WINV26;22/07/2026;15:40:00;182515,00;182565,00;182470,00;182555,00;2080956,00;57
WINV26;22/07/2026;15:30:00;182410,00;182525,00;182345,00;182525,00;2262363,00;62
WINV26;22/07/2026;15:20:00;182350,00;182510,00;182340,00;182460,00;15032614,00;412
WINV26;22/07/2026;15:10:00;182320,00;182460,00;182320,00;182415,00;7585623,00;208
WINV26;22/07/2026;15:00:00;182440,00;182585,00;182310,00;182310,00;14637931,00;401
WINV26;22/07/2026;14:50:00;182380,00;182510,00;182360,00;182410,00;4634042,00;127
WINV26;22/07/2026;14:40:00;182120,00;182410,00;182120,00;182360,00;12504473,00;343
WINV26;22/07/2026;14:30:00;181980,00;182255,00;181980,00;182080,00;15994117,00;439
WINV26;22/07/2026;14:20:00;181890,00;182045,00;181890,00;182030,00;7133225,00;196
WINV26;22/07/2026;14:10:00;181785,00;182010,00;181735,00;181865,00;18555587,00;510
WINV26;22/07/2026;14:00:00;181550,00;181855,00;181550,00;181790,00;17449169,00;480
WINV26;22/07/2026;13:50:00;181455,00;181605,00;181455,00;181540,00;2287724,00;63
WINV26;22/07/2026;13:40:00;181455,00;181550,00;181400,00;181415,00;2431895,00;67
WINV26;22/07/2026;13:30:00;181295,00;181520,00;181295,00;181455,00;4463093,00;123
WINV26;22/07/2026;13:20:00;181170,00;181295,00;181170,00;181270,00;2030016,00;56
WINV26;22/07/2026;13:10:00;181200,00;181295,00;181160,00;181160,00;2138897,00;59
WINV26;22/07/2026;13:00:00;181250,00;181385,00;181230,00;181280,00;9101416,00;251
WINV26;22/07/2026;12:50:00;181170,00;181240,00;181080,00;181175,00;1811366,00;50
WINV26;22/07/2026;12:40:00;180980,00;181285,00;180970,00;181220,00;6377125,00;176
WINV26;22/07/2026;12:30:00;180705,00;181150,00;180705,00;181015,00;12820402,00;354
WINV26;22/07/2026;12:20:00;180535,00;180860,00;180530,00;180770,00;6001261,00;166
WINV26;22/07/2026;12:10:00;180765,00;180800,00;180610,00;180610,00;1987688,00;55
WINV26;22/07/2026;12:00:00;180505,00;180820,00;180455,00;180820,00;3286865,00;91
WINV26;22/07/2026;11:50:00;180410,00;180615,00;180365,00;180580,00;5521153,00;153
WINV26;22/07/2026;11:40:00;180560,00;180745,00;180315,00;180405,00;14087748,00;390
WINV26;22/07/2026;11:30:00;180840,00;180840,00;180545,00;180605,00;7372190,00;204
WINV26;22/07/2026;11:20:00;181045,00;181115,00;180840,00;180855,00;2026536,00;56
WINV26;22/07/2026;11:10:00;181040,00;181285,00;180860,00;181210,00;14987889,00;414
WINV26;22/07/2026;11:00:00;181570,00;181660,00;180965,00;180995,00;60885585,00;1680
WINV26;22/07/2026;10:50:00;181680,00;181930,00;181500,00;181610,00;41299119,00;1136
WINV26;22/07/2026;10:40:00;180700,00;181990,00;180670,00;181850,00;153208939,00;4223
WINV26;22/07/2026;10:30:00;179990,00;180760,00;179990,00;180700,00;49211730,00;1363
WINV26;22/07/2026;10:20:00;179625,00;179990,00;179485,00;179955,00;13272453,00;369
WINV26;22/07/2026;10:10:00;179345,00;179840,00;179300,00;179530,00;27986462,00;779
WINV26;22/07/2026;10:00:00;179480,00;179700,00;179325,00;179400,00;28687100,00;799
WINV26;22/07/2026;09:50:00;179015,00;179480,00;178910,00;179385,00;11536141,00;322
WINV26;22/07/2026;09:40:00;179215,00;179240,00;178860,00;179090,00;4153859,00;116
WINV26;22/07/2026;09:30:00;178950,00;179420,00;178950,00;179260,00;8031472,00;224
WINV26;22/07/2026;09:20:00;179005,00;179250,00;178935,00;179070,00;9953533,00;278
WINV26;22/07/2026;09:10:00;179065,00;179310,00;178965,00;179030,00;20779543,00;580
WINV26;22/07/2026;09:00:00;178000,00;179190,00;177965,00;179100,00;81503080,00;2282
WINV26;21/07/2026;18:20:00;178395,00;178450,00;178330,00;178450,00;9881299,00;277
WINV26;21/07/2026;18:10:00;178380,00;178400,00;178310,00;178400,00;62068311,00;1740
WINV26;21/07/2026;18:00:00;178350,00;178410,00;178350,00;178410,00;1855272,00;52
WINV26;21/07/2026;17:50:00;178265,00;178345,00;178265,00;178345,00;2389231,00;67
WINV26;21/07/2026;17:40:00;178240,00;178280,00;178210,00;178280,00;570333,00;16
WINV26;21/07/2026;17:30:00;178220,00;178275,00;178210,00;178210,00;11905226,00;334
WINV26;21/07/2026;17:20:00;178245,00;178265,00;178205,00;178220,00;2281216,00;64
WINV26;21/07/2026;17:10:00;178290,00;178320,00;178250,00;178290,00;285240,00;8
WINV26;21/07/2026;17:00:00;178380,00;178380,00;178265,00;178305,00;1355245,00;38
WINV26;21/07/2026;16:50:00;178450,00;178490,00;178320,00;178425,00;4996375,00;140
WINV26;21/07/2026;16:40:00;178440,00;178455,00;178370,00;178435,00;2533792,00;71
WINV26;21/07/2026;16:30:00;178350,00;178480,00;178350,00;178420,00;499591,00;14
WINV26;21/07/2026;16:20:00;178400,00;178490,00;178390,00;178460,00;2962269,00;83
WINV26;21/07/2026;16:10:00;178555,00;178555,00;178410,00;178410,00;2641655,00;74
WINV26;21/07/2026;16:00:00;178485,00;178550,00;178450,00;178545,00;3141786,00;88
WINV26;21/07/2026;15:50:00;178430,00;178465,00;178400,00;178400,00;356888,00;10
WINV26;21/07/2026;15:40:00;178405,00;178490,00;178405,00;178450,00;999282,00;28
WINV26;21/07/2026;15:30:00;178420,00;178455,00;178370,00;178415,00;1463049,00;41
WINV26;21/07/2026;15:20:00;178350,00;178420,00;178325,00;178375,00;1391452,00;39
WINV26;21/07/2026;15:10:00;178330,00;178365,00;178325,00;178330,00;1070118,00;30
WINV26;21/07/2026;15:00:00;178385,00;178405,00;178245,00;178270,00;3923823,00;110
WINV26;21/07/2026;14:50:00;178095,00;178400,00;178095,00;178390,00;4635121,00;130
WINV26;21/07/2026;14:40:00;178245,00;178325,00;178005,00;178030,00;8911893,00;250
WINV26;21/07/2026;14:30:00;178060,00;178230,00;178060,00;178175,00;9265319,00;260
WINV26;21/07/2026;14:20:00;178000,00;178030,00;177970,00;178025,00;1174828,00;33
WINV26;21/07/2026;14:10:00;178070,00;178100,00;178000,00;178010,00;676665,00;19
WINV26;21/07/2026;14:00:00;178075,00;178170,00;178035,00;178035,00;1104283,00;31
WINV26;21/07/2026;13:50:00;178045,00;178125,00;178030,00;178045,00;3704122,00;104
WINV26;21/07/2026;13:40:00;177965,00;178025,00;177915,00;178025,00;1174644,00;33
WINV26;21/07/2026;13:30:00;177930,00;177995,00;177880,00;177995,00;996568,00;28
WINV26;21/07/2026;13:20:00;177790,00;177990,00;177790,00;177930,00;22373529,00;629
WINV26;21/07/2026;13:10:00;177750,00;177825,00;177750,00;177825,00;782341,00;22
WINV26;21/07/2026;13:00:00;177700,00;177820,00;177700,00;177705,00;1848547,00;52
WINV26;21/07/2026;12:50:00;177695,00;177800,00;177665,00;177665,00;5047866,00;142
WINV26;21/07/2026;12:40:00;177795,00;177860,00;177720,00;177720,00;2418345,00;68
WINV26;21/07/2026;12:30:00;177675,00;177845,00;177675,00;177770,00;33675366,00;947
WINV26;21/07/2026;12:20:00;177500,00;177730,00;177440,00;177685,00;19047438,00;536
WINV26;21/07/2026;12:10:00;177355,00;177515,00;177325,00;177515,00;4754651,00;134
WINV26;21/07/2026;12:00:00;177315,00;177365,00;177230,00;177340,00;21731507,00;613
WINV26;21/07/2026;11:50:00;177440,00;177470,00;177250,00;177315,00;7023841,00;198
WINV26;21/07/2026;11:40:00;177555,00;177615,00;177500,00;177545,00;10084783,00;284
WINV26;21/07/2026;11:30:00;177845,00;178000,00;177460,00;177530,00;203140615,00;5719
WINV26;21/07/2026;11:20:00;178105,00;178110,00;177750,00;177810,00;5512899,00;155
WINV26;21/07/2026;11:10:00;178055,00;178330,00;177995,00;178180,00;9021380,00;253
WINV26;21/07/2026;11:00:00;177690,00;178205,00;177690,00;178130,00;11183195,00;314
WINV26;21/07/2026;10:50:00;178170,00;178170,00;177745,00;177815,00;5053312,00;142
WINV26;21/07/2026;10:40:00;177880,00;178245,00;177620,00;178140,00;49723685,00;1398
WINV26;21/07/2026;10:30:00;178385,00;178825,00;177855,00;177880,00;248748530,00;6980
WINV26;21/07/2026;10:20:00;178275,00;178500,00;178110,00;178345,00;136667569,00;3833
WINV26;21/07/2026;10:10:00;178495,00;178700,00;178290,00;178290,00;12033673,00;337
WINV26;21/07/2026;10:00:00;178475,00;178555,00;178270,00;178465,00;5567622,00;156
WINV26;21/07/2026;09:50:00;178485,00;178500,00;178320,00;178420,00;2176476,00;61
WINV26;21/07/2026;09:40:00;178720,00;178755,00;178400,00;178465,00;6889016,00;193
WINV26;21/07/2026;09:30:00;178340,00;178705,00;178320,00;178695,00;14425143,00;404
WINV26;21/07/2026;09:20:00;178470,00;178495,00;178190,00;178390,00;56659618,00;1589
WINV26;21/07/2026;09:10:00;178750,00;179090,00;178410,00;178495,00;22521144,00;630
WINV26;21/07/2026;09:00:00;178990,00;179050,00;178315,00;178610,00;110030527,00;3079
WINV26;20/07/2026;18:20:00;178405,00;178405,00;178330,00;178330,00;4850844,00;136
WINV26;20/07/2026;18:10:00;178360,00;178480,00;178360,00;178405,00;2069754,00;58
WINV26;20/07/2026;18:00:00;178410,00;178420,00;178285,00;178360,00;51362561,00;1440
WINV26;20/07/2026;17:50:00;178480,00;178480,00;178445,00;178445,00;2891281,00;81
WINV26;20/07/2026;17:40:00;178420,00;178500,00;178420,00;178500,00;1642070,00;46
WINV26;20/07/2026;17:30:00;178465,00;178500,00;178400,00;178435,00;1712867,00;48
WINV26;20/07/2026;17:20:00;178470,00;178470,00;178385,00;178400,00;820728,00;23
WINV26;20/07/2026;17:10:00;178430,00;178520,00;178390,00;178470,00;3069240,00;86
WINV26;20/07/2026;17:00:00;178775,00;178775,00;178420,00;178455,00;4498925,00;126
WINV26;20/07/2026;16:50:00;178865,00;178890,00;178760,00;178770,00;1466197,00;41
WINV26;20/07/2026;16:40:00;178920,00;178955,00;178845,00;178890,00;4293980,00;120
WINV26;20/07/2026;16:30:00;178865,00;178955,00;178865,00;178935,00;858742,00;24
WINV26;20/07/2026;16:20:00;178770,00;178865,00;178660,00;178865,00;3039264,00;85
WINV26;20/07/2026;16:10:00;178855,00;178890,00;178705,00;178765,00;1179997,00;33
WINV26;20/07/2026;16:00:00;178865,00;178955,00;178815,00;178890,00;1430952,00;40
WINV26;20/07/2026;15:50:00;178825,00;178825,00;178695,00;178805,00;536391,00;15
WINV26;20/07/2026;15:40:00;178880,00;178930,00;178750,00;178790,00;2002941,00;56
WINV26;20/07/2026;15:30:00;178915,00;179040,00;178915,00;178950,00;1503580,00;42
WINV26;20/07/2026;15:20:00;178920,00;178980,00;178855,00;178915,00;2075449,00;58
WINV26;20/07/2026;15:10:00;179010,00;179090,00;178905,00;178980,00;1825901,00;51
WINV26;20/07/2026;15:00:00;178935,00;179000,00;178935,00;178960,00;1324433,00;37
WINV26;20/07/2026;14:50:00;178790,00;178900,00;178790,00;178900,00;2110373,00;59
WINV26;20/07/2026;14:40:00;178705,00;178710,00;178685,00;178690,00;571826,00;16
WINV26;20/07/2026;14:30:00;178750,00;178790,00;178590,00;178655,00;2287476,00;64
WINV26;20/07/2026;14:20:00;178680,00;178770,00;178680,00;178730,00;250192,00;7
WINV26;20/07/2026;14:10:00;178750,00;178750,00;178700,00;178735,00;679199,00;19
WINV26;20/07/2026;14:00:00;178730,00;178805,00;178670,00;178670,00;3003422,00;84
WINV26;20/07/2026;13:50:00;179030,00;179030,00;178660,00;178660,00;1752421,00;49
WINV26;20/07/2026;13:40:00;179060,00;179060,00;178825,00;179045,00;11524402,00;322
WINV26;20/07/2026;13:30:00;179190,00;179205,00;179050,00;179115,00;1934591,00;54
WINV26;20/07/2026;13:20:00;179330,00;179410,00;179135,00;179135,00;1721076,00;48
WINV26;20/07/2026;13:10:00;179350,00;179365,00;179330,00;179330,00;573897,00;16
WINV26;20/07/2026;13:00:00;179185,00;179450,00;179185,00;179355,00;3658989,00;102
WINV26;20/07/2026;12:50:00;179125,00;179330,00;179125,00;179225,00;7853028,00;219
WINV26;20/07/2026;12:40:00;179175,00;179215,00;179055,00;179125,00;1970681,00;55
WINV26;20/07/2026;12:30:00;179080,00;179200,00;179035,00;179155,00;1217908,00;34
WINV26;20/07/2026;12:20:00;178945,00;179050,00;178890,00;179050,00;1574808,00;44
WINV26;20/07/2026;12:10:00;179210,00;179210,00;178990,00;179020,00;2650182,00;74
WINV26;20/07/2026;12:00:00;179200,00;179325,00;179170,00;179210,00;1362081,00;38
WINV26;20/07/2026;11:50:00;179400,00;179520,00;179190,00;179235,00;5164474,00;144
WINV26;20/07/2026;11:40:00;179220,00;179400,00;179010,00;179400,00;2079469,00;58
WINV26;20/07/2026;11:30:00;179000,00;179250,00;179000,00;179220,00;1254269,00;35
WINV26;20/07/2026;11:20:00;178950,00;179000,00;178940,00;179000,00;322128,00;9
WINV26;20/07/2026;11:10:00;178845,00;178895,00;178710,00;178845,00;893978,00;25
WINV26;20/07/2026;11:00:00;178990,00;179155,00;178810,00;178810,00;3473625,00;97
WINV26;20/07/2026;10:50:00;178675,00;178950,00;178675,00;178950,00;7509387,00;210
WINV26;20/07/2026;10:40:00;178835,00;178835,00;178300,00;178650,00;16634079,00;466
WINV26;20/07/2026;10:30:00;178845,00;179110,00;178555,00;178760,00;8797841,00;246
WINV26;20/07/2026;10:20:00;179080,00;179210,00;178895,00;178915,00;2506056,00;70
WINV26;20/07/2026;10:10:00;179225,00;179360,00;178870,00;178900,00;3868908,00;108
WINV26;20/07/2026;10:00:00;178970,00;179680,00;178970,00;179225,00;26116257,00;728
WINV26;20/07/2026;09:50:00;178835,00;179120,00;178825,00;178980,00;3651891,00;102
WINV26;20/07/2026;09:40:00;178810,00;178895,00;178760,00;178820,00;2253222,00;63
WINV26;20/07/2026;09:30:00;178955,00;179070,00;178805,00;178805,00;5655639,00;158
WINV26;20/07/2026;09:20:00;178825,00;178950,00;178530,00;178920,00;8616272,00;241
WINV26;20/07/2026;09:10:00;179195,00;179245,00;178800,00;178860,00;12851740,00;359
WINV26;20/07/2026;09:00:00;179300,00;179670,00;178500,00;179135,00;108164341,00;3023
WINV26;17/07/2026;18:20:00;178730,00;178850,00;178725,00;178775,00;4969959,00;139
WINV26;17/07/2026;18:10:00;178725,00;178795,00;178650,00;178700,00;22477315,00;629
WINV26;17/07/2026;18:00:00;178645,00;178760,00;178645,00;178675,00;24872837,00;696
WINV26;17/07/2026;17:50:00;178735,00;178830,00;178620,00;178690,00;7399111,00;207
WINV26;17/07/2026;17:40:00;178745,00;178750,00;178675,00;178720,00;1465448,00;41
WINV26;17/07/2026;17:30:00;178900,00;178920,00;178710,00;178740,00;6472256,00;181
WINV26;17/07/2026;17:20:00;178925,00;178985,00;178900,00;178950,00;644277,00;18
WINV26;17/07/2026;17:10:00;178905,00;178965,00;178895,00;178965,00;1001961,00;28
WINV26;17/07/2026;17:00:00;178960,00;179030,00;178910,00;178955,00;2612810,00;73
WINV26;17/07/2026;16:50:00;178910,00;179085,00;178875,00;179005,00;19477042,00;544
WINV26;17/07/2026;16:40:00;178750,00;178950,00;178750,00;178905,00;18458244,00;516
WINV26;17/07/2026;16:30:00;178795,00;178830,00;178700,00;178760,00;24774891,00;693
WINV26;17/07/2026;16:20:00;178540,00;178790,00;178520,00;178790,00;6002970,00;168
WINV26;17/07/2026;16:10:00;178590,00;178640,00;178495,00;178575,00;29824389,00;835
WINV26;17/07/2026;16:00:00;178655,00;178700,00;178580,00;178600,00;2607732,00;73
WINV26;17/07/2026;15:50:00;178600,00;178700,00;178600,00;178665,00;4894971,00;137
WINV26;17/07/2026;15:40:00;178630,00;178660,00;178610,00;178630,00;20042368,00;561
WINV26;17/07/2026;15:30:00;178680,00;178710,00;178565,00;178630,00;4608301,00;129
WINV26;17/07/2026;15:20:00;178725,00;178725,00;178635,00;178675,00;1107738,00;31
WINV26;17/07/2026;15:10:00;178710,00;178745,00;178605,00;178655,00;3108590,00;87
WINV26;17/07/2026;15:00:00;178775,00;178775,00;178645,00;178700,00;5718363,00;160
WINV26;17/07/2026;14:50:00;179095,00;179095,00;178775,00;178775,00;18178313,00;508
WINV26;17/07/2026;14:40:00;179015,00;179065,00;178945,00;179065,00;5406393,00;151
WINV26;17/07/2026;14:30:00;179190,00;179270,00;179045,00;179045,00;5698279,00;159
WINV26;17/07/2026;14:20:00;179185,00;179195,00;179170,00;179170,00;680898,00;19
WINV26;17/07/2026;14:10:00;179265,00;179270,00;179100,00;179110,00;2830329,00;79
WINV26;17/07/2026;14:00:00;179170,00;179255,00;179140,00;179255,00;2938920,00;82
WINV26;17/07/2026;13:50:00;179255,00;179255,00;179065,00;179115,00;3296494,00;92
WINV26;17/07/2026;13:40:00;179040,00;179280,00;179040,00;179280,00;2365042,00;66
WINV26;17/07/2026;13:30:00;179250,00;179250,00;179030,00;179080,00;3832585,00;107
WINV26;17/07/2026;13:20:00;179350,00;179350,00;179160,00;179235,00;12587761,00;351
WINV26;17/07/2026;13:10:00;179705,00;179705,00;179350,00;179350,00;15392378,00;429
WINV26;17/07/2026;13:00:00;179680,00;179745,00;179510,00;179725,00;5640941,00;157
WINV26;17/07/2026;12:50:00;179570,00;179795,00;179570,00;179670,00;5823817,00;162
WINV26;17/07/2026;12:40:00;179640,00;179640,00;179455,00;179550,00;2944077,00;82
WINV26;17/07/2026;12:30:00;179650,00;179750,00;179560,00;179655,00;4994592,00;139
WINV26;17/07/2026;12:20:00;179585,00;179700,00;179510,00;179700,00;9230464,00;257
WINV26;17/07/2026;12:10:00;179500,00;179620,00;179410,00;179620,00;5923597,00;165
WINV26;17/07/2026;12:00:00;179455,00;179475,00;179240,00;179440,00;3264974,00;91
WINV26;17/07/2026;11:50:00;179435,00;179485,00;179310,00;179430,00;2260308,00;63
WINV26;17/07/2026;11:40:00;179115,00;179495,00;179115,00;179410,00;4985976,00;139
WINV26;17/07/2026;11:30:00;179070,00;179300,00;179070,00;179280,00;1613258,00;45
WINV26;17/07/2026;11:20:00;179070,00;179275,00;179065,00;179140,00;4442783,00;124
WINV26;17/07/2026;11:10:00;178915,00;179165,00;178830,00;179075,00;4510808,00;126
WINV26;17/07/2026;11:00:00;179400,00;179400,00;178965,00;178965,00;6055629,00;169
WINV26;17/07/2026;10:50:00;179180,00;179600,00;179010,00;179500,00;11729990,00;327
WINV26;17/07/2026;10:40:00;179000,00;179250,00;178890,00;179145,00;5336088,00;149
WINV26;17/07/2026;10:30:00;178840,00;179350,00;178770,00;178935,00;16872762,00;471
WINV26;17/07/2026;10:20:00;178985,00;179070,00;178545,00;178990,00;9865271,00;276
WINV26;17/07/2026;10:10:00;179035,00;179185,00;178850,00;179010,00;2613754,00;73
WINV26;17/07/2026;10:00:00;179085,00;179085,00;178660,00;178960,00;7763715,00;217
WINV26;17/07/2026;09:50:00;179000,00;179150,00;178920,00;179010,00;3114523,00;87
WINV26;17/07/2026;09:40:00;178930,00;179150,00;178825,00;179025,00;7305451,00;204
WINV26;17/07/2026;09:30:00;178750,00;178860,00;178610,00;178840,00;4361305,00;122
WINV26;17/07/2026;09:20:00;178810,00;178965,00;178700,00;178755,00;6542359,00;183
WINV26;17/07/2026;09:10:00;178820,00;179180,00;178820,00;178900,00;3222460,00;90
WINV26;17/07/2026;09:00:00;178250,00;179365,00;178250,00;178810,00;90009422,00;2515
WINV26;16/07/2026;18:20:00;178990,00;178995,00;178865,00;178865,00;2719291,00;76
WINV26;16/07/2026;18:10:00;178950,00;178995,00;178875,00;178965,00;49774225,00;1391
WINV26;16/07/2026;18:00:00;179030,00;179035,00;178915,00;178975,00;1145417,00;32
WINV26;16/07/2026;17:50:00;179095,00;179095,00;178985,00;179005,00;644542,00;18
WINV26;16/07/2026;17:40:00;179055,00;179095,00;179015,00;179050,00;3545200,00;99
WINV26;16/07/2026;17:30:00;179010,00;179045,00;178870,00;179045,00;6872085,00;192
WINV26;16/07/2026;17:20:00;179070,00;179070,00;179030,00;179045,00;2112835,00;59
WINV26;16/07/2026;17:10:00;179165,00;179165,00;179060,00;179085,00;608881,00;17
WINV26;16/07/2026;17:00:00;179210,00;179260,00;179110,00;179140,00;2078737,00;58
WINV26;16/07/2026;16:50:00;179025,00;179185,00;179020,00;179170,00;3331659,00;93
WINV26;16/07/2026;16:40:00;179090,00;179105,00;178975,00;178985,00;3652150,00;102
WINV26;16/07/2026;16:30:00;179065,00;179065,00;178980,00;179010,00;1145629,00;32
WINV26;16/07/2026;16:20:00;179080,00;179125,00;179065,00;179125,00;823843,00;23
WINV26;16/07/2026;16:10:00;179060,00;179175,00;179015,00;179175,00;3904151,00;109
WINV26;16/07/2026;16:00:00;179090,00;179195,00;179015,00;179015,00;3617747,00;101
WINV26;16/07/2026;15:50:00;179240,00;179255,00;179090,00;179130,00;2580870,00;72
WINV26;16/07/2026;15:40:00;179095,00;179220,00;179070,00;179220,00;22606823,00;631
WINV26;16/07/2026;15:30:00;179095,00;179095,00;179025,00;179085,00;16724610,00;467
WINV26;16/07/2026;15:20:00;179200,00;179315,00;179170,00;179185,00;6488003,00;181
WINV26;16/07/2026;15:10:00;179100,00;179290,00;179100,00;179260,00;19249829,00;537
WINV26;16/07/2026;15:00:00;179150,00;179180,00;178905,00;179035,00;8596372,00;240
WINV26;16/07/2026;14:50:00;179435,00;179500,00;179135,00;179200,00;28139099,00;785
WINV26;16/07/2026;14:40:00;179410,00;179450,00;179300,00;179450,00;19728910,00;550
WINV26;16/07/2026;14:30:00;179500,00;179500,00;179410,00;179410,00;1471728,00;41
WINV26;16/07/2026;14:20:00;179385,00;179490,00;179350,00;179430,00;7859244,00;219
WINV26;16/07/2026;14:10:00;179445,00;179570,00;179300,00;179410,00;29825079,00;831
WINV26;16/07/2026;14:00:00;179880,00;179895,00;179395,00;179425,00;30675991,00;854
WINV26;16/07/2026;13:50:00;179900,00;179970,00;179840,00;179860,00;2986382,00;83
WINV26;16/07/2026;13:40:00;180120,00;180170,00;179850,00;179955,00;6985193,00;194
WINV26;16/07/2026;13:30:00;180080,00;180150,00;180030,00;180125,00;3061881,00;85
WINV26;16/07/2026;13:20:00;180000,00;180080,00;179950,00;180060,00;5471920,00;152
WINV26;16/07/2026;13:10:00;180175,00;180235,00;180075,00;180150,00;5296112,00;147
WINV26;16/07/2026;13:00:00;180500,00;180525,00;180190,00;180290,00;2452093,00;68
WINV26;16/07/2026;12:50:00;180490,00;180575,00;180480,00;180500,00;1624675,00;45
WINV26;16/07/2026;12:40:00;180530,00;180530,00;180355,00;180470,00;1768350,00;49
WINV26;16/07/2026;12:30:00;180435,00;180590,00;180275,00;180575,00;7218060,00;200
WINV26;16/07/2026;12:20:00;180325,00;180565,00;180325,00;180420,00;4151311,00;115
WINV26;16/07/2026;12:10:00;180345,00;180375,00;180165,00;180245,00;6308910,00;175
WINV26;16/07/2026;12:00:00;180295,00;180400,00;180080,00;180290,00;3351241,00;93
WINV26;16/07/2026;11:50:00;180390,00;180615,00;180215,00;180430,00;4800453,00;133
WINV26;16/07/2026;11:40:00;180035,00;180420,00;179970,00;180420,00;11679029,00;324
WINV26;16/07/2026;11:30:00;180005,00;180025,00;179920,00;180025,00;1259913,00;35
WINV26;16/07/2026;11:20:00;180015,00;180050,00;179835,00;180015,00;6729283,00;187
WINV26;16/07/2026;11:10:00;180030,00;180220,00;179810,00;180135,00;14187379,00;394
WINV26;16/07/2026;11:00:00;179475,00;180050,00;179475,00;180050,00;18198773,00;506
WINV26;16/07/2026;10:50:00;179320,00;179525,00;179230,00;179465,00;9007148,00;251
WINV26;16/07/2026;10:40:00;179430,00;179500,00;179195,00;179310,00;24923669,00;695
WINV26;16/07/2026;10:30:00;180390,00;180390,00;179305,00;179365,00;30602371,00;851
WINV26;16/07/2026;10:20:00;180440,00;180565,00;180340,00;180465,00;12018105,00;333
WINV26;16/07/2026;10:10:00;180675,00;180860,00;180495,00;180495,00;7300453,00;202
WINV26;16/07/2026;10:00:00;181060,00;181080,00;180370,00;180695,00;13696467,00;379
WINV26;16/07/2026;09:50:00;181375,00;181375,00;181045,00;181075,00;3406191,00;94
WINV26;16/07/2026;09:40:00;181350,00;181440,00;181200,00;181270,00;4930563,00;136
WINV26;16/07/2026;09:30:00;181525,00;181525,00;181205,00;181365,00;4751618,00;131
WINV26;16/07/2026;09:20:00;181835,00;181890,00;181370,00;181370,00;8861395,00;244
WINV26;16/07/2026;09:10:00;182035,00;182035,00;181700,00;181835,00;6074409,00;167
WINV26;16/07/2026;09:00:00;181045,00;182500,00;181000,00;182000,00;93415432,00;2566
WINV26;15/07/2026;18:20:00;181570,00;182250,00;181545,00;182250,00;3680103,00;101
WINV26;15/07/2026;18:10:00;181555,00;181660,00;181505,00;181505,00;25568758,00;704
WINV26;15/07/2026;18:00:00;181520,00;181550,00;181465,00;181550,00;943806,00;26
WINV26;15/07/2026;17:50:00;181495,00;181530,00;181435,00;181500,00;1234110,00;34
WINV26;15/07/2026;17:40:00;181480,00;181495,00;181480,00;181495,00;399259,00;11
WINV26;15/07/2026;17:30:00;181455,00;181500,00;181450,00;181460,00;1125143,00;31
WINV26;15/07/2026;17:20:00;181460,00;181490,00;181400,00;181450,00;2104623,00;58
WINV26;15/07/2026;17:10:00;181610,00;181610,00;181480,00;181480,00;907721,00;25
WINV26;15/07/2026;17:00:00;181485,00;181700,00;181485,00;181560,00;19689892,00;542
WINV26;15/07/2026;16:50:00;181505,00;181585,00;181460,00;181480,00;2795102,00;77
WINV26;15/07/2026;16:40:00;181540,00;181555,00;181495,00;181510,00;2722689,00;75
WINV26;15/07/2026;16:30:00;181710,00;181725,00;181535,00;181580,00;3051530,00;84
WINV26;15/07/2026;16:20:00;181805,00;181840,00;181720,00;181725,00;1963053,00;54
WINV26;15/07/2026;16:10:00;181735,00;181840,00;181730,00;181840,00;1672286,00;46
WINV26;15/07/2026;16:00:00;181595,00;181770,00;181595,00;181665,00;2107618,00;58
WINV26;15/07/2026;15:50:00;181600,00;181615,00;181565,00;181590,00;1271147,00;35
WINV26;15/07/2026;15:40:00;181660,00;181700,00;181600,00;181620,00;1126147,00;31
WINV26;15/07/2026;15:30:00;181720,00;181840,00;181600,00;181660,00;4470974,00;123
WINV26;15/07/2026;15:20:00;181640,00;181730,00;181560,00;181730,00;2869615,00;79
WINV26;15/07/2026;15:10:00;181595,00;181725,00;181595,00;181640,00;1634885,00;45
WINV26;15/07/2026;15:00:00;181585,00;181660,00;181500,00;181630,00;1924595,00;53
WINV26;15/07/2026;14:50:00;181670,00;181670,00;181550,00;181605,00;1561620,00;43
WINV26;15/07/2026;14:40:00;181460,00;181720,00;181395,00;181655,00;1561533,00;43
WINV26;15/07/2026;14:30:00;181295,00;181510,00;181260,00;181415,00;2902026,00;80
WINV26;15/07/2026;14:20:00;181075,00;181300,00;181065,00;181300,00;2246674,00;62
WINV26;15/07/2026;14:10:00;181070,00;181125,00;180915,00;181105,00;2317130,00;64
WINV26;15/07/2026;14:00:00;180945,00;181170,00;180945,00;181170,00;1665724,00;46
WINV26;15/07/2026;13:50:00;181215,00;181220,00;180850,00;180920,00;4090326,00;113
WINV26;15/07/2026;13:40:00;181055,00;181300,00;181055,00;181215,00;4457428,00;123
WINV26;15/07/2026;13:30:00;181095,00;181160,00;181030,00;181100,00;1883257,00;52
WINV26;15/07/2026;13:20:00;181155,00;181175,00;180985,00;181040,00;4345744,00;120
WINV26;15/07/2026;13:10:00;181245,00;181285,00;181070,00;181180,00;3949757,00;109
WINV26;15/07/2026;13:00:00;181310,00;181310,00;181150,00;181150,00;4892573,00;135
WINV26;15/07/2026;12:50:00;181305,00;181335,00;181205,00;181215,00;2175029,00;60
WINV26;15/07/2026;12:40:00;181290,00;181300,00;181190,00;181265,00;1486219,00;41
WINV26;15/07/2026;12:30:00;181410,00;181410,00;181250,00;181255,00;1486777,00;41
WINV26;15/07/2026;12:20:00;181720,00;181720,00;181370,00;181420,00;2940093,00;81
WINV26;15/07/2026;12:10:00;181700,00;181745,00;181510,00;181655,00;7920927,00;218
WINV26;15/07/2026;12:00:00;181680,00;181885,00;181655,00;181700,00;5852039,00;161
WINV26;15/07/2026;11:50:00;181525,00;181750,00;181505,00;181685,00;2106349,00;58
WINV26;15/07/2026;11:40:00;181575,00;181575,00;181310,00;181475,00;9543742,00;263
WINV26;15/07/2026;11:30:00;181295,00;181720,00;181245,00;181610,00;108705530,00;2992
WINV26;15/07/2026;11:20:00;181515,00;181580,00;181110,00;181375,00;194949843,00;5378
WINV26;15/07/2026;11:10:00;181580,00;181845,00;181500,00;181500,00;4541567,00;125
WINV26;15/07/2026;11:00:00;181540,00;181655,00;181495,00;181510,00;5084311,00;140
WINV26;15/07/2026;10:50:00;181290,00;181600,00;181180,00;181515,00;9941772,00;274
WINV26;15/07/2026;10:40:00;181405,00;181495,00;181155,00;181290,00;20120616,00;555
WINV26;15/07/2026;10:30:00;181725,00;181900,00;181350,00;181410,00;7770165,00;214
WINV26;15/07/2026;10:20:00;181800,00;181930,00;181540,00;181625,00;8688335,00;239
WINV26;15/07/2026;10:10:00;182005,00;182015,00;181450,00;181650,00;39179397,00;1078
WINV26;15/07/2026;10:00:00;182255,00;182265,00;181570,00;182020,00;19320158,00;531
WINV26;15/07/2026;09:50:00;182225,00;182290,00;182120,00;182200,00;5028657,00;138
WINV26;15/07/2026;09:40:00;182195,00;182440,00;182155,00;182275,00;4157017,00;114
WINV26;15/07/2026;09:30:00;181850,00;182220,00;181605,00;182170,00;11642333,00;320
WINV26;15/07/2026;09:20:00;181575,00;181900,00;181555,00;181790,00;8396661,00;231
WINV26;15/07/2026;09:10:00;181395,00;181760,00;181345,00;181605,00;32751300,00;902
WINV26;15/07/2026;09:00:00;181900,00;182000,00;180800,00;181400,00;232235078,00;6404
WINV26;14/07/2026;18:20:00;182050,00;182125,00;181935,00;181935,00;55136064,00;1514
WINV26;14/07/2026;18:10:00;182205,00;182205,00;182070,00;182140,00;4553275,00;125
WINV26;14/07/2026;18:00:00;182260,00;182300,00;182195,00;182200,00;984199,00;27
WINV26;14/07/2026;17:50:00;182255,00;182320,00;182255,00;182285,00;802073,00;22
WINV26;14/07/2026;17:40:00;182350,00;182350,00;182220,00;182245,00;911296,00;25
WINV26;14/07/2026;17:30:00;182205,00;182340,00;182205,00;182340,00;1421710,00;39
WINV26;14/07/2026;17:20:00;182170,00;182205,00;182145,00;182165,00;1858193,00;51
WINV26;14/07/2026;17:10:00;182375,00;182375,00;182180,00;182180,00;1421442,00;39
WINV26;14/07/2026;17:00:00;182250,00;182420,00;182250,00;182405,00;12763774,00;350
WINV26;14/07/2026;16:50:00;182240,00;182340,00;182160,00;182250,00;1968435,00;54
WINV26;14/07/2026;16:40:00;182120,00;182235,00;182120,00;182200,00;1056578,00;29
WINV26;14/07/2026;16:30:00;182065,00;182100,00;181960,00;182095,00;2075408,00;57
WINV26;14/07/2026;16:20:00;182140,00;182140,00;182015,00;182095,00;7210657,00;198
WINV26;14/07/2026;16:10:00;182225,00;182275,00;182150,00;182180,00;6085970,00;167
WINV26;14/07/2026;16:00:00;182175,00;182350,00;182175,00;182350,00;1786451,00;49
WINV26;14/07/2026;15:50:00;182170,00;182290,00;182095,00;182265,00;1821678,00;50
WINV26;14/07/2026;15:40:00;181880,00;182255,00;181860,00;182195,00;14381345,00;395
WINV26;14/07/2026;15:30:00;181795,00;181860,00;181770,00;181860,00;3744991,00;103
WINV26;14/07/2026;15:20:00;181705,00;181850,00;181705,00;181850,00;4218074,00;116
WINV26;14/07/2026;15:10:00;181740,00;181785,00;181660,00;181725,00;1235677,00;34
WINV26;14/07/2026;15:00:00;181680,00;181740,00;181615,00;181695,00;2034846,00;56
WINV26;14/07/2026;14:50:00;181730,00;181790,00;181550,00;181560,00;2652708,00;73
WINV26;14/07/2026;14:40:00;181580,00;181705,00;181570,00;181660,00;5411719,00;149
WINV26;14/07/2026;14:30:00;181600,00;181650,00;181550,00;181560,00;1525485,00;42
WINV26;14/07/2026;14:20:00;181560,00;181620,00;181550,00;181565,00;726299,00;20
WINV26;14/07/2026;14:10:00;181685,00;181690,00;181560,00;181645,00;871893,00;24
WINV26;14/07/2026;14:00:00;181790,00;181835,00;181575,00;181650,00;7448065,00;205
WINV26;14/07/2026;13:50:00;181685,00;181815,00;181685,00;181745,00;1308750,00;36
WINV26;14/07/2026;13:40:00;181855,00;181940,00;181660,00;181680,00;8365695,00;230
WINV26;14/07/2026;13:30:00;181785,00;181850,00;181750,00;181840,00;2072638,00;57
WINV26;14/07/2026;13:20:00;181695,00;181785,00;181670,00;181680,00;1163066,00;32
WINV26;14/07/2026;13:10:00;181520,00;181755,00;181520,00;181740,00;13404838,00;369
WINV26;14/07/2026;13:00:00;181665,00;181665,00;181340,00;181580,00;12924787,00;356
WINV26;14/07/2026;12:50:00;181895,00;181895,00;181655,00;181700,00;6469321,00;178
WINV26;14/07/2026;12:40:00;181900,00;182010,00;181750,00;182000,00;1855178,00;51
WINV26;14/07/2026;12:30:00;182090,00;182090,00;181980,00;182050,00;1128597,00;31
WINV26;14/07/2026;12:20:00;182200,00;182200,00;182035,00;182125,00;874194,00;24
WINV26;14/07/2026;12:10:00;181940,00;182255,00;181940,00;182220,00;9327710,00;256
WINV26;14/07/2026;12:00:00;181870,00;182085,00;181635,00;181940,00;19682506,00;541
WINV26;14/07/2026;11:50:00;181870,00;181910,00;181790,00;181890,00;1236670,00;34
WINV26;14/07/2026;11:40:00;182185,00;182185,00;181680,00;181935,00;18080154,00;497
WINV26;14/07/2026;11:30:00;182060,00;182550,00;182060,00;182310,00;39883377,00;1093
WINV26;14/07/2026;11:20:00;182105,00;182390,00;181970,00;182000,00;232442979,00;6381
WINV26;14/07/2026;11:10:00;182425,00;182425,00;181885,00;182035,00;142894881,00;3926
WINV26;14/07/2026;11:00:00;182500,00;182740,00;182340,00;182625,00;4381589,00;120
WINV26;14/07/2026;10:50:00;182180,00;182490,00;182125,00;182480,00;8603525,00;236
WINV26;14/07/2026;10:40:00;182200,00;182285,00;182000,00;182020,00;3606684,00;99
WINV26;14/07/2026;10:30:00;181805,00;182315,00;181805,00;182175,00;20399465,00;560
WINV26;14/07/2026;10:20:00;181675,00;182110,00;181540,00;181745,00;11531459,00;317
WINV26;14/07/2026;10:10:00;182100,00;182225,00;181550,00;181705,00;22504532,00;619
WINV26;14/07/2026;10:00:00;182045,00;182450,00;181905,00;182100,00;11477915,00;315
WINV26;14/07/2026;09:50:00;182080,00;182295,00;182000,00;182045,00;129731301,00;3560
WINV26;14/07/2026;09:40:00;182425,00;182470,00;181985,00;182055,00;19573967,00;537
WINV26;14/07/2026;09:30:00;181395,00;183000,00;181340,00;182410,00;153658587,00;4212
WINV26;14/07/2026;09:20:00;181470,00;181690,00;181170,00;181390,00;33288596,00;918
WINV26;14/07/2026;09:10:00;181375,00;181610,00;181245,00;181355,00;14841496,00;409
WINV26;14/07/2026;09:00:00;181310,00;182080,00;181100,00;181400,00;94400629,00;2603
WINV26;13/07/2026;18:20:00;181090,00;181115,00;180970,00;181005,00;3801980,00;105
WINV26;13/07/2026;18:10:00;180940,00;181075,00;180940,00;181075,00;29798572,00;823
WINV26;13/07/2026;18:00:00;180905,00;180955,00;180775,00;180945,00;41637504,00;1151
WINV26;13/07/2026;17:50:00;180855,00;180900,00;180845,00;180900,00;2568296,00;71
WINV26;13/07/2026;17:40:00;180930,00;180930,00;180870,00;180870,00;2749604,00;76
WINV26;13/07/2026;17:30:00;181050,00;181050,00;181000,00;181015,00;470665,00;13
WINV26;13/07/2026;17:20:00;181040,00;181100,00;181000,00;181090,00;4778834,00;132
WINV26;13/07/2026;17:10:00;181390,00;181390,00;181000,00;181060,00;4926650,00;136
WINV26;13/07/2026;17:00:00;181235,00;181425,00;181235,00;181415,00;1632320,00;45
WINV26;13/07/2026;16:50:00;181315,00;181315,00;181200,00;181240,00;3516868,00;97
WINV26;13/07/2026;16:40:00;181225,00;181400,00;181225,00;181400,00;10877276,00;300
WINV26;13/07/2026;16:30:00;181275,00;181275,00;181135,00;181210,00;4240932,00;117
WINV26;13/07/2026;16:20:00;181550,00;181550,00;181280,00;181280,00;1668725,00;46
WINV26;13/07/2026;16:10:00;181525,00;181580,00;181500,00;181575,00;653622,00;18
WINV26;13/07/2026;16:00:00;181550,00;181650,00;181470,00;181550,00;13074767,00;360
WINV26;13/07/2026;15:50:00;181485,00;181550,00;181425,00;181550,00;1815033,00;50
WINV26;13/07/2026;15:40:00;181420,00;181525,00;181405,00;181475,00;5516244,00;152
WINV26;13/07/2026;15:30:00;181350,00;181530,00;181350,00;181460,00;3410913,00;94
WINV26;13/07/2026;15:20:00;181275,00;181325,00;181250,00;181275,00;507568,00;14
WINV26;13/07/2026;15:10:00;181300,00;181365,00;181205,00;181245,00;6561752,00;181
WINV26;13/07/2026;15:00:00;181340,00;181425,00;181310,00;181310,00;16757026,00;462
WINV26;13/07/2026;14:50:00;181425,00;181425,00;181250,00;181325,00;19981460,00;551
WINV26;13/07/2026;14:40:00;181400,00;181505,00;181350,00;181450,00;1342565,00;37
WINV26;13/07/2026;14:30:00;181425,00;181515,00;181400,00;181425,00;3157167,00;87
WINV26;13/07/2026;14:20:00;181785,00;181785,00;181455,00;181465,00;8714047,00;240
WINV26;13/07/2026;14:10:00;181630,00;181800,00;181630,00;181755,00;1817260,00;50
WINV26;13/07/2026;14:00:00;181615,00;181645,00;181555,00;181645,00;2070195,00;57
WINV26;13/07/2026;13:50:00;181820,00;181820,00;181605,00;181635,00;11668049,00;321
WINV26;13/07/2026;13:40:00;181905,00;182065,00;181825,00;181825,00;2292330,00;63
WINV26;13/07/2026;13:30:00;182055,00;182075,00;181805,00;181915,00;6003859,00;165
WINV26;13/07/2026;13:20:00;182125,00;182160,00;182035,00;182035,00;5208682,00;143
WINV26;13/07/2026;13:10:00;182120,00;182220,00;182025,00;182100,00;1930186,00;53
WINV26;13/07/2026;13:00:00;182140,00;182215,00;182105,00;182105,00;1675885,00;46
WINV26;13/07/2026;12:50:00;182210,00;182210,00;182035,00;182130,00;2840948,00;78
WINV26;13/07/2026;12:40:00;182280,00;182295,00;182200,00;182200,00;984073,00;27
WINV26;13/07/2026;12:30:00;182300,00;182365,00;182190,00;182195,00;1749727,00;48
WINV26;13/07/2026;12:20:00;182120,00;182280,00;182070,00;182250,00;5755552,00;158
WINV26;13/07/2026;12:10:00;182205,00;182275,00;182070,00;182160,00;3679159,00;101
WINV26;13/07/2026;12:00:00;182515,00;182550,00;182210,00;182210,00;4668600,00;128
WINV26;13/07/2026;11:50:00;182460,00;182550,00;182410,00;182545,00;2335764,00;64
WINV26;13/07/2026;11:40:00;182560,00;182560,00;182280,00;182510,00;6456119,00;177
WINV26;13/07/2026;11:30:00;182745,00;182825,00;182500,00;182515,00;4675794,00;128
WINV26;13/07/2026;11:20:00;182700,00;182830,00;182570,00;182810,00;12501393,00;342
WINV26;13/07/2026;11:10:00;183045,00;183115,00;182495,00;182700,00;39447173,00;1079
WINV26;13/07/2026;11:00:00;183245,00;183245,00;182850,00;182860,00;6513227,00;178
WINV26;13/07/2026;10:50:00;183045,00;183350,00;182870,00;183320,00;3551814,00;97
WINV26;13/07/2026;10:40:00;183010,00;183170,00;182715,00;183055,00;9186792,00;251
WINV26;13/07/2026;10:30:00;183270,00;183670,00;182840,00;182900,00;15197456,00;415
WINV26;13/07/2026;10:20:00;183630,00;183695,00;183155,00;183260,00;24928190,00;680
WINV26;13/07/2026;10:10:00;183490,00;183920,00;183480,00;183520,00;18296896,00;498
WINV26;13/07/2026;10:00:00;184000,00;184030,00;183400,00;183460,00;24781267,00;675
WINV26;13/07/2026;09:50:00;183795,00;183975,00;183610,00;183890,00;9334707,00;254
WINV26;13/07/2026;09:40:00;183700,00;183965,00;183685,00;183850,00;94360839,00;2567
WINV26;13/07/2026;09:30:00;183660,00;183810,00;183545,00;183625,00;28468134,00;775
WINV26;13/07/2026;09:20:00;183620,00;183625,00;183340,00;183625,00;41942249,00;1143
WINV26;13/07/2026;09:10:00;183625,00;183855,00;183365,00;183560,00;85625230,00;2331
WINV26;13/07/2026;09:00:00;184120,00;184120,00;183305,00;183570,00;20459186,00;557
WINV26;10/07/2026;18:20:00;184345,00;184425,00;184345,00;184365,00;3429841,00;93
WINV26;10/07/2026;18:10:00;184285,00;184450,00;184280,00;184360,00;58120831,00;1576
WINV26;10/07/2026;18:00:00;184260,00;184435,00;184185,00;184300,00;45827800,00;1243
WINV26;10/07/2026;17:50:00;184300,00;184395,00;184210,00;184245,00;43867821,00;1190
WINV26;10/07/2026;17:40:00;184190,00;184300,00;184190,00;184250,00;10244236,00;278
WINV26;10/07/2026;17:30:00;184175,00;184250,00;184150,00;184200,00;13188625,00;358
WINV26;10/07/2026;17:20:00;184075,00;184260,00;184075,00;184190,00;70807138,00;1922
WINV26;10/07/2026;17:10:00;183800,00;184125,00;183785,00;184030,00;78254234,00;2126
WINV26;10/07/2026;17:00:00;183725,00;183900,00;183705,00;183830,00;13453493,00;366
WINV26;10/07/2026;16:50:00;183555,00;183715,00;183500,00;183700,00;17006126,00;463
WINV26;10/07/2026;16:40:00;183415,00;183535,00;183400,00;183530,00;3742937,00;102
WINV26;10/07/2026;16:30:00;183445,00;183470,00;183425,00;183430,00;1357480,00;37
WINV26;10/07/2026;16:20:00;183370,00;183505,00;183370,00;183450,00;1137355,00;31
WINV26;10/07/2026;16:10:00;183405,00;183460,00;183345,00;183360,00;13203670,00;360
WINV26;10/07/2026;16:00:00;183245,00;183470,00;183225,00;183405,00;18809391,00;513
WINV26;10/07/2026;15:50:00;183330,00;183330,00;183185,00;183250,00;31992399,00;873
WINV26;10/07/2026;15:40:00;183425,00;183425,00;183295,00;183320,00;8764770,00;239
WINV26;10/07/2026;15:30:00;183510,00;183555,00;183370,00;183385,00;8768615,00;239
WINV26;10/07/2026;15:20:00;183640,00;183675,00;183495,00;183495,00;15822714,00;431
WINV26;10/07/2026;15:10:00;183490,00;183725,00;183435,00;183640,00;81027143,00;2207
WINV26;10/07/2026;15:00:00;183095,00;183485,00;183095,00;183485,00;27645753,00;754
WINV26;10/07/2026;14:50:00;183120,00;183155,00;183025,00;183085,00;18671329,00;510
WINV26;10/07/2026;14:40:00;183125,00;183195,00;183100,00;183120,00;16192200,00;442
WINV26;10/07/2026;14:30:00;183125,00;183165,00;183070,00;183110,00;29882355,00;816
WINV26;10/07/2026;14:20:00;183100,00;183180,00;183075,00;183140,00;21351058,00;583
WINV26;10/07/2026;14:10:00;183170,00;183205,00;183000,00;183000,00;7178892,00;196
WINV26;10/07/2026;14:00:00;183090,00;183190,00;183010,00;183115,00;23697331,00;647
WINV26;10/07/2026;13:50:00;183185,00;183265,00;183080,00;183100,00;146420320,00;3997
WINV26;10/07/2026;13:40:00;182940,00;183210,00;182940,00;183125,00;37177086,00;1015
WINV26;10/07/2026;13:30:00;182890,00;183000,00;182825,00;182985,00;10280994,00;281
WINV26;10/07/2026;13:20:00;182560,00;182925,00;182555,00;182890,00;27833723,00;761
WINV26;10/07/2026;13:10:00;182525,00;182700,00;182455,00;182555,00;8763518,00;240
WINV26;10/07/2026;13:00:00;182215,00;182500,00;182215,00;182500,00;16304922,00;447
WINV26;10/07/2026;12:50:00;182035,00;182215,00;182035,00;182215,00;11658120,00;320
WINV26;10/07/2026;12:40:00;182015,00;182145,00;181975,00;181975,00;2730704,00;75
WINV26;10/07/2026;12:30:00;182115,00;182135,00;181915,00;182015,00;5022902,00;138
WINV26;10/07/2026;12:20:00;182040,00;182250,00;182025,00;182160,00;41567048,00;1141
WINV26;10/07/2026;12:10:00;182065,00;182130,00;181940,00;181970,00;20751048,00;570
WINV26;10/07/2026;12:00:00;182410,00;182415,00;182075,00;182075,00;23985467,00;658
WINV26;10/07/2026;11:50:00;182685,00;182765,00;182430,00;182450,00;117275224,00;3213
WINV26;10/07/2026;11:40:00;182180,00;182665,00;182170,00;182645,00;115328713,00;3159
WINV26;10/07/2026;11:30:00;182535,00;182575,00;181750,00;182160,00;360242986,00;9891
WINV26;10/07/2026;11:20:00;182550,00;182710,00;182200,00;182535,00;221301053,00;6065
WINV26;10/07/2026;11:10:00;182225,00;182580,00;182000,00;182505,00;203847556,00;5591
WINV26;10/07/2026;11:00:00;182275,00;182565,00;182165,00;182250,00;17803381,00;488
WINV26;10/07/2026;10:50:00;181750,00;182285,00;181750,00;182250,00;137770621,00;3782
WINV26;10/07/2026;10:40:00;182200,00;182265,00;181550,00;181730,00;136362304,00;3751
WINV26;10/07/2026;10:30:00;181815,00;182240,00;181620,00;182130,00;66730672,00;1832
WINV26;10/07/2026;10:20:00;181550,00;182060,00;181310,00;181785,00;97975067,00;2697
WINV26;10/07/2026;10:10:00;181995,00;181995,00;181485,00;181515,00;105718158,00;2908
WINV26;10/07/2026;10:00:00;182000,00;182505,00;181890,00;181965,00;39117939,00;1073
WINV26;10/07/2026;09:50:00;181610,00;184330,00;181610,00;182070,00;139219202,00;3821
WINV26;10/07/2026;09:40:00;181390,00;181695,00;181375,00;181615,00;68105605,00;1875
WINV26;10/07/2026;09:30:00;181255,00;181555,00;181255,00;181455,00;29355636,00;809
WINV26;10/07/2026;09:20:00;181180,00;181595,00;181105,00;181200,00;190885185,00;5263
WINV26;10/07/2026;09:10:00;180700,00;181390,00;180700,00;181210,00;63082319,00;1742
WINV26;10/07/2026;09:00:00;179455,00;180710,00;179455,00;180630,00;45374581,00;1258
WINV26;09/07/2026;18:20:00;179015,00;179105,00;178905,00;178905,00;21126991,00;590
WINV26;09/07/2026;18:10:00;178970,00;179130,00;178955,00;179090,00;55214551,00;1542
WINV26;09/07/2026;18:00:00;178900,00;179040,00;178900,00;178955,00;23799459,00;665
WINV26;09/07/2026;17:50:00;178825,00;178900,00;178825,00;178900,00;2754593,00;77
WINV26;09/07/2026;17:40:00;178800,00;178825,00;178780,00;178825,00;1966765,00;55
WINV26;09/07/2026;17:30:00;178810,00;178870,00;178810,00;178855,00;608032,00;17
WINV26;09/07/2026;17:20:00;178850,00;178870,00;178815,00;178830,00;1001551,00;28
WINV26;09/07/2026;17:10:00;178790,00;178930,00;178790,00;178915,00;14736480,00;412
WINV26;09/07/2026;17:00:00;178720,00;178765,00;178680,00;178740,00;1036712,00;29
WINV26;09/07/2026;16:50:00;178700,00;178785,00;178690,00;178765,00;2323624,00;65
WINV26;09/07/2026;16:40:00;178590,00;178710,00;178580,00;178670,00;3216057,00;90
WINV26;09/07/2026;16:30:00;178625,00;178625,00;178500,00;178570,00;2464335,00;69
WINV26;09/07/2026;16:20:00;178715,00;178750,00;178665,00;178665,00;2001764,00;56
WINV26;09/07/2026;16:10:00;178590,00;178725,00;178590,00;178680,00;5753112,00;161
WINV26;09/07/2026;16:00:00;178570,00;178615,00;178535,00;178535,00;2821519,00;79
WINV26;09/07/2026;15:50:00;178495,00;178625,00;178485,00;178600,00;2285339,00;64
WINV26;09/07/2026;15:40:00;178355,00;178495,00;178330,00;178495,00;1569838,00;44
WINV26;09/07/2026;15:30:00;178395,00;178400,00;178325,00;178360,00;2176115,00;61
WINV26;09/07/2026;15:20:00;178405,00;178435,00;178350,00;178350,00;2390480,00;67
WINV26;09/07/2026;15:10:00;178435,00;178515,00;178420,00;178420,00;1213636,00;34
WINV26;09/07/2026;15:00:00;178600,00;178600,00;178380,00;178435,00;2927541,00;82
WINV26;09/07/2026;14:50:00;178625,00;178670,00;178535,00;178595,00;8392907,00;235
WINV26;09/07/2026;14:40:00;178570,00;178655,00;178520,00;178615,00;4856654,00;136
WINV26;09/07/2026;14:30:00;178400,00;178650,00;178400,00;178645,00;7177471,00;201
WINV26;09/07/2026;14:20:00;178270,00;178410,00;178270,00;178335,00;1141443,00;32
WINV26;09/07/2026;14:10:00;178145,00;178185,00;178145,00;178185,00;71266,00;2
WINV26;09/07/2026;14:00:00;178210,00;178280,00;178115,00;178140,00;998059,00;28
WINV26;09/07/2026;13:50:00;178140,00;178165,00;178140,00;178165,00;178145,00;5
WINV26;09/07/2026;13:40:00;178105,00;178205,00;178100,00;178140,00;463162,00;13
WINV26;09/07/2026;13:30:00;178230,00;178305,00;178125,00;178125,00;1033593,00;29
WINV26;09/07/2026;13:20:00;178355,00;178355,00;178315,00;178315,00;962949,00;27
WINV26;09/07/2026;13:10:00;178390,00;178440,00;178370,00;178370,00;963419,00;27
WINV26;09/07/2026;13:00:00;178250,00;178365,00;178250,00;178330,00;10161839,00;285
WINV26;09/07/2026;12:50:00;178155,00;178210,00;178150,00;178210,00;463251,00;13
WINV26;09/07/2026;12:40:00;178160,00;178225,00;178105,00;178195,00;677055,00;19
WINV26;09/07/2026;12:30:00;177875,00;178140,00;177850,00;178140,00;1174917,00;33
WINV26;09/07/2026;12:20:00;178120,00;178130,00;177890,00;177975,00;1637648,00;46
WINV26;09/07/2026;12:10:00;178340,00;178420,00;178095,00;178165,00;2281921,00;64
WINV26;09/07/2026;12:00:00;178230,00;178300,00;178065,00;178300,00;2744484,00;77
WINV26;09/07/2026;11:50:00;178030,00;178225,00;178030,00;178225,00;1532032,00;43
WINV26;09/07/2026;11:40:00;177905,00;178020,00;177880,00;177980,00;1601416,00;45
WINV26;09/07/2026;11:30:00;178000,00;178120,00;177875,00;177875,00;4627941,00;130
WINV26;09/07/2026;11:20:00;177575,00;178105,00;177510,00;177955,00;33246634,00;935
WINV26;09/07/2026;11:10:00;177540,00;177775,00;177360,00;177680,00;9410745,00;265
WINV26;09/07/2026;11:00:00;176890,00;177740,00;176890,00;177740,00;10679066,00;301
WINV26;09/07/2026;10:50:00;176700,00;176870,00;176570,00;176800,00;3109851,00;88
WINV26;09/07/2026;10:40:00;176780,00;176980,00;176670,00;176765,00;3747814,00;106
WINV26;09/07/2026;10:30:00;177010,00;177030,00;176690,00;176840,00;16590106,00;469
WINV26;09/07/2026;10:20:00;177135,00;177525,00;177080,00;177100,00;7163964,00;202
WINV26;09/07/2026;10:10:00;177100,00;177500,00;176950,00;177065,00;4962292,00;140
WINV26;09/07/2026;10:00:00;176945,00;177290,00;176945,00;177245,00;7261501,00;205
WINV26;09/07/2026;09:50:00;177195,00;177195,00;176740,00;176875,00;9269322,00;262
WINV26;09/07/2026;09:40:00;177115,00;177275,00;177090,00;177205,00;8361745,00;236
WINV26;09/07/2026;09:30:00;177305,00;177450,00;177115,00;177115,00;1736948,00;49
WINV26;09/07/2026;09:20:00;177410,00;177550,00;177380,00;177440,00;6070019,00;171
WINV26;09/07/2026;09:10:00;177270,00;177485,00;176840,00;177485,00;2692702,00;76
WINV26;09/07/2026;09:00:00;176540,00;177485,00;176250,00;177485,00;83816567,00;2372
WINV26;08/07/2026;18:20:00;176380,00;176420,00;176350,00;176350,00;493906,00;14
WINV26;08/07/2026;18:10:00;176300,00;176400,00;176300,00;176400,00;113046343,00;3205
WINV26;08/07/2026;18:00:00;176230,00;176270,00;176230,00;176270,00;705041,00;20
WINV26;08/07/2026;17:50:00;176250,00;176295,00;176230,00;176230,00;458247,00;13
WINV26;08/07/2026;17:40:00;176290,00;176290,00;176290,00;176290,00;352580,00;10
WINV26;08/07/2026;17:30:00;176240,00;176240,00;176175,00;176175,00;1303900,00;37
WINV26;08/07/2026;17:20:00;176305,00;176305,00;176200,00;176225,00;704970,00;20
WINV26;08/07/2026;17:10:00;176400,00;176400,00;176280,00;176335,00;5324611,00;151
WINV26;08/07/2026;17:00:00;176500,00;176500,00;176350,00;176435,00;670391,00;19
WINV26;08/07/2026;16:50:00;176570,00;176605,00;176570,00;176595,00;282534,00;8
WINV26;08/07/2026;16:40:00;176725,00;176750,00;176510,00;176510,00;3072706,00;87
WINV26;08/07/2026;16:30:00;176650,00;176775,00;176650,00;176740,00;5018470,00;142
WINV26;08/07/2026;16:20:00;176605,00;176605,00;176500,00;176575,00;600279,00;17
WINV26;08/07/2026;16:10:00;176600,00;176650,00;176560,00;176650,00;176610,00;5
WINV26;08/07/2026;16:00:00;176515,00;176660,00;176515,00;176660,00;1094519,00;31
WINV26;08/07/2026;15:50:00;176620,00;176690,00;176470,00;176470,00;1448099,00;41
WINV26;08/07/2026;15:40:00;176400,00;176625,00;176400,00;176625,00;3743770,00;106
WINV26;08/07/2026;15:30:00;176590,00;176605,00;176430,00;176430,00;812092,00;23
WINV26;08/07/2026;15:20:00;176570,00;176600,00;176450,00;176495,00;741433,00;21
WINV26;08/07/2026;15:10:00;176600,00;176675,00;176540,00;176600,00;7771281,00;220
WINV26;08/07/2026;15:00:00;176350,00;176630,00;176315,00;176600,00;3071527,00;87
WINV26;08/07/2026;14:50:00;176290,00;176375,00;176250,00;176250,00;1903912,00;54
WINV26;08/07/2026;14:40:00;176290,00;176355,00;176250,00;176250,00;599422,00;17
WINV26;08/07/2026;14:30:00;176360,00;176395,00;176300,00;176355,00;1587286,00;45
WINV26;08/07/2026;14:20:00;176475,00;176585,00;176375,00;176375,00;2435346,00;69
WINV26;08/07/2026;14:10:00;176255,00;176450,00;176190,00;176400,00;56038616,00;1590
WINV26;08/07/2026;14:00:00;176505,00;176505,00;176215,00;176255,00;51961453,00;1474
WINV26;08/07/2026;13:50:00;176550,00;176700,00;176495,00;176535,00;130635996,00;3698
WINV26;08/07/2026;13:40:00;176030,00;176500,00;176030,00;176500,00;10543769,00;299
WINV26;08/07/2026;13:30:00;175990,00;176055,00;175900,00;176005,00;598368,00;17
WINV26;08/07/2026;13:20:00;175960,00;176070,00;175960,00;175990,00;5244972,00;149
WINV26;08/07/2026;13:10:00;175980,00;176050,00;175980,00;176030,00;352023,00;10
WINV26;08/07/2026;13:00:00;175985,00;176050,00;175945,00;176035,00;2429221,00;69
WINV26;08/07/2026;12:50:00;176070,00;176070,00;176000,00;176000,00;3731244,00;106
WINV26;08/07/2026;12:40:00;176260,00;176260,00;176065,00;176065,00;810197,00;23
WINV26;08/07/2026;12:30:00;176200,00;176375,00;176185,00;176205,00;6592967,00;187
WINV26;08/07/2026;12:20:00;176160,00;176160,00;176000,00;176000,00;211275,00;6
WINV26;08/07/2026;12:10:00;176260,00;176260,00;176000,00;176090,00;493225,00;14
WINV26;08/07/2026;12:00:00;175935,00;176300,00;175850,00;176240,00;1092092,00;31
WINV26;08/07/2026;11:50:00;175940,00;176090,00;175870,00;176030,00;7954417,00;226
WINV26;08/07/2026;11:40:00;176235,00;176295,00;176000,00;176000,00;1338836,00;38
WINV26;08/07/2026;11:30:00;176485,00;176515,00;176185,00;176260,00;9307222,00;264
WINV26;08/07/2026;11:20:00;176410,00;176790,00;176380,00;176500,00;4381930,00;124
WINV26;08/07/2026;11:10:00;176705,00;176760,00;176325,00;176545,00;102751489,00;2912
WINV26;08/07/2026;11:00:00;176470,00;176835,00;176300,00;176835,00;115759578,00;3276
WINV26;08/07/2026;10:50:00;176740,00;176770,00;176280,00;176490,00;101535557,00;2879
WINV26;08/07/2026;10:40:00;176675,00;176990,00;176600,00;176700,00;111263184,00;3146
WINV26;08/07/2026;10:30:00;176890,00;177200,00;176490,00;176720,00;117779978,00;3333
WINV26;08/07/2026;10:20:00;176215,00;177075,00;175745,00;176945,00;103185118,00;2920
WINV26;08/07/2026;10:10:00;177070,00;177145,00;176170,00;176190,00;20262184,00;574
WINV26;08/07/2026;10:00:00;177400,00;177505,00;177005,00;177120,00;10040748,00;283
WINV26;08/07/2026;09:50:00;177295,00;177490,00;177210,00;177325,00;1170624,00;33
WINV26;08/07/2026;09:40:00;177400,00;177400,00;177240,00;177345,00;709092,00;20
WINV26;08/07/2026;09:30:00;177470,00;177565,00;177300,00;177325,00;2093397,00;59
WINV26;08/07/2026;09:20:00;177290,00;177445,00;177260,00;177445,00;1986599,00;56
WINV26;08/07/2026;09:10:00;177300,00;177400,00;177015,00;177370,00;33899733,00;957
WINV26;08/07/2026;09:00:00;176295,00;177500,00;175840,00;177220,00;37181149,00;1051
WINV26;07/07/2026;18:20:00;177385,00;177450,00;177360,00;177360,00;4044400,00;114
WINV26;07/07/2026;18:10:00;177600,00;177600,00;177370,00;177370,00;9831013,00;277
WINV26;07/07/2026;18:00:00;177675,00;177675,00;177550,00;177580,00;923601,00;26
WINV26;07/07/2026;17:50:00;177700,00;177705,00;177670,00;177670,00;710773,00;20
WINV26;07/07/2026;17:40:00;177725,00;177730,00;177725,00;177730,00;177729,00;5
WINV26;07/07/2026;17:30:00;177815,00;177820,00;177700,00;177740,00;604370,00;17
WINV26;07/07/2026;17:20:00;177830,00;177835,00;177825,00;177825,00;320091,00;9
WINV26;07/07/2026;17:10:00;177840,00;177840,00;177770,00;177770,00;2133604,00;60
WINV26;07/07/2026;17:00:00;177780,00;177910,00;177780,00;177910,00;1067131,00;30
WINV26;07/07/2026;16:50:00;177785,00;177785,00;177740,00;177770,00;177761,00;5
WINV26;07/07/2026;16:40:00;177725,00;177850,00;177650,00;177805,00;2666162,00;75
WINV26;07/07/2026;16:30:00;177785,00;177825,00;177650,00;177745,00;2949884,00;83
WINV26;07/07/2026;16:20:00;177785,00;177920,00;177765,00;177770,00;1387174,00;39
WINV26;07/07/2026;16:10:00;177780,00;177810,00;177710,00;177785,00;1635439,00;46
WINV26;07/07/2026;16:00:00;177820,00;177860,00;177730,00;177785,00;2737780,00;77
WINV26;07/07/2026;15:50:00;177935,00;177975,00;177835,00;177885,00;11741854,00;330
WINV26;07/07/2026;15:40:00;177820,00;178060,00;177820,00;177950,00;2206719,00;62
WINV26;07/07/2026;15:30:00;177735,00;177950,00;177655,00;177855,00;11375765,00;320
WINV26;07/07/2026;15:20:00;177625,00;177750,00;177625,00;177715,00;604140,00;17
WINV26;07/07/2026;15:10:00;177530,00;177625,00;177530,00;177625,00;426171,00;12
WINV26;07/07/2026;15:00:00;177795,00;177800,00;177445,00;177530,00;3055169,00;86
WINV26;07/07/2026;14:50:00;177740,00;177790,00;177740,00;177790,00;248891,00;7
WINV26;07/07/2026;14:40:00;177675,00;177740,00;177620,00;177680,00;1599079,00;45
WINV26;07/07/2026;14:30:00;177910,00;177925,00;177660,00;177660,00;4586106,00;129
WINV26;07/07/2026;14:20:00;177740,00;177920,00;177655,00;177905,00;3236721,00;91
WINV26;07/07/2026;14:10:00;177555,00;177640,00;177555,00;177640,00;1349497,00;38
WINV26;07/07/2026;14:00:00;177505,00;177735,00;177505,00;177685,00;3055214,00;86
WINV26;07/07/2026;13:50:00;177435,00;177435,00;177370,00;177430,00;780640,00;22
WINV26;07/07/2026;13:40:00;177400,00;177460,00;177385,00;177460,00;1348277,00;38
WINV26;07/07/2026;13:30:00;177460,00;177490,00;177460,00;177490,00;922863,00;26
WINV26;07/07/2026;13:20:00;177505,00;177540,00;177450,00;177490,00;2627311,00;74
WINV26;07/07/2026;13:10:00;177365,00;177465,00;177365,00;177445,00;3122874,00;88
WINV26;07/07/2026;13:00:00;177460,00;177480,00;177305,00;177355,00;7379885,00;208
WINV26;07/07/2026;12:50:00;177425,00;177500,00;177415,00;177425,00;1348510,00;38
WINV26;07/07/2026;12:40:00;177425,00;177535,00;177425,00;177440,00;3159322,00;89
WINV26;07/07/2026;12:30:00;177620,00;177710,00;177390,00;177395,00;9264828,00;261
WINV26;07/07/2026;12:20:00;177575,00;177655,00;177530,00;177550,00;4120157,00;116
WINV26;07/07/2026;12:10:00;177800,00;177800,00;177450,00;177545,00;7703581,00;217
WINV26;07/07/2026;12:00:00;177935,00;177935,00;177635,00;177800,00;2275251,00;64
WINV26;07/07/2026;11:50:00;178100,00;178100,00;177955,00;178010,00;818918,00;23
WINV26;07/07/2026;11:40:00;177840,00;178260,00;177840,00;178235,00;1673888,00;47
WINV26;07/07/2026;11:30:00;177560,00;177790,00;177550,00;177760,00;1919018,00;54
WINV26;07/07/2026;11:20:00;178030,00;178030,00;177335,00;177580,00;58585048,00;1649
WINV26;07/07/2026;11:10:00;178390,00;178415,00;177890,00;177940,00;9660255,00;271
WINV26;07/07/2026;11:00:00;178460,00;178730,00;178280,00;178420,00;155859737,00;4367
WINV26;07/07/2026;10:50:00;179180,00;179180,00;178305,00;178305,00;44007148,00;1230
WINV26;07/07/2026;10:40:00;179245,00;179525,00;179160,00;179250,00;38742766,00;1080
WINV26;07/07/2026;10:30:00;178500,00;179455,00;178500,00;179345,00;186737502,00;5212
WINV26;07/07/2026;10:20:00;178945,00;178975,00;178345,00;178430,00;4575109,00;128
WINV26;07/07/2026;10:10:00;178690,00;178915,00;178460,00;178880,00;1929800,00;54
WINV26;07/07/2026;10:00:00;178975,00;179045,00;178580,00;178745,00;3861204,00;108
WINV26;07/07/2026;09:50:00;179000,00;179010,00;178785,00;178785,00;1288034,00;36
WINV26;07/07/2026;09:40:00;178915,00;179090,00;178855,00;178905,00;2362409,00;66
WINV26;07/07/2026;09:30:00;179185,00;179185,00;178935,00;178935,00;2256518,00;63
WINV26;07/07/2026;09:20:00;179120,00;179300,00;178900,00;179220,00;1826945,00;51
WINV26;07/07/2026;09:10:00;179295,00;179400,00;179075,00;179185,00;4803941,00;134
WINV26;07/07/2026;09:00:00;178000,00;179290,00;178000,00;179085,00;8259412,00;231
WINV26;06/07/2026;18:20:00;178250,00;178275,00;178245,00;178275,00;570469,00;16
WINV26;06/07/2026;18:10:00;178495,00;178495,00;178250,00;178250,00;3175001,00;89
WINV26;06/07/2026;18:00:00;178495,00;178570,00;178430,00;178490,00;2712964,00;76
WINV26;06/07/2026;17:50:00;178505,00;178560,00;178505,00;178545,00;1464016,00;41
WINV26;06/07/2026;17:40:00;178425,00;178535,00;178425,00;178515,00;749672,00;21
WINV26;06/07/2026;17:30:00;178375,00;178425,00;178370,00;178410,00;1355788,00;38
WINV26;06/07/2026;17:20:00;178415,00;178430,00;178365,00;178375,00;1534230,00;43
WINV26;06/07/2026;17:10:00;178445,00;178445,00;178400,00;178420,00;142742,00;4
WINV26;06/07/2026;17:00:00;178375,00;178450,00;178375,00;178450,00;1106240,00;31
WINV26;06/07/2026;16:50:00;178400,00;178450,00;178315,00;178350,00;6528524,00;183
WINV26;06/07/2026;16:40:00;178340,00;178345,00;178340,00;178340,00;107005,00;3
WINV26;06/07/2026;16:30:00;178375,00;178375,00;178295,00;178295,00;178326,00;5
WINV26;06/07/2026;16:20:00;178305,00;178420,00;178270,00;178420,00;677742,00;19
WINV26;06/07/2026;16:10:00;178270,00;178290,00;178165,00;178290,00;4740909,00;133
WINV26;06/07/2026;16:00:00;178370,00;178405,00;178260,00;178280,00;2104150,00;59
WINV26;06/07/2026;15:50:00;178430,00;178430,00;178380,00;178385,00;392482,00;11
WINV26;06/07/2026;15:40:00;178485,00;178525,00;178430,00;178525,00;464078,00;13
WINV26;06/07/2026;15:30:00;178575,00;178620,00;178440,00;178440,00;1463891,00;41
WINV26;06/07/2026;15:20:00;178530,00;178610,00;178505,00;178555,00;714296,00;20
WINV26;06/07/2026;15:10:00;178440,00;178550,00;178300,00;178550,00;2962101,00;83
WINV26;06/07/2026;15:00:00;178540,00;178590,00;178440,00;178475,00;4319843,00;121
WINV26;06/07/2026;14:50:00;178500,00;178590,00;178470,00;178480,00;1535018,00;43
WINV26;06/07/2026;14:40:00;178310,00;178565,00;178290,00;178515,00;4248064,00;119
WINV26;06/07/2026;14:30:00;178300,00;178330,00;178200,00;178220,00;6024548,00;169
WINV26;06/07/2026;14:20:00;178105,00;178465,00;178100,00;178315,00;52270925,00;1466
WINV26;06/07/2026;14:10:00;178085,00;178130,00;177965,00;178115,00;42595201,00;1196
WINV26;06/07/2026;14:00:00;178080,00;178210,00;178060,00;178210,00;3490896,00;98
WINV26;06/07/2026;13:50:00;178070,00;178070,00;177890,00;177990,00;2278134,00;64
WINV26;06/07/2026;13:40:00;178050,00;178125,00;177980,00;178090,00;8406057,00;236
WINV26;06/07/2026;13:30:00;177900,00;178040,00;177850,00;178040,00;6371550,00;179
WINV26;06/07/2026;13:20:00;177950,00;177975,00;177845,00;177900,00;2099161,00;59
WINV26;06/07/2026;13:10:00;177920,00;177950,00;177850,00;177950,00;1494250,00;42
WINV26;06/07/2026;13:00:00;177945,00;177975,00;177810,00;177885,00;11347875,00;319
WINV26;06/07/2026;12:50:00;178005,00;178015,00;177885,00;177975,00;2171223,00;61
WINV26;06/07/2026;12:40:00;178175,00;178200,00;177980,00;177980,00;3526104,00;99
WINV26;06/07/2026;12:30:00;178035,00;178180,00;177995,00;178165,00;27568010,00;774
WINV26;06/07/2026;12:20:00;177815,00;178050,00;177815,00;178025,00;3558862,00;100
WINV26;06/07/2026;12:10:00;177945,00;178065,00;177785,00;177830,00;21752173,00;611
WINV26;06/07/2026;12:00:00;177815,00;178025,00;177810,00;177950,00;33704054,00;947
WINV26;06/07/2026;11:50:00;177715,00;177925,00;177705,00;177870,00;21477009,00;604
WINV26;06/07/2026;11:40:00;177850,00;177885,00;177620,00;177730,00;84755321,00;2384
WINV26;06/07/2026;11:30:00;177900,00;178000,00;177865,00;177875,00;7970406,00;224
WINV26;06/07/2026;11:20:00;177980,00;178160,00;177935,00;178030,00;2136516,00;60
WINV26;06/07/2026;11:10:00;177860,00;178075,00;177850,00;178025,00;12706030,00;357
WINV26;06/07/2026;11:00:00;178410,00;178535,00;177850,00;177855,00;77498848,00;2176
WINV26;06/07/2026;10:50:00;178990,00;178990,00;178315,00;178450,00;30297141,00;848
WINV26;06/07/2026;10:40:00;178475,00;179210,00;178400,00;178990,00;53566561,00;1497
WINV26;06/07/2026;10:30:00;178410,00;178700,00;178300,00;178400,00;9818992,00;275
WINV26;06/07/2026;10:20:00;178710,00;178765,00;178250,00;178440,00;36561346,00;1025
WINV26;06/07/2026;10:10:00;178790,00;179035,00;178590,00;178665,00;15341231,00;429
WINV26;06/07/2026;10:00:00;178820,00;178970,00;178580,00;178755,00;24806087,00;694
WINV26;06/07/2026;09:50:00;178905,00;178940,00;178780,00;178890,00;7261859,00;203
WINV26;06/07/2026;09:40:00;178950,00;179050,00;178850,00;178850,00;1145378,00;32
WINV26;06/07/2026;09:30:00;179095,00;179175,00;178940,00;178950,00;1683040,00;47
WINV26;06/07/2026;09:20:00;179340,00;179340,00;178840,00;179050,00;6374715,00;178
WINV26;06/07/2026;09:10:00;179230,00;179625,00;178950,00;179505,00;7239980,00;202
WINV26;06/07/2026;09:00:00;180550,00;180560,00;179120,00;179255,00;24934690,00;694
WINV26;03/07/2026;18:20:00;180540,00;180540,00;180490,00;180490,00;397098,00;11
WINV26;03/07/2026;18:10:00;180550,00;180590,00;180525,00;180525,00;1263803,00;35
WINV26;03/07/2026;18:00:00;180615,00;180615,00;180590,00;180590,00;469589,00;13
WINV26;03/07/2026;17:50:00;180635,00;180635,00;180590,00;180590,00;541795,00;15
WINV26;03/07/2026;17:40:00;180545,00;180565,00;180535,00;180545,00;324988,00;9
WINV26;03/07/2026;17:30:00;180475,00;180610,00;180475,00;180570,00;1877793,00;52
WINV26;03/07/2026;17:20:00;180470,00;180470,00;180420,00;180430,00;505290,00;14
WINV26;03/07/2026;17:10:00;180400,00;180430,00;180400,00;180430,00;72166,00;2
WINV26;03/07/2026;17:00:00;180400,00;180400,00;180335,00;180365,00;324672,00;9
WINV26;03/07/2026;16:50:00;180365,00;180565,00;180340,00;180565,00;1191281,00;33
WINV26;03/07/2026;16:40:00;180375,00;180375,00;180305,00;180335,00;504930,00;14
WINV26;03/07/2026;16:30:00;180470,00;180470,00;180365,00;180425,00;649483,00;18
WINV26;03/07/2026;16:20:00;180520,00;180600,00;180445,00;180445,00;830283,00;23
WINV26;03/07/2026;16:10:00;180540,00;180540,00;180475,00;180530,00;2816105,00;78
WINV26;03/07/2026;16:00:00;180575,00;180620,00;180575,00;180610,00;252844,00;7
WINV26;03/07/2026;15:50:00;180575,00;180620,00;180575,00;180620,00;108360,00;3
WINV26;03/07/2026;15:20:00;180600,00;180600,00;180600,00;180600,00;1083600,00;30
WINV26;03/07/2026;15:10:00;180585,00;180650,00;180580,00;180600,00;1047410,00;29
WINV26;03/07/2026;15:00:00;180635,00;180635,00;180520,00;180520,00;2600469,00;72
WINV26;03/07/2026;14:50:00;180700,00;180720,00;180665,00;180720,00;1120283,00;31
WINV26;03/07/2026;14:40:00;180820,00;180820,00;180735,00;180760,00;361546,00;10
WINV26;03/07/2026;14:30:00;180750,00;180825,00;180730,00;180825,00;2132906,00;59
WINV26;03/07/2026;14:20:00;180580,00;180750,00;180520,00;180750,00;614156,00;17
WINV26;03/07/2026;14:10:00;180690,00;180690,00;180515,00;180515,00;2202839,00;61
WINV26;03/07/2026;14:00:00;180630,00;180665,00;180615,00;180665,00;1155949,00;32
WINV26;03/07/2026;13:50:00;180650,00;180660,00;180650,00;180655,00;939429,00;26
WINV26;03/07/2026;13:40:00;180745,00;180745,00;180685,00;180735,00;650488,00;18
WINV26;03/07/2026;13:30:00;180705,00;180730,00;180670,00;180730,00;1228754,00;34
WINV26;03/07/2026;13:20:00;180805,00;180805,00;180725,00;180725,00;542364,00;15
WINV26;03/07/2026;13:10:00;180890,00;180910,00;180805,00;180805,00;1446749,00;40
WINV26;03/07/2026;13:00:00;180750,00;180945,00;180705,00;180845,00;8533700,00;236
WINV26;03/07/2026;12:50:00;180680,00;180760,00;180665,00;180690,00;8097398,00;224
WINV26;03/07/2026;12:40:00;180715,00;180740,00;180680,00;180680,00;252994,00;7
WINV26;03/07/2026;12:30:00;180595,00;180750,00;180550,00;180695,00;867179,00;24
WINV26;03/07/2026;12:20:00;180595,00;180700,00;180580,00;180610,00;2854006,00;79
WINV26;03/07/2026;12:10:00;180560,00;180700,00;180525,00;180670,00;3070901,00;85
WINV26;03/07/2026;12:00:00;180465,00;180640,00;180465,00;180580,00;6608188,00;183
WINV26;03/07/2026;11:50:00;180360,00;180530,00;180350,00;180405,00;2309397,00;64
WINV26;03/07/2026;11:40:00;180440,00;180475,00;180300,00;180305,00;541153,00;15
WINV26;03/07/2026;11:30:00;180250,00;180470,00;180160,00;180375,00;1406568,00;39
WINV26;03/07/2026;11:20:00;180200,00;180295,00;180200,00;180250,00;829130,00;23
WINV26;03/07/2026;11:10:00;180430,00;180450,00;180100,00;180115,00;3821841,00;106
WINV26;03/07/2026;11:00:00;179860,00;180445,00;179860,00;180410,00;15358121,00;426
WINV26;03/07/2026;10:50:00;179660,00;179925,00;179660,00;179860,00;20812305,00;579
WINV26;03/07/2026;10:40:00;179645,00;179830,00;179550,00;179645,00;3449731,00;96
WINV26;03/07/2026;10:30:00;179460,00;179650,00;179200,00;179650,00;2152986,00;60
WINV26;03/07/2026;10:20:00;179410,00;179680,00;179075,00;179485,00;10183836,00;284
WINV26;03/07/2026;10:10:00;179670,00;179735,00;179275,00;179385,00;12991607,00;362
WINV26;03/07/2026;10:00:00;180170,00;180225,00;179605,00;179650,00;20919204,00;581
WINV26;03/07/2026;09:50:00;180285,00;180500,00;180000,00;180010,00;15673177,00;435
WINV26;03/07/2026;09:40:00;180185,00;180255,00;179995,00;180255,00;1513128,00;42
WINV26;03/07/2026;09:30:00;180475,00;180475,00;180045,00;180255,00;3136194,00;87
WINV26;03/07/2026;09:20:00;180145,00;180500,00;180140,00;180375,00;13092723,00;363
WINV26;03/07/2026;09:10:00;180180,00;180305,00;179900,00;180240,00;36464227,00;1012
WINV26;03/07/2026;09:00:00;179200,00;180455,00;179200,00;180280,00;216059483,00;6000
WINV26;02/07/2026;18:20:00;178945,00;178945,00;178860,00;178880,00;59751418,00;1670
WINV26;02/07/2026;18:10:00;179030,00;179035,00;178920,00;178975,00;1754384,00;49
WINV26;02/07/2026;18:00:00;179070,00;179070,00;179070,00;179070,00;35814,00;1
WINV26;02/07/2026;17:50:00;179060,00;179145,00;179025,00;179070,00;3831769,00;107
WINV26;02/07/2026;17:40:00;179080,00;179100,00;179080,00;179095,00;322371,00;9
WINV26;02/07/2026;17:30:00;179130,00;179165,00;179105,00;179105,00;2292866,00;64
WINV26;02/07/2026;17:20:00;179035,00;179100,00;178980,00;179100,00;429710,00;12
WINV26;02/07/2026;17:10:00;179040,00;179040,00;179010,00;179035,00;2792888,00;78
WINV26;02/07/2026;17:00:00;179045,00;179125,00;178855,00;179025,00;6946200,00;194
WINV26;02/07/2026;16:50:00;178650,00;179025,00;178650,00;179025,00;3432936,00;96
WINV26;02/07/2026;16:40:00;178675,00;178760,00;178595,00;178595,00;2322500,00;65
WINV26;02/07/2026;16:30:00;178595,00;178645,00;178585,00;178645,00;464352,00;13
WINV26;02/07/2026;16:20:00;178630,00;178630,00;178440,00;178555,00;20248906,00;567
WINV26;02/07/2026;16:10:00;178740,00;178740,00;178620,00;178660,00;1572457,00;44
WINV26;02/07/2026;16:00:00;178910,00;178940,00;178780,00;178780,00;822860,00;23
WINV26;02/07/2026;15:50:00;178960,00;179050,00;178930,00;179000,00;1932765,00;54
WINV26;02/07/2026;15:40:00;178970,00;179000,00;178795,00;178960,00;4186938,00;117
WINV26;02/07/2026;15:30:00;178740,00;178985,00;178740,00;178900,00;5007921,00;140
WINV26;02/07/2026;15:20:00;178410,00;178725,00;178410,00;178725,00;6643110,00;186
WINV26;02/07/2026;15:10:00;178625,00;178625,00;178360,00;178395,00;2248847,00;63
WINV26;02/07/2026;15:00:00;178305,00;178615,00;178295,00;178600,00;12210171,00;342
WINV26;02/07/2026;14:50:00;178435,00;178440,00;178315,00;178315,00;1248675,00;35
WINV26;02/07/2026;14:40:00;178385,00;178495,00;178350,00;178465,00;820682,00;23
WINV26;02/07/2026;14:30:00;178405,00;178500,00;178315,00;178320,00;2569571,00;72
WINV26;02/07/2026;14:20:00;178500,00;178500,00;178375,00;178435,00;1605646,00;45
WINV26;02/07/2026;14:10:00;178550,00;178575,00;178440,00;178505,00;4641062,00;130
WINV26;02/07/2026;14:00:00;178295,00;178565,00;178295,00;178490,00;1962941,00;55
WINV26;02/07/2026;13:50:00;178590,00;178590,00;178250,00;178255,00;8173226,00;229
WINV26;02/07/2026;13:40:00;178395,00;178595,00;178395,00;178550,00;3355732,00;94
WINV26;02/07/2026;13:30:00;178395,00;178500,00;178350,00;178375,00;4210935,00;118
WINV26;02/07/2026;13:20:00;178535,00;178595,00;178250,00;178370,00;37387653,00;1048
WINV26;02/07/2026;13:10:00;178460,00;178665,00;178460,00;178580,00;5464987,00;153
WINV26;02/07/2026;13:00:00;178600,00;178730,00;178415,00;178425,00;3748630,00;105
WINV26;02/07/2026;12:50:00;178485,00;178600,00;178435,00;178460,00;606909,00;17
WINV26;02/07/2026;12:40:00;178585,00;178615,00;178555,00;178600,00;964357,00;27
WINV26;02/07/2026;12:30:00;178500,00;178570,00;178440,00;178570,00;1785173,00;50
WINV26;02/07/2026;12:20:00;178160,00;178575,00;178120,00;178350,00;13909262,00;390
WINV26;02/07/2026;12:10:00;178480,00;178520,00;178030,00;178145,00;19270916,00;541
WINV26;02/07/2026;12:00:00;178715,00;178880,00;178185,00;178235,00;12104972,00;339
WINV26;02/07/2026;11:50:00;178675,00;178750,00;178535,00;178745,00;2786877,00;78
WINV26;02/07/2026;11:40:00;178560,00;178800,00;178410,00;178750,00;142110098,00;3979
WINV26;02/07/2026;11:30:00;178955,00;179300,00;178555,00;178660,00;148097211,00;4138
WINV26;02/07/2026;11:20:00;179615,00;179615,00;178950,00;179000,00;6878909,00;192
WINV26;02/07/2026;11:10:00;179600,00;179880,00;179490,00;179685,00;1041584,00;29
WINV26;02/07/2026;11:00:00;179770,00;179940,00;179650,00;179670,00;11463292,00;319
WINV26;02/07/2026;10:50:00;180285,00;180485,00;179525,00;179720,00;31479165,00;874
WINV26;02/07/2026;10:40:00;180235,00;180790,00;180150,00;180320,00;32995524,00;914
WINV26;02/07/2026;10:30:00;179000,00;180200,00;179000,00;180160,00;14860918,00;414
WINV26;02/07/2026;10:20:00;179300,00;179350,00;178850,00;178945,00;67106542,00;1872
WINV26;02/07/2026;10:10:00;179550,00;179710,00;179245,00;179350,00;12844910,00;358
WINV26;02/07/2026;10:00:00;179580,00;179600,00;179020,00;179500,00;10290748,00;287
WINV26;02/07/2026;09:50:00;179580,00;179580,00;179390,00;179495,00;1758873,00;49
WINV26;02/07/2026;09:40:00;180270,00;180365,00;179440,00;179590,00;18758818,00;521
WINV26;02/07/2026;09:30:00;178700,00;180265,00;178290,00;180245,00;33895174,00;943
WINV26;02/07/2026;09:20:00;178275,00;178745,00;178200,00;178685,00;3532218,00;99
WINV26;02/07/2026;09:10:00;178345,00;178550,00;178230,00;178230,00;2247490,00;63
WINV26;02/07/2026;09:00:00;178075,00;178605,00;177685,00;178250,00;56082694,00;1576
WINV26;01/07/2026;18:20:00;178300,00;178300,00;178295,00;178295,00;320939,00;9
WINV26;01/07/2026;18:10:00;178175,00;178280,00;178160,00;178280,00;10478827,00;294
WINV26;01/07/2026;18:00:00;178230,00;178280,00;178180,00;178270,00;27765335,00;779
WINV26;01/07/2026;17:50:00;178200,00;178375,00;178200,00;178260,00;1676163,00;47
WINV26;01/07/2026;17:40:00;178255,00;178255,00;178150,00;178150,00;178174,00;5
WINV26;01/07/2026;17:30:00;178020,00;178185,00;178020,00;178185,00;6520046,00;183
WINV26;01/07/2026;17:20:00;177950,00;177965,00;177950,00;177950,00;249138,00;7
WINV26;01/07/2026;17:10:00;178080,00;178105,00;177960,00;177960,00;1317706,00;37
WINV26;01/07/2026;17:00:00;177935,00;178090,00;177850,00;178090,00;7437838,00;209
WINV26;01/07/2026;16:50:00;178070,00;178070,00;177935,00;177990,00;1424025,00;40
WINV26;01/07/2026;16:40:00;178075,00;178200,00;178065,00;178140,00;1211269,00;34
WINV26;01/07/2026;16:30:00;178060,00;178130,00;177940,00;178080,00;8119207,00;228
WINV26;01/07/2026;16:20:00;178120,00;178255,00;178070,00;178070,00;676936,00;19
WINV26;01/07/2026;16:10:00;178040,00;178215,00;177990,00;178160,00;1602929,00;45
WINV26;01/07/2026;16:00:00;177860,00;178285,00;177750,00;178055,00;4165405,00;117
WINV26;01/07/2026;15:50:00;177740,00;177775,00;177740,00;177775,00;142213,00;4
WINV26;01/07/2026;15:40:00;177800,00;177800,00;177800,00;177800,00;35560,00;1
WINV26;01/07/2026;15:30:00;177790,00;177815,00;177750,00;177765,00;391143,00;11
WINV26;01/07/2026;15:20:00;177750,00;177960,00;177750,00;177840,00;2489639,00;70
WINV26;01/07/2026;15:10:00;177820,00;177820,00;177650,00;177710,00;3909715,00;110
WINV26;01/07/2026;15:00:00;178000,00;178030,00;177835,00;177845,00;1174135,00;33
WINV26;01/07/2026;14:50:00;177945,00;177945,00;177745,00;177910,00;5156496,00;145
WINV26;01/07/2026;14:40:00;178250,00;178300,00;177880,00;177890,00;2172022,00;61
WINV26;01/07/2026;14:30:00;178195,00;178295,00;178125,00;178260,00;1389824,00;39
WINV26;01/07/2026;14:20:00;178260,00;178260,00;178260,00;178260,00;819996,00;23
WINV26;01/07/2026;14:10:00;178225,00;178250,00;178185,00;178220,00;285140,00;8
WINV26;01/07/2026;14:00:00;178160,00;178420,00;178115,00;178195,00;2389365,00;67
WINV26;01/07/2026;13:50:00;178200,00;178200,00;178030,00;178055,00;1531684,00;43
WINV26;01/07/2026;13:40:00;178315,00;178375,00;178260,00;178320,00;392299,00;11
WINV26;01/07/2026;13:30:00;178270,00;178370,00;178200,00;178315,00;1426192,00;40
WINV26;01/07/2026;13:20:00;178090,00;178250,00;178000,00;178250,00;961881,00;27
WINV26;01/07/2026;13:10:00;178120,00;178135,00;178105,00;178105,00;3954269,00;111
WINV26;01/07/2026;13:00:00;178035,00;178190,00;178020,00;178115,00;641232,00;18
WINV26;01/07/2026;12:50:00;178005,00;178250,00;177965,00;178030,00;4487927,00;126
WINV26;01/07/2026;12:40:00;177800,00;178185,00;177800,00;178010,00;5270444,00;148
WINV26;01/07/2026;12:30:00;177330,00;177800,00;177330,00;177715,00;12319014,00;347
WINV26;01/07/2026;12:20:00;177310,00;177560,00;177220,00;177350,00;14332553,00;404
WINV26;01/07/2026;12:10:00;177320,00;177425,00;177250,00;177305,00;5000658,00;141
WINV26;01/07/2026;12:00:00;177395,00;177560,00;177285,00;177350,00;2873469,00;81
WINV26;01/07/2026;11:50:00;177540,00;177850,00;177415,00;177450,00;6004468,00;169
WINV26;01/07/2026;11:40:00;177830,00;177830,00;177440,00;177465,00;10794095,00;304
WINV26;01/07/2026;11:30:00;177790,00;177920,00;177740,00;177875,00;3307479,00;93
WINV26;01/07/2026;11:20:00;178120,00;178150,00;177645,00;177820,00;7043768,00;198
WINV26;01/07/2026;11:10:00;177465,00;178200,00;177465,00;177965,00;18399216,00;517
WINV26;01/07/2026;11:00:00;177640,00;177680,00;177455,00;177550,00;3196099,00;90
WINV26;01/07/2026;10:50:00;177615,00;177700,00;177300,00;177515,00;23358226,00;658
WINV26;01/07/2026;10:40:00;177450,00;177945,00;177205,00;177700,00;16882928,00;475
WINV26;01/07/2026;10:30:00;176620,00;177600,00;176340,00;177485,00;16446308,00;464
WINV26;01/07/2026;10:20:00;176185,00;176700,00;176155,00;176585,00;17505183,00;496
WINV26;01/07/2026;10:10:00;176010,00;176395,00;175805,00;176230,00;37029688,00;1052
WINV26;01/07/2026;10:00:00;176140,00;176260,00;175890,00;176030,00;97847601,00;2779
WINV26;01/07/2026;09:50:00;176260,00;176380,00;175925,00;176100,00;45601740,00;1295
WINV26;01/07/2026;09:40:00;176140,00;176230,00;176075,00;176215,00;2572202,00;73
WINV26;01/07/2026;09:30:00;176385,00;176455,00;176110,00;176180,00;9550736,00;271
WINV26;01/07/2026;09:20:00;176445,00;176600,00;176245,00;176380,00;26709860,00;757
WINV26;01/07/2026;09:10:00;176820,00;177170,00;176400,00;176415,00;81819509,00;2313
WINV26;01/07/2026;09:00:00;177760,00;177890,00;176450,00;176885,00;108333645,00;3054
WINV26;30/06/2026;18:20:00;178360,00;178400,00;178295,00;178330,00;45691158,00;1281
WINV26;30/06/2026;18:10:00;178370,00;178385,00;178275,00;178365,00;11339302,00;318
WINV26;30/06/2026;18:00:00;178400,00;178400,00;178315,00;178350,00;142679,00;4
WINV26;30/06/2026;17:50:00;178410,00;178420,00;178400,00;178420,00;642296,00;18
WINV26;30/06/2026;17:40:00;178385,00;178405,00;178345,00;178345,00;1498500,00;42
WINV26;30/06/2026;17:30:00;178345,00;178345,00;178285,00;178285,00;499310,00;14
WINV26;30/06/2026;17:20:00;178385,00;178385,00;178280,00;178335,00;677665,00;19
WINV26;30/06/2026;17:10:00;178500,00;178500,00;178390,00;178400,00;1106210,00;31
WINV26;30/06/2026;17:00:00;178510,00;178585,00;178485,00;178530,00;4641810,00;130
WINV26;30/06/2026;16:50:00;178560,00;178560,00;178455,00;178490,00;5676723,00;159
WINV26;30/06/2026;16:40:00;178630,00;178630,00;178570,00;178580,00;928677,00;26
WINV26;30/06/2026;16:30:00;178675,00;178765,00;178590,00;178590,00;2894941,00;81
WINV26;30/06/2026;16:20:00;178635,00;178635,00;178500,00;178610,00;964299,00;27
WINV26;30/06/2026;16:10:00;178570,00;178610,00;178555,00;178600,00;464320,00;13
WINV26;30/06/2026;16:00:00;178775,00;178775,00;178575,00;178650,00;1250554,00;35
WINV26;30/06/2026;15:50:00;178735,00;178850,00;178720,00;178760,00;1037089,00;29
WINV26;30/06/2026;15:40:00;178730,00;178805,00;178650,00;178805,00;1787278,00;50
WINV26;30/06/2026;15:30:00;178850,00;178850,00;178695,00;178760,00;3503660,00;98
WINV26;30/06/2026;15:20:00;179045,00;179070,00;178860,00;178860,00;1754099,00;49
WINV26;30/06/2026;15:10:00;178945,00;179070,00;178875,00;178990,00;5262287,00;147
WINV26;30/06/2026;15:00:00;179070,00;179075,00;178880,00;178945,00;3614974,00;101
WINV26;30/06/2026;14:50:00;178945,00;179165,00;178945,00;179100,00;9559362,00;267
WINV26;30/06/2026;14:40:00;178685,00;178950,00;178685,00;178920,00;6115487,00;171
WINV26;30/06/2026;14:30:00;178735,00;178785,00;178685,00;178720,00;536193,00;15
WINV26;30/06/2026;14:20:00;178655,00;178790,00;178575,00;178785,00;3359515,00;94
WINV26;30/06/2026;14:10:00;178485,00;178730,00;178485,00;178730,00;2072170,00;58
WINV26;30/06/2026;14:00:00;178480,00;178625,00;178410,00;178480,00;2892064,00;81
WINV26;30/06/2026;13:50:00;178540,00;178585,00;178475,00;178475,00;1213888,00;34
WINV26;30/06/2026;13:40:00;178665,00;178755,00;178610,00;178610,00;250182,00;7
WINV26;30/06/2026;13:30:00;178820,00;178820,00;178535,00;178680,00;2108491,00;59
WINV26;30/06/2026;13:20:00;178610,00;178895,00;178605,00;178805,00;4433794,00;124
WINV26;30/06/2026;13:10:00;178650,00;178655,00;178510,00;178535,00;1892943,00;53
WINV26;30/06/2026;13:00:00;178500,00;178650,00;178395,00;178650,00;2070484,00;58
WINV26;30/06/2026;12:50:00;178385,00;178400,00;178290,00;178345,00;1533944,00;43
WINV26;30/06/2026;12:40:00;178125,00;178375,00;178125,00;178295,00;1782945,00;50
WINV26;30/06/2026;12:30:00;178085,00;178300,00;178085,00;178140,00;320722,00;9
WINV26;30/06/2026;12:20:00;178095,00;178300,00;177915,00;178150,00;2137299,00;60
WINV26;30/06/2026;12:10:00;178270,00;178435,00;178015,00;178080,00;4883850,00;137
WINV26;30/06/2026;12:00:00;177870,00;178230,00;177870,00;178230,00;5946830,00;167
WINV26;30/06/2026;11:50:00;177780,00;177925,00;177590,00;177890,00;8177658,00;230
WINV26;30/06/2026;11:40:00;177750,00;177955,00;177720,00;177720,00;3236094,00;91
WINV26;30/06/2026;11:30:00;177760,00;177865,00;177605,00;177815,00;4373209,00;123
WINV26;30/06/2026;11:20:00;177940,00;178000,00;177695,00;177755,00;7754734,00;218
WINV26;30/06/2026;11:10:00;177845,00;178515,00;177845,00;177895,00;76034746,00;2134
WINV26;30/06/2026;11:00:00;177500,00;177900,00;177255,00;177760,00;53262949,00;1501
WINV26;30/06/2026;10:50:00;177285,00;177640,00;177245,00;177525,00;14022751,00;395
WINV26;30/06/2026;10:40:00;177085,00;177580,00;176780,00;177365,00;66005007,00;1863
WINV26;30/06/2026;10:30:00;177425,00;177625,00;177065,00;177085,00;85722753,00;2417
WINV26;30/06/2026;10:20:00;177645,00;177685,00;177220,00;177400,00;89262694,00;2515
WINV26;30/06/2026;10:10:00;177815,00;177980,00;177270,00;177585,00;104413538,00;2941
WINV26;30/06/2026;10:00:00;178335,00;178345,00;177590,00;177860,00;87658043,00;2465
WINV26;30/06/2026;09:50:00;178870,00;178895,00;178330,00;178390,00;6750442,00;189
WINV26;30/06/2026;09:40:00;178740,00;178870,00;178565,00;178825,00;6791531,00;190
WINV26;30/06/2026;09:30:00;178510,00;178750,00;178420,00;178650,00;16635017,00;466
WINV26;30/06/2026;09:20:00;178505,00;178660,00;178085,00;178475,00;12875328,00;361
WINV26;30/06/2026;09:10:00;179475,00;179475,00;178220,00;178560,00;26152239,00;732
WINV26;30/06/2026;09:00:00;179650,00;179805,00;179180,00;179505,00;100139691,00;2791
WINV26;29/06/2026;18:20:00;179620,00;179620,00;179500,00;179500,00;1077287,00;30
WINV26;29/06/2026;18:10:00;179585,00;179730,00;179585,00;179645,00;3161982,00;88
WINV26;29/06/2026;18:00:00;179690,00;179690,00;179570,00;179570,00;44123480,00;1228
WINV26;29/06/2026;17:50:00;179705,00;179720,00;179665,00;179720,00;431215,00;12
WINV26;29/06/2026;17:40:00;179695,00;179695,00;179695,00;179695,00;35939,00;1
WINV26;29/06/2026;17:30:00;179770,00;179775,00;179690,00;179695,00;1401893,00;39
WINV26;29/06/2026;17:20:00;179715,00;179800,00;179715,00;179780,00;755078,00;21
WINV26;29/06/2026;17:10:00;179675,00;179700,00;179675,00;179700,00;1078125,00;30
WINV26;29/06/2026;17:00:00;179650,00;179710,00;179645,00;179645,00;1113982,00;31
WINV26;29/06/2026;16:50:00;179605,00;179700,00;179545,00;179585,00;2335111,00;65
WINV26;29/06/2026;16:40:00;179615,00;179645,00;179535,00;179645,00;1077515,00;30
WINV26;29/06/2026;16:30:00;179710,00;179740,00;179585,00;179585,00;1006176,00;28
WINV26;29/06/2026;16:20:00;179925,00;179925,00;179700,00;179760,00;4171299,00;116
WINV26;29/06/2026;16:10:00;179905,00;179925,00;179875,00;179880,00;323815,00;9
WINV26;29/06/2026;16:00:00;179975,00;179985,00;179845,00;179890,00;935505,00;26
WINV26;29/06/2026;15:50:00;180020,00;180020,00;179945,00;179955,00;827858,00;23
WINV26;29/06/2026;15:40:00;180050,00;180120,00;180035,00;180040,00;1440729,00;40
WINV26;29/06/2026;15:30:00;179930,00;180045,00;179930,00;180045,00;1116108,00;31
WINV26;29/06/2026;15:20:00;179965,00;180010,00;179945,00;179970,00;1115902,00;31
WINV26;29/06/2026;15:10:00;179890,00;179990,00;179890,00;179900,00;863619,00;24
WINV26;29/06/2026;15:00:00;179895,00;179895,00;179815,00;179860,00;4208862,00;117
WINV26;29/06/2026;14:50:00;179780,00;179795,00;179765,00;179795,00;575292,00;16
WINV26;29/06/2026;14:40:00;179790,00;179790,00;179690,00;179725,00;1222224,00;34
WINV26;29/06/2026;14:30:00;179805,00;179830,00;179750,00;179795,00;359580,00;10
WINV26;29/06/2026;14:20:00;179900,00;179900,00;179850,00;179850,00;143903,00;4
WINV26;29/06/2026;14:10:00;179770,00;179920,00;179770,00;179845,00;2877740,00;80
WINV26;29/06/2026;14:00:00;179745,00;179870,00;179745,00;179860,00;467597,00;13
WINV26;29/06/2026;13:50:00;179880,00;179975,00;179735,00;179750,00;13561575,00;377
WINV26;29/06/2026;13:40:00;179640,00;179925,00;179625,00;179925,00;10749462,00;299
WINV26;29/06/2026;13:30:00;179445,00;179710,00;179440,00;179670,00;86413024,00;2406
WINV26;29/06/2026;13:20:00;179345,00;179425,00;179270,00;179425,00;717387,00;20
WINV26;29/06/2026;13:10:00;179210,00;179315,00;179195,00;179310,00;824565,00;23
WINV26;29/06/2026;13:00:00;178995,00;179120,00;178985,00;179120,00;3008519,00;84
WINV26;29/06/2026;12:50:00;179180,00;179180,00;179000,00;179075,00;1539597,00;43
WINV26;29/06/2026;12:40:00;179165,00;179180,00;179105,00;179180,00;4262973,00;119
WINV26;29/06/2026;12:30:00;179375,00;179375,00;179060,00;179135,00;21175074,00;591
WINV26;29/06/2026;12:20:00;179265,00;179390,00;179220,00;179375,00;2295046,00;64
WINV26;29/06/2026;12:10:00;179400,00;179470,00;179265,00;179290,00;1614039,00;45
WINV26;29/06/2026;12:00:00;179550,00;179580,00;179255,00;179380,00;2869703,00;80
WINV26;29/06/2026;11:50:00;179545,00;179560,00;179400,00;179460,00;11739233,00;327
WINV26;29/06/2026;11:40:00;179500,00;179665,00;179420,00;179550,00;88939878,00;2478
WINV26;29/06/2026;11:30:00;179725,00;179900,00;179530,00;179530,00;5464172,00;152
WINV26;29/06/2026;11:20:00;179575,00;180020,00;179575,00;179770,00;31842352,00;885
WINV26;29/06/2026;11:10:00;179385,00;179650,00;179190,00;179640,00;288762474,00;8043
WINV26;29/06/2026;11:00:00;179490,00;179540,00;179055,00;179305,00;123359150,00;3440
WINV26;29/06/2026;10:50:00;179530,00;179650,00;179115,00;179540,00;245733189,00;6850
WINV26;29/06/2026;10:40:00;178950,00;179620,00;178950,00;179530,00;125069672,00;3490
WINV26;29/06/2026;10:30:00;179530,00;179545,00;178710,00;178950,00;125723496,00;3508
WINV26;29/06/2026;10:20:00;179940,00;180020,00;179545,00;179545,00;12549056,00;349
WINV26;29/06/2026;10:10:00;180005,00;180415,00;179855,00;179905,00;4503146,00;125
WINV26;29/06/2026;10:00:00;180095,00;180200,00;179820,00;179970,00;7562030,00;210
WINV26;29/06/2026;09:50:00;179745,00;180095,00;179745,00;180045,00;4246403,00;118
WINV26;29/06/2026;09:40:00;179425,00;179750,00;179335,00;179745,00;4810080,00;134
WINV26;29/06/2026;09:30:00;179645,00;179920,00;179430,00;179445,00;11644867,00;324
WINV26;29/06/2026;09:20:00;180000,00;180000,00;179440,00;179470,00;18825387,00;524
WINV26;29/06/2026;09:10:00;180080,00;180130,00;179820,00;179920,00;13536919,00;376
WINV26;29/06/2026;09:00:00;180565,00;181000,00;179970,00;180120,00;93785924,00;2598
WINV26;26/06/2026;18:20:00;179890,00;179945,00;179865,00;179865,00;863601,00;24
WINV26;26/06/2026;18:10:00;180035,00;180035,00;179900,00;179900,00;32927683,00;915
WINV26;26/06/2026;18:00:00;180075,00;180200,00;179925,00;180075,00;31233254,00;867
WINV26;26/06/2026;17:50:00;180045,00;180140,00;180045,00;180085,00;936511,00;26
WINV26;26/06/2026;17:40:00;179950,00;180090,00;179950,00;180085,00;1548421,00;43
WINV26;26/06/2026;17:30:00;180170,00;180170,00;179930,00;179990,00;2196458,00;61
WINV26;26/06/2026;17:20:00;179980,00;180265,00;179980,00;180265,00;9619180,00;267
WINV26;26/06/2026;17:10:00;179915,00;179945,00;179915,00;179945,00;107961,00;3
WINV26;26/06/2026;17:00:00;180000,00;180060,00;179850,00;180010,00;4067210,00;113
WINV26;26/06/2026;16:50:00;179925,00;180055,00;179890,00;179930,00;2015706,00;56
WINV26;26/06/2026;16:40:00;180020,00;180020,00;179850,00;179915,00;2411037,00;67
WINV26;26/06/2026;16:30:00;180015,00;180105,00;179945,00;180045,00;1656526,00;46
WINV26;26/06/2026;16:20:00;180085,00;180120,00;179980,00;180120,00;1476431,00;41
WINV26;26/06/2026;16:10:00;180140,00;180170,00;180070,00;180070,00;2485995,00;69
WINV26;26/06/2026;16:00:00;180195,00;180245,00;180050,00;180110,00;4287794,00;119
WINV26;26/06/2026;15:50:00;180140,00;180195,00;180070,00;180180,00;36460658,00;1012
WINV26;26/06/2026;15:40:00;180300,00;180300,00;180100,00;180150,00;43597451,00;1210
WINV26;26/06/2026;15:30:00;180455,00;180490,00;180270,00;180320,00;2668603,00;74
WINV26;26/06/2026;15:20:00;180360,00;180630,00;180360,00;180425,00;2310560,00;64
WINV26;26/06/2026;15:10:00;180475,00;180475,00;180370,00;180425,00;2201382,00;61
WINV26;26/06/2026;15:00:00;180345,00;180605,00;180345,00;180475,00;5775938,00;160
WINV26;26/06/2026;14:50:00;180400,00;180425,00;180335,00;180375,00;865813,00;24
WINV26;26/06/2026;14:40:00;180300,00;180450,00;180300,00;180380,00;1587511,00;44
WINV26;26/06/2026;14:30:00;180395,00;180395,00;180250,00;180250,00;540979,00;15
WINV26;26/06/2026;14:20:00;180200,00;180325,00;180130,00;180290,00;1009168,00;28
WINV26;26/06/2026;14:10:00;180395,00;180395,00;180200,00;180200,00;1622481,00;45
WINV26;26/06/2026;14:00:00;180140,00;180455,00;180140,00;180425,00;37933634,00;1052
WINV26;26/06/2026;13:50:00;179950,00;180105,00;179940,00;180105,00;1548357,00;43
WINV26;26/06/2026;13:40:00;180250,00;180265,00;179950,00;180005,00;27076851,00;752
WINV26;26/06/2026;13:30:00;180120,00;180405,00;180120,00;180255,00;49970969,00;1386
WINV26;26/06/2026;13:20:00;180180,00;180180,00;180050,00;180050,00;5151263,00;143
WINV26;26/06/2026;13:10:00;180080,00;180230,00;180065,00;180230,00;252169,00;7
WINV26;26/06/2026;13:00:00;180230,00;180260,00;180145,00;180145,00;1513852,00;42
WINV26;26/06/2026;12:50:00;180025,00;180220,00;179845,00;180180,00;6154425,00;171
WINV26;26/06/2026;12:40:00;180060,00;180220,00;180050,00;180095,00;3782233,00;105
WINV26;26/06/2026;12:30:00;180045,00;180130,00;179790,00;180060,00;1547837,00;43
WINV26;26/06/2026;12:20:00;179715,00;180015,00;179700,00;180005,00;4389247,00;122
WINV26;26/06/2026;12:10:00;179700,00;179795,00;179520,00;179720,00;2227983,00;62
WINV26;26/06/2026;12:00:00;179525,00;179750,00;179480,00;179725,00;4022990,00;112
WINV26;26/06/2026;11:50:00;179400,00;179590,00;179400,00;179480,00;2512820,00;70
WINV26;26/06/2026;11:40:00;179350,00;179400,00;179075,00;179335,00;4911869,00;137
WINV26;26/06/2026;11:30:00;178920,00;179320,00;178855,00;179320,00;3509394,00;98
WINV26;26/06/2026;11:20:00;178990,00;179290,00;178820,00;178960,00;7590076,00;212
WINV26;26/06/2026;11:10:00;178355,00;179000,00;178280,00;179000,00;127309611,00;3564
WINV26;26/06/2026;11:00:00;178285,00;178385,00;178000,00;178250,00;677169,00;19
WINV26;26/06/2026;10:50:00;177900,00;178250,00;177780,00;178235,00;2385702,00;67
WINV26;26/06/2026;10:40:00;177655,00;177905,00;177550,00;177880,00;24237461,00;682
WINV26;26/06/2026;10:30:00;177830,00;178115,00;177750,00;177760,00;3060836,00;86
WINV26;26/06/2026;10:20:00;177810,00;177940,00;177595,00;177770,00;1813430,00;51
WINV26;26/06/2026;10:10:00;178075,00;178145,00;177490,00;177660,00;5260651,00;148
WINV26;26/06/2026;10:00:00;178200,00;178305,00;177930,00;177985,00;23218911,00;652
WINV26;26/06/2026;09:50:00;178310,00;178470,00;178230,00;178265,00;820359,00;23
WINV26;26/06/2026;09:40:00;178390,00;178515,00;178195,00;178460,00;8596096,00;241
WINV26;26/06/2026;09:30:00;178750,00;178800,00;178370,00;178370,00;4213255,00;118
WINV26;26/06/2026;09:20:00;178940,00;178940,00;178550,00;178745,00;4253603,00;119
WINV26;26/06/2026;09:10:00;178430,00;179210,00;178365,00;178940,00;16562485,00;463
WINV26;26/06/2026;09:00:00;177605,00;178620,00;177465,00;178475,00;51771535,00;1455
WINV26;25/06/2026;18:20:00;178470,00;178470,00;178355,00;178355,00;535088,00;15
WINV26;25/06/2026;18:10:00;178505,00;178565,00;178470,00;178475,00;27458863,00;769
WINV26;25/06/2026;18:00:00;178590,00;178590,00;178500,00;178500,00;71418,00;2
WINV26;25/06/2026;17:50:00;178600,00;178620,00;178535,00;178535,00;1607127,00;45
WINV26;25/06/2026;17:40:00;178645,00;178645,00;178530,00;178560,00;4499981,00;126
WINV26;25/06/2026;17:30:00;178690,00;178690,00;178605,00;178605,00;821793,00;23
WINV26;25/06/2026;17:20:00;178735,00;178745,00;178735,00;178745,00;714960,00;20
WINV26;25/06/2026;17:10:00;178700,00;178735,00;178660,00;178735,00;3467368,00;97
WINV26;25/06/2026;17:00:00;178595,00;178735,00;178595,00;178670,00;3787498,00;106
WINV26;25/06/2026;16:50:00;178565,00;178565,00;178425,00;178495,00;4211628,00;118
WINV26;25/06/2026;16:40:00;178805,00;178805,00;178540,00;178540,00;678753,00;19
WINV26;25/06/2026;16:30:00;178705,00;178705,00;178690,00;178700,00;2751979,00;77
WINV26;25/06/2026;16:20:00;178710,00;178850,00;178710,00;178830,00;1787800,00;50
WINV26;25/06/2026;16:10:00;178895,00;178895,00;178895,00;178895,00;35779,00;1
WINV26;25/06/2026;16:00:00;178730,00;178850,00;178715,00;178850,00;643581,00;18
WINV26;25/06/2026;15:50:00;178675,00;178800,00;178655,00;178800,00;1215208,00;34
WINV26;25/06/2026;15:40:00;178640,00;178775,00;178640,00;178650,00;357387,00;10
WINV26;25/06/2026;15:30:00;179005,00;179005,00;178610,00;178705,00;4112969,00;115
WINV26;25/06/2026;15:20:00;178970,00;179115,00;178970,00;179025,00;2219993,00;62
WINV26;25/06/2026;15:10:00;178885,00;179035,00;178735,00;179035,00;3040930,00;85
WINV26;25/06/2026;15:00:00;179135,00;179135,00;178550,00;178935,00;11330917,00;317
WINV26;25/06/2026;14:50:00;179145,00;179260,00;179145,00;179160,00;3046163,00;85
WINV26;25/06/2026;14:40:00;179010,00;179010,00;179010,00;179010,00;35802,00;1
WINV26;25/06/2026;14:30:00;179150,00;179155,00;179150,00;179155,00;143322,00;4
WINV26;25/06/2026;14:20:00;178850,00;179130,00;178850,00;179065,00;13491136,00;377
WINV26;25/06/2026;14:10:00;179300,00;179345,00;178895,00;178895,00;859686,00;24
WINV26;25/06/2026;14:00:00;179400,00;179445,00;179400,00;179445,00;251185,00;7
WINV26;25/06/2026;13:50:00;179330,00;179530,00;179270,00;179340,00;2582460,00;72
WINV26;25/06/2026;13:40:00;179360,00;179360,00;179200,00;179285,00;4911950,00;137
WINV26;25/06/2026;13:30:00;179655,00;179655,00;179360,00;179360,00;1184516,00;33
WINV26;25/06/2026;13:20:00;179850,00;179850,00;179650,00;179650,00;323622,00;9
WINV26;25/06/2026;13:10:00;179750,00;179900,00;179750,00;179895,00;2374208,00;66
WINV26;25/06/2026;13:00:00;179570,00;179655,00;179570,00;179655,00;107776,00;3
WINV26;25/06/2026;12:50:00;179630,00;179630,00;179500,00;179615,00;215480,00;6
WINV26;25/06/2026;12:40:00;179625,00;179760,00;179625,00;179700,00;754808,00;21
WINV26;25/06/2026;12:30:00;179525,00;179620,00;179525,00;179620,00;1939182,00;54
WINV26;25/06/2026;12:20:00;179230,00;179500,00;179230,00;179495,00;3767660,00;105
WINV26;25/06/2026;12:10:00;179160,00;179250,00;178960,00;179220,00;2077348,00;58
WINV26;25/06/2026;12:00:00;179190,00;179385,00;179000,00;179125,00;2472890,00;69
WINV26;25/06/2026;11:50:00;179600,00;179600,00;179100,00;179220,00;37420076,00;1043
WINV26;25/06/2026;11:40:00;179780,00;179790,00;179455,00;179510,00;8905027,00;248
WINV26;25/06/2026;11:30:00;179655,00;179935,00;179510,00;179915,00;10819485,00;301
WINV26;25/06/2026;11:20:00;179150,00;179635,00;179080,00;179635,00;3408090,00;95
WINV26;25/06/2026;11:10:00;179005,00;179140,00;178630,00;178900,00;11738784,00;328
WINV26;25/06/2026;11:00:00;178040,00;179005,00;178040,00;179005,00;12214782,00;342
WINV26;25/06/2026;10:50:00;178135,00;178370,00;177860,00;177915,00;3384389,00;95
WINV26;25/06/2026;10:40:00;177630,00;178165,00;177630,00;178010,00;5943217,00;167
WINV26;25/06/2026;10:30:00;178445,00;178570,00;177575,00;177670,00;11681535,00;328
WINV26;25/06/2026;10:20:00;179005,00;179015,00;178265,00;178445,00;25615304,00;717
WINV26;25/06/2026;10:10:00;178345,00;179470,00;178345,00;179040,00;268823128,00;7509
WINV26;25/06/2026;10:00:00;178175,00;178460,00;178085,00;178400,00;1354979,00;38
WINV26;25/06/2026;09:50:00;178500,00;178535,00;178170,00;178170,00;2032833,00;57
WINV26;25/06/2026;09:40:00;178780,00;178900,00;178580,00;178590,00;27030986,00;756
WINV26;25/06/2026;09:30:00;178365,00;178910,00;178305,00;178770,00;27601904,00;772
WINV26;25/06/2026;09:20:00;178540,00;178540,00;178010,00;178375,00;5951361,00;167
WINV26;25/06/2026;09:10:00;178480,00;178540,00;178075,00;178540,00;6810433,00;191
WINV26;25/06/2026;09:00:00;177650,00;178775,00;177460,00;178680,00;117172552,00;3286
WINV26;24/06/2026;18:20:00;177970,00;177970,00;177845,00;177845,00;1494870,00;42
WINV26;24/06/2026;18:10:00;178085,00;178180,00;177945,00;177960,00;55291889,00;1553
WINV26;24/06/2026;18:00:00;177880,00;178110,00;177880,00;178110,00;1388362,00;39
WINV26;24/06/2026;17:50:00;177710,00;177850,00;177710,00;177840,00;5369736,00;151
WINV26;24/06/2026;17:40:00;177690,00;177795,00;177690,00;177695,00;1030807,00;29
WINV26;24/06/2026;17:30:00;177650,00;177675,00;177565,00;177565,00;284204,00;8
WINV26;24/06/2026;17:20:00;177545,00;177605,00;177540,00;177575,00;852337,00;24
WINV26;24/06/2026;17:10:00;177545,00;177665,00;177475,00;177525,00;1598266,00;45
WINV26;24/06/2026;17:00:00;177195,00;177540,00;177190,00;177530,00;1632222,00;46
WINV26;24/06/2026;16:50:00;177200,00;177220,00;177130,00;177145,00;18960239,00;535
WINV26;24/06/2026;16:40:00;177145,00;177180,00;177115,00;177165,00;1948819,00;55
WINV26;24/06/2026;16:30:00;177240,00;177240,00;177100,00;177180,00;11973519,00;338
WINV26;24/06/2026;16:20:00;177270,00;177395,00;177225,00;177330,00;8582631,00;242
WINV26;24/06/2026;16:10:00;177150,00;177385,00;177100,00;177305,00;16881036,00;476
WINV26;24/06/2026;16:00:00;177145,00;177170,00;177000,00;177070,00;920717,00;26
WINV26;24/06/2026;15:50:00;176890,00;177230,00;176890,00;177070,00;1239682,00;35
WINV26;24/06/2026;15:40:00;176945,00;177060,00;176850,00;176910,00;1026055,00;29
WINV26;24/06/2026;15:30:00;176955,00;177010,00;176910,00;176915,00;530854,00;15
WINV26;24/06/2026;15:20:00;176880,00;177010,00;176870,00;176915,00;4848046,00;137
WINV26;24/06/2026;15:10:00;176870,00;177070,00;176815,00;176960,00;5805042,00;164
WINV26;24/06/2026;15:00:00;176755,00;176870,00;176755,00;176870,00;318248,00;9
WINV26;24/06/2026;14:50:00;176565,00;176860,00;176460,00;176675,00;15593498,00;441
WINV26;24/06/2026;14:40:00;176475,00;176560,00;176345,00;176510,00;2893763,00;82
WINV26;24/06/2026;14:30:00;176500,00;176615,00;176470,00;176510,00;12465734,00;353
WINV26;24/06/2026;14:20:00;176605,00;176645,00;176305,00;176490,00;81465368,00;2309
WINV26;24/06/2026;14:10:00;176735,00;176735,00;176540,00;176675,00;741795,00;21
WINV26;24/06/2026;14:00:00;176895,00;176995,00;176725,00;176725,00;176818,00;5
WINV26;24/06/2026;13:50:00;177035,00;177065,00;176860,00;176890,00;283128,00;8
WINV26;24/06/2026;13:40:00;176930,00;177060,00;176860,00;177020,00;2512622,00;71
WINV26;24/06/2026;13:30:00;176870,00;177190,00;176870,00;177015,00;4355515,00;123
WINV26;24/06/2026;13:20:00;176835,00;176970,00;176835,00;176865,00;353770,00;10
WINV26;24/06/2026;13:10:00;176780,00;176780,00;176775,00;176775,00;141421,00;4
WINV26;24/06/2026;13:00:00;176750,00;176750,00;176650,00;176700,00;353442,00;10
WINV26;24/06/2026;12:50:00;176930,00;176930,00;176790,00;176790,00;672162,00;19
WINV26;24/06/2026;12:40:00;176880,00;177000,00;176880,00;177000,00;212357,00;6
WINV26;24/06/2026;12:30:00;177035,00;177035,00;176680,00;176850,00;2016210,00;57
WINV26;24/06/2026;12:20:00;177125,00;177160,00;176805,00;176980,00;7331242,00;207
WINV26;24/06/2026;12:10:00;176610,00;177030,00;176610,00;177030,00;1733231,00;49
WINV26;24/06/2026;12:00:00;176675,00;176855,00;176490,00;176540,00;3357045,00;95
WINV26;24/06/2026;11:50:00;176865,00;176865,00;176445,00;176655,00;2295275,00;65
WINV26;24/06/2026;11:40:00;176325,00;176940,00;176270,00;176825,00;52932788,00;1499
WINV26;24/06/2026;11:30:00;176625,00;176700,00;176245,00;176365,00;63256855,00;1794
WINV26;24/06/2026;11:20:00;176850,00;176900,00;176490,00;176670,00;19228785,00;544
WINV26;24/06/2026;11:10:00;177100,00;177115,00;176860,00;176860,00;5060613,00;143
WINV26;24/06/2026;11:00:00;177080,00;177350,00;176915,00;177125,00;17602018,00;497
WINV26;24/06/2026;10:50:00;177125,00;177525,00;176825,00;177040,00;6380471,00;180
WINV26;24/06/2026;10:40:00;177155,00;177350,00;177000,00;177115,00;5527926,00;156
WINV26;24/06/2026;10:30:00;178060,00;178100,00;176950,00;177330,00;29293109,00;825
WINV26;24/06/2026;10:20:00;177490,00;178035,00;177375,00;177975,00;43886609,00;1235
WINV26;24/06/2026;10:10:00;177040,00;177465,00;176975,00;177465,00;9532106,00;269
WINV26;24/06/2026;10:00:00;176735,00;177025,00;175970,00;177025,00;26925788,00;763
WINV26;24/06/2026;09:50:00;176680,00;176850,00;176610,00;176735,00;1449369,00;41
WINV26;24/06/2026;09:40:00;176710,00;176810,00;176560,00;176595,00;989292,00;28
WINV26;24/06/2026;09:30:00;176820,00;176870,00;176570,00;176630,00;989796,00;28
WINV26;24/06/2026;09:20:00;176875,00;176920,00;176610,00;176765,00;6963335,00;197
WINV26;24/06/2026;09:10:00;177260,00;177260,00;176780,00;176865,00;9025735,00;255
WINV26;24/06/2026;09:00:00;177945,00;178450,00;177130,00;177365,00;90716707,00;2547
WINV26;23/06/2026;18:20:00;178565,00;178565,00;178460,00;178510,00;27165751,00;761
WINV26;23/06/2026;18:10:00;178545,00;178650,00;178545,00;178585,00;29289674,00;820
WINV26;23/06/2026;18:00:00;178390,00;178570,00;178375,00;178555,00;3569929,00;100
WINV26;23/06/2026;17:50:00;178345,00;178480,00;178345,00;178395,00;3247194,00;91
WINV26;23/06/2026;17:40:00;178260,00;178375,00;178240,00;178350,00;891645,00;25
WINV26;23/06/2026;17:30:00;178310,00;178310,00;178275,00;178290,00;534876,00;15
WINV26;23/06/2026;17:20:00;178290,00;178335,00;178290,00;178315,00;713213,00;20
WINV26;23/06/2026;17:10:00;178155,00;178290,00;178155,00;178290,00;2815494,00;79
WINV26;23/06/2026;17:00:00;178080,00;178140,00;178000,00;178140,00;997234,00;28
WINV26;23/06/2026;16:50:00;178175,00;178250,00;178060,00;178115,00;997583,00;28
WINV26;23/06/2026;16:40:00;178330,00;178380,00;178180,00;178180,00;1996949,00;56
WINV26;23/06/2026;16:30:00;178340,00;178490,00;178245,00;178360,00;2496954,00;70
WINV26;23/06/2026;16:20:00;178060,00;178345,00;178060,00;178300,00;1746823,00;49
WINV26;23/06/2026;16:10:00;178105,00;178175,00;178095,00;178095,00;249351,00;7
WINV26;23/06/2026;16:00:00;177940,00;178010,00;177920,00;178010,00;498296,00;14
WINV26;23/06/2026;15:50:00;177905,00;177950,00;177875,00;177920,00;782762,00;22
WINV26;23/06/2026;15:40:00;177930,00;177930,00;177805,00;177865,00;533603,00;15
WINV26;23/06/2026;15:30:00;177860,00;178025,00;177850,00;177970,00;854188,00;24
WINV26;23/06/2026;15:20:00;178125,00;178125,00;177915,00;177915,00;1638011,00;46
WINV26;23/06/2026;15:10:00;178185,00;178205,00;178150,00;178150,00;249460,00;7
WINV26;23/06/2026;15:00:00;178270,00;178315,00;178145,00;178145,00;962415,00;27
WINV26;23/06/2026;14:50:00;178250,00;178250,00;178175,00;178175,00;748513,00;21
WINV26;23/06/2026;14:40:00;178225,00;178335,00;178225,00;178250,00;1640269,00;46
WINV26;23/06/2026;14:30:00;178200,00;178200,00;178120,00;178120,00;819554,00;23
WINV26;23/06/2026;14:20:00;178140,00;178255,00;178100,00;178255,00;641477,00;18
WINV26;23/06/2026;14:10:00;178045,00;178235,00;178045,00;178100,00;356294,00;10
WINV26;23/06/2026;14:00:00;178090,00;178090,00;177955,00;178040,00;640910,00;18
WINV26;23/06/2026;13:50:00;178205,00;178255,00;178050,00;178125,00;1923689,00;54
WINV26;23/06/2026;13:40:00;178200,00;178245,00;178175,00;178245,00;1496861,00;42
WINV26;23/06/2026;13:30:00;178165,00;178430,00;178100,00;178215,00;1924959,00;54
WINV26;23/06/2026;13:20:00;178020,00;178215,00;178020,00;178150,00;1353920,00;38
WINV26;23/06/2026;13:10:00;178150,00;178285,00;177960,00;177960,00;5415335,00;152
WINV26;23/06/2026;13:00:00;177585,00;178105,00;177565,00;178100,00;6829423,00;192
WINV26;23/06/2026;12:50:00;177310,00;177585,00;177310,00;177530,00;1739376,00;49
WINV26;23/06/2026;12:40:00;177265,00;177390,00;177225,00;177305,00;496383,00;14
WINV26;23/06/2026;12:30:00;177575,00;177635,00;177275,00;177275,00;3584799,00;101
WINV26;23/06/2026;12:20:00;177650,00;177690,00;177520,00;177520,00;1065540,00;30
WINV26;23/06/2026;12:10:00;177905,00;177935,00;177655,00;177725,00;3449232,00;97
WINV26;23/06/2026;12:00:00;177600,00;178000,00;177580,00;177860,00;4731075,00;133
WINV26;23/06/2026;11:50:00;177725,00;177890,00;177510,00;177630,00;23611532,00;664
WINV26;23/06/2026;11:40:00;177450,00;177800,00;177360,00;177775,00;11553287,00;325
WINV26;23/06/2026;11:30:00;177390,00;177470,00;177245,00;177395,00;1028791,00;29
WINV26;23/06/2026;11:20:00;177200,00;177500,00;177140,00;177500,00;3404201,00;96
WINV26;23/06/2026;11:10:00;176905,00;177215,00;176735,00;177215,00;1910811,00;54
WINV26;23/06/2026;11:00:00;176565,00;177135,00;176525,00;176915,00;6262984,00;177
WINV26;23/06/2026;10:50:00;176350,00;176655,00;176350,00;176545,00;22180184,00;628
WINV26;23/06/2026;10:40:00;176520,00;176520,00;175980,00;176225,00;9937942,00;282
WINV26;23/06/2026;10:30:00;176000,00;176795,00;176000,00;176560,00;29815125,00;845
WINV26;23/06/2026;10:20:00;175675,00;176030,00;175345,00;176030,00;6888173,00;196
WINV26;23/06/2026;10:10:00;175270,00;175825,00;175210,00;175715,00;8708276,00;248
WINV26;23/06/2026;10:00:00;175500,00;175550,00;175130,00;175220,00;15314786,00;437
WINV26;23/06/2026;09:50:00;175385,00;175480,00;175220,00;175410,00;8626674,00;246
WINV26;23/06/2026;09:40:00;175500,00;175600,00;175375,00;175435,00;14705762,00;419
WINV26;23/06/2026;09:30:00;175410,00;175685,00;175385,00;175550,00;7055389,00;201
WINV26;23/06/2026;09:20:00;175745,00;175750,00;175415,00;175425,00;5933235,00;169
WINV26;23/06/2026;09:10:00;175650,00;175750,00;175470,00;175685,00;5091979,00;145
WINV26;23/06/2026;09:00:00;176160,00;176160,00;175190,00;175665,00;40185909,00;1145
WINV26;22/06/2026;18:20:00;177270,00;177270,00;177155,00;177155,00;1311433,00;37
WINV26;22/06/2026;18:10:00;177340,00;177390,00;177320,00;177320,00;3334732,00;94
WINV26;22/06/2026;18:00:00;177370,00;177375,00;177270,00;177325,00;30140707,00;850
WINV26;22/06/2026;17:50:00;177290,00;177395,00;177260,00;177395,00;32632300,00;920
WINV26;22/06/2026;17:40:00;177280,00;177320,00;177275,00;177305,00;460961,00;13
WINV26;22/06/2026;17:30:00;177165,00;177275,00;177165,00;177255,00;1311283,00;37
WINV26;22/06/2026;17:20:00;177090,00;177165,00;177090,00;177115,00;247982,00;7
WINV26;22/06/2026;17:10:00;177070,00;177125,00;177060,00;177060,00;1133306,00;32
WINV26;22/06/2026;17:00:00;177225,00;177225,00;177020,00;177100,00;495894,00;14
WINV26;22/06/2026;16:50:00;177340,00;177340,00;177245,00;177245,00;248184,00;7
WINV26;22/06/2026;16:40:00;177470,00;177470,00;177255,00;177345,00;957670,00;27
WINV26;22/06/2026;16:30:00;177420,00;177495,00;177345,00;177495,00;532233,00;15
WINV26;22/06/2026;16:20:00;177535,00;177545,00;177450,00;177450,00;212989,00;6
WINV26;22/06/2026;16:10:00;177520,00;177560,00;177475,00;177560,00;213007,00;6
WINV26;22/06/2026;16:00:00;177270,00;177600,00;177270,00;177550,00;2129712,00;60
WINV26;22/06/2026;15:50:00;177345,00;177395,00;177270,00;177270,00;283697,00;8
WINV26;22/06/2026;15:40:00;177335,00;177425,00;177335,00;177425,00;390317,00;11
WINV26;22/06/2026;15:30:00;177240,00;177300,00;177240,00;177300,00;389940,00;11
WINV26;22/06/2026;15:20:00;177285,00;177380,00;177275,00;177275,00;1595562,00;45
WINV26;22/06/2026;15:10:00;177275,00;177290,00;177275,00;177285,00;425492,00;12
WINV26;22/06/2026;15:00:00;177175,00;177250,00;177155,00;177155,00;1169766,00;33
WINV26;22/06/2026;14:50:00;177145,00;177165,00;177060,00;177070,00;212546,00;6
WINV26;22/06/2026;14:40:00;177045,00;177085,00;176980,00;177060,00;389479,00;11
WINV26;22/06/2026;14:30:00;177145,00;177145,00;176935,00;176935,00;2442548,00;69
WINV26;22/06/2026;14:20:00;177295,00;177295,00;177175,00;177195,00;1701219,00;48
WINV26;22/06/2026;14:10:00;177330,00;177520,00;177330,00;177440,00;1880683,00;53
WINV26;22/06/2026;14:00:00;177345,00;177485,00;177300,00;177350,00;3263551,00;92
WINV26;22/06/2026;13:50:00;177315,00;177425,00;177295,00;177415,00;5428738,00;153
WINV26;22/06/2026;13:40:00;177245,00;177300,00;177205,00;177255,00;567212,00;16
WINV26;22/06/2026;13:30:00;177020,00;177295,00;177020,00;177250,00;992274,00;28
WINV26;22/06/2026;13:20:00;177035,00;177065,00;176890,00;176990,00;1486886,00;42
WINV26;22/06/2026;13:10:00;176770,00;176945,00;176770,00;176945,00;565814,00;16
WINV26;22/06/2026;13:00:00;176900,00;176925,00;176790,00;176810,00;1945524,00;55
WINV26;22/06/2026;12:50:00;177005,00;177105,00;176950,00;177105,00;601892,00;17
WINV26;22/06/2026;12:40:00;177245,00;177245,00;176985,00;176985,00;318660,00;9
WINV26;22/06/2026;12:30:00;177210,00;177220,00;177190,00;177190,00;496199,00;14
WINV26;22/06/2026;12:20:00;177100,00;177285,00;177095,00;177285,00;885877,00;25
WINV26;22/06/2026;12:10:00;177230,00;177360,00;177230,00;177240,00;461062,00;13
WINV26;22/06/2026;12:00:00;177550,00;177575,00;177200,00;177200,00;1454240,00;41
WINV26;22/06/2026;11:50:00;176985,00;177520,00;176885,00;177450,00;1453775,00;41
WINV26;22/06/2026;11:40:00;176905,00;177135,00;176835,00;176985,00;885217,00;25
WINV26;22/06/2026;11:30:00;176785,00;176905,00;176710,00;176905,00;707312,00;20
WINV26;22/06/2026;11:20:00;176775,00;177100,00;176750,00;176900,00;4390524,00;124
WINV26;22/06/2026;11:10:00;176775,00;177035,00;176765,00;176825,00;5234097,00;148
WINV26;22/06/2026;11:00:00;176470,00;176750,00;176470,00;176585,00;1271636,00;36
WINV26;22/06/2026;10:50:00;176335,00;176870,00;176335,00;176655,00;2119229,00;60
WINV26;22/06/2026;10:40:00;176225,00;176425,00;175950,00;176400,00;634269,00;18
WINV26;22/06/2026;10:30:00;176965,00;176965,00;176015,00;176280,00;4839219,00;137
WINV26;22/06/2026;10:20:00;176655,00;177195,00;176560,00;176950,00;10398087,00;294
WINV26;22/06/2026;10:10:00;175830,00;176880,00;175715,00;176835,00;32782348,00;929
WINV26;22/06/2026;10:00:00;175120,00;176000,00;175120,00;175795,00;32437298,00;923
WINV26;22/06/2026;09:50:00;175120,00;175300,00;175035,00;175140,00;4975356,00;142
WINV26;22/06/2026;09:40:00;175010,00;175220,00;174985,00;175145,00;1996315,00;57
WINV26;22/06/2026;09:30:00;175065,00;175150,00;174975,00;175040,00;3676660,00;105
WINV26;22/06/2026;09:20:00;174780,00;174950,00;174725,00;174865,00;11680294,00;334
WINV26;22/06/2026;09:10:00;174425,00;175200,00;174425,00;174855,00;29772462,00;851
WINV26;22/06/2026;09:00:00;175205,00;175260,00;173975,00;174425,00;29217308,00;838
WINV26;19/06/2026;18:20:00;175450,00;175610,00;175450,00;175450,00;2071614,00;59
WINV26;19/06/2026;18:10:00;175240,00;175400,00;175000,00;175400,00;47022208,00;1342
WINV26;19/06/2026;18:00:00;175165,00;175255,00;175165,00;175180,00;1717292,00;49
WINV26;19/06/2026;17:50:00;175055,00;175115,00;175045,00;175115,00;1540693,00;44
WINV26;19/06/2026;17:40:00;175085,00;175085,00;175045,00;175070,00;490194,00;14
WINV26;19/06/2026;17:30:00;175140,00;175140,00;175045,00;175045,00;595317,00;17
WINV26;19/06/2026;17:20:00;175115,00;175115,00;175115,00;175115,00;70046,00;2
WINV26;19/06/2026;17:10:00;175175,00;175215,00;175095,00;175095,00;735777,00;21
WINV26;19/06/2026;17:00:00;175025,00;175135,00;175020,00;175135,00;1540513,00;44
WINV26;19/06/2026;16:50:00;175305,00;175305,00;175160,00;175160,00;876009,00;25
WINV26;19/06/2026;16:40:00;175120,00;175310,00;175000,00;175310,00;4658940,00;133
WINV26;19/06/2026;16:30:00;175180,00;175180,00;175075,00;175075,00;595411,00;17
WINV26;19/06/2026;16:20:00;175265,00;175285,00;175165,00;175225,00;175233,00;5
WINV26;19/06/2026;16:10:00;175320,00;175320,00;175180,00;175180,00;771141,00;22
WINV26;19/06/2026;16:00:00;175390,00;175390,00;175215,00;175305,00;1437245,00;41
WINV26;19/06/2026;15:50:00;175445,00;175445,00;175405,00;175405,00;70170,00;2
WINV26;19/06/2026;15:40:00;175445,00;175490,00;175400,00;175490,00;421056,00;12
WINV26;19/06/2026;15:30:00;175380,00;175390,00;175340,00;175355,00;666383,00;19
WINV26;19/06/2026;15:20:00;175420,00;175495,00;175400,00;175470,00;315843,00;9
WINV26;19/06/2026;15:10:00;175460,00;175505,00;175425,00;175425,00;631720,00;18
WINV26;19/06/2026;15:00:00;175430,00;175520,00;175360,00;175390,00;1017509,00;29
WINV26;19/06/2026;14:50:00;175500,00;175635,00;175480,00;175525,00;1369398,00;39
WINV26;19/06/2026;14:40:00;175215,00;175565,00;175215,00;175540,00;4174472,00;119
WINV26;19/06/2026;14:30:00;175035,00;175250,00;175020,00;175180,00;3572493,00;102
WINV26;19/06/2026;14:20:00;175025,00;175105,00;174995,00;175015,00;4200534,00;120
WINV26;19/06/2026;14:10:00;174945,00;175000,00;174945,00;174965,00;314938,00;9
WINV26;19/06/2026;14:00:00;174775,00;174810,00;174770,00;174810,00;1433142,00;41
WINV26;19/06/2026;13:50:00;174920,00;174925,00;174735,00;174760,00;4020167,00;115
WINV26;19/06/2026;13:40:00;174910,00;174920,00;174870,00;174920,00;874494,00;25
WINV26;19/06/2026;13:30:00;175010,00;175010,00;174800,00;174800,00;2412607,00;69
WINV26;19/06/2026;13:20:00;175015,00;175110,00;175015,00;175110,00;560178,00;16
WINV26;19/06/2026;13:10:00;174965,00;174965,00;174925,00;174925,00;559819,00;16
WINV26;19/06/2026;13:00:00;175100,00;175115,00;174945,00;174945,00;1120254,00;32
WINV26;19/06/2026;12:50:00;175100,00;175100,00;175000,00;175040,00;2905220,00;83
WINV26;19/06/2026;12:40:00;175140,00;175200,00;175140,00;175200,00;70068,00;2
WINV26;19/06/2026;12:30:00;175245,00;175245,00;175100,00;175150,00;1050810,00;30
WINV26;19/06/2026;12:20:00;175320,00;175320,00;175170,00;175170,00;911337,00;26
WINV26;19/06/2026;12:10:00;175380,00;175465,00;175325,00;175325,00;1578514,00;45
WINV26;19/06/2026;12:00:00;175190,00;175345,00;175190,00;175320,00;490819,00;14
WINV26;19/06/2026;11:50:00;175210,00;175305,00;175190,00;175285,00;981345,00;28
WINV26;19/06/2026;11:40:00;175165,00;175275,00;175085,00;175085,00;490481,00;14
WINV26;19/06/2026;11:30:00;175260,00;175380,00;175215,00;175215,00;1928538,00;55
WINV26;19/06/2026;11:20:00;175185,00;175305,00;175080,00;175295,00;2804082,00;80
WINV26;19/06/2026;11:10:00;175250,00;175365,00;175140,00;175235,00;2453450,00;70
WINV26;19/06/2026;11:00:00;174590,00;175240,00;174590,00;175200,00;4305612,00;123
WINV26;19/06/2026;10:50:00;174920,00;175000,00;174500,00;174500,00;23621989,00;676
WINV26;19/06/2026;10:40:00;175300,00;175300,00;174880,00;174880,00;1435949,00;41
WINV26;19/06/2026;10:30:00;175250,00;175250,00;174895,00;175245,00;3991450,00;114
WINV26;19/06/2026;10:20:00;175300,00;175575,00;175300,00;175300,00;1649028,00;47
WINV26;19/06/2026;10:10:00;175360,00;175660,00;175025,00;175230,00;5542661,00;158
WINV26;19/06/2026;10:00:00;175145,00;175400,00;175115,00;175400,00;876463,00;25
WINV26;19/06/2026;09:50:00;174945,00;175340,00;174945,00;175220,00;5888231,00;168
WINV26;19/06/2026;09:40:00;174880,00;175080,00;174850,00;174960,00;1469796,00;42
WINV26;19/06/2026;09:30:00;174670,00;174865,00;174670,00;174800,00;3180705,00;91
WINV26;19/06/2026;09:20:00;174915,00;174915,00;174620,00;174635,00;9224062,00;264
WINV26;19/06/2026;09:10:00;174970,00;175005,00;174670,00;174935,00;23284075,00;666
WINV26;19/06/2026;09:00:00;175200,00;175890,00;174980,00;175000,00;32429898,00;926
WINV26;18/06/2026;18:20:00;175540,00;175685,00;175510,00;175685,00;983134,00;28
WINV26;18/06/2026;18:10:00;175515,00;175580,00;175515,00;175575,00;140443,00;4
WINV26;18/06/2026;18:00:00;175435,00;175610,00;175435,00;175500,00;4739640,00;135
WINV26;18/06/2026;17:50:00;175400,00;175490,00;175400,00;175490,00;1999678,00;57
WINV26;18/06/2026;17:40:00;175410,00;175425,00;175395,00;175405,00;526243,00;15
WINV26;18/06/2026;17:30:00;175400,00;175445,00;175305,00;175415,00;49449796,00;1410
WINV26;18/06/2026;17:20:00;175380,00;175380,00;175320,00;175380,00;1017186,00;29
WINV26;18/06/2026;17:10:00;175335,00;175400,00;175335,00;175350,00;2104094,00;60
WINV26;18/06/2026;17:00:00;175255,00;175345,00;175255,00;175345,00;140246,00;4
WINV26;18/06/2026;16:50:00;175295,00;175370,00;175290,00;175370,00;1157212,00;33
WINV26;18/06/2026;16:40:00;175090,00;175185,00;175090,00;175185,00;1786613,00;51
WINV26;18/06/2026;16:30:00;175235,00;175255,00;175140,00;175140,00;525603,00;15
WINV26;18/06/2026;16:20:00;175320,00;175440,00;175315,00;175340,00;1754032,00;50
WINV26;18/06/2026;16:10:00;175200,00;175245,00;175200,00;175245,00;105138,00;3
WINV26;18/06/2026;16:00:00;175225,00;175345,00;175225,00;175345,00;420791,00;12
WINV26;18/06/2026;15:50:00;175430,00;175435,00;175245,00;175270,00;2490030,00;71
WINV26;18/06/2026;15:40:00;175395,00;175410,00;175330,00;175375,00;315700,00;9
WINV26;18/06/2026;15:30:00;175365,00;175550,00;175335,00;175395,00;5754791,00;164
WINV26;18/06/2026;15:20:00;175270,00;175395,00;175270,00;175370,00;3717584,00;106
WINV26;18/06/2026;15:10:00;175105,00;175335,00;175080,00;175335,00;876195,00;25
WINV26;18/06/2026;15:00:00;175090,00;175130,00;174880,00;175055,00;2729753,00;78
WINV26;18/06/2026;14:50:00;175035,00;175225,00;175035,00;175180,00;665589,00;19
WINV26;18/06/2026;14:40:00;175180,00;175185,00;174980,00;175035,00;1715713,00;49
WINV26;18/06/2026;14:30:00;175180,00;175230,00;175110,00;175130,00;490430,00;14
WINV26;18/06/2026;14:20:00;175230,00;175280,00;175110,00;175110,00;455574,00;13
WINV26;18/06/2026;14:10:00;175180,00;175330,00;175080,00;175280,00;1542271,00;44
WINV26;18/06/2026;14:00:00;175250,00;175380,00;175190,00;175195,00;1752710,00;50
WINV26;18/06/2026;13:50:00;175130,00;175250,00;175080,00;175250,00;455399,00;13
WINV26;18/06/2026;13:40:00;175075,00;175130,00;175060,00;175130,00;595335,00;17
WINV26;18/06/2026;13:30:00;175195,00;175195,00;175030,00;175030,00;175155,00;5
WINV26;18/06/2026;13:20:00;174955,00;175155,00;174935,00;175155,00;1085280,00;31
WINV26;18/06/2026;13:10:00;175115,00;175150,00;174995,00;174995,00;2310961,00;66
WINV26;18/06/2026;13:00:00;175350,00;175350,00;175100,00;175100,00;3013675,00;86
WINV26;18/06/2026;12:50:00;175495,00;175575,00;175445,00;175450,00;210595,00;6
WINV26;18/06/2026;12:40:00;175300,00;175550,00;175300,00;175445,00;2702278,00;77
WINV26;18/06/2026;12:30:00;175600,00;175725,00;175300,00;175330,00;1087738,00;31
WINV26;18/06/2026;12:20:00;175705,00;175755,00;175540,00;175670,00;1159074,00;33
WINV26;18/06/2026;12:10:00;175805,00;175855,00;175565,00;175620,00;1546224,00;44
WINV26;18/06/2026;12:00:00;175845,00;175950,00;175650,00;175650,00;738089,00;21
WINV26;18/06/2026;11:50:00;176020,00;176135,00;175800,00;175845,00;3166977,00;90
WINV26;18/06/2026;11:40:00;176450,00;176460,00;176025,00;176205,00;4088745,00;116
WINV26;18/06/2026;11:30:00;176330,00;176675,00;176325,00;176635,00;12255340,00;347
WINV26;18/06/2026;11:20:00;176175,00;176320,00;176100,00;176170,00;4263966,00;121
WINV26;18/06/2026;11:10:00;175895,00;176240,00;175895,00;176240,00;2078098,00;59
WINV26;18/06/2026;11:00:00;175780,00;176020,00;175730,00;176020,00;1090194,00;31
WINV26;18/06/2026;10:50:00;176120,00;176240,00;175825,00;175920,00;9965985,00;283
WINV26;18/06/2026;10:40:00;175365,00;176070,00;175300,00;176070,00;14156861,00;403
WINV26;18/06/2026;10:30:00;175455,00;175745,00;175350,00;175350,00;10677389,00;304
WINV26;18/06/2026;10:20:00;175240,00;175395,00;174875,00;175320,00;2241245,00;64
WINV26;18/06/2026;10:10:00;175255,00;175450,00;175050,00;175270,00;3644413,00;104
WINV26;18/06/2026;10:00:00;175205,00;175610,00;175135,00;175290,00;3050815,00;87
WINV26;18/06/2026;09:50:00;175025,00;175125,00;175005,00;175005,00;595280,00;17
WINV26;18/06/2026;09:40:00;175020,00;175300,00;174980,00;175105,00;9001363,00;257
WINV26;18/06/2026;09:30:00;175000,00;175100,00;174810,00;174920,00;5282434,00;151
WINV26;18/06/2026;09:20:00;174865,00;175025,00;174700,00;174980,00;10425387,00;298
WINV26;18/06/2026;09:10:00;174365,00;175040,00;174340,00;174950,00;17145032,00;490
WINV26;18/06/2026;09:00:00;175300,00;175500,00;173970,00;174380,00;9203831,00;264
WINV26;17/06/2026;18:20:00;175285,00;175300,00;175285,00;175300,00;175294,00;5
WINV26;17/06/2026;18:10:00;175150,00;175220,00;175020,00;175020,00;665372,00;19
WINV26;17/06/2026;17:50:00;175200,00;175295,00;175155,00;175295,00;490613,00;14
WINV26;17/06/2026;17:40:00;175200,00;175200,00;175160,00;175160,00;105104,00;3
WINV26;17/06/2026;17:30:00;175400,00;175450,00;175400,00;175400,00;105250,00;3
WINV26;17/06/2026;17:20:00;175400,00;175450,00;175375,00;175450,00;877152,00;25
WINV26;17/06/2026;17:10:00;175280,00;175330,00;175150,00;175280,00;595692,00;17
WINV26;17/06/2026;17:00:00;175195,00;175195,00;175195,00;175195,00;35039,00;1
WINV26;17/06/2026;16:50:00;175350,00;175350,00;175290,00;175290,00;420816,00;12
WINV26;17/06/2026;16:40:00;175000,00;175255,00;175000,00;175255,00;140070,00;4
WINV26;17/06/2026;16:30:00;175500,00;175580,00;175205,00;175205,00;421073,00;12
WINV26;17/06/2026;16:20:00;176270,00;176270,00;175550,00;175550,00;739214,00;21
WINV26;17/06/2026;16:10:00;176655,00;176675,00;176270,00;176270,00;1093155,00;31
WINV26;17/06/2026;16:00:00;177210,00;177210,00;176850,00;176850,00;849681,00;24
WINV26;17/06/2026;15:50:00;177385,00;177420,00;177225,00;177225,00;212773,00;6
WINV26;17/06/2026;15:40:00;177760,00;177760,00;177395,00;177395,00;142067,00;4
WINV26;17/06/2026;15:30:00;177500,00;177570,00;177250,00;177560,00;2199240,00;62
WINV26;17/06/2026;15:20:00;177345,00;177345,00;177100,00;177100,00;495989,00;14
WINV26;17/06/2026;15:10:00;177425,00;177450,00;177180,00;177345,00;921745,00;26
WINV26;17/06/2026;15:00:00;178510,00;178510,00;177000,00;177290,00;2273566,00;64
WINV26;17/06/2026;14:50:00;178550,00;178785,00;178550,00;178785,00;214430,00;6
WINV26;17/06/2026;14:40:00;178290,00;178585,00;178290,00;178560,00;749548,00;21
WINV26;17/06/2026;14:30:00;178410,00;178490,00;178360,00;178490,00;642282,00;18
WINV26;17/06/2026;14:10:00;179120,00;179120,00;178625,00;178625,00;143049,00;4
WINV26;17/06/2026;14:00:00;178775,00;179040,00;178775,00;179040,00;1645914,00;46
WINV26;17/06/2026;13:50:00;178660,00;178835,00;178530,00;178625,00;643046,00;18
WINV26;17/06/2026;13:40:00;178500,00;178530,00;178405,00;178530,00;107087,00;3
WINV26;17/06/2026;13:30:00;178440,00;178615,00;178440,00;178615,00;142822,00;4
WINV26;17/06/2026;13:20:00;178550,00;178645,00;178550,00;178640,00;142895,00;4
WINV26;17/06/2026;13:10:00;178485,00;178485,00;178485,00;178485,00;35697,00;1
WINV26;17/06/2026;13:00:00;178400,00;178400,00;178400,00;178400,00;214080,00;6
WINV26;17/06/2026;12:40:00;178150,00;178150,00;178150,00;178150,00;35630,00;1
WINV26;17/06/2026;12:30:00;178350,00;178350,00;178350,00;178350,00;35670,00;1
WINV26;17/06/2026;12:20:00;178250,00;178300,00;178250,00;178300,00;427908,00;12
WINV26;17/06/2026;12:10:00;178195,00;178215,00;177995,00;177995,00;356228,00;10
WINV26;17/06/2026;12:00:00;178200,00;178200,00;178045,00;178045,00;71249,00;2
WINV26;17/06/2026;11:50:00;178400,00;178400,00;178400,00;178400,00;35680,00;1
WINV26;17/06/2026;11:40:00;178060,00;178060,00;178060,00;178060,00;35612,00;1
WINV26;17/06/2026;11:30:00;178655,00;178655,00;178275,00;178500,00;2248185,00;63
WINV26;17/06/2026;11:20:00;178440,00;178440,00;178440,00;178440,00;71376,00;2
WINV26;17/06/2026;11:10:00;178105,00;178235,00;177955,00;178235,00;391830,00;11
WINV26;17/06/2026;11:00:00;177885,00;178465,00;177885,00;178465,00;356473,00;10
WINV26;17/06/2026;10:50:00;177900,00;177900,00;177805,00;177835,00;924708,00;26
WINV26;17/06/2026;10:40:00;178000,00;178130,00;177900,00;178125,00;249268,00;7
WINV26;17/06/2026;10:30:00;178000,00;178855,00;177925,00;177925,00;5385525,00;151
WINV26;17/06/2026;10:20:00;178250,00;178400,00;177985,00;177985,00;392095,00;11
WINV26;17/06/2026;10:10:00;177735,00;178185,00;177735,00;178170,00;1423956,00;40
WINV26;17/06/2026;10:00:00;177400,00;177830,00;177400,00;177830,00;284377,00;8
WINV26;17/06/2026;09:50:00;177400,00;177700,00;177400,00;177700,00;177563,00;5
WINV26;17/06/2026;09:40:00;177290,00;177385,00;177200,00;177385,00;248225,00;7
WINV26;17/06/2026;09:30:00;177185,00;177260,00;177060,00;177060,00;212627,00;6
WINV26;17/06/2026;09:20:00;177225,00;177485,00;177140,00;177460,00;1808092,00;51
WINV26;17/06/2026;09:10:00;176830,00;177220,00;176680,00;177175,00;1911197,00;54
WINV26;17/06/2026;09:00:00;176690,00;177130,00;176070,00;176780,00;9434898,00;267
WINV26;16/06/2026;18:10:00;176600,00;176815,00;176600,00;176815,00;106046,00;3
WINV26;16/06/2026;17:40:00;176500,00;176500,00;176500,00;176500,00;35300,00;1
WINV26;16/06/2026;17:30:00;176675,00;176675,00;176600,00;176600,00;105975,00;3
WINV26;16/06/2026;16:00:00;176800,00;176800,00;176700,00;176700,00;70700,00;2
WINV26;16/06/2026;15:50:00;176875,00;176875,00;176875,00;176875,00;35375,00;1
WINV26;16/06/2026;15:40:00;177115,00;177115,00;176980,00;176980,00;70819,00;2
WINV26;16/06/2026;15:10:00;177115,00;177115,00;177115,00;177115,00;177115,00;5
WINV26;16/06/2026;13:50:00;177100,00;177125,00;177100,00;177125,00;389625,00;11
WINV26;16/06/2026;13:30:00;177200,00;177200,00;177200,00;177200,00;354400,00;10
WINV26;16/06/2026;12:00:00;176645,00;176645,00;176645,00;176645,00;35329,00;1
WINV26;16/06/2026;11:40:00;176815,00;176815,00;176815,00;176815,00;35363,00;1
WINV26;16/06/2026;11:30:00;176505,00;176505,00;176500,00;176500,00;70601,00;2
WINV26;16/06/2026;11:00:00;177175,00;177175,00;177175,00;177175,00;35435,00;1
WINV26;16/06/2026;10:50:00;177155,00;177155,00;177155,00;177155,00;35431,00;1
WINV26;16/06/2026;10:40:00;176625,00;176905,00;176585,00;176905,00;671462,00;19
WINV26;16/06/2026;10:30:00;176550,00;176550,00;176550,00;176550,00;35310,00;1
WINV26;16/06/2026;10:10:00;176690,00;176690,00;176690,00;176690,00;353380,00;10
WINV26;16/06/2026;10:00:00;176600,00;176600,00;176600,00;176600,00;35320,00;1
WINV26;16/06/2026;09:50:00;177075,00;177075,00;177000,00;177000,00;106216,00;3
WINV26;16/06/2026;09:30:00;177200,00;177200,00;177200,00;177200,00;177200,00;5
WINV26;16/06/2026;09:20:00;177720,00;177720,00;177720,00;177720,00;35544,00;1
WINV26;16/06/2026;09:10:00;177250,00;177440,00;177250,00;177440,00;70938,00;2
WINV26;16/06/2026;09:00:00;178000,00;178000,00;178000,00;178000,00;35600,00;1
WINV26;15/06/2026;18:10:00;177800,00;177800,00;177800,00;177800,00;177800,00;5
WINV26;15/06/2026;18:00:00;177900,00;177900,00;177900,00;177900,00;35580,00;1
WINV26;15/06/2026;16:30:00;178000,00;178190,00;178000,00;178190,00;391980,00;11
WINV26;15/06/2026;16:20:00;178000,00;178000,00;177800,00;177800,00;711800,00;20
WINV26;15/06/2026;15:30:00;178000,00;178000,00;178000,00;178000,00;35600,00;1
WINV26;15/06/2026;15:00:00;178500,00;178500,00;178000,00;178000,00;249795,00;7
WINV26;15/06/2026;14:30:00;178785,00;178785,00;178745,00;178745,00;393319,00;11
WINV26;15/06/2026;14:00:00;179000,00;179000,00;179000,00;179000,00;35800,00;1
WINV26;15/06/2026;13:40:00;179060,00;179060,00;179060,00;179060,00;1074360,00;30
WINV26;15/06/2026;13:10:00;180000,00;180000,00;180000,00;180000,00;36000,00;1
WINV26;15/06/2026;12:20:00;180200,00;180200,00;180200,00;180200,00;36040,00;1
WINV26;15/06/2026;11:50:00;180000,00;180000,00;180000,00;180000,00;36000,00;1
WINV26;15/06/2026;11:40:00;180000,00;180000,00;180000,00;180000,00;72000,00;2
WINV26;15/06/2026;11:10:00;181000,00;181000,00;181000,00;181000,00;36200,00;1
WINV26;15/06/2026;10:50:00;181530,00;181530,00;181530,00;181530,00;36306,00;1
WINV26;15/06/2026;10:40:00;181585,00;181585,00;181585,00;181585,00;36317,00;1
WINV26;15/06/2026;10:30:00;181565,00;181565,00;181565,00;181565,00;108939,00;3
WINV26;15/06/2026;10:20:00;181145,00;181610,00;181145,00;181560,00;1087233,00;30
WINV26;15/06/2026;09:40:00;181000,00;181000,00;181000,00;181000,00;72400,00;2
WINV26;15/06/2026;09:10:00;180000,00;180000,00;180000,00;180000,00;72000,00;2
WINV26;15/06/2026;09:00:00;180090,00;180090,00;180090,00;180090,00;900450,00;25
WINV26;12/06/2026;18:20:00;178695,00;178695,00;178500,00;178500,00;71439,00;2
WINV26;12/06/2026;17:30:00;178800,00;178800,00;178800,00;178800,00;107280,00;3
WINV26;12/06/2026;17:00:00;178655,00;178655,00;178655,00;178655,00;35731,00;1
WINV26;12/06/2026;13:50:00;178655,00;178655,00;178655,00;178655,00;35731,00;1
WINV26;12/06/2026;12:00:00;179675,00;179720,00;179675,00;179720,00;107823,00;3
WINV26;12/06/2026;11:50:00;179240,00;179240,00;179240,00;179240,00;35848,00;1
WINV26;12/06/2026;11:10:00;179200,00;179200,00;179200,00;179200,00;107520,00;3
WINV26;12/06/2026;11:00:00;179600,00;179600,00;179600,00;179600,00;107760,00;3
WINV26;12/06/2026;10:50:00;179000,00;179000,00;179000,00;179000,00;71600,00;2
WINV26;12/06/2026;10:40:00;179395,00;179535,00;178355,00;178355,00;250333,00;7
WINV26;12/06/2026;10:30:00;179750,00;179750,00;179750,00;179750,00;35950,00;1
WINV26;12/06/2026;10:10:00;177790,00;179000,00;177790,00;179000,00;178484,00;5
WINV26;12/06/2026;09:30:00;177600,00;177600,00;177500,00;177500,00;106526,00;3
WINV26;12/06/2026;09:20:00;177385,00;177550,00;177385,00;177500,00;177478,00;5
WINV26;12/06/2026;09:00:00;177510,00;179000,00;177510,00;178120,00;498623,00;14
WINV26;11/06/2026;17:40:00;179005,00;179270,00;179005,00;179270,00;465817,00;13
WINV26;11/06/2026;17:30:00;179080,00;179080,00;179080,00;179080,00;35816,00;1
WINV26;11/06/2026;17:10:00;179350,00;179350,00;179350,00;179350,00;71740,00;2
WINV26;11/06/2026;16:50:00;179485,00;179485,00;178920,00;178920,00;358394,00;10
WINV26;11/06/2026;16:40:00;179500,00;179500,00;179500,00;179500,00;287200,00;8
WINV26;11/06/2026;16:30:00;179500,00;179500,00;179060,00;179060,00;143512,00;4
WINV26;11/06/2026;16:10:00;178270,00;178270,00;178255,00;178255,00;71305,00;2
WINV26;11/06/2026;15:50:00;177990,00;177990,00;177990,00;177990,00;35598,00;1
WINV26;11/06/2026;15:10:00;177270,00;177270,00;177270,00;177270,00;354540,00;10
WINV26;11/06/2026;15:00:00;177700,00;178000,00;177700,00;178000,00;106734,00;3
WINV26;11/06/2026;14:50:00;177650,00;177700,00;177650,00;177700,00;177690,00;5
WINV26;11/06/2026;14:30:00;177240,00;177645,00;177240,00;177645,00;922905,00;26
WINV26;11/06/2026;14:20:00;176250,00;176360,00;176250,00;176360,00;70522,00;2
WINV26;11/06/2026;14:10:00;175910,00;175910,00;175865,00;175865,00;70355,00;2
WINV26;11/06/2026;13:50:00;176100,00;176100,00;176100,00;176100,00;35220,00;1
WINV26;11/06/2026;10:50:00;176700,00;176700,00;176700,00;176700,00;35340,00;1
WINV26;11/06/2026;10:30:00;177000,00;177000,00;177000,00;177000,00;35400,00;1
WINV26;11/06/2026;10:10:00;176660,00;176660,00;176660,00;176660,00;353320,00;10
WINV26;11/06/2026;10:00:00;176400,00;176400,00;176090,00;176355,00;1197602,00;34
WINV26;11/06/2026;09:10:00;177220,00;177220,00;177220,00;177220,00;35444,00;1
WINV26;11/06/2026;09:00:00;177200,00;177200,00;177200,00;177200,00;70880,00;2
WINV26;10/06/2026;17:40:00;176100,00;176100,00;176000,00;176000,00;70420,00;2
WINV26;10/06/2026;15:00:00;176100,00;176100,00;176100,00;176100,00;352200,00;10
WINV26;10/06/2026;14:30:00;176100,00;176100,00;176100,00;176100,00;352200,00;10
WINV26;10/06/2026;11:10:00;176750,00;176750,00;176750,00;176750,00;35350,00;1
WINV26;10/06/2026;10:40:00;176525,00;176525,00;176525,00;176525,00;35305,00;1
WINV26;10/06/2026;09:50:00;176595,00;176595,00;176540,00;176540,00;353101,00;10
WINV26;10/06/2026;09:40:00;177085,00;177085,00;177085,00;177085,00;35417,00;1
WINV26;09/06/2026;18:20:00;177245,00;177245,00;177165,00;177165,00;212614,00;6
WINV26;09/06/2026;17:50:00;177400,00;177400,00;177400,00;177400,00;35480,00;1
WINV26;09/06/2026;17:20:00;177520,00;177520,00;177520,00;177520,00;35504,00;1
WINV26;09/06/2026;17:10:00;177560,00;177560,00;177560,00;177560,00;35512,00;1
WINV26;09/06/2026;13:40:00;176115,00;176115,00;176115,00;176115,00;1056690,00;30
WINV26;09/06/2026;13:30:00;176815,00;176815,00;176450,00;176450,00;424200,00;12
WINV26;09/06/2026;13:20:00;177200,00;177200,00;177200,00;177200,00;106320,00;3
WINV26;09/06/2026;10:50:00;177475,00;177475,00;177475,00;177475,00;35495,00;1
WINV26;09/06/2026;09:00:00;177500,00;177500,00;177500,00;177500,00;71000,00;2
WINV26;08/06/2026;18:20:00;176500,00;176500,00;176500,00;176500,00;35300,00;1
WINV26;08/06/2026;18:10:00;176575,00;176600,00;176575,00;176600,00;105955,00;3
WINV26;08/06/2026;14:50:00;176250,00;176250,00;176250,00;176250,00;35250,00;1
WINV26;08/06/2026;14:20:00;176135,00;176135,00;176135,00;176135,00;211362,00;6
WINV26;08/06/2026;14:10:00;176000,00;176000,00;176000,00;176000,00;35200,00;1
WINV26;08/06/2026;11:00:00;176200,00;176200,00;176200,00;176200,00;35240,00;1
WINV26;08/06/2026;10:50:00;176515,00;176515,00;176515,00;176515,00;35303,00;1
WINV26;08/06/2026;09:50:00;176715,00;176715,00;176715,00;176715,00;353430,00;10
WINV26;08/06/2026;09:20:00;177200,00;177200,00;177200,00;177200,00;35440,00;1
WINV26;08/06/2026;09:00:00;177375,00;177375,00;177340,00;177340,00;461167,00;13
WINV26;05/06/2026;18:10:00;176700,00;176700,00;176295,00;176295,00;105858,00;3
WINV26;05/06/2026;17:50:00;176700,00;176775,00;176700,00;176775,00;353535,00;10
WINV26;05/06/2026;16:20:00;177000,00;177000,00;177000,00;177000,00;35400,00;1
WINV26;05/06/2026;14:30:00;177250,00;177250,00;177250,00;177250,00;35450,00;1
WINV26;05/06/2026;13:40:00;177000,00;177000,00;177000,00;177000,00;35400,00;1
WINV26;05/06/2026;13:00:00;177100,00;177100,00;177100,00;177100,00;35420,00;1
WINV26;05/06/2026;10:50:00;178400,00;178400,00;178400,00;178400,00;35680,00;1
WINV26;05/06/2026;10:40:00;178100,00;178100,00;178100,00;178100,00;35620,00;1
WINV26;05/06/2026;10:30:00;178000,00;178000,00;178000,00;178000,00;35600,00;1
WINV26;05/06/2026;10:20:00;178000,00;178000,00;178000,00;178000,00;35600,00;1
WINV26;05/06/2026;10:10:00;177705,00;177705,00;177705,00;177705,00;390951,00;11
WINV26;05/06/2026;10:00:00;177605,00;177605,00;177595,00;177595,00;390711,00;11
WINV26;05/06/2026;09:50:00;178125,00;178125,00;178125,00;178125,00;35625,00;1
WINV26;05/06/2026;09:40:00;178220,00;178300,00;178220,00;178300,00;71304,00;2
WINV26;05/06/2026;09:00:00;178830,00;178830,00;178830,00;178830,00;357660,00;10
WINV26;03/06/2026;17:50:00;178465,00;178465,00;178465,00;178465,00;35693,00;1
WINV26;03/06/2026;16:40:00;178380,00;178465,00;178380,00;178465,00;535157,00;15
WINV26;03/06/2026;15:30:00;178300,00;178300,00;178300,00;178300,00;35660,00;1
WINV26;03/06/2026;14:50:00;178440,00;178440,00;178300,00;178300,00;499352,00;14
WINV26;03/06/2026;13:40:00;178440,00;178440,00;178440,00;178440,00;678072,00;19
WINV26;03/06/2026;13:30:00;178715,00;178725,00;178715,00;178725,00;178723,00;5
WINV26;03/06/2026;12:50:00;178885,00;178885,00;178885,00;178885,00;35777,00;1
WINV26;03/06/2026;12:10:00;178970,00;178970,00;178970,00;178970,00;35794,00;1
WINV26;03/06/2026;12:00:00;179120,00;179120,00;179120,00;179120,00;35824,00;1
WINV26;03/06/2026;11:50:00;179165,00;179230,00;179165,00;179220,00;143368,00;4
WINV26;03/06/2026;10:50:00;179800,00;179800,00;179800,00;179800,00;35960,00;1
WINV26;03/06/2026;10:40:00;180350,00;180350,00;180100,00;180100,00;72090,00;2
WINV26;03/06/2026;10:30:00;179940,00;179940,00;179940,00;179940,00;359880,00;10
WINV26;03/06/2026;09:50:00;179665,00;179665,00;179665,00;179665,00;359330,00;10
WINV26;03/06/2026;09:10:00;179885,00;179885,00;179565,00;179565,00;431020,00;12
WINV26;03/06/2026;09:00:00;182000,00;182290,00;180325,00;180325,00;506068,00;14
WINV26;02/06/2026;13:10:00;183145,00;183145,00;183145,00;183145,00;73258,00;2
WINV26;02/06/2026;12:30:00;183100,00;183100,00;183100,00;183100,00;36620,00;1
WINV26;02/06/2026;11:40:00;183000,00;183000,00;183000,00;183000,00;36600,00;1
WINV26;02/06/2026;11:20:00;182425,00;182575,00;182425,00;182575,00;401635,00;11
WINV26;02/06/2026;10:30:00;182000,00;182000,00;182000,00;182000,00;36400,00;1
WINV26;02/06/2026;10:10:00;181400,00;181400,00;181400,00;181400,00;36280,00;1
WINV26;02/06/2026;10:00:00;181335,00;181335,00;181335,00;181335,00;72534,00;2
WINV26;02/06/2026;09:50:00;181000,00;181000,00;180980,00;180980,00;361972,00;10
WINV26;02/06/2026;09:30:00;181355,00;181355,00;181355,00;181355,00;36271,00;1
WINV26;02/06/2026;09:20:00;181400,00;181500,00;181400,00;181400,00;145140,00;4
WINV26;01/06/2026;18:20:00;180465,00;180465,00;180465,00;180465,00;36093,00;1
WINV26;01/06/2026;18:00:00;180610,00;180610,00;180610,00;180610,00;36122,00;1
WINV26;01/06/2026;17:10:00;180615,00;180615,00;180610,00;180610,00;180611,00;5
WINV26;01/06/2026;13:10:00;180000,00;180000,00;180000,00;180000,00;36000,00;1
WINV26;01/06/2026;12:40:00;180960,00;180960,00;180960,00;180960,00;36192,00;1
WINV26;01/06/2026;10:10:00;182030,00;182030,00;181420,00;181420,00;435620,00;12
WINV26;01/06/2026;10:00:00;182000,00;182000,00;182000,00;182000,00;36400,00;1
WINV26;01/06/2026;09:40:00;182135,00;182135,00;182135,00;182135,00;36427,00;1
WINV26;01/06/2026;09:00:00;183000,00;183375,00;183000,00;183375,00;403350,00;11
WINV26;29/05/2026;16:30:00;182700,00;182700,00;182700,00;182700,00;36540,00;1
WINV26;29/05/2026;16:10:00;182980,00;182980,00;182980,00;182980,00;36596,00;1
WINV26;29/05/2026;16:00:00;182500,00;182500,00;182500,00;182500,00;36500,00;1
WINV26;29/05/2026;14:10:00;182205,00;182205,00;182205,00;182205,00;364410,00;10
WINV26;29/05/2026;14:00:00;182225,00;182225,00;182225,00;182225,00;36445,00;1
WINV26;29/05/2026;12:50:00;182030,00;182030,00;181990,00;181990,00;11285380,00;310
WINV26;29/05/2026;11:30:00;181335,00;181335,00;181335,00;181335,00;36267,00;1
WINV26;29/05/2026;10:20:00;182000,00;182010,00;182000,00;182010,00;72802,00;2
WINV26;29/05/2026;10:10:00;182500,00;182500,00;182500,00;182500,00;36500,00;1
WINV26;29/05/2026;09:30:00;183020,00;183020,00;183020,00;183020,00;36604,00;1
WINV26;29/05/2026;09:20:00;183530,00;183530,00;183120,00;183120,00;109974,00;3
WINV26;29/05/2026;09:10:00;183420,00;183420,00;183320,00;183320,00;73348,00;2
WINV26;29/05/2026;09:00:00;183610,00;183610,00;183555,00;183555,00;807873,00;22
WINV26;28/05/2026;18:00:00;183000,00;183000,00;183000,00;183000,00;36600,00;1
WINV26;28/05/2026;17:40:00;183515,00;183515,00;183345,00;183345,00;586738,00;16
WINV26;28/05/2026;15:00:00;184530,00;184530,00;184530,00;184530,00;36906,00;1
WINV26;28/05/2026;11:10:00;184890,00;185275,00;184890,00;185275,00;777758,00;21
WINV26;28/05/2026;09:00:00;183395,00;183395,00;183235,00;183235,00;1172759,00;32
WINV26;27/05/2026;18:00:00;184300,00;184300,00;184300,00;184300,00;36860,00;1
WINV26;27/05/2026;17:40:00;184500,00;184500,00;184500,00;184500,00;36900,00;1
WINV26;27/05/2026;17:00:00;184175,00;184175,00;184175,00;184175,00;368350,00;10
WINV26;27/05/2026;15:10:00;184835,00;184835,00;184835,00;184835,00;554505,00;15
WINV26;27/05/2026;14:20:00;184810,00;184810,00;184340,00;184340,00;110718,00;3
WINV26;27/05/2026;10:20:00;185500,00;185500,00;185500,00;185500,00;37100,00;1
WINV26;27/05/2026;10:00:00;186665,00;186665,00;186665,00;186665,00;783993,00;21
WINV26;27/05/2026;09:30:00;187000,00;187000,00;186465,00;186465,00;820553,00;22
WINV26;27/05/2026;09:20:00;186750,00;186780,00;186750,00;186780,00;74706,00;2
WINV26;27/05/2026;09:10:00;186375,00;186375,00;186375,00;186375,00;37275,00;1
WINV26;26/05/2026;18:00:00;185300,00;185315,00;185300,00;185315,00;74123,00;2
WINV26;26/05/2026;15:10:00;184690,00;184690,00;184490,00;184490,00;73836,00;2
WINV26;26/05/2026;14:20:00;184590,00;184590,00;184490,00;184490,00;73816,00;2
WINV26;26/05/2026;11:50:00;185010,00;185010,00;185010,00;185010,00;111006,00;3
WINV26;26/05/2026;11:30:00;184675,00;184675,00;184675,00;184675,00;73870,00;2
WINV26;26/05/2026;10:50:00;185045,00;185060,00;185045,00;185060,00;555177,00;15
WINV26;26/05/2026;10:20:00;186010,00;186200,00;186010,00;186200,00;223402,00;6
WINV26;26/05/2026;10:00:00;185750,00;185750,00;185750,00;185750,00;37150,00;1
WINV26;26/05/2026;09:30:00;186505,00;186505,00;186505,00;186505,00;37301,00;1
WINV26;26/05/2026;09:20:00;186390,00;186390,00;186390,00;186390,00;37278,00;1
WINV26;26/05/2026;09:10:00;185960,00;186290,00;185960,00;186290,00;148906,00;4
WINV26;25/05/2026;17:30:00;186800,00;186800,00;186800,00;186800,00;37360,00;1
WINV26;25/05/2026;17:20:00;186600,00;186700,00;186600,00;186700,00;74660,00;2
WINV26;25/05/2026;17:10:00;186800,00;186800,00;186800,00;186800,00;37360,00;1
WINV26;25/05/2026;16:40:00;186500,00;186635,00;186500,00;186635,00;709186,00;19
WINV26;25/05/2026;14:20:00;186010,00;186010,00;186010,00;186010,00;37202,00;1
WINV26;25/05/2026;14:00:00;185910,00;185910,00;185910,00;185910,00;37182,00;1
WINV26;25/05/2026;13:10:00;185340,00;185340,00;185340,00;185340,00;222408,00;6
WINV26;25/05/2026;12:20:00;185500,00;185500,00;185500,00;185500,00;37100,00;1
WINV26;25/05/2026;11:00:00;185665,00;185665,00;185665,00;185665,00;37133,00;1
WINV26;25/05/2026;10:40:00;185900,00;185900,00;185900,00;185900,00;37180,00;1
WINV26;25/05/2026;10:30:00;186115,00;186225,00;186115,00;186225,00;782123,00;21
WINV26;25/05/2026;09:20:00;186710,00;186710,00;186710,00;186710,00;37342,00;1
WINV26;25/05/2026;09:10:00;187200,00;187200,00;187000,00;187000,00;74840,00;2
WINV26;25/05/2026;09:00:00;187500,00;187600,00;187210,00;187210,00;1386106,00;37
WINV26;22/05/2026;14:40:00;185035,00;185035,00;185035,00;185035,00;37007,00;1
WINV26;22/05/2026;14:10:00;185000,00;185000,00;185000,00;185000,00;37000,00;1
WINV26;22/05/2026;12:20:00;184450,00;184450,00;184450,00;184450,00;36890,00;1
WINV26;22/05/2026;11:50:00;184000,00;184200,00;184000,00;184200,00;73640,00;2
WINV26;22/05/2026;11:10:00;184845,00;184845,00;184845,00;184845,00;221814,00;6
WINV26;22/05/2026;10:30:00;185030,00;185030,00;184915,00;184915,00;147955,00;4
WINV26;22/05/2026;10:10:00;185580,00;185810,00;185580,00;185810,00;780285,00;21
WINV26;22/05/2026;09:20:00;186010,00;186010,00;186010,00;186010,00;37202,00;1
WINV26;22/05/2026;09:00:00;185900,00;185900,00;185900,00;185900,00;37180,00;1
WINV26;21/05/2026;17:20:00;186550,00;186550,00;186550,00;186550,00;37310,00;1
WINV26;21/05/2026;16:00:00;186445,00;186445,00;186445,00;186445,00;37289,00;1
WINV26;21/05/2026;15:50:00;186500,00;186500,00;186500,00;186500,00;37300,00;1
WINV26;21/05/2026;15:40:00;186800,00;186800,00;186800,00;186800,00;37360,00;1
WINV26;21/05/2026;15:30:00;187180,00;187235,00;187180,00;187235,00;74883,00;2
WINV26;21/05/2026;15:20:00;186950,00;187200,00;186885,00;187200,00;336697,00;9
WINV26;21/05/2026;14:10:00;186780,00;186780,00;186780,00;186780,00;373560,00;10
WINV26;21/05/2026;11:10:00;185735,00;185735,00;185735,00;185735,00;371470,00;10
WINV26;21/05/2026;09:40:00;185785,00;185785,00;185785,00;185785,00;185785,00;5
WINV26;20/05/2026;15:40:00;187070,00;187070,00;187070,00;187070,00;37414,00;1
WINV26;20/05/2026;12:30:00;186485,00;186485,00;186485,00;186485,00;37297,00;1
WINV26;20/05/2026;11:00:00;185750,00;185750,00;185750,00;185750,00;37150,00;1
WINV26;20/05/2026;10:50:00;186160,00;186360,00;186160,00;186360,00;111756,00;3
WINV26;20/05/2026;10:30:00;185460,00;186000,00;185460,00;186000,00;185796,00;5
WINV26;20/05/2026;10:20:00;185345,00;185345,00;185345,00;185345,00;37069,00;1
WINV26;20/05/2026;10:10:00;185000,00;185200,00;185000,00;185200,00;74040,00;2
WINV26;20/05/2026;09:30:00;184275,00;184275,00;184275,00;184275,00;442260,00;12
WINV26;20/05/2026;09:00:00;183025,00;184990,00;183025,00;184400,00;1841884,00;50
WINV26;19/05/2026;18:00:00;183750,00;183750,00;183750,00;183750,00;36750,00;1
WINV26;19/05/2026;17:40:00;183405,00;183405,00;183405,00;183405,00;36681,00;1
WINV26;19/05/2026;16:20:00;183100,00;183100,00;183100,00;183100,00;36620,00;1
WINV26;19/05/2026;15:20:00;183500,00;183500,00;183500,00;183500,00;36700,00;1
WINV26;19/05/2026;14:00:00;184220,00;184220,00;184220,00;184220,00;36844,00;1
WINV26;19/05/2026;13:20:00;183500,00;183750,00;183500,00;183750,00;73450,00;2
WINV26;19/05/2026;11:00:00;184750,00;185100,00;184750,00;185100,00;184941,00;5
WINV26;19/05/2026;10:50:00;184195,00;184650,00;184195,00;184650,00;258189,00;7
WINV26;19/05/2026;10:40:00;183750,00;184030,00;183750,00;184030,00;220650,00;6
WINV26;19/05/2026;10:30:00;183530,00;183730,00;183480,00;183730,00;256932,00;7
WINV26;19/05/2026;10:20:00;183000,00;183000,00;183000,00;183000,00;36600,00;1
WINV26;19/05/2026;10:10:00;183630,00;183680,00;183500,00;183500,00;661007,00;18
WINV26;19/05/2026;10:00:00;184000,00;184000,00;183755,00;183755,00;73551,00;2
WINV26;19/05/2026;09:20:00;184895,00;185055,00;184895,00;185055,00;110985,00;3
WINV26;19/05/2026;09:10:00;185000,00;185000,00;184505,00;184505,00;73901,00;2
WINV26;19/05/2026;09:00:00;185800,00;185800,00;185570,00;185570,00;111415,00;3
WINV26;18/05/2026;18:10:00;186900,00;186900,00;186900,00;186900,00;37380,00;1
WINV26;18/05/2026;17:50:00;186700,00;186700,00;186700,00;186700,00;37340,00;1
WINV26;18/05/2026;16:40:00;186250,00;186260,00;186250,00;186260,00;596030,00;16
WINV26;18/05/2026;15:40:00;185300,00;185300,00;185300,00;185300,00;37060,00;1
WINV26;18/05/2026;14:40:00;186000,00;186000,00;186000,00;186000,00;37200,00;1
WINV26;18/05/2026;12:30:00;186250,00;186250,00;186250,00;186250,00;37250,00;1
WINV26;18/05/2026;10:00:00;186045,00;186045,00;186045,00;186045,00;558135,00;15
WINV26;18/05/2026;09:50:00;185925,00;185925,00;185925,00;185925,00;557775,00;15
WINV26;18/05/2026;09:20:00;185895,00;185895,00;185895,00;185895,00;37179,00;1
WINV26;18/05/2026;09:10:00;185910,00;185910,00;185910,00;185910,00;37182,00;1
WINV26;15/05/2026;18:20:00;186895,00;187190,00;186680,00;186680,00;598181,00;16
WINV26;15/05/2026;18:10:00;186655,00;186655,00;186550,00;186580,00;335853,00;9
WINV26;15/05/2026;17:50:00;186895,00;186895,00;186895,00;186895,00;37379,00;1
WINV26;15/05/2026;16:40:00;186630,00;186630,00;186630,00;186630,00;37326,00;1
WINV26;15/05/2026;16:00:00;185915,00;185915,00;185915,00;185915,00;37183,00;1
WINV26;15/05/2026;13:20:00;186200,00;186210,00;186200,00;186210,00;74482,00;2
WINV26;15/05/2026;11:20:00;186245,00;186495,00;186245,00;186495,00;149146,00;4
WINV26;15/05/2026;11:10:00;185600,00;185675,00;185600,00;185675,00;74255,00;2
WINV26;15/05/2026;11:00:00;185375,00;185480,00;185375,00;185480,00;74171,00;2
WINV26;15/05/2026;10:50:00;184845,00;185260,00;184820,00;185260,00;295917,00;8
WINV26;15/05/2026;10:10:00;185000,00;185000,00;185000,00;185000,00;37000,00;1
WINV26;15/05/2026;10:00:00;185200,00;185200,00;185200,00;185200,00;37040,00;1
WINV26;15/05/2026;09:20:00;185915,00;185915,00;185915,00;185915,00;37183,00;1
WINV26;15/05/2026;09:10:00;185900,00;185900,00;185900,00;185900,00;37180,00;1
WINV26;15/05/2026;09:00:00;186475,00;186475,00;185300,00;185600,00;667775,00;18
WINV26;14/05/2026;16:40:00;188200,00;188200,00;188200,00;188200,00;37640,00;1
WINV26;14/05/2026;16:10:00;188200,00;188200,00;188200,00;188200,00;37640,00;1
WINV26;14/05/2026;15:40:00;188330,00;188330,00;188330,00;188330,00;37666,00;1
WINV26;14/05/2026;15:30:00;188500,00;188500,00;188500,00;188500,00;37700,00;1
WINV26;14/05/2026;14:50:00;189000,00;189000,00;189000,00;189000,00;37800,00;1
WINV26;14/05/2026;14:20:00;188735,00;188735,00;188735,00;188735,00;37747,00;1
WINV26;14/05/2026;14:10:00;189220,00;189220,00;189025,00;189025,00;75649,00;2
WINV26;14/05/2026;13:10:00;188770,00;188935,00;188770,00;188935,00;755446,00;20
WINV26;14/05/2026;12:30:00;188550,00;188550,00;188550,00;188550,00;37710,00;1
WINV26;14/05/2026;11:30:00;188475,00;188475,00;188475,00;188475,00;37695,00;1
WINV26;14/05/2026;09:50:00;187960,00;187960,00;187960,00;187960,00;375920,00;10
WINV26;14/05/2026;09:40:00;188085,00;188255,00;188085,00;188255,00;413821,00;11
WINV26;14/05/2026;09:30:00;187965,00;188060,00;187930,00;187930,00;112791,00;3
WINV26;14/05/2026;09:00:00;187000,00;187525,00;187000,00;187465,00;412342,00;11
WINV26;13/05/2026;18:20:00;186430,00;186430,00;186430,00;186430,00;37286,00;1
WINV26;13/05/2026;17:50:00;186800,00;186800,00;186800,00;186800,00;37360,00;1
WINV26;13/05/2026;17:30:00;186890,00;186890,00;186890,00;186890,00;373780,00;10
WINV26;13/05/2026;16:20:00;187070,00;187070,00;186945,00;186945,00;74803,00;2
WINV26;13/05/2026;16:10:00;187080,00;187160,00;187055,00;187060,00;261932,00;7
WINV26;13/05/2026;15:40:00;186715,00;186875,00;186715,00;186875,00;1157665,00;31
WINV26;13/05/2026;15:30:00;187560,00;187560,00;187560,00;187560,00;37512,00;1
WINV26;13/05/2026;15:10:00;188055,00;188055,00;188055,00;188055,00;37611,00;1
WINV26;13/05/2026;15:00:00;188000,00;188000,00;188000,00;188000,00;37600,00;1
WINV26;13/05/2026;14:50:00;189355,00;189410,00;188100,00;188100,00;1394013,00;37
WINV26;13/05/2026;14:30:00;189330,00;189330,00;189330,00;189330,00;37866,00;1
WINV26;13/05/2026;14:10:00;189430,00;189430,00;189430,00;189430,00;37886,00;1
WINV26;13/05/2026;14:00:00;189530,00;189530,00;189530,00;189530,00;37906,00;1
WINV26;13/05/2026;13:20:00;190445,00;190445,00;190350,00;190360,00;342665,00;9
WINV26;13/05/2026;12:50:00;190100,00;190100,00;190100,00;190100,00;38020,00;1
WINV26;13/05/2026;12:40:00;190250,00;190250,00;190050,00;190050,00;114090,00;3
WINV26;13/05/2026;12:30:00;190230,00;190385,00;190230,00;190285,00;304504,00;8
WINV26;13/05/2026;12:20:00;190000,00;190100,00;190000,00;190100,00;76020,00;2
WINV26;13/05/2026;12:10:00;190000,00;190000,00;189950,00;189950,00;1215990,00;32
WINV26;13/05/2026;11:40:00;190220,00;190220,00;190220,00;190220,00;38044,00;1
WINV26;13/05/2026;11:00:00;189780,00;189900,00;189780,00;189900,00;75936,00;2
WINV26;13/05/2026;10:50:00;189670,00;189670,00;189670,00;189670,00;37934,00;1
WINV26;13/05/2026;10:40:00;189260,00;189300,00;189260,00;189300,00;75712,00;2
WINV26;13/05/2026;10:30:00;189400,00;189400,00;188900,00;188900,00;189120,00;5
WINV26;13/05/2026;10:20:00;189925,00;189925,00;189500,00;189500,00;75885,00;2
WINV26;13/05/2026;10:10:00;190000,00;190100,00;189600,00;189600,00;151880,00;4
WINV26;13/05/2026;10:00:00;189900,00;189900,00;189800,00;189800,00;75940,00;2
WINV26;13/05/2026;09:40:00;189775,00;189850,00;189775,00;189850,00;75925,00;2
WINV26;12/05/2026;18:20:00;190600,00;190600,00;190600,00;190600,00;38120,00;1
WINV26;12/05/2026;18:10:00;190670,00;190670,00;190670,00;190670,00;38134,00;1
WINV26;12/05/2026;18:00:00;190750,00;190750,00;190750,00;190750,00;38150,00;1
WINV26;12/05/2026;17:30:00;190600,00;190600,00;190600,00;190600,00;38120,00;1
WINV26;12/05/2026;15:30:00;190400,00;190765,00;190400,00;190765,00;5761030,00;151
WINV26;12/05/2026;15:20:00;190510,00;190510,00;190510,00;190510,00;38102,00;1
WINV26;12/05/2026;15:10:00;189905,00;190105,00;189905,00;190105,00;114002,00;3
WINV26;12/05/2026;14:50:00;189895,00;189895,00;189895,00;189895,00;37979,00;1
WINV26;12/05/2026;14:40:00;190200,00;190200,00;190200,00;190200,00;228240,00;6
WINV26;12/05/2026;14:20:00;190220,00;190220,00;190220,00;190220,00;38044,00;1
WINV26;12/05/2026;13:40:00;190030,00;190030,00;190030,00;190030,00;38006,00;1
WINV26;12/05/2026;13:00:00;190130,00;190130,00;190130,00;190130,00;38026,00;1
WINV26;12/05/2026;12:30:00;190220,00;190220,00;190220,00;190220,00;38044,00;1
WINV26;12/05/2026;10:30:00;191520,00;191520,00;191520,00;191520,00;38304,00;1
WINV26;12/05/2026;09:20:00;191250,00;191250,00;190910,00;190910,00;1603761,00;42
WINV26;12/05/2026;09:10:00;191500,00;191500,00;191350,00;191350,00;76570,00;2
WINV26;12/05/2026;09:00:00;191415,00;191415,00;191415,00;191415,00;38283,00;1
WINV26;11/05/2026;17:10:00;192000,00;192000,00;192000,00;192000,00;38400,00;1
WINV26;11/05/2026;17:00:00;192100,00;192100,00;192100,00;192100,00;38420,00;1
WINV26;11/05/2026;16:50:00;192215,00;192215,00;192215,00;192215,00;38443,00;1
WINV26;11/05/2026;16:10:00;192040,00;192040,00;192040,00;192040,00;38408,00;1
WINV26;11/05/2026;14:40:00;192285,00;192285,00;192285,00;192285,00;38457,00;1
WINV26;11/05/2026;13:40:00;192375,00;192375,00;192375,00;192375,00;38475,00;1
WINV26;11/05/2026;13:00:00;192490,00;192490,00;192490,00;192490,00;38498,00;1
WINV26;11/05/2026;12:20:00;192405,00;192410,00;192365,00;192365,00;115436,00;3
WINV26;11/05/2026;12:00:00;192500,00;192500,00;192500,00;192500,00;38500,00;1
WINV26;11/05/2026;11:00:00;192945,00;192945,00;192945,00;192945,00;1543560,00;40
WINV26;11/05/2026;09:30:00;194050,00;194050,00;193950,00;193950,00;77600,00;2
WINV26;11/05/2026;09:20:00;194170,00;194170,00;194170,00;194170,00;38834,00;1
WINV26;11/05/2026;09:10:00;193555,00;193555,00;193555,00;193555,00;38711,00;1
WINV26;08/05/2026;15:00:00;195020,00;195020,00;195020,00;195020,00;39004,00;1
WINV26;08/05/2026;11:00:00;195175,00;195175,00;195175,00;195175,00;39035,00;1
WINV26;08/05/2026;10:40:00;196000,00;196000,00;196000,00;196000,00;39200,00;1
WINV26;08/05/2026;10:20:00;195550,00;195550,00;195550,00;195550,00;39110,00;1
WINV26;08/05/2026;10:00:00;195305,00;195305,00;195200,00;195200,00;78101,00;2
WINV26;08/05/2026;09:50:00;195420,00;195450,00;195405,00;195405,00;3595814,00;92
WINV26;08/05/2026;09:00:00;193490,00;194020,00;193490,00;194020,00;1590858,00;41
WINV26;07/05/2026;18:10:00;193300,00;193300,00;193280,00;193280,00;115972,00;3
WINV26;07/05/2026;18:00:00;193410,00;193410,00;193370,00;193370,00;77356,00;2
WINV26;07/05/2026;17:40:00;193460,00;193460,00;193460,00;193460,00;38692,00;1
WINV26;07/05/2026;16:20:00;193800,00;193800,00;193800,00;193800,00;426360,00;11
WINV26;07/05/2026;13:30:00;194445,00;194510,00;194445,00;194505,00;116692,00;3
WINV26;07/05/2026;12:40:00;194500,00;194500,00;194500,00;194500,00;38900,00;1
WINV26;07/05/2026;11:20:00;194565,00;194565,00;194565,00;194565,00;583695,00;15
WINV26;07/05/2026;11:00:00;194590,00;194590,00;194425,00;194425,00;77803,00;2
WINV26;07/05/2026;10:50:00;195175,00;195175,00;194905,00;194905,00;78016,00;2
WINV26;07/05/2026;10:40:00;194865,00;194865,00;194865,00;194865,00;38973,00;1
WINV26;07/05/2026;10:30:00;195800,00;195800,00;195400,00;195400,00;234764,00;6
WINV26;07/05/2026;10:20:00;196500,00;196500,00;196500,00;196500,00;39300,00;1
WINV26;07/05/2026;10:10:00;196600,00;196600,00;196600,00;196600,00;39320,00;1
WINV26;07/05/2026;10:00:00;197160,00;197160,00;196950,00;196950,00;78822,00;2
WINV26;07/05/2026;09:30:00;197260,00;197630,00;197260,00;197630,00;78978,00;2
WINV26;07/05/2026;09:10:00;197400,00;197400,00;197400,00;197400,00;39480,00;1
WINV26;07/05/2026;09:00:00;198210,00;198210,00;197530,00;197530,00;79148,00;2
WINV26;06/05/2026;18:10:00;197900,00;197900,00;197900,00;197900,00;39580,00;1
WINV26;06/05/2026;17:40:00;197960,00;197960,00;197960,00;197960,00;593880,00;15
WINV26;06/05/2026;17:30:00;198200,00;198200,00;197960,00;197960,00;673120,00;17
WINV26;06/05/2026;16:40:00;198415,00;198415,00;198415,00;198415,00;39683,00;1
WINV26;06/05/2026;12:30:00;198645,00;198645,00;198645,00;198645,00;39729,00;1
WINV26;06/05/2026;11:10:00;197830,00;197830,00;197830,00;197830,00;39566,00;1
WINV26;06/05/2026;10:40:00;199300,00;199300,00;199300,00;199300,00;39860,00;1
WINV26;06/05/2026;10:00:00;199150,00;199150,00;199150,00;199150,00;398300,00;10
WINV26;06/05/2026;09:40:00;199750,00;199750,00;199750,00;199750,00;39950,00;1
WINV26;06/05/2026;09:30:00;200300,00;200300,00;200300,00;200300,00;40060,00;1
WINV26;06/05/2026;09:10:00;199550,00;199550,00;199500,00;199500,00;119710,00;3
WINV26;05/05/2026;18:10:00;197355,00;197355,00;197355,00;197355,00;39471,00;1
WINV26;05/05/2026;18:00:00;197500,00;197500,00;197500,00;197500,00;79000,00;2
WINV26;05/05/2026;17:50:00;197365,00;197420,00;197365,00;197420,00;78957,00;2
WINV26;05/05/2026;17:30:00;197500,00;197500,00;197500,00;197500,00;39500,00;1
WINV26;05/05/2026;17:20:00;197580,00;197580,00;197580,00;197580,00;39516,00;1
WINV26;05/05/2026;16:50:00;197400,00;197400,00;197400,00;197400,00;39480,00;1
WINV26;05/05/2026;16:40:00;197505,00;197505,00;197500,00;197500,00;79001,00;2
WINV26;05/05/2026;16:20:00;197530,00;197530,00;197530,00;197530,00;39506,00;1
WINV26;05/05/2026;15:10:00;197500,00;197500,00;197500,00;197500,00;39500,00;1
WINV26;05/05/2026;14:30:00;197050,00;197050,00;197050,00;197050,00;39410,00;1
WINV26;05/05/2026;14:20:00;197250,00;197250,00;197075,00;197075,00;118305,00;3
WINV26;05/05/2026;13:50:00;197575,00;197575,00;197575,00;197575,00;39515,00;1
WINV26;05/05/2026;13:40:00;198045,00;198045,00;197750,00;197750,00;79159,00;2
WINV26;05/05/2026;13:30:00;198000,00;198000,00;198000,00;198000,00;39600,00;1
WINV26;05/05/2026;13:00:00;198250,00;198250,00;198250,00;198250,00;39650,00;1
WINV26;05/05/2026;12:30:00;197970,00;197970,00;197970,00;197970,00;1187820,00;30
WINV26;05/05/2026;12:20:00;197650,00;197650,00;197650,00;197650,00;39530,00;1
WINV26;05/05/2026;12:10:00;197500,00;197500,00;197500,00;197500,00;39500,00;1
WINV26;05/05/2026;11:40:00;197200,00;197200,00;197200,00;197200,00;39440,00;1
WINV26;05/05/2026;10:10:00;196820,00;196820,00;196820,00;196820,00;787280,00;20
WINV26;05/05/2026;10:00:00;196400,00;196800,00;196400,00;196800,00;78640,00;2
WINV26;05/05/2026;09:00:00;197155,00;197155,00;197155,00;197155,00;39431,00;1
WINV26;04/05/2026;17:20:00;196520,00;196520,00;196520,00;196520,00;78608,00;2
WINV26;04/05/2026;15:50:00;196520,00;196520,00;196520,00;196520,00;39304,00;1
WINV26;04/05/2026;15:40:00;196470,00;196470,00;196470,00;196470,00;39294,00;1
WINV26;04/05/2026;15:30:00;196615,00;196615,00;196615,00;196615,00;39323,00;1
WINV26;04/05/2026;14:30:00;196550,00;196550,00;196550,00;196550,00;78620,00;2
WINV26;04/05/2026;14:00:00;196560,00;196560,00;196560,00;196560,00;39312,00;1
WINV26;04/05/2026;13:50:00;196510,00;196510,00;196510,00;196510,00;39302,00;1
WINV26;04/05/2026;13:40:00;196630,00;196680,00;196550,00;196550,00;117972,00;3
WINV26;04/05/2026;13:30:00;196990,00;196990,00;196800,00;196800,00;118144,00;3
WINV26;04/05/2026;13:20:00;196990,00;196990,00;196930,00;196930,00;78784,00;2
WINV26;04/05/2026;13:10:00;196835,00;196940,00;196835,00;196940,00;118133,00;3
WINV26;04/05/2026;13:00:00;196740,00;196740,00;196740,00;196740,00;39348,00;1
WINV26;04/05/2026;12:40:00;197060,00;197060,00;196920,00;196920,00;78796,00;2
WINV26;04/05/2026;12:30:00;197060,00;197110,00;197060,00;197110,00;78834,00;2
WINV26;04/05/2026;12:20:00;197060,00;197160,00;197060,00;197160,00;118266,00;3
WINV26;04/05/2026;12:10:00;197800,00;197800,00;197420,00;197420,00;79044,00;2
WINV26;04/05/2026;10:50:00;198250,00;198250,00;198250,00;198250,00;39650,00;1
WINV26;04/05/2026;10:40:00;198500,00;198500,00;198500,00;198500,00;39700,00;1
WINV26;04/05/2026;09:40:00;198060,00;198060,00;198060,00;198060,00;990300,00;25
WINV26;04/05/2026;09:30:00;198250,00;198250,00;198250,00;198250,00;39650,00;1
WINV26;04/05/2026;09:10:00;198500,00;198500,00;198500,00;198500,00;39700,00;1
WINV26;04/05/2026;09:00:00;198000,00;198000,00;198000,00;198000,00;39600,00;1
WINV26;30/04/2026;18:00:00;198300,00;198300,00;198300,00;198300,00;39660,00;1
WINV26;30/04/2026;17:30:00;198100,00;198100,00;198045,00;198100,00;475330,00;12
WINV26;30/04/2026;17:20:00;198255,00;198255,00;198250,00;198250,00;79301,00;2
WINV26;30/04/2026;16:20:00;198850,00;198850,00;198850,00;198850,00;39770,00;1
WINV26;30/04/2026;15:30:00;198370,00;198370,00;198370,00;198370,00;317392,00;8
WINV26;30/04/2026;15:20:00;198500,00;198600,00;198335,00;198335,00;396815,00;10
WINV26;30/04/2026;15:10:00;198360,00;198400,00;198360,00;198400,00;158707,00;4
WINV26;30/04/2026;14:50:00;198390,00;198390,00;198260,00;198260,00;2023552,00;51
WINV26;30/04/2026;14:40:00;198380,00;198380,00;198380,00;198380,00;1983800,00;50
WINV26;30/04/2026;14:20:00;198150,00;198150,00;198100,00;198100,00;79250,00;2
WINV26;30/04/2026;13:30:00;198120,00;198120,00;198120,00;198120,00;39624,00;1
WINV26;30/04/2026;12:40:00;197890,00;197890,00;197890,00;197890,00;39578,00;1
WINV26;30/04/2026;11:40:00;197880,00;198480,00;197880,00;198480,00;158562,00;4
WINV26;30/04/2026;11:20:00;197800,00;198000,00;197800,00;197995,00;118759,00;3
WINV26;30/04/2026;11:00:00;197610,00;197610,00;197610,00;197610,00;39522,00;1
WINV26;30/04/2026;10:50:00;197830,00;197830,00;197830,00;197830,00;39566,00;1
WINV26;30/04/2026;10:30:00;197610,00;197610,00;197610,00;197610,00;197610,00;5
WINV26;30/04/2026;10:20:00;197250,00;197250,00;197150,00;197150,00;354950,00;9
WINV26;30/04/2026;09:50:00;196970,00;197000,00;196970,00;197000,00;2009100,00;51
WINV26;30/04/2026;09:10:00;197110,00;197110,00;197110,00;197110,00;39422,00;1
WINV26;30/04/2026;09:00:00;195935,00;197000,00;195935,00;197000,00;196465,00;5
WINV26;29/04/2026;18:20:00;195000,00;195000,00;195000,00;195000,00;156000,00;4
WINV26;29/04/2026;18:10:00;195050,00;195050,00;195050,00;195050,00;156040,00;4
WINV26;29/04/2026;18:00:00;195100,00;195100,00;195050,00;195050,00;390150,00;10
WINV26;29/04/2026;17:50:00;195200,00;195200,00;195200,00;195200,00;39040,00;1
WINV26;29/04/2026;17:40:00;195140,00;195200,00;195115,00;195150,00;1248858,00;32
WINV26;29/04/2026;17:30:00;195075,00;195075,00;195020,00;195020,00;390051,00;10
WINV26;29/04/2026;17:20:00;195400,00;195400,00;195400,00;195400,00;39080,00;1
WINV26;29/04/2026;17:10:00;195470,00;195470,00;195325,00;195325,00;429744,00;11
WINV26;29/04/2026;17:00:00;195600,00;195600,00;195600,00;195600,00;117360,00;3
WINV26;29/04/2026;16:50:00;195600,00;195600,00;195600,00;195600,00;195600,00;5
WINV26;29/04/2026;16:10:00;195995,00;196100,00;195995,00;196100,00;78419,00;2
WINV26;29/04/2026;16:00:00;196000,00;196000,00;196000,00;196000,00;39200,00;1
WINV26;29/04/2026;15:50:00;196000,00;196000,00;196000,00;196000,00;784000,00;20
WINV26;29/04/2026;15:40:00;196000,00;196000,00;196000,00;196000,00;39200,00;1
WINV26;29/04/2026;12:50:00;197000,00;197000,00;197000,00;197000,00;39400,00;1
WINV26;29/04/2026;12:10:00;197400,00;197600,00;197400,00;197600,00;276440,00;7
WINV26;29/04/2026;11:10:00;197650,00;197650,00;197650,00;197650,00;790600,00;20
WINV26;29/04/2026;11:00:00;197500,00;197600,00;197325,00;197400,00;315931,00;8
WINV26;29/04/2026;10:50:00;197700,00;197715,00;197600,00;197600,00;158123,00;4
WINV26;29/04/2026;10:40:00;198220,00;198220,00;197545,00;197545,00;1147538,00;29
WINV26;29/04/2026;10:30:00;198325,00;198400,00;198200,00;198220,00;396568,00;10
WINV26;29/04/2026;10:20:00;198215,00;198215,00;198190,00;198190,00;118921,00;3
WINV26;29/04/2026;10:10:00;198465,00;198465,00;198465,00;198465,00;793860,00;20
WINV26;29/04/2026;10:00:00;198740,00;198740,00;198450,00;198450,00;833613,00;21
WINV26;29/04/2026;09:40:00;198895,00;198895,00;198895,00;198895,00;39779,00;1
WINV26;29/04/2026;09:30:00;199095,00;199095,00;199095,00;199095,00;2389140,00;60
WINV26;28/04/2026;18:20:00;199800,00;199800,00;199800,00;199800,00;39960,00;1
WINV26;28/04/2026;18:10:00;199800,00;199800,00;199800,00;199800,00;39960,00;1
WINV26;28/04/2026;15:30:00;200035,00;200035,00;200035,00;200035,00;440077,00;11
WINV26;28/04/2026;14:50:00;200140,00;200140,00;200140,00;200140,00;40028,00;1
WINV26;28/04/2026;14:00:00;199985,00;199985,00;199965,00;199965,00;239970,00;6
WINV26;28/04/2026;13:50:00;199990,00;200065,00;199990,00;200065,00;240003,00;6
WINV26;28/04/2026;13:40:00;199675,00;199675,00;199675,00;199675,00;39935,00;1
WINV26;28/04/2026;12:50:00;199990,00;199990,00;199990,00;199990,00;399980,00;10
WINV26;28/04/2026;12:10:00;199500,00;199500,00;199500,00;199500,00;39900,00;1
WINV26;28/04/2026;11:30:00;199105,00;199105,00;199105,00;199105,00;358389,00;9
WINV26;28/04/2026;11:20:00;199250,00;199250,00;199250,00;199250,00;39850,00;1
WINV26;28/04/2026;10:40:00;199495,00;199700,00;199495,00;199685,00;918251,00;23
WINV26;28/04/2026;10:30:00;199265,00;199495,00;199265,00;199495,00;1913668,00;48
WINV26;28/04/2026;09:50:00;199705,00;199705,00;199705,00;199705,00;39941,00;1
WINV26;28/04/2026;09:00:00;200265,00;200265,00;200265,00;200265,00;40053,00;1
WINV26;27/04/2026;18:10:00;200925,00;200925,00;200925,00;200925,00;803700,00;20
WINV26;27/04/2026;18:00:00;200800,00;200800,00;200745,00;200745,00;602251,00;15
WINV26;27/04/2026;17:20:00;201300,00;201300,00;201300,00;201300,00;40260,00;1
WINV26;27/04/2026;17:00:00;200950,00;201100,00;200950,00;201100,00;80410,00;2
WINV26;27/04/2026;14:00:00;201500,00;201500,00;201500,00;201500,00;40300,00;1
WINV26;27/04/2026;11:50:00;201890,00;201890,00;201890,00;201890,00;444158,00;11
WINV26;27/04/2026;11:10:00;202980,00;202980,00;202980,00;202980,00;40596,00;1
WINV26;27/04/2026;10:50:00;201970,00;201970,00;201910,00;201910,00;8278510,00;205
WINV26;27/04/2026;10:40:00;202500,00;202500,00;202470,00;202500,00;4251906,00;105
WINV26;27/04/2026;10:30:00;202470,00;202470,00;202470,00;202470,00;40494,00;1
WINV26;27/04/2026;09:00:00;202950,00;203410,00;202950,00;203410,00;528686,00;13
WINV26;24/04/2026;18:10:00;202900,00;202900,00;202900,00;202900,00;40580,00;1
WINV26;24/04/2026;17:10:00;202770,00;202770,00;202770,00;202770,00;81108,00;2
WINV26;24/04/2026;16:50:00;202500,00;202500,00;202500,00;202500,00;40500,00;1
WINV26;24/04/2026;16:30:00;202515,00;203570,00;202515,00;203570,00;1870366,00;46
WINV26;24/04/2026;15:40:00;202610,00;202610,00;202610,00;202610,00;40522,00;1
WINV26;24/04/2026;15:10:00;202375,00;202390,00;202320,00;202320,00;323737,00;8
WINV26;24/04/2026;15:00:00;202380,00;202405,00;202380,00;202405,00;80957,00;2
WINV26;24/04/2026;14:20:00;201990,00;201990,00;201990,00;201990,00;40398,00;1
WINV26;24/04/2026;13:10:00;202190,00;202190,00;202190,00;202190,00;40438,00;1
WINV26;24/04/2026;12:40:00;201720,00;202165,00;201720,00;202165,00;121141,00;3
WINV26;24/04/2026;12:30:00;201670,00;201755,00;201670,00;201755,00;80685,00;2
WINV26;24/04/2026;11:50:00;201860,00;202200,00;201860,00;202200,00;201968,00;5
WINV26;24/04/2026;10:30:00;202000,00;202000,00;202000,00;202000,00;40400,00;1
WINV26;23/04/2026;14:10:00;203735,00;203735,00;203605,00;203605,00;81468,00;2
WINV26;23/04/2026;10:10:00;205000,00;205000,00;205000,00;205000,00;41000,00;1
WINV26;22/04/2026;18:20:00;204285,00;204285,00;204285,00;204285,00;40857,00;1
WINV26;22/04/2026;18:10:00;204900,00;204990,00;204745,00;204745,00;122927,00;3
WINV26;22/04/2026;14:40:00;205015,00;205015,00;204900,00;204970,00;450882,00;11
WINV26;22/04/2026;14:30:00;205255,00;205305,00;205000,00;205000,00;410327,00;10
WINV26;22/04/2026;14:20:00;205085,00;205245,00;205085,00;205245,00;82066,00;2
WINV26;22/04/2026;13:30:00;205100,00;205100,00;204900,00;204900,00;164012,00;4
WINV26;22/04/2026;13:20:00;205275,00;205275,00;205150,00;205165,00;410382,00;10
WINV26;22/04/2026;12:30:00;205620,00;205620,00;205620,00;205620,00;41124,00;1
WINV26;22/04/2026;11:40:00;205845,00;205845,00;205845,00;205845,00;41169,00;1
WINV26;22/04/2026;11:30:00;205890,00;205890,00;205890,00;205890,00;41178,00;1
WINV26;22/04/2026;10:50:00;207200,00;207200,00;206900,00;206900,00;207080,00;5
WINV26;22/04/2026;10:30:00;207140,00;207140,00;207140,00;207140,00;41428,00;1
WINV26;22/04/2026;10:20:00;207750,00;207850,00;207750,00;207850,00;124680,00;3
WINV26;22/04/2026;10:10:00;207700,00;207700,00;207700,00;207700,00;41540,00;1
WINV26;22/04/2026;10:00:00;207500,00;207650,00;207500,00;207650,00;83030,00;2
WINV26;22/04/2026;09:20:00;207800,00;207800,00;207700,00;207700,00;83100,00;2
WINV26;22/04/2026;09:10:00;207500,00;207600,00;207500,00;207600,00;124530,00;3
WINV26;20/04/2026;18:20:00;208745,00;208745,00;208745,00;208745,00;41749,00;1
WINV26;20/04/2026;18:10:00;208355,00;208355,00;208355,00;208355,00;41671,00;1
WINV26;20/04/2026;12:10:00;208115,00;208115,00;208115,00;208115,00;41623,00;1
WINV26;20/04/2026;11:00:00;207935,00;207935,00;207935,00;207935,00;83174,00;2
WINV26;20/04/2026;09:40:00;208625,00;208735,00;208625,00;208735,00;500744,00;12
WINV26;20/04/2026;09:00:00;208100,00;208100,00;208000,00;208000,00;124840,00;3
WINV26;17/04/2026;11:50:00;208315,00;208315,00;208000,00;208000,00;208063,00;5
WINV26;17/04/2026;11:30:00;209130,00;209130,00;208785,00;208785,00;83583,00;2
WINV26;17/04/2026;10:50:00;209850,00;209850,00;209850,00;209850,00;41970,00;1
WINV26;17/04/2026;10:30:00;210190,00;210190,00;210050,00;210050,00;84048,00;2
WINV26;17/04/2026;10:10:00;210860,00;210860,00;210860,00;210860,00;42172,00;1
WINV26;17/04/2026;10:00:00;211560,00;211560,00;211560,00;211560,00;42312,00;1
WINV26;17/04/2026;09:50:00;210825,00;210825,00;210825,00;210825,00;42165,00;1
WINV26;17/04/2026;09:20:00;210020,00;210020,00;210020,00;210020,00;42004,00;1
WINV26;17/04/2026;09:00:00;209630,00;209630,00;209630,00;209630,00;41926,00;1
WINV26;16/04/2026;17:20:00;208875,00;208875,00;208875,00;208875,00;41775,00;1
WINV26;16/04/2026;14:00:00;209460,00;209460,00;209460,00;209460,00;41892,00;1
WINV26;16/04/2026;12:10:00;209565,00;209565,00;209565,00;209565,00;41913,00;1
WINV26;16/04/2026;11:10:00;209700,00;209765,00;209700,00;209765,00;83893,00;2
WINV26;16/04/2026;10:50:00;210230,00;210230,00;210230,00;210230,00;42046,00;1
WINV26;16/04/2026;10:00:00;210430,00;210430,00;210430,00;210430,00;42086,00;1
WINV26;16/04/2026;09:00:00;210230,00;210630,00;210230,00;210630,00;84172,00;2
WINV26;15/04/2026;15:50:00;210250,00;210250,00;210250,00;210250,00;42050,00;1
WINV26;15/04/2026;15:40:00;210250,00;210250,00;210250,00;210250,00;42050,00;1
WINV26;15/04/2026;15:30:00;210140,00;210140,00;210140,00;210140,00;42028,00;1
WINV26;15/04/2026;15:00:00;209800,00;209900,00;209800,00;209900,00;125910,00;3
WINV26;15/04/2026;13:20:00;209750,00;209750,00;209750,00;209750,00;41950,00;1
WINV26;15/04/2026;13:10:00;209700,00;209700,00;209700,00;209700,00;41940,00;1
WINV26;15/04/2026;13:00:00;209685,00;209685,00;209685,00;209685,00;41937,00;1
WINV26;15/04/2026;12:10:00;210000,00;210000,00;210000,00;210000,00;2100000,00;50
