WINV26;14/08/2026;12:15:00;168670,00;168775,00;168625,00;168670,00;4337814644,00;128579
WINV26;14/08/2026;12:00:00;168505,00;168805,00;168405,00;168670,00;1,501779812E10;445204
WINV26;14/08/2026;11:45:00;168775,00;168810,00;168470,00;168505,00;1,368943586E10;405865
WINV26;14/08/2026;11:30:00;168780,00;168950,00;168580,00;168780,00;1,637496008E10;485203
WINV26;14/08/2026;11:15:00;168585,00;168830,00;168310,00;168775,00;2,087684116E10;619230
WINV26;14/08/2026;11:00:00;169235,00;169365,00;168530,00;168585,00;2,967162403E10;878440
WINV26;14/08/2026;10:45:00;169130,00;169640,00;169075,00;169235,00;2,540444433E10;750114
WINV26;14/08/2026;10:30:00;169525,00;169530,00;168800,00;169135,00;4,504365016E10;1332134
WINV26;14/08/2026;10:15:00;169750,00;169855,00;169450,00;169530,00;2,573684325E10;758392
WINV26;14/08/2026;10:00:00;169430,00;170100,00;169205,00;169755,00;4,024235865E10;1185880
WINV26;14/08/2026;09:45:00;169055,00;169580,00;169035,00;169425,00;2,098472716E10;619524
WINV26;14/08/2026;09:30:00;169755,00;169985,00;169045,00;169055,00;2,622756636E10;773674
WINV26;14/08/2026;09:15:00;169985,00;170390,00;169745,00;169755,00;1,973846962E10;580232
WINV26;14/08/2026;09:00:00;171100,00;171240,00;169900,00;169990,00;2,863046239E10;840923
WINV26;13/08/2026;18:15:00;170815,00;170970,00;170725,00;170775,00;2804874970,00;82098
WINV26;13/08/2026;18:00:00;170410,00;170900,00;170355,00;170815,00;5440032025,00;159400
WINV26;13/08/2026;17:45:00;170270,00;170440,00;170210,00;170405,00;3987902886,00;117074
WINV26;13/08/2026;17:30:00;170180,00;170295,00;170165,00;170265,00;2830241860,00;83130
WINV26;13/08/2026;17:15:00;170330,00;170340,00;170170,00;170185,00;4013573250,00;117883
WINV26;13/08/2026;17:00:00;170160,00;170400,00;170135,00;170335,00;6436151494,00;188943
WINV26;13/08/2026;16:45:00;170325,00;170345,00;170100,00;170165,00;7517889558,00;220821
WINV26;13/08/2026;16:30:00;170270,00;170350,00;170195,00;170325,00;6450801615,00;189436
WINV26;13/08/2026;16:15:00;170080,00;170335,00;170045,00;170270,00;9531468131,00;279995
WINV26;13/08/2026;16:00:00;170200,00;170210,00;170065,00;170075,00;6940430492,00;203966
WINV26;13/08/2026;15:45:00;170365,00;170430,00;170165,00;170200,00;8235782267,00;241790
WINV26;13/08/2026;15:30:00;170485,00;170585,00;170280,00;170370,00;1,016042115E10;298093
WINV26;13/08/2026;15:15:00;170655,00;170670,00;170450,00;170490,00;7868885576,00;230679
WINV26;13/08/2026;15:00:00;170495,00;170685,00;170380,00;170655,00;1,215458893E10;356365
WINV26;13/08/2026;14:45:00;170600,00;170700,00;170340,00;170495,00;1,253886422E10;367748
WINV26;13/08/2026;14:30:00;170570,00;170635,00;170455,00;170600,00;1,00633776E10;295058
WINV26;13/08/2026;14:15:00;170445,00;170620,00;170365,00;170565,00;9537905407,00;279688
WINV26;13/08/2026;14:00:00;170455,00;170550,00;170270,00;170450,00;1,283224822E10;376521
WINV26;13/08/2026;13:45:00;170145,00;170460,00;170080,00;170455,00;9849836511,00;289307
WINV26;13/08/2026;13:30:00;169915,00;170265,00;169830,00;170140,00;1,252500246E10;368220
WINV26;13/08/2026;13:15:00;169880,00;169970,00;169730,00;169915,00;1,055581187E10;310712
WINV26;13/08/2026;13:00:00;169765,00;169885,00;169450,00;169875,00;1,654317105E10;487566
WINV26;13/08/2026;12:45:00;169935,00;170025,00;169725,00;169770,00;1,001892514E10;294909
WINV26;13/08/2026;12:30:00;169980,00;170055,00;169825,00;169935,00;1,03610469E10;304831
WINV26;13/08/2026;12:15:00;170105,00;170120,00;169820,00;169980,00;1,493284399E10;439346
WINV26;13/08/2026;12:00:00;170370,00;170385,00;170040,00;170105,00;1,416022749E10;415976
WINV26;13/08/2026;11:45:00;170510,00;170570,00;170240,00;170375,00;1,917986761E10;562717
WINV26;13/08/2026;11:30:00;170645,00;170790,00;170460,00;170505,00;1,557541047E10;456388
WINV26;13/08/2026;11:15:00;170845,00;170930,00;170475,00;170645,00;2,271395582E10;665473
WINV26;13/08/2026;11:00:00;170785,00;171070,00;170680,00;170840,00;2,1648247E10;633491
WINV26;13/08/2026;10:45:00;171715,00;171790,00;170750,00;170785,00;2,782687893E10;812394
WINV26;13/08/2026;10:30:00;171120,00;171865,00;170950,00;171710,00;3,958794355E10;1154321
WINV26;13/08/2026;10:15:00;170815,00;171195,00;170540,00;171115,00;3,273882166E10;957582
WINV26;13/08/2026;10:00:00;170210,00;170890,00;170070,00;170820,00;3,483883159E10;1021716
WINV26;13/08/2026;09:45:00;170115,00;170295,00;169895,00;170205,00;1,662318882E10;488802
WINV26;13/08/2026;09:30:00;169700,00;170245,00;169635,00;170115,00;2,04442941E10;601320
WINV26;13/08/2026;09:15:00;169760,00;169845,00;169370,00;169705,00;2,301804031E10;678640
WINV26;13/08/2026;09:00:00;170665,00;170810,00;169555,00;169760,00;3,094591515E10;910565
WINV26;12/08/2026;18:15:00;170310,00;170435,00;170270,00;170430,00;2007794975,00;58918
WINV26;12/08/2026;18:00:00;170340,00;170420,00;170225,00;170310,00;2395092317,00;70311
WINV26;12/08/2026;17:45:00;170455,00;170520,00;170270,00;170345,00;4273099571,00;125400
WINV26;12/08/2026;17:30:00;170575,00;170700,00;170430,00;170450,00;4912295373,00;143993
WINV26;12/08/2026;17:15:00;170765,00;170790,00;170570,00;170575,00;5010466948,00;146789
WINV26;12/08/2026;17:00:00;170835,00;171010,00;170715,00;170765,00;8755413683,00;256226
WINV26;12/08/2026;16:45:00;171135,00;171140,00;170805,00;170840,00;8211820642,00;240193
WINV26;12/08/2026;16:30:00;171225,00;171230,00;171055,00;171140,00;7431321572,00;217113
WINV26;12/08/2026;16:15:00;171295,00;171390,00;171190,00;171230,00;7086369199,00;206872
WINV26;12/08/2026;16:00:00;171070,00;171420,00;171050,00;171290,00;1,014372244E10;296140
WINV26;12/08/2026;15:45:00;171010,00;171125,00;170970,00;171070,00;7745160877,00;226406
WINV26;12/08/2026;15:30:00;171160,00;171160,00;170810,00;171015,00;1,106649197E10;323667
WINV26;12/08/2026;15:15:00;171180,00;171225,00;171095,00;171160,00;5640429786,00;164773
WINV26;12/08/2026;15:00:00;171485,00;171490,00;171140,00;171180,00;8809361615,00;257119
WINV26;12/08/2026;14:45:00;171255,00;171545,00;171250,00;171485,00;8162186657,00;238053
WINV26;12/08/2026;14:30:00;171360,00;171365,00;171165,00;171260,00;7991843432,00;233326
WINV26;12/08/2026;14:15:00;171535,00;171545,00;171335,00;171365,00;7479692305,00;218148
WINV26;12/08/2026;14:00:00;171450,00;171665,00;171275,00;171535,00;1,099657978E10;320691
WINV26;12/08/2026;13:45:00;171425,00;171555,00;171235,00;171455,00;1,027661041E10;299797
WINV26;12/08/2026;13:30:00;171440,00;171540,00;171350,00;171425,00;7219826632,00;210581
WINV26;12/08/2026;13:15:00;171285,00;171640,00;171265,00;171440,00;8333885557,00;243003
WINV26;12/08/2026;13:00:00;171110,00;171345,00;171110,00;171285,00;8378959000,00;244642
WINV26;12/08/2026;12:45:00;171160,00;171190,00;171000,00;171110,00;6109107905,00;178542
WINV26;12/08/2026;12:30:00;171420,00;171420,00;171065,00;171155,00;8329526287,00;243283
WINV26;12/08/2026;12:15:00;171090,00;171465,00;171090,00;171415,00;1,081297793E10;315514
WINV26;12/08/2026;12:00:00;171260,00;171295,00;170995,00;171095,00;1,256908719E10;367196
WINV26;12/08/2026;11:45:00;171250,00;171415,00;170860,00;171260,00;2,117934021E10;618750
WINV26;12/08/2026;11:30:00;171500,00;171800,00;171210,00;171255,00;2,195635321E10;640218
WINV26;12/08/2026;11:15:00;171125,00;171755,00;170900,00;171500,00;2,871947705E10;837587
WINV26;12/08/2026;11:00:00;171000,00;171510,00;170940,00;171125,00;2,309489375E10;674351
WINV26;12/08/2026;10:45:00;171120,00;171305,00;170805,00;171000,00;2,648226832E10;774214
WINV26;12/08/2026;10:30:00;171025,00;171875,00;170715,00;171115,00;4,809016554E10;1404069
WINV26;12/08/2026;10:15:00;171170,00;171305,00;170545,00;171030,00;3,630173208E10;1061974
WINV26;12/08/2026;10:00:00;171855,00;172045,00;171110,00;171175,00;3,221129684E10;938874
WINV26;12/08/2026;09:45:00;171475,00;171925,00;171365,00;171855,00;1,706358856E10;496818
WINV26;12/08/2026;09:30:00;171530,00;171630,00;171045,00;171480,00;1,640661763E10;478564
WINV26;12/08/2026;09:15:00;171655,00;171725,00;171305,00;171525,00;1,547524832E10;451141
WINV26;12/08/2026;09:00:00;172260,00;172260,00;171180,00;171655,00;2,789554669E10;813020
WINV26;11/08/2026;18:15:00;171510,00;171750,00;171275,00;171750,00;217299698,00;6334
WINV26;11/08/2026;18:00:00;171475,00;171550,00;171450,00;171505,00;152459481,00;4445
WINV26;11/08/2026;17:45:00;171445,00;171545,00;171430,00;171480,00;175057809,00;5104
WINV26;11/08/2026;17:30:00;171450,00;171500,00;171410,00;171445,00;170694306,00;4978
WINV26;11/08/2026;17:15:00;171420,00;171520,00;171410,00;171450,00;400516557,00;11680
WINV26;11/08/2026;17:00:00;171315,00;171560,00;171310,00;171420,00;623032546,00;18169
WINV26;11/08/2026;16:45:00;171195,00;171375,00;171190,00;171310,00;565489527,00;16507
WINV26;11/08/2026;16:30:00;171295,00;171435,00;171120,00;171190,00;476799941,00;13921
WINV26;11/08/2026;16:15:00;171400,00;171455,00;171210,00;171295,00;508233158,00;14832
WINV26;11/08/2026;16:00:00;171180,00;171675,00;171140,00;171405,00;785124410,00;22896
WINV26;11/08/2026;15:45:00;171150,00;171220,00;171075,00;171180,00;366102294,00;10696
WINV26;11/08/2026;15:30:00;171210,00;171405,00;171140,00;171145,00;537890708,00;15701
WINV26;11/08/2026;15:15:00;171185,00;171275,00;171000,00;171210,00;839649559,00;24533
WINV26;11/08/2026;15:00:00;171415,00;171530,00;171115,00;171190,00;835250900,00;24380
WINV26;11/08/2026;14:45:00;171505,00;171670,00;171380,00;171415,00;506472244,00;14764
WINV26;11/08/2026;14:30:00;171530,00;171575,00;171405,00;171510,00;435865591,00;12709
WINV26;11/08/2026;14:15:00;171500,00;171645,00;171385,00;171530,00;726196172,00;21168
WINV26;11/08/2026;14:00:00;171795,00;171895,00;171500,00;171500,00;846158623,00;24640
WINV26;11/08/2026;13:45:00;172240,00;172245,00;171800,00;171800,00;508510348,00;14782
WINV26;11/08/2026;13:30:00;172240,00;172315,00;172145,00;172240,00;414444310,00;12032
WINV26;11/08/2026;13:15:00;172595,00;172620,00;172130,00;172235,00;591345020,00;17154
WINV26;11/08/2026;13:00:00;172350,00;172660,00;172220,00;172600,00;916339233,00;26572
WINV26;11/08/2026;12:45:00;172430,00;172575,00;172245,00;172345,00;749339509,00;21729
WINV26;11/08/2026;12:30:00;172860,00;172905,00;172330,00;172425,00;1002697933,00;29045
WINV26;11/08/2026;12:15:00;173045,00;173165,00;172810,00;172865,00;691206736,00;19976
WINV26;11/08/2026;12:00:00;173730,00;173850,00;172980,00;173040,00;997956024,00;28785
WINV26;11/08/2026;11:45:00;173965,00;173975,00;173570,00;173735,00;728047864,00;20954
WINV26;11/08/2026;11:30:00;174190,00;174270,00;173890,00;173950,00;534896681,00;15365
WINV26;11/08/2026;11:15:00;174520,00;174520,00;174080,00;174195,00;616739354,00;17698
WINV26;11/08/2026;11:00:00;174880,00;174940,00;174485,00;174520,00;746784730,00;21374
WINV26;11/08/2026;10:45:00;175360,00;175575,00;174770,00;174885,00;929549970,00;26542
WINV26;11/08/2026;10:30:00;175195,00;175530,00;174850,00;175355,00;1563757722,00;44641
WINV26;11/08/2026;10:15:00;175640,00;175655,00;175080,00;175210,00;837296391,00;23876
WINV26;11/08/2026;10:00:00;175525,00;175825,00;175445,00;175645,00;890710353,00;25353
WINV26;11/08/2026;09:45:00;175465,00;175625,00;175375,00;175520,00;334809356,00;9539
WINV26;11/08/2026;09:30:00;175515,00;175705,00;175315,00;175460,00;466359448,00;13288
WINV26;11/08/2026;09:15:00;175550,00;175600,00;175310,00;175515,00;523331608,00;14913
WINV26;11/08/2026;09:00:00;175800,00;176200,00;175065,00;175565,00;962343708,00;27403
WINV26;10/08/2026;18:15:00;175845,00;175910,00;175725,00;175910,00;48748354,00;1386
WINV26;10/08/2026;18:00:00;175800,00;175925,00;175760,00;175845,00;17197903,00;489
WINV26;10/08/2026;17:45:00;175865,00;175905,00;175795,00;175845,00;42551619,00;1210
WINV26;10/08/2026;17:30:00;175925,00;175935,00;175810,00;175865,00;40025941,00;1138
WINV26;10/08/2026;17:15:00;176000,00;176000,00;175885,00;175930,00;113501603,00;3225
WINV26;10/08/2026;17:00:00;175945,00;176045,00;175860,00;175995,00;173251203,00;4923
WINV26;10/08/2026;16:45:00;176125,00;176150,00;175925,00;175945,00;105220170,00;2989
WINV26;10/08/2026;16:30:00;176115,00;176320,00;176035,00;176130,00;132423846,00;3759
WINV26;10/08/2026;16:15:00;176035,00;176205,00;176030,00;176120,00;116811241,00;3316
WINV26;10/08/2026;16:00:00;176035,00;176050,00;175830,00;176040,00;162244391,00;4611
WINV26;10/08/2026;15:45:00;176015,00;176080,00;175925,00;176040,00;87785050,00;2494
WINV26;10/08/2026;15:30:00;175960,00;176045,00;175910,00;176005,00;64863593,00;1843
WINV26;10/08/2026;15:15:00;176055,00;176085,00;175930,00;175980,00;83500370,00;2372
WINV26;10/08/2026;15:00:00;176030,00;176160,00;175950,00;176070,00;117589194,00;3339
WINV26;10/08/2026;14:45:00;175840,00;176115,00;175785,00;176025,00;110870693,00;3151
WINV26;10/08/2026;14:30:00;175780,00;175995,00;175780,00;175860,00;121256915,00;3447
WINV26;10/08/2026;14:15:00;175810,00;175860,00;175700,00;175780,00;157654066,00;4484
WINV26;10/08/2026;14:00:00;176040,00;176060,00;175655,00;175805,00;183216712,00;5210
WINV26;10/08/2026;13:45:00;175800,00;176130,00;175790,00;176040,00;199735790,00;5675
WINV26;10/08/2026;13:30:00;175895,00;175955,00;175735,00;175805,00;117649637,00;3345
WINV26;10/08/2026;13:15:00;175865,00;176035,00;175780,00;175895,00;136373858,00;3876
WINV26;10/08/2026;13:00:00;175815,00;175950,00;175715,00;175865,00;109761879,00;3121
WINV26;10/08/2026;12:45:00;175865,00;175940,00;175805,00;175815,00;84595018,00;2405
WINV26;10/08/2026;12:30:00;176230,00;176230,00;175790,00;175870,00;154195031,00;4382
WINV26;10/08/2026;12:15:00;176000,00;176375,00;175900,00;176215,00;224516813,00;6373
WINV26;10/08/2026;12:00:00;175985,00;176025,00;175735,00;176000,00;163953625,00;4661
WINV26;10/08/2026;11:45:00;176000,00;176260,00;175780,00;175980,00;324566051,00;9218
WINV26;10/08/2026;11:30:00;175495,00;176025,00;175400,00;176010,00;243357015,00;6921
WINV26;10/08/2026;11:15:00;175680,00;175760,00;175390,00;175500,00;250385175,00;7131
WINV26;10/08/2026;11:00:00;175490,00;175715,00;175215,00;175680,00;290787936,00;8287
WINV26;10/08/2026;10:45:00;176195,00;176210,00;175355,00;175485,00;364301960,00;10358
WINV26;10/08/2026;10:30:00;176330,00;176615,00;175980,00;176185,00;390006249,00;11063
WINV26;10/08/2026;10:15:00;176335,00;176695,00;176270,00;176360,00;186175186,00;5275
WINV26;10/08/2026;10:00:00;176470,00;176520,00;176145,00;176330,00;291501488,00;8266
WINV26;10/08/2026;09:45:00;176555,00;176625,00;176415,00;176455,00;155364472,00;4401
WINV26;10/08/2026;09:30:00;176510,00;176770,00;176460,00;176550,00;204169260,00;5781
WINV26;10/08/2026;09:15:00;176570,00;176685,00;176245,00;176480,00;377843389,00;10705
WINV26;10/08/2026;09:00:00;176595,00;177260,00;176325,00;176585,00;501983242,00;14194
WINV26;07/08/2026;18:15:00;176035,00;176195,00;175980,00;176195,00;24443681,00;694
WINV26;07/08/2026;18:00:00;176085,00;176085,00;175890,00;176005,00;58851172,00;1672
WINV26;07/08/2026;17:45:00;175960,00;176110,00;175950,00;176080,00;17146780,00;487
WINV26;07/08/2026;17:30:00;175980,00;176045,00;175945,00;175955,00;73215504,00;2080
WINV26;07/08/2026;17:15:00;176105,00;176155,00;175980,00;175990,00;39609900,00;1125
WINV26;07/08/2026;17:00:00;176230,00;176245,00;176050,00;176105,00;65873266,00;1870
WINV26;07/08/2026;16:45:00;176245,00;176325,00;176195,00;176225,00;69975273,00;1985
WINV26;07/08/2026;16:30:00;176130,00;176390,00;176130,00;176245,00;70134899,00;1989
WINV26;07/08/2026;16:15:00;176120,00;176270,00;176045,00;176135,00;36434892,00;1034
WINV26;07/08/2026;16:00:00;175985,00;176225,00;175955,00;176130,00;85662069,00;2432
WINV26;07/08/2026;15:45:00;176210,00;176250,00;175855,00;175975,00;92466294,00;2626
WINV26;07/08/2026;15:30:00;176355,00;176400,00;176200,00;176205,00;58117359,00;1648
WINV26;07/08/2026;15:15:00;176270,00;176420,00;176200,00;176340,00;91257842,00;2588
WINV26;07/08/2026;15:00:00;176430,00;176430,00;176260,00;176285,00;53427436,00;1515
WINV26;07/08/2026;14:45:00;176400,00;176450,00;176350,00;176425,00;26634705,00;755
WINV26;07/08/2026;14:30:00;176425,00;176465,00;176240,00;176380,00;77886187,00;2208
WINV26;07/08/2026;14:15:00;176390,00;176435,00;176340,00;176425,00;16299033,00;462
WINV26;07/08/2026;14:00:00;176415,00;176495,00;176325,00;176410,00;79628818,00;2257
WINV26;07/08/2026;13:45:00;176330,00;176425,00;176300,00;176400,00;18095883,00;513
WINV26;07/08/2026;13:30:00;176475,00;176475,00;176190,00;176340,00;107674380,00;3053
WINV26;07/08/2026;13:15:00;176675,00;176770,00;176425,00;176475,00;97418692,00;2759
WINV26;07/08/2026;13:00:00;176580,00;176725,00;176550,00;176670,00;36673249,00;1038
WINV26;07/08/2026;12:45:00;176855,00;176910,00;176505,00;176575,00;40172196,00;1137
WINV26;07/08/2026;12:30:00;176885,00;176945,00;176735,00;176865,00;56546699,00;1599
WINV26;07/08/2026;12:15:00;176630,00;176940,00;176420,00;176885,00;92342543,00;2613
WINV26;07/08/2026;12:00:00;176835,00;176920,00;176305,00;176635,00;282026065,00;7989
WINV26;07/08/2026;11:45:00;177155,00;177190,00;176765,00;176830,00;62119827,00;1755
WINV26;07/08/2026;11:30:00;177410,00;177460,00;177120,00;177155,00;94319705,00;2660
WINV26;07/08/2026;11:15:00;177755,00;177850,00;177395,00;177425,00;139739850,00;3934
WINV26;07/08/2026;11:00:00;178460,00;178485,00;177650,00;177770,00;171060101,00;4807
WINV26;07/08/2026;10:45:00;178895,00;178975,00;178370,00;178450,00;190176765,00;5322
WINV26;07/08/2026;10:30:00;179525,00;179530,00;178775,00;178910,00;181620243,00;5072
WINV26;07/08/2026;10:15:00;179595,00;179940,00;179470,00;179520,00;106975228,00;2977
WINV26;07/08/2026;10:00:00;179820,00;179965,00;179450,00;179630,00;121194343,00;3372
WINV26;07/08/2026;09:45:00;179765,00;180065,00;179710,00;179800,00;59245333,00;1647
WINV26;07/08/2026;09:30:00;179115,00;179845,00;178945,00;179770,00;124887237,00;3477
WINV26;07/08/2026;09:15:00;179505,00;179505,00;179035,00;179085,00;142987374,00;3988
WINV26;07/08/2026;09:00:00;180070,00;180485,00;179460,00;179495,00;347490895,00;9661
WINV26;06/08/2026;18:15:00;179305,00;179455,00;179285,00;179450,00;11481436,00;320
WINV26;06/08/2026;18:00:00;179315,00;179365,00;179275,00;179315,00;5307789,00;148
WINV26;06/08/2026;17:45:00;179305,00;179375,00;179270,00;179340,00;11082151,00;309
WINV26;06/08/2026;17:30:00;179310,00;179345,00;179215,00;179315,00;52457471,00;1463
WINV26;06/08/2026;17:15:00;179435,00;179440,00;179250,00;179330,00;20301569,00;566
WINV26;06/08/2026;17:00:00;179595,00;179600,00;179400,00;179475,00;28972851,00;807
WINV26;06/08/2026;16:45:00;179530,00;179665,00;179450,00;179595,00;31672655,00;882
WINV26;06/08/2026;16:30:00;179725,00;179800,00;179505,00;179525,00;22241050,00;619
WINV26;06/08/2026;16:15:00;179940,00;179965,00;179685,00;179720,00;33627027,00;935
WINV26;06/08/2026;16:00:00;180005,00;180100,00;179900,00;179920,00;22641962,00;629
WINV26;06/08/2026;15:45:00;180135,00;180165,00;180000,00;180000,00;10481010,00;291
WINV26;06/08/2026;15:30:00;180080,00;180190,00;180015,00;180130,00;18117687,00;503
WINV26;06/08/2026;15:15:00;179970,00;180075,00;179915,00;180065,00;24874915,00;691
WINV26;06/08/2026;15:00:00;180155,00;180155,00;179935,00;179980,00;32947250,00;915
WINV26;06/08/2026;14:45:00;180060,00;180220,00;180055,00;180155,00;34731274,00;964
WINV26;06/08/2026;14:30:00;179910,00;180115,00;179875,00;180060,00;53636433,00;1490
WINV26;06/08/2026;14:15:00;179945,00;179975,00;179835,00;179900,00;49364616,00;1372
WINV26;06/08/2026;14:00:00;179950,00;179980,00;179825,00;179940,00;66960033,00;1861
WINV26;06/08/2026;13:45:00;180015,00;180030,00;179870,00;179955,00;42144185,00;1171
WINV26;06/08/2026;13:30:00;180010,00;180180,00;179980,00;180015,00;44913164,00;1247
WINV26;06/08/2026;13:15:00;180005,00;180070,00;179950,00;180025,00;32041582,00;890
WINV26;06/08/2026;13:00:00;180265,00;180335,00;179955,00;180000,00;61402812,00;1704
WINV26;06/08/2026;12:45:00;180350,00;180565,00;180210,00;180260,00;30514672,00;846
WINV26;06/08/2026;12:30:00;180710,00;180720,00;180295,00;180325,00;28039221,00;777
WINV26;06/08/2026;12:15:00;180700,00;180750,00;180535,00;180670,00;26806274,00;742
WINV26;06/08/2026;12:00:00;180870,00;181080,00;180650,00;180700,00;20183083,00;558
WINV26;06/08/2026;11:45:00;181090,00;181265,00;180835,00;180835,00;22855597,00;631
WINV26;06/08/2026;11:30:00;180610,00;181180,00;180530,00;181095,00;55899577,00;1545
WINV26;06/08/2026;11:15:00;180460,00;180640,00;180360,00;180605,00;30357852,00;841
WINV26;06/08/2026;11:00:00;180685,00;180800,00;180425,00;180475,00;44383511,00;1229
WINV26;06/08/2026;10:45:00;180685,00;180990,00;180500,00;180700,00;55226087,00;1528
WINV26;06/08/2026;10:30:00;181215,00;181235,00;180650,00;180685,00;123117461,00;3402
WINV26;06/08/2026;10:15:00;181000,00;181580,00;180890,00;181275,00;78851977,00;2175
WINV26;06/08/2026;10:00:00;180700,00;181120,00;180285,00;180865,00;108285557,00;2998
WINV26;06/08/2026;09:45:00;180535,00;180730,00;180455,00;180690,00;18385298,00;509
WINV26;06/08/2026;09:30:00;180545,00;180665,00;180195,00;180535,00;37873166,00;1049
WINV26;06/08/2026;09:15:00;180785,00;180835,00;180340,00;180580,00;118653164,00;3286
WINV26;06/08/2026;09:00:00;182170,00;182400,00;180560,00;180910,00;145954247,00;4026
WINV26;05/08/2026;18:15:00;181780,00;181945,00;181780,00;181945,00;32741517,00;900
WINV26;05/08/2026;18:00:00;181865,00;181880,00;181790,00;181790,00;12547372,00;345
WINV26;05/08/2026;17:45:00;181870,00;181900,00;181845,00;181875,00;4583279,00;126
WINV26;05/08/2026;17:30:00;181900,00;181940,00;181855,00;181870,00;3092334,00;85
WINV26;05/08/2026;17:15:00;182030,00;182030,00;181825,00;181880,00;5602261,00;154
WINV26;05/08/2026;17:00:00;181780,00;182055,00;181780,00;182030,00;30354170,00;834
WINV26;05/08/2026;16:45:00;181920,00;181950,00;181790,00;181790,00;12147687,00;334
WINV26;05/08/2026;16:30:00;182110,00;182110,00;181920,00;181930,00;20236819,00;556
WINV26;05/08/2026;16:15:00;182125,00;182240,00;182110,00;182110,00;7433062,00;204
WINV26;05/08/2026;16:00:00;182205,00;182235,00;182005,00;182130,00;16754912,00;460
WINV26;05/08/2026;15:45:00;182385,00;182445,00;182205,00;182220,00;8021580,00;220
WINV26;05/08/2026;15:30:00;182500,00;182500,00;182295,00;182310,00;7294871,00;200
WINV26;05/08/2026;15:15:00;182470,00;182560,00;182440,00;182540,00;5694460,00;156
WINV26;05/08/2026;15:00:00;182335,00;182520,00;182300,00;182470,00;5619019,00;154
WINV26;05/08/2026;14:45:00;182545,00;182575,00;182350,00;182350,00;8137722,00;223
WINV26;05/08/2026;14:30:00;182305,00;182585,00;182295,00;182530,00;19560606,00;536
WINV26;05/08/2026;14:15:00;182495,00;182500,00;182145,00;182315,00;32034762,00;879
WINV26;05/08/2026;14:00:00;182490,00;182585,00;182400,00;182440,00;14670396,00;402
WINV26;05/08/2026;13:45:00;182595,00;182650,00;182380,00;182480,00;9197994,00;252
WINV26;05/08/2026;13:30:00;182640,00;182685,00;182575,00;182580,00;12892781,00;353
WINV26;05/08/2026;13:15:00;182560,00;182735,00;182510,00;182670,00;3433572,00;94
WINV26;05/08/2026;13:00:00;182710,00;182780,00;182490,00;182570,00;15739469,00;431
WINV26;05/08/2026;12:45:00;182580,00;182770,00;182485,00;182735,00;31593414,00;865
WINV26;05/08/2026;12:30:00;182980,00;183020,00;182600,00;182600,00;34458195,00;943
WINV26;05/08/2026;12:15:00;183110,00;183145,00;182900,00;182945,00;7319508,00;200
WINV26;05/08/2026;12:00:00;182955,00;183250,00;182950,00;183125,00;6518445,00;178
WINV26;05/08/2026;11:45:00;183140,00;183340,00;182860,00;183020,00;7910034,00;216
WINV26;05/08/2026;11:30:00;182935,00;183340,00;182860,00;183070,00;34730070,00;948
WINV26;05/08/2026;11:15:00;184125,00;184125,00;182885,00;182910,00;63904140,00;1741
WINV26;05/08/2026;11:00:00;183525,00;184460,00;183310,00;184170,00;80998558,00;2201
WINV26;05/08/2026;10:45:00;183300,00;183700,00;183015,00;183545,00;26357965,00;719
WINV26;05/08/2026;10:30:00;183415,00;183750,00;183130,00;183315,00;34741531,00;947
WINV26;05/08/2026;10:15:00;183240,00;183885,00;183165,00;183425,00;36017383,00;981
WINV26;05/08/2026;10:00:00;183345,00;183365,00;182755,00;183265,00;81480874,00;2225
WINV26;05/08/2026;09:45:00;183230,00;183565,00;183230,00;183405,00;33821190,00;922
WINV26;05/08/2026;09:30:00;183250,00;183380,00;182970,00;183250,00;20225068,00;552
WINV26;05/08/2026;09:15:00;182855,00;183265,00;182795,00;183250,00;27234900,00;744
WINV26;05/08/2026;09:00:00;182530,00;183175,00;182455,00;182795,00;99422462,00;2720
WINV26;04/08/2026;18:15:00;182020,00;182095,00;181955,00;181955,00;12270422,00;337
WINV26;04/08/2026;18:00:00;182065,00;182075,00;182000,00;182015,00;2512065,00;69
WINV26;04/08/2026;17:45:00;181995,00;182080,00;181970,00;182075,00;3276520,00;90
WINV26;04/08/2026;17:30:00;182080,00;182080,00;181970,00;181990,00;26140697,00;718
WINV26;04/08/2026;17:15:00;182035,00;182080,00;181965,00;182055,00;19695937,00;541
WINV26;04/08/2026;17:00:00;181980,00;182235,00;181935,00;182065,00;72990150,00;2004
WINV26;04/08/2026;16:45:00;182080,00;182100,00;181935,00;181985,00;20205693,00;555
WINV26;04/08/2026;16:30:00;182180,00;182180,00;182025,00;182125,00;8448447,00;232
WINV26;04/08/2026;16:15:00;182050,00;182185,00;182025,00;182175,00;6337077,00;174
WINV26;04/08/2026;16:00:00;182175,00;182205,00;182030,00;182035,00;5827981,00;160
WINV26;04/08/2026;15:45:00;182100,00;182260,00;182010,00;182120,00;66881459,00;1836
WINV26;04/08/2026;15:30:00;181950,00;182150,00;181940,00;182035,00;123868808,00;3402
WINV26;04/08/2026;15:15:00;182050,00;182065,00;181775,00;181915,00;67863608,00;1865
WINV26;04/08/2026;15:00:00;182210,00;182210,00;181880,00;182035,00;206063004,00;5660
WINV26;04/08/2026;14:45:00;182630,00;182735,00;182170,00;182250,00;84139897,00;2307
WINV26;04/08/2026;14:30:00;182585,00;182725,00;182575,00;182665,00;16621748,00;455
WINV26;04/08/2026;14:15:00;182650,00;182710,00;182555,00;182610,00;9460769,00;259
WINV26;04/08/2026;14:00:00;182600,00;182735,00;182525,00;182670,00;16767960,00;459
WINV26;04/08/2026;13:45:00;182445,00;182705,00;182410,00;182625,00;35727424,00;979
WINV26;04/08/2026;13:30:00;182400,00;182465,00;182075,00;182465,00;122654736,00;3364
WINV26;04/08/2026;13:15:00;182540,00;182710,00;182400,00;182400,00;84401296,00;2311
WINV26;04/08/2026;13:00:00;182760,00;182790,00;182515,00;182545,00;33577454,00;919
WINV26;04/08/2026;12:45:00;182695,00;182840,00;182695,00;182750,00;19594232,00;536
WINV26;04/08/2026;12:30:00;182860,00;182890,00;182685,00;182700,00;54608235,00;1494
WINV26;04/08/2026;12:15:00;182900,00;182955,00;182660,00;182840,00;69894294,00;1912
WINV26;04/08/2026;12:00:00;183060,00;183275,00;182850,00;182915,00;47038915,00;1285
WINV26;04/08/2026;11:45:00;183060,00;183120,00;182955,00;183080,00;15449504,00;422
WINV26;04/08/2026;11:30:00;182770,00;183060,00;182770,00;183050,00;88015847,00;2406
WINV26;04/08/2026;11:15:00;182800,00;182855,00;182650,00;182750,00;43062686,00;1178
WINV26;04/08/2026;11:00:00;182740,00;182975,00;182575,00;182860,00;76591348,00;2095
WINV26;04/08/2026;10:45:00;183175,00;183230,00;182555,00;182720,00;73857210,00;2020
WINV26;04/08/2026;10:30:00;183650,00;183840,00;183095,00;183255,00;99343847,00;2708
WINV26;04/08/2026;10:15:00;184960,00;185040,00;183600,00;183600,00;75137768,00;2039
WINV26;04/08/2026;10:00:00;184400,00;185670,00;184250,00;184875,00;98036614,00;2648
WINV26;04/08/2026;09:45:00;184650,00;184810,00;184400,00;184425,00;13918345,00;377
WINV26;04/08/2026;09:30:00;184260,00;184650,00;184170,00;184560,00;13908478,00;377
WINV26;04/08/2026;09:15:00;184025,00;184390,00;183880,00;184285,00;24200628,00;657
WINV26;04/08/2026;09:00:00;183025,00;184100,00;182450,00;184000,00;62271944,00;1697
WINV26;03/08/2026;18:15:00;182425,00;182480,00;182315,00;182400,00;6348047,00;174
WINV26;03/08/2026;18:00:00;182280,00;182460,00;182260,00;182425,00;3100941,00;85
WINV26;03/08/2026;17:45:00;182490,00;182490,00;182250,00;182300,00;4741080,00;130
WINV26;03/08/2026;17:30:00;182355,00;182510,00;182355,00;182500,00;5654495,00;155
WINV26;03/08/2026;17:15:00;182320,00;182370,00;182295,00;182340,00;2333901,00;64
WINV26;03/08/2026;17:00:00;182225,00;182420,00;182205,00;182290,00;12432218,00;341
WINV26;03/08/2026;16:45:00;182220,00;182380,00;182180,00;182255,00;7583165,00;208
WINV26;03/08/2026;16:30:00;182200,00;182390,00;182165,00;182210,00;15787416,00;433
WINV26;03/08/2026;16:15:00;182110,00;182300,00;182110,00;182190,00;16580096,00;455
WINV26;03/08/2026;16:00:00;181810,00;182100,00;181810,00;182090,00;11137438,00;306
WINV26;03/08/2026;15:45:00;181855,00;181890,00;181805,00;181830,00;2654957,00;73
WINV26;03/08/2026;15:30:00;181950,00;181950,00;181790,00;181845,00;10910562,00;300
WINV26;03/08/2026;15:15:00;181955,00;182060,00;181930,00;181985,00;4877605,00;134
WINV26;03/08/2026;15:00:00;181770,00;181995,00;181770,00;181960,00;3747275,00;103
WINV26;03/08/2026;14:45:00;181885,00;181985,00;181770,00;181770,00;21469825,00;590
WINV26;03/08/2026;14:30:00;181840,00;181890,00;181710,00;181885,00;7926067,00;218
WINV26;03/08/2026;14:15:00;181910,00;181915,00;181700,00;181840,00;3454423,00;95
WINV26;03/08/2026;14:00:00;181580,00;181905,00;181550,00;181880,00;6869865,00;189
WINV26;03/08/2026;13:45:00;181575,00;181610,00;181485,00;181610,00;7551583,00;208
WINV26;03/08/2026;13:30:00;181595,00;181695,00;181580,00;181610,00;1198794,00;33
WINV26;03/08/2026;13:15:00;181575,00;181725,00;181560,00;181600,00;2688508,00;74
WINV26;03/08/2026;13:00:00;181625,00;181685,00;181540,00;181660,00;1343860,00;37
WINV26;03/08/2026;12:45:00;181605,00;181710,00;181605,00;181630,00;93823560,00;2582
WINV26;03/08/2026;12:30:00;181630,00;181665,00;181460,00;181580,00;1997153,00;55
WINV26;03/08/2026;12:15:00;181625,00;181780,00;181550,00;181630,00;6502390,00;179
WINV26;03/08/2026;12:00:00;181555,00;181655,00;181430,00;181610,00;2941536,00;81
WINV26;03/08/2026;11:45:00;181400,00;181680,00;181400,00;181615,00;2796416,00;77
WINV26;03/08/2026;11:30:00;181575,00;181885,00;181380,00;181435,00;19761881,00;544
WINV26;03/08/2026;11:15:00;181380,00;181555,00;181260,00;181550,00;9217146,00;254
WINV26;03/08/2026;11:00:00;181380,00;181445,00;181145,00;181425,00;30092634,00;830
WINV26;03/08/2026;10:45:00;181430,00;181760,00;181250,00;181430,00;36571659,00;1008
WINV26;03/08/2026;10:30:00;182000,00;182355,00;181370,00;181505,00;26389771,00;726
WINV26;03/08/2026;10:15:00;182515,00;182560,00;181945,00;182000,00;20882878,00;573
WINV26;03/08/2026;10:00:00;183195,00;183355,00;182580,00;182585,00;27573042,00;754
WINV26;03/08/2026;09:45:00;182845,00;183400,00;182830,00;183205,00;15088618,00;412
WINV26;03/08/2026;09:30:00;182620,00;183000,00;182590,00;182870,00;16962913,00;464
WINV26;03/08/2026;09:15:00;182400,00;182695,00;182370,00;182650,00;17340346,00;475
WINV26;03/08/2026;09:00:00;182810,00;183295,00;182130,00;182390,00;104335338,00;2858
WINV26;31/07/2026;18:15:00;182365,00;182415,00;182265,00;182415,00;15353428,00;421
WINV26;31/07/2026;18:00:00;182265,00;182455,00;182265,00;182345,00;6164056,00;169
WINV26;31/07/2026;17:45:00;182520,00;182565,00;182190,00;182275,00;6491290,00;178
WINV26;31/07/2026;17:30:00;182490,00;182490,00;182380,00;182460,00;2992290,00;82
WINV26;31/07/2026;17:15:00;182450,00;182595,00;182450,00;182510,00;18803142,00;515
WINV26;31/07/2026;17:00:00;182765,00;182800,00;182430,00;182455,00;6426325,00;176
WINV26;31/07/2026;16:45:00;182595,00;182770,00;182580,00;182700,00;11911877,00;326
WINV26;31/07/2026;16:30:00;182605,00;182610,00;182345,00;182610,00;9892851,00;271
WINV26;31/07/2026;16:15:00;182965,00;182965,00;182510,00;182510,00;9211170,00;252
WINV26;31/07/2026;16:00:00;183090,00;183200,00;182925,00;182950,00;11278485,00;308
WINV26;31/07/2026;15:45:00;183035,00;183160,00;182880,00;183085,00;19442639,00;531
WINV26;31/07/2026;15:30:00;182765,00;183095,00;182765,00;183075,00;11711181,00;320
WINV26;31/07/2026;15:15:00;182665,00;182940,00;182630,00;182830,00;8811241,00;241
WINV26;31/07/2026;15:00:00;182670,00;182825,00;182585,00;182720,00;14581002,00;399
WINV26;31/07/2026;14:45:00;182855,00;182930,00;182650,00;182740,00;33571422,00;918
WINV26;31/07/2026;14:30:00;182670,00;182880,00;182560,00;182815,00;21964389,00;601
WINV26;31/07/2026;14:15:00;182545,00;182675,00;182380,00;182650,00;15188199,00;416
WINV26;31/07/2026;14:00:00;182275,00;182545,00;182130,00;182545,00;14147033,00;388
WINV26;31/07/2026;13:45:00;182510,00;182510,00;182255,00;182345,00;11963831,00;328
WINV26;31/07/2026;13:30:00;182545,00;182800,00;182470,00;182510,00;12380975,00;339
WINV26;31/07/2026;13:15:00;182290,00;182500,00;181905,00;182445,00;10531008,00;289
WINV26;31/07/2026;13:00:00;182265,00;182385,00;182070,00;182150,00;10275210,00;282
WINV26;31/07/2026;12:45:00;182455,00;182790,00;182235,00;182320,00;35734127,00;979
WINV26;31/07/2026;12:30:00;181220,00;182500,00;180835,00;182485,00;27895671,00;767
WINV26;30/07/2026;18:15:00;181525,00;181595,00;181260,00;181260,00;17193433,00;474
WINV26;30/07/2026;18:00:00;181700,00;181750,00;181470,00;181560,00;6936703,00;191
WINV26;30/07/2026;17:45:00;181740,00;181800,00;181730,00;181730,00;14032865,00;386
WINV26;30/07/2026;17:30:00;181800,00;181840,00;181650,00;181725,00;14937000,00;411
WINV26;30/07/2026;17:15:00;181760,00;181870,00;181730,00;181810,00;5744969,00;158
WINV26;30/07/2026;17:00:00;181575,00;181830,00;181575,00;181730,00;16788879,00;462
WINV26;30/07/2026;16:45:00;181500,00;181640,00;181380,00;181575,00;37722164,00;1039
WINV26;30/07/2026;16:30:00;181325,00;181490,00;181290,00;181490,00;30988057,00;854
WINV26;30/07/2026;16:15:00;180985,00;181560,00;180945,00;181360,00;43326141,00;1195
WINV26;30/07/2026;16:00:00;180840,00;181055,00;180825,00;181000,00;21101548,00;583
WINV26;30/07/2026;15:45:00;180765,00;180900,00;180765,00;180825,00;50852059,00;1406
WINV26;30/07/2026;15:30:00;180505,00;180780,00;180505,00;180780,00;12861568,00;356
WINV26;30/07/2026;15:15:00;180465,00;180515,00;180370,00;180515,00;5269625,00;146
WINV26;30/07/2026;15:00:00;180425,00;180470,00;180375,00;180455,00;7866683,00;218
WINV26;30/07/2026;14:45:00;180495,00;180530,00;180405,00;180405,00;11297936,00;313
WINV26;30/07/2026;14:30:00;180475,00;180520,00;180360,00;180480,00;16743462,00;464
WINV26;30/07/2026;14:15:00;180620,00;180650,00;180390,00;180430,00;25765988,00;714
WINV26;30/07/2026;14:00:00;180545,00;180680,00;180525,00;180635,00;8812654,00;244
WINV26;30/07/2026;13:45:00;180300,00;180555,00;180230,00;180510,00;12849237,00;356
WINV26;30/07/2026;13:30:00;180305,00;180470,00;180280,00;180280,00;39430911,00;1093
WINV26;30/07/2026;13:15:00;180240,00;180310,00;180190,00;180290,00;20728701,00;575
WINV26;30/07/2026;13:00:00;180160,00;180290,00;180150,00;180255,00;32297300,00;896
WINV26;30/07/2026;12:45:00;180150,00;180200,00;180050,00;180160,00;2810345,00;78
WINV26;30/07/2026;12:30:00;179850,00;180150,00;179800,00;180140,00;11630580,00;323
WINV26;30/07/2026;12:15:00;179715,00;179965,00;179715,00;179905,00;6798093,00;189
WINV26;30/07/2026;12:00:00;179745,00;179785,00;179435,00;179685,00;8046780,00;224
WINV26;30/07/2026;11:45:00;179700,00;179850,00;179700,00;179785,00;4530294,00;126
WINV26;30/07/2026;11:30:00;179655,00;179900,00;179610,00;179700,00;22804684,00;634
WINV26;30/07/2026;11:15:00;179460,00;179740,00;179270,00;179650,00;18996972,00;529
WINV26;30/07/2026;11:00:00;179295,00;179650,00;179175,00;179435,00;15825227,00;441
WINV26;30/07/2026;10:45:00;178810,00;179320,00;178750,00;179305,00;14581185,00;407
WINV26;30/07/2026;10:30:00;179090,00;179350,00;178660,00;178945,00;14283755,00;399
WINV26;30/07/2026;10:15:00;179240,00;179550,00;179015,00;179115,00;25493129,00;711
WINV26;30/07/2026;10:00:00;178985,00;179400,00;178915,00;179250,00;15551456,00;434
WINV26;30/07/2026;09:45:00;178985,00;179025,00;178760,00;178905,00;4973369,00;139
WINV26;30/07/2026;09:30:00;179185,00;179440,00;178910,00;179000,00;11139805,00;311
WINV26;30/07/2026;09:15:00;179105,00;179345,00;178975,00;179165,00;12973533,00;362
WINV26;30/07/2026;09:00:00;178690,00;179330,00;178255,00;179090,00;131619438,00;3677
WINV26;29/07/2026;18:15:00;177820,00;177910,00;177780,00;177800,00;54813636,00;1541
WINV26;29/07/2026;18:00:00;177890,00;177950,00;177810,00;177820,00;54725265,00;1538
WINV26;29/07/2026;17:45:00;177990,00;178000,00;177875,00;177940,00;7472968,00;210
WINV26;29/07/2026;17:30:00;178025,00;178045,00;177915,00;177975,00;8081216,00;227
WINV26;29/07/2026;17:15:00;178100,00;178100,00;177950,00;178065,00;15773384,00;443
WINV26;29/07/2026;17:00:00;178455,00;178520,00;178105,00;178105,00;38001394,00;1066
WINV26;29/07/2026;16:45:00;178745,00;178795,00;178455,00;178505,00;36802748,00;1030
WINV26;29/07/2026;16:30:00;178855,00;179100,00;178620,00;178720,00;31823872,00;890
WINV26;29/07/2026;16:15:00;179550,00;179645,00;178800,00;178830,00;59839547,00;1671
WINV26;29/07/2026;16:00:00;179950,00;180170,00;179325,00;179435,00;40253145,00;1119
WINV26;29/07/2026;15:45:00;179470,00;179925,00;179435,00;179925,00;29544402,00;822
WINV26;29/07/2026;15:30:00;179050,00;179525,00;178750,00;179475,00;28131717,00;785
WINV26;29/07/2026;15:15:00;179405,00;179405,00;178850,00;179045,00;26173591,00;731
WINV26;29/07/2026;15:00:00;178970,00;179570,00;178970,00;179300,00;117277524,00;3270
WINV26;29/07/2026;14:45:00;178960,00;178995,00;178815,00;178950,00;7478776,00;209
WINV26;29/07/2026;14:30:00;179050,00;179050,00;178860,00;178960,00;39731323,00;1110
WINV26;29/07/2026;14:15:00;179140,00;179215,00;179050,00;179075,00;45249313,00;1263
WINV26;29/07/2026;14:00:00;179225,00;179225,00;179040,00;179140,00;88061447,00;2458
WINV26;29/07/2026;13:45:00;179285,00;179340,00;179175,00;179255,00;52270562,00;1458
WINV26;29/07/2026;13:30:00;179320,00;179320,00;179200,00;179245,00;13837526,00;386
WINV26;29/07/2026;13:15:00;179150,00;179330,00;179110,00;179315,00;18853260,00;526
WINV26;29/07/2026;13:00:00;179550,00;179575,00;179160,00;179160,00;35894463,00;1001
WINV26;29/07/2026;12:45:00;179575,00;179575,00;179450,00;179550,00;4774428,00;133
WINV26;29/07/2026;12:30:00;179580,00;179730,00;179440,00;179490,00;8008727,00;223
WINV26;29/07/2026;12:15:00;179645,00;179790,00;179560,00;179560,00;10851591,00;302
WINV26;29/07/2026;12:00:00;179560,00;179755,00;179500,00;179670,00;14554889,00;405
WINV26;29/07/2026;11:45:00;179500,00;179650,00;179410,00;179600,00;24557173,00;684
WINV26;29/07/2026;11:30:00;179810,00;179830,00;179350,00;179500,00;43007439,00;1197
WINV26;29/07/2026;11:15:00;179850,00;180000,00;179820,00;179975,00;5792387,00;161
WINV26;29/07/2026;11:00:00;179800,00;180130,00;179700,00;179790,00;33458662,00;930
WINV26;29/07/2026;10:45:00;180215,00;180250,00;179525,00;179695,00;22627469,00;629
WINV26;29/07/2026;10:30:00;180625,00;180950,00;180175,00;180175,00;27397271,00;759
WINV26;29/07/2026;10:15:00;180760,00;180900,00;180390,00;180510,00;13327772,00;369
WINV26;29/07/2026;10:00:00;181610,00;181635,00;180700,00;180755,00;48231069,00;1333
WINV26;29/07/2026;09:45:00;181395,00;181590,00;181355,00;181590,00;14735212,00;406
WINV26;29/07/2026;09:30:00;181330,00;181455,00;181130,00;181440,00;11459782,00;316
WINV26;29/07/2026;09:15:00;181325,00;181475,00;181030,00;181385,00;14899763,00;411
WINV26;29/07/2026;09:00:00;181640,00;182205,00;181095,00;181445,00;87250907,00;2403
WINV26;28/07/2026;18:15:00;181505,00;181570,00;181300,00;181300,00;13939562,00;384
WINV26;28/07/2026;18:00:00;181435,00;181550,00;181410,00;181470,00;31033737,00;855
WINV26;28/07/2026;17:45:00;181635,00;181635,00;181380,00;181385,00;7804003,00;215
WINV26;28/07/2026;17:30:00;181440,00;181640,00;181440,00;181640,00;7154045,00;197
WINV26;28/07/2026;17:15:00;181475,00;181480,00;181360,00;181480,00;4644357,00;128
WINV26;28/07/2026;17:00:00;181175,00;181505,00;181175,00;181485,00;30880585,00;851
WINV26;28/07/2026;16:45:00;181105,00;181230,00;181045,00;181175,00;13007788,00;359
WINV26;28/07/2026;16:30:00;181200,00;181240,00;181045,00;181080,00;11153772,00;308
WINV26;28/07/2026;16:15:00;181085,00;181335,00;181085,00;181190,00;10836362,00;299
WINV26;28/07/2026;16:00:00;181070,00;181235,00;181065,00;181150,00;25178247,00;695
WINV26;28/07/2026;15:45:00;181200,00;181225,00;181000,00;181075,00;28352264,00;783
WINV26;28/07/2026;15:30:00;181180,00;181315,00;181140,00;181140,00;8700378,00;240
WINV26;28/07/2026;15:15:00;181180,00;181325,00;181150,00;181160,00;42338868,00;1168
WINV26;28/07/2026;15:00:00;181470,00;181470,00;181080,00;181130,00;42599898,00;1175
WINV26;28/07/2026;14:45:00;181405,00;181485,00;181330,00;181470,00;5623385,00;155
WINV26;28/07/2026;14:30:00;181615,00;181700,00;181355,00;181355,00;22825251,00;629
WINV26;28/07/2026;14:15:00;181700,00;181815,00;181595,00;181595,00;2944204,00;81
WINV26;28/07/2026;14:00:00;181750,00;181840,00;181730,00;181810,00;1854210,00;51
WINV26;28/07/2026;13:45:00;181710,00;181720,00;181595,00;181695,00;2361769,00;65
WINV26;28/07/2026;13:30:00;181715,00;181890,00;181695,00;181760,00;3163560,00;87
WINV26;28/07/2026;13:15:00;181885,00;181905,00;181655,00;181720,00;4980765,00;137
WINV26;28/07/2026;13:00:00;181925,00;182045,00;181625,00;181875,00;10655634,00;293
WINV26;28/07/2026;12:45:00;181675,00;181955,00;181645,00;181955,00;12326296,00;339
WINV26;28/07/2026;12:30:00;181525,00;181670,00;181525,00;181625,00;8825475,00;243
WINV26;28/07/2026;12:15:00;181680,00;181710,00;181350,00;181500,00;14552661,00;401
WINV26;28/07/2026;12:00:00;181725,00;181850,00;181565,00;181655,00;13556733,00;373
WINV26;28/07/2026;11:45:00;181955,00;182095,00;181750,00;181750,00;14268450,00;392
WINV26;28/07/2026;11:30:00;182010,00;182030,00;181810,00;182000,00;10479059,00;288
WINV26;28/07/2026;11:15:00;182160,00;182290,00;181585,00;182010,00;19785982,00;544
WINV26;28/07/2026;11:00:00;181485,00;182335,00;181430,00;182165,00;80877289,00;2223
WINV26;28/07/2026;10:45:00;181515,00;181570,00;181225,00;181440,00;21471010,00;592
WINV26;28/07/2026;10:30:00;181700,00;182160,00;181310,00;181515,00;75902026,00;2088
WINV26;28/07/2026;10:15:00;182445,00;182585,00;181675,00;181715,00;46196553,00;1269
WINV26;28/07/2026;10:00:00;182835,00;183355,00;182380,00;182445,00;45723910,00;1250
WINV26;28/07/2026;09:45:00;182365,00;183015,00;182365,00;182875,00;17657069,00;483
WINV26;28/07/2026;09:30:00;183000,00;183100,00;182350,00;182385,00;36510682,00;999
WINV26;28/07/2026;09:15:00;182555,00;183240,00;182320,00;183025,00;80293729,00;2198
WINV26;28/07/2026;09:00:00;180860,00;182605,00;180810,00;182500,00;126619053,00;3480
WINV26;27/07/2026;18:15:00;180490,00;180565,00;180390,00;180390,00;5630196,00;156
WINV26;27/07/2026;18:00:00;180560,00;180560,00;180425,00;180465,00;51508407,00;1427
WINV26;27/07/2026;17:45:00;180530,00;180570,00;180465,00;180500,00;2310402,00;64
WINV26;27/07/2026;17:30:00;180390,00;180580,00;180390,00;180545,00;3574035,00;99
WINV26;27/07/2026;17:15:00;180400,00;180440,00;180380,00;180400,00;1407169,00;39
WINV26;27/07/2026;17:00:00;180290,00;180405,00;180130,00;180380,00;6236798,00;173
WINV26;27/07/2026;16:45:00;180255,00;180355,00;180180,00;180280,00;114910609,00;3188
WINV26;27/07/2026;16:30:00;180045,00;180320,00;180035,00;180295,00;11493125,00;319
WINV26;27/07/2026;16:15:00;179890,00;180060,00;179885,00;179985,00;87675106,00;2435
WINV26;27/07/2026;16:00:00;179870,00;179955,00;179750,00;179890,00;5324241,00;148
WINV26;27/07/2026;15:45:00;179555,00;179875,00;179555,00;179820,00;8879991,00;247
WINV26;27/07/2026;15:30:00;179620,00;179640,00;179465,00;179570,00;9375300,00;261
WINV26;27/07/2026;15:15:00;179565,00;179675,00;179500,00;179675,00;2873814,00;80
WINV26;27/07/2026;15:00:00;179765,00;179765,00;179570,00;179660,00;2515540,00;70
WINV26;27/07/2026;14:45:00;179650,00;179785,00;179555,00;179730,00;2910914,00;81
WINV26;27/07/2026;14:30:00;179600,00;179720,00;179600,00;179720,00;1006234,00;28
WINV26;27/07/2026;14:15:00;179555,00;179655,00;179450,00;179655,00;3627253,00;101
WINV26;27/07/2026;14:00:00;179555,00;179560,00;179360,00;179560,00;4056339,00;113
WINV26;27/07/2026;13:45:00;179795,00;179820,00;179500,00;179540,00;2622822,00;73
WINV26;27/07/2026;13:30:00;179660,00;179840,00;179660,00;179740,00;1905392,00;53
WINV26;27/07/2026;13:15:00;179540,00;179800,00;179515,00;179645,00;13550006,00;377
WINV26;27/07/2026;13:00:00;179635,00;179695,00;179635,00;179650,00;1293569,00;36
WINV26;27/07/2026;12:45:00;179480,00;179675,00;179470,00;179570,00;3231915,00;90
WINV26;27/07/2026;12:30:00;179600,00;179600,00;179310,00;179465,00;16474155,00;459
WINV26;27/07/2026;12:15:00;179695,00;179755,00;179585,00;179710,00;3486340,00;97
WINV26;27/07/2026;12:00:00;179985,00;180090,00;179560,00;179680,00;29933581,00;832
WINV26;27/07/2026;11:45:00;179460,00;179980,00;179415,00;179950,00;107413882,00;2989
WINV26;27/07/2026;11:30:00;179050,00;179500,00;179035,00;179365,00;79457411,00;2214
WINV26;27/07/2026;11:15:00;179190,00;179330,00;179040,00;179150,00;66066505,00;1844
WINV26;27/07/2026;11:00:00;179220,00;179345,00;178780,00;179115,00;410283562,00;11455
WINV26;27/07/2026;10:45:00;179520,00;179595,00;179000,00;179280,00;9288146,00;259
WINV26;27/07/2026;10:30:00;179330,00;179650,00;179145,00;179475,00;12989962,00;362
WINV26;27/07/2026;10:15:00;179165,00;179365,00;179010,00;179315,00;9568542,00;267
WINV26;27/07/2026;10:00:00;179595,00;179605,00;178880,00;179090,00;15123455,00;422
WINV26;27/07/2026;09:45:00;179330,00;179660,00;179325,00;179530,00;16375351,00;456
WINV26;27/07/2026;09:30:00;179435,00;179435,00;179250,00;179320,00;4196538,00;117
WINV26;27/07/2026;09:15:00;179440,00;179570,00;179400,00;179440,00;7682107,00;214
WINV26;27/07/2026;09:00:00;179215,00;179820,00;178875,00;179445,00;100953338,00;2812
WINV26;24/07/2026;18:15:00;178500,00;178590,00;178425,00;178425,00;13032030,00;365
WINV26;24/07/2026;18:00:00;178625,00;178625,00;178500,00;178550,00;7605436,00;213
WINV26;24/07/2026;17:45:00;178650,00;178660,00;178570,00;178610,00;20682165,00;579
WINV26;24/07/2026;17:30:00;178630,00;178670,00;178580,00;178630,00;58227928,00;1630
WINV26;24/07/2026;17:15:00;178680,00;178725,00;178650,00;178655,00;1751042,00;49
WINV26;24/07/2026;17:00:00;178750,00;178825,00;178635,00;178635,00;9867961,00;276
WINV26;24/07/2026;16:45:00;178985,00;178990,00;178685,00;178770,00;36583062,00;1023
WINV26;24/07/2026;16:30:00;179005,00;179040,00;178970,00;178995,00;5441852,00;152
WINV26;24/07/2026;16:15:00;179070,00;179090,00;178965,00;179000,00;37312947,00;1042
WINV26;24/07/2026;16:00:00;179135,00;179160,00;179030,00;179030,00;5552112,00;155
WINV26;24/07/2026;15:45:00;179060,00;179155,00;179060,00;179115,00;10351841,00;289
WINV26;24/07/2026;15:30:00;178985,00;179120,00;178985,00;179040,00;10672930,00;298
WINV26;24/07/2026;15:15:00;179115,00;179120,00;178980,00;179000,00;10169042,00;284
WINV26;24/07/2026;15:00:00;179060,00;179140,00;179050,00;179110,00;6734209,00;188
WINV26;24/07/2026;14:45:00;179170,00;179190,00;178980,00;179050,00;13536883,00;378
WINV26;24/07/2026;14:30:00;179220,00;179220,00;179080,00;179125,00;6843166,00;191
WINV26;24/07/2026;14:15:00;179135,00;179210,00;179100,00;179200,00;1863441,00;52
WINV26;24/07/2026;14:00:00;179125,00;179200,00;179080,00;179095,00;4728724,00;132
WINV26;24/07/2026;13:45:00;179230,00;179265,00;179030,00;179190,00;12112053,00;338
WINV26;24/07/2026;13:30:00;179625,00;179625,00;179240,00;179240,00;21059708,00;587
WINV26;24/07/2026;13:15:00;179710,00;179740,00;179525,00;179625,00;18534737,00;516
WINV26;24/07/2026;13:00:00;179800,00;179815,00;179655,00;179710,00;4277879,00;119
WINV26;24/07/2026;12:45:00;179755,00;179805,00;179670,00;179785,00;4206496,00;117
WINV26;24/07/2026;12:30:00;179865,00;179895,00;179695,00;179775,00;11327659,00;315
WINV26;24/07/2026;12:15:00;179975,00;180170,00;179815,00;179885,00;18545546,00;515
WINV26;24/07/2026;12:00:00;180150,00;180165,00;179600,00;180005,00;52460988,00;1459
WINV26;24/07/2026;11:45:00;179945,00;180190,00;179845,00;180160,00;10800734,00;300
WINV26;24/07/2026;11:30:00;180300,00;180300,00;179870,00;179875,00;5291586,00;147
WINV26;24/07/2026;11:15:00;180035,00;180350,00;179885,00;180265,00;9548433,00;265
WINV26;24/07/2026;11:00:00;179925,00;180250,00;179905,00;180010,00;14660953,00;407
WINV26;24/07/2026;10:45:00;179645,00;180015,00;179645,00;179850,00;17337286,00;482
WINV26;24/07/2026;10:30:00;179895,00;180160,00;179475,00;179705,00;33218570,00;924
WINV26;24/07/2026;10:15:00;180090,00;180135,00;179735,00;179960,00;13061701,00;363
WINV26;24/07/2026;10:00:00;180070,00;180220,00;179780,00;180130,00;17748080,00;493
WINV26;24/07/2026;09:45:00;180145,00;180250,00;179930,00;180060,00;12068233,00;335
WINV26;24/07/2026;09:30:00;180180,00;180475,00;180010,00;180130,00;17515231,00;486
WINV26;24/07/2026;09:15:00;180320,00;180550,00;180125,00;180210,00;30683884,00;851
WINV26;24/07/2026;09:00:00;181510,00;181870,00;180200,00;180325,00;185316294,00;5127
WINV26;23/07/2026;18:15:00;181635,00;181750,00;181560,00;181750,00;63128209,00;1738
WINV26;23/07/2026;18:00:00;181600,00;181680,00;181560,00;181630,00;5521383,00;152
WINV26;23/07/2026;17:45:00;181565,00;181615,00;181525,00;181595,00;2142494,00;59
WINV26;23/07/2026;17:30:00;181550,00;181580,00;181500,00;181580,00;508356,00;14
WINV26;23/07/2026;17:15:00;181485,00;181545,00;181480,00;181545,00;2141826,00;59
WINV26;23/07/2026;17:00:00;181530,00;181665,00;181510,00;181510,00;62431079,00;1719
WINV26;23/07/2026;16:45:00;181500,00;181555,00;181440,00;181555,00;3157870,00;87
WINV26;23/07/2026;16:30:00;181650,00;181825,00;181445,00;181485,00;5847510,00;161
WINV26;23/07/2026;16:15:00;181730,00;181760,00;181420,00;181565,00;31394119,00;865
WINV26;23/07/2026;16:00:00;181725,00;181865,00;181720,00;181740,00;23203327,00;638
WINV26;23/07/2026;15:45:00;181655,00;181740,00;181625,00;181700,00;7339825,00;202
WINV26;23/07/2026;15:30:00;181515,00;181760,00;181515,00;181620,00;39783842,00;1095
WINV26;23/07/2026;15:15:00;181330,00;181565,00;181330,00;181525,00;2975779,00;82
WINV26;23/07/2026;15:00:00;181440,00;181475,00;181345,00;181400,00;1197191,00;33
WINV26;23/07/2026;14:45:00;181390,00;181520,00;181280,00;181330,00;5332102,00;147
WINV26;23/07/2026;14:30:00;181345,00;181440,00;181205,00;181340,00;15263603,00;421
WINV26;23/07/2026;14:15:00;181370,00;181485,00;181320,00;181395,00;3446932,00;95
WINV26;23/07/2026;14:00:00;181580,00;181675,00;181250,00;181400,00;4718098,00;130
WINV26;23/07/2026;13:45:00;181510,00;181555,00;181510,00;181545,00;435719,00;12
WINV26;23/07/2026;13:30:00;181545,00;181545,00;181430,00;181450,00;653238,00;18
WINV26;23/07/2026;13:15:00;181595,00;181690,00;181505,00;181630,00;6792929,00;187
WINV26;23/07/2026;13:00:00;181515,00;181565,00;181480,00;181495,00;617211,00;17
WINV26;23/07/2026;12:45:00;181410,00;181565,00;181390,00;181515,00;12997301,00;358
WINV26;23/07/2026;12:30:00;181335,00;181705,00;181310,00;181500,00;139676404,00;3846
WINV26;23/07/2026;12:15:00;182090,00;182195,00;181350,00;181350,00;182610928,00;5023
WINV26;23/07/2026;12:00:00;182305,00;182395,00;181910,00;182090,00;14427451,00;396
WINV26;23/07/2026;11:45:00;182315,00;182440,00;182000,00;182325,00;25511624,00;700
WINV26;23/07/2026;11:30:00;182500,00;182580,00;182265,00;182440,00;12880278,00;353
WINV26;23/07/2026;11:15:00;182250,00;182495,00;181985,00;182495,00;17971153,00;493
WINV26;23/07/2026;11:00:00;182010,00;182350,00;181760,00;182235,00;139907968,00;3840
WINV26;23/07/2026;10:45:00;182200,00;182880,00;182000,00;182000,00;96097292,00;2631
WINV26;23/07/2026;10:30:00;181975,00;182370,00;181790,00;182200,00;14463781,00;397
WINV26;23/07/2026;10:15:00;181505,00;181965,00;181190,00;181900,00;16909460,00;466
WINV26;23/07/2026;10:00:00;182080,00;182225,00;181375,00;181515,00;38968389,00;1072
WINV26;23/07/2026;09:45:00;181985,00;182195,00;181985,00;182010,00;12925446,00;355
WINV26;23/07/2026;09:30:00;182200,00;182440,00;181910,00;181960,00;30510897,00;837
WINV26;23/07/2026;09:15:00;182235,00;182235,00;181870,00;182150,00;16126510,00;443
WINV26;23/07/2026;09:00:00;182190,00;182515,00;181545,00;182205,00;176400980,00;4847
WINV26;22/07/2026;18:15:00;182765,00;182850,00;182605,00;182605,00;13629618,00;373
WINV26;22/07/2026;18:00:00;182745,00;182900,00;182745,00;182765,00;58794087,00;1608
WINV26;22/07/2026;17:45:00;182790,00;182815,00;182715,00;182810,00;10234024,00;280
WINV26;22/07/2026;17:30:00;182865,00;182925,00;182770,00;182775,00;7900186,00;216
WINV26;22/07/2026;17:15:00;182805,00;182950,00;182745,00;182865,00;16563985,00;453
WINV26;22/07/2026;17:00:00;182705,00;182840,00;182640,00;182805,00;10634705,00;291
WINV26;22/07/2026;16:45:00;182535,00;182740,00;182535,00;182705,00;7380000,00;202
WINV26;22/07/2026;16:30:00;182585,00;182590,00;182445,00;182520,00;13619240,00;373
WINV26;22/07/2026;16:15:00;182520,00;182635,00;182465,00;182585,00;3869811,00;106
WINV26;22/07/2026;16:00:00;182705,00;182710,00;182500,00;182560,00;4528045,00;124
WINV26;22/07/2026;15:45:00;182485,00;182735,00;182485,00;182705,00;10482391,00;287
WINV26;22/07/2026;15:30:00;182410,00;182565,00;182345,00;182540,00;3941718,00;108
WINV26;22/07/2026;15:15:00;182390,00;182510,00;182340,00;182460,00;15798834,00;433
WINV26;22/07/2026;15:00:00;182440,00;182585,00;182310,00;182405,00;21457334,00;588
WINV26;22/07/2026;14:45:00;182175,00;182510,00;182175,00;182410,00;13494808,00;370
WINV26;22/07/2026;14:30:00;181980,00;182255,00;181980,00;182210,00;19637824,00;539
WINV26;22/07/2026;14:15:00;181840,00;182045,00;181840,00;182030,00;20234107,00;556
WINV26;22/07/2026;14:00:00;181550,00;181910,00;181550,00;181840,00;22903874,00;630
WINV26;22/07/2026;13:45:00;181510,00;181605,00;181400,00;181540,00;3267609,00;90
WINV26;22/07/2026;13:30:00;181295,00;181550,00;181295,00;181550,00;5915103,00;163
WINV26;22/07/2026;13:15:00;181260,00;181295,00;181160,00;181270,00;3697709,00;102
WINV26;22/07/2026;13:00:00;181250,00;181385,00;181200,00;181235,00;9572620,00;264
WINV26;22/07/2026;12:45:00;181210,00;181240,00;181080,00;181175,00;1992567,00;55
WINV26;22/07/2026;12:30:00;180705,00;181285,00;180705,00;181200,00;19016326,00;525
WINV26;22/07/2026;12:15:00;180680,00;180860,00;180530,00;180770,00;6470877,00;179
WINV26;22/07/2026;12:00:00;180505,00;180820,00;180455,00;180690,00;4804937,00;133
WINV26;22/07/2026;11:45:00;180600,00;180615,00;180315,00;180580,00;8047618,00;223
WINV26;22/07/2026;11:30:00;180840,00;180840,00;180500,00;180660,00;18933473,00;524
WINV26;22/07/2026;11:15:00;180980,00;181285,00;180840,00;180855,00;9849552,00;272
WINV26;22/07/2026;11:00:00;181570,00;181660,00;180860,00;180950,00;68050458,00;1878
WINV26;22/07/2026;10:45:00;181405,00;181990,00;181405,00;181610,00;85174452,00;2343
WINV26;22/07/2026;10:30:00;179990,00;181645,00;179990,00;181385,00;158545336,00;4379
WINV26;22/07/2026;10:15:00;179700,00;179990,00;179455,00;179955,00;25314296,00;704
WINV26;22/07/2026;10:00:00;179480,00;179710,00;179300,00;179650,00;44631719,00;1243
WINV26;22/07/2026;09:45:00;179115,00;179480,00;178910,00;179385,00;12646484,00;353
WINV26;22/07/2026;09:30:00;178950,00;179420,00;178860,00;179150,00;11074988,00;309
WINV26;22/07/2026;09:15:00;179205,00;179270,00;178935,00;179070,00;22170009,00;619
WINV26;22/07/2026;09:00:00;178000,00;179310,00;177965,00;179300,00;90066147,00;2521
WINV26;21/07/2026;18:15:00;178390,00;178450,00;178310,00;178450,00;71164701,00;1995
WINV26;21/07/2026;18:00:00;178350,00;178410,00;178350,00;178400,00;2640181,00;74
WINV26;21/07/2026;17:45:00;178210,00;178345,00;178210,00;178345,00;2852618,00;80
WINV26;21/07/2026;17:30:00;178220,00;178275,00;178210,00;178245,00;12012172,00;337
WINV26;21/07/2026;17:15:00;178320,00;178320,00;178205,00;178220,00;2388191,00;67
WINV26;21/07/2026;17:00:00;178380,00;178380,00;178250,00;178275,00;1533510,00;43
WINV26;21/07/2026;16:45:00;178455,00;178490,00;178320,00;178425,00;6281180,00;176
WINV26;21/07/2026;16:30:00;178350,00;178480,00;178350,00;178450,00;1748578,00;49
WINV26;21/07/2026;16:15:00;178415,00;178490,00;178390,00;178460,00;3890253,00;109
WINV26;21/07/2026;16:00:00;178485,00;178555,00;178440,00;178465,00;4855457,00;136
WINV26;21/07/2026;15:45:00;178455,00;178490,00;178400,00;178400,00;1142048,00;32
WINV26;21/07/2026;15:30:00;178420,00;178455,00;178370,00;178455,00;1677171,00;47
WINV26;21/07/2026;15:15:00;178325,00;178420,00;178325,00;178375,00;1641139,00;46
WINV26;21/07/2026;15:00:00;178385,00;178405,00;178245,00;178345,00;4744254,00;133
WINV26;21/07/2026;14:45:00;178175,00;178400,00;178005,00;178390,00;6558670,00;184
WINV26;21/07/2026;14:30:00;178060,00;178325,00;178060,00;178175,00;16253663,00;456
WINV26;21/07/2026;14:15:00;178045,00;178045,00;177970,00;178025,00;1388454,00;39
WINV26;21/07/2026;14:00:00;178075,00;178170,00;178035,00;178075,00;1567322,00;44
WINV26;21/07/2026;13:45:00;177915,00;178125,00;177915,00;178045,00;4166926,00;117
WINV26;21/07/2026;13:30:00;177930,00;177995,00;177880,00;177955,00;1708408,00;48
WINV26;21/07/2026;13:15:00;177765,00;177990,00;177765,00;177930,00;23120320,00;650
WINV26;21/07/2026;13:00:00;177700,00;177820,00;177700,00;177750,00;1884097,00;53
WINV26;21/07/2026;12:45:00;177760,00;177800,00;177665,00;177665,00;5367802,00;151
WINV26;21/07/2026;12:30:00;177675,00;177860,00;177675,00;177805,00;35773775,00;1006
WINV26;21/07/2026;12:15:00;177400,00;177730,00;177395,00;177685,00;21354355,00;601
WINV26;21/07/2026;12:00:00;177315,00;177445,00;177230,00;177400,00;24179241,00;682
WINV26;21/07/2026;11:45:00;177600,00;177605,00;177250,00;177315,00;12029712,00;339
WINV26;21/07/2026;11:30:00;177845,00;178000,00;177460,00;177600,00;208219527,00;5862
WINV26;21/07/2026;11:15:00;178170,00;178330,00;177750,00;177810,00;14000083,00;393
WINV26;21/07/2026;11:00:00;177690,00;178250,00;177690,00;178250,00;11717391,00;329
WINV26;21/07/2026;10:45:00;177780,00;178245,00;177745,00;177815,00;19547128,00;549
WINV26;21/07/2026;10:30:00;178385,00;178825,00;177620,00;177780,00;283978399,00;7971
WINV26;21/07/2026;10:15:00;178560,00;178700,00;178110,00;178345,00;147951498,00;4149
WINV26;21/07/2026;10:00:00;178475,00;178570,00;178270,00;178520,00;6317366,00;177
WINV26;21/07/2026;09:45:00;178565,00;178600,00;178320,00;178420,00;2890747,00;81
WINV26;21/07/2026;09:30:00;178340,00;178755,00;178320,00;178495,00;20599888,00;577
WINV26;21/07/2026;09:15:00;178795,00;178795,00;178190,00;178390,00;67048726,00;1880
WINV26;21/07/2026;09:00:00;178990,00;179090,00;178315,00;178805,00;122162563,00;3418
WINV26;20/07/2026;18:15:00;178455,00;178480,00;178330,00;178330,00;6349793,00;178
WINV26;20/07/2026;18:00:00;178410,00;178420,00;178285,00;178405,00;51933366,00;1456
WINV26;20/07/2026;17:45:00;178450,00;178500,00;178445,00;178445,00;4390609,00;123
WINV26;20/07/2026;17:30:00;178465,00;178500,00;178400,00;178450,00;1855609,00;52
WINV26;20/07/2026;17:15:00;178435,00;178520,00;178385,00;178400,00;2212891,00;62
WINV26;20/07/2026;17:00:00;178775,00;178775,00;178390,00;178430,00;6176002,00;173
WINV26;20/07/2026;16:45:00;178910,00;178955,00;178760,00;178770,00;5402317,00;151
WINV26;20/07/2026;16:30:00;178865,00;178955,00;178865,00;178930,00;1216602,00;34
WINV26;20/07/2026;16:15:00;178735,00;178865,00;178660,00;178865,00;3539770,00;99
WINV26;20/07/2026;16:00:00;178865,00;178955,00;178755,00;178780,00;2110443,00;59
WINV26;20/07/2026;15:45:00;178785,00;178825,00;178695,00;178805,00;1358806,00;38
WINV26;20/07/2026;15:30:00;178915,00;179040,00;178810,00;178840,00;2684106,00;75
WINV26;20/07/2026;15:15:00;178990,00;178990,00;178855,00;178915,00;2648127,00;74
WINV26;20/07/2026;15:00:00;178935,00;179090,00;178935,00;178995,00;2577656,00;72
WINV26;20/07/2026;14:45:00;178790,00;178900,00;178790,00;178900,00;2110373,00;59
WINV26;20/07/2026;14:30:00;178750,00;178790,00;178590,00;178690,00;2859302,00;80
WINV26;20/07/2026;14:15:00;178710,00;178770,00;178680,00;178730,00;321681,00;9
WINV26;20/07/2026;14:00:00;178730,00;178805,00;178670,00;178700,00;3611132,00;101
WINV26;20/07/2026;13:45:00;179025,00;179045,00;178660,00;178660,00;2182087,00;61
WINV26;20/07/2026;13:30:00;179190,00;179205,00;178825,00;178900,00;13029327,00;364
WINV26;20/07/2026;13:15:00;179350,00;179410,00;179135,00;179135,00;2043880,00;57
WINV26;20/07/2026;13:00:00;179185,00;179450,00;179185,00;179365,00;3910082,00;109
WINV26;20/07/2026;12:45:00;179215,00;179330,00;179055,00;179225,00;8175385,00;228
WINV26;20/07/2026;12:30:00;179080,00;179205,00;179035,00;179190,00;2866232,00;80
WINV26;20/07/2026;12:15:00;179010,00;179050,00;178890,00;179050,00;2577267,00;72
WINV26;20/07/2026;12:00:00;179200,00;179325,00;179055,00;179100,00;3009804,00;84
WINV26;20/07/2026;11:45:00;179280,00;179520,00;179190,00;179235,00;6419764,00;179
WINV26;20/07/2026;11:30:00;179000,00;179250,00;179000,00;179200,00;2078448,00;58
WINV26;20/07/2026;11:15:00;178790,00;179000,00;178790,00;179000,00;715627,00;20
WINV26;20/07/2026;11:00:00;178990,00;179155,00;178710,00;178715,00;3974104,00;111
WINV26;20/07/2026;10:45:00;178335,00;178950,00;178300,00;178950,00;16786992,00;470
WINV26;20/07/2026;10:30:00;178845,00;179110,00;178305,00;178360,00;16154315,00;452
WINV26;20/07/2026;10:15:00;179170,00;179210,00;178870,00;178915,00;4331256,00;121
WINV26;20/07/2026;10:00:00;178970,00;179680,00;178970,00;179160,00;28159965,00;785
WINV26;20/07/2026;09:45:00;178845,00;179120,00;178760,00;178980,00;4832081,00;135
WINV26;20/07/2026;09:30:00;178955,00;179070,00;178805,00;178880,00;6728671,00;188
WINV26;20/07/2026;09:15:00;178870,00;178950,00;178530,00;178920,00;11835055,00;331
WINV26;20/07/2026;09:00:00;179300,00;179670,00;178500,00;178910,00;117797298,00;3292
WINV26;17/07/2026;18:15:00;178795,00;178850,00;178700,00;178775,00;7758197,00;217
WINV26;17/07/2026;18:00:00;178645,00;178760,00;178645,00;178705,00;44561914,00;1247
WINV26;17/07/2026;17:45:00;178700,00;178830,00;178620,00;178690,00;8542876,00;239
WINV26;17/07/2026;17:30:00;178900,00;178920,00;178675,00;178675,00;6793939,00;190
WINV26;17/07/2026;17:15:00;178930,00;178985,00;178895,00;178950,00;1288428,00;36
WINV26;17/07/2026;17:00:00;178960,00;179030,00;178905,00;178905,00;2970620,00;83
WINV26;17/07/2026;16:45:00;178940,00;179085,00;178860,00;179005,00;21302116,00;595
WINV26;17/07/2026;16:30:00;178795,00;178945,00;178700,00;178940,00;41408061,00;1158
WINV26;17/07/2026;16:15:00;178600,00;178790,00;178495,00;178790,00;15145257,00;424
WINV26;17/07/2026;16:00:00;178655,00;178700,00;178580,00;178600,00;23289834,00;652
WINV26;17/07/2026;15:45:00;178660,00;178700,00;178600,00;178665,00;24401457,00;683
WINV26;17/07/2026;15:30:00;178680,00;178710,00;178565,00;178640,00;5144183,00;144
WINV26;17/07/2026;15:15:00;178615,00;178745,00;178615,00;178675,00;2394330,00;67
WINV26;17/07/2026;15:00:00;178775,00;178775,00;178605,00;178640,00;7540361,00;211
WINV26;17/07/2026;14:45:00;179005,00;179095,00;178775,00;178775,00;21687421,00;606
WINV26;17/07/2026;14:30:00;179190,00;179270,00;178945,00;178960,00;7595564,00;212
WINV26;17/07/2026;14:15:00;179100,00;179195,00;179100,00;179170,00;2221402,00;62
WINV26;17/07/2026;14:00:00;179170,00;179270,00;179110,00;179110,00;4228745,00;118
WINV26;17/07/2026;13:45:00;179260,00;179280,00;179065,00;179115,00;3798414,00;106
WINV26;17/07/2026;13:30:00;179250,00;179250,00;179030,00;179175,00;5695707,00;159
WINV26;17/07/2026;13:15:00;179455,00;179460,00;179160,00;179235,00;25358430,00;707
WINV26;17/07/2026;13:00:00;179680,00;179745,00;179490,00;179490,00;8262650,00;230
WINV26;17/07/2026;12:45:00;179570,00;179795,00;179455,00;179670,00;7762421,00;216
WINV26;17/07/2026;12:30:00;179650,00;179750,00;179510,00;179520,00;6000065,00;167
WINV26;17/07/2026;12:15:00;179500,00;179700,00;179485,00;179700,00;10487537,00;292
WINV26;17/07/2026;12:00:00;179455,00;179535,00;179240,00;179410,00;7931498,00;221
WINV26;17/07/2026;11:45:00;179130,00;179495,00;179130,00;179430,00;6601369,00;184
WINV26;17/07/2026;11:30:00;179070,00;179300,00;179070,00;179195,00;2258173,00;63
WINV26;17/07/2026;11:15:00;179070,00;179275,00;179010,00;179140,00;6699233,00;187
WINV26;17/07/2026;11:00:00;179400,00;179400,00;178830,00;178935,00;8309987,00;232
WINV26;17/07/2026;10:45:00;178900,00;179600,00;178890,00;179500,00;12768089,00;356
WINV26;17/07/2026;10:30:00;178840,00;179350,00;178770,00;178900,00;21170751,00;591
WINV26;17/07/2026;10:15:00;178920,00;179185,00;178545,00;178990,00;11333927,00;317
WINV26;17/07/2026;10:00:00;179085,00;179085,00;178660,00;178900,00;8908813,00;249
WINV26;17/07/2026;09:45:00;179035,00;179150,00;178920,00;179010,00;5943547,00;166
WINV26;17/07/2026;09:30:00;178750,00;179150,00;178610,00;179150,00;8837732,00;247
WINV26;17/07/2026;09:15:00;179005,00;179180,00;178700,00;178755,00;7902912,00;221
WINV26;17/07/2026;09:00:00;178250,00;179365,00;178250,00;179060,00;91871329,00;2567
WINV26;16/07/2026;18:15:00;178905,00;178995,00;178865,00;178865,00;6548895,00;183
WINV26;16/07/2026;18:00:00;179030,00;179035,00;178900,00;178900,00;47090038,00;1316
WINV26;16/07/2026;17:45:00;179050,00;179095,00;178985,00;179005,00;716162,00;20
WINV26;16/07/2026;17:30:00;179010,00;179095,00;178870,00;179015,00;10345665,00;289
WINV26;16/07/2026;17:15:00;179085,00;179085,00;179030,00;179045,00;2184469,00;61
WINV26;16/07/2026;17:00:00;179210,00;179260,00;179060,00;179100,00;2615984,00;73
WINV26;16/07/2026;16:45:00;178995,00;179185,00;178975,00;179170,00;6267482,00;175
WINV26;16/07/2026;16:30:00;179065,00;179105,00;178980,00;179025,00;1861956,00;52
WINV26;16/07/2026;16:15:00;179085,00;179175,00;179065,00;179125,00;2436096,00;68
WINV26;16/07/2026;16:00:00;179090,00;179195,00;179015,00;179110,00;5909645,00;165
WINV26;16/07/2026;15:45:00;179110,00;179255,00;179090,00;179130,00;11933699,00;333
WINV26;16/07/2026;15:30:00;179095,00;179120,00;179025,00;179115,00;29978604,00;837
WINV26;16/07/2026;15:15:00;179250,00;179315,00;179170,00;179185,00;11256565,00;314
WINV26;16/07/2026;15:00:00;179150,00;179285,00;178905,00;179235,00;23077639,00;644
WINV26;16/07/2026;14:45:00;179385,00;179500,00;179135,00;179200,00;31906405,00;890
WINV26;16/07/2026;14:30:00;179500,00;179500,00;179300,00;179385,00;17433332,00;486
WINV26;16/07/2026;14:15:00;179370,00;179490,00;179300,00;179430,00;21781602,00;607
WINV26;16/07/2026;14:00:00;179880,00;179895,00;179395,00;179400,00;46578712,00;1297
WINV26;16/07/2026;13:45:00;180040,00;180040,00;179840,00;179860,00;6405319,00;178
WINV26;16/07/2026;13:30:00;180080,00;180170,00;180030,00;180105,00;6628137,00;184
WINV26;16/07/2026;13:15:00;180155,00;180225,00;179950,00;180060,00;9614934,00;267
WINV26;16/07/2026;13:00:00;180500,00;180525,00;180140,00;180175,00;3605191,00;100
WINV26;16/07/2026;12:45:00;180440,00;180575,00;180355,00;180500,00;2346261,00;65
WINV26;16/07/2026;12:30:00;180435,00;180590,00;180275,00;180460,00;8264824,00;229
WINV26;16/07/2026;12:15:00;180210,00;180565,00;180210,00;180420,00;7360038,00;204
WINV26;16/07/2026;12:00:00;180295,00;180400,00;180080,00;180200,00;6451424,00;179
WINV26;16/07/2026;11:45:00;180240,00;180615,00;180215,00;180430,00;10101697,00;280
WINV26;16/07/2026;11:30:00;180005,00;180235,00;179920,00;180185,00;7637698,00;212
WINV26;16/07/2026;11:15:00;180130,00;180135,00;179810,00;180015,00;13567822,00;377
WINV26;16/07/2026;11:00:00;179475,00;180220,00;179475,00;180150,00;25547613,00;710
WINV26;16/07/2026;10:45:00;179205,00;179525,00;179195,00;179465,00;20659839,00;576
WINV26;16/07/2026;10:30:00;180390,00;180390,00;179200,00;179235,00;43873349,00;1221
WINV26;16/07/2026;10:15:00;180655,00;180860,00;180340,00;180465,00;18307278,00;507
WINV26;16/07/2026;10:00:00;181060,00;181080,00;180370,00;180570,00;14707747,00;407
WINV26;16/07/2026;09:45:00;181260,00;181415,00;181045,00;181075,00;4385153,00;121
WINV26;16/07/2026;09:30:00;181525,00;181525,00;181200,00;181260,00;8703219,00;240
WINV26;16/07/2026;09:15:00;181810,00;181990,00;181370,00;181370,00;11516887,00;317
WINV26;16/07/2026;09:00:00;181045,00;182500,00;181000,00;181750,00;96834349,00;2660
WINV26;15/07/2026;18:15:00;181660,00;182250,00;181505,00;182250,00;27287156,00;751
WINV26;15/07/2026;18:00:00;181520,00;181660,00;181465,00;181635,00;2905511,00;80
WINV26;15/07/2026;17:45:00;181495,00;181530,00;181435,00;181500,00;1270409,00;35
WINV26;15/07/2026;17:30:00;181455,00;181500,00;181450,00;181480,00;1488103,00;41
WINV26;15/07/2026;17:15:00;181510,00;181510,00;181400,00;181450,00;2540238,00;70
WINV26;15/07/2026;17:00:00;181485,00;181700,00;181485,00;181570,00;20161998,00;555
WINV26;15/07/2026;16:45:00;181510,00;181585,00;181460,00;181480,00;4464944,00;123
WINV26;15/07/2026;16:30:00;181710,00;181725,00;181510,00;181550,00;4104377,00;113
WINV26;15/07/2026;16:15:00;181785,00;181840,00;181720,00;181725,00;2690264,00;74
WINV26;15/07/2026;16:00:00;181595,00;181795,00;181595,00;181740,00;3052693,00;84
WINV26;15/07/2026;15:45:00;181695,00;181700,00;181565,00;181590,00;2324629,00;64
WINV26;15/07/2026;15:30:00;181720,00;181840,00;181600,00;181665,00;4543639,00;125
WINV26;15/07/2026;15:15:00;181610,00;181730,00;181560,00;181730,00;3196584,00;88
WINV26;15/07/2026;15:00:00;181585,00;181725,00;181500,00;181640,00;3232511,00;89
WINV26;15/07/2026;14:45:00;181550,00;181720,00;181520,00;181605,00;2687689,00;74
WINV26;15/07/2026;14:30:00;181295,00;181530,00;181260,00;181530,00;3337490,00;92
WINV26;15/07/2026;14:15:00;180985,00;181300,00;180915,00;181300,00;2753501,00;76
WINV26;15/07/2026;14:00:00;180945,00;181170,00;180945,00;181000,00;3476027,00;96
WINV26;15/07/2026;13:45:00;181135,00;181300,00;180850,00;180920,00;8113204,00;224
WINV26;15/07/2026;13:30:00;181095,00;181160,00;181030,00;181095,00;2317807,00;64
WINV26;15/07/2026;13:15:00;181120,00;181180,00;180985,00;181040,00;6084327,00;168
WINV26;15/07/2026;13:00:00;181310,00;181310,00;181135,00;181135,00;7103747,00;196
WINV26;15/07/2026;12:45:00;181250,00;181335,00;181205,00;181215,00;2755026,00;76
WINV26;15/07/2026;12:30:00;181410,00;181410,00;181190,00;181190,00;2392999,00;66
WINV26;15/07/2026;12:15:00;181610,00;181720,00;181370,00;181420,00;4901261,00;135
WINV26;15/07/2026;12:00:00;181680,00;181885,00;181615,00;181615,00;11811798,00;325
WINV26;15/07/2026;11:45:00;181495,00;181750,00;181310,00;181685,00;5480532,00;151
WINV26;15/07/2026;11:30:00;181295,00;181720,00;181245,00;181430,00;114875089,00;3162
WINV26;15/07/2026;11:15:00;181750,00;181755,00;181110,00;181375,00;196693277,00;5426
WINV26;15/07/2026;11:00:00;181540,00;181845,00;181495,00;181720,00;7882444,00;217
WINV26;15/07/2026;10:45:00;181260,00;181600,00;181155,00;181515,00;27849623,00;768
WINV26;15/07/2026;10:30:00;181725,00;181900,00;181220,00;181220,00;9982930,00;275
WINV26;15/07/2026;10:15:00;181450,00;181930,00;181450,00;181625,00;30521029,00;840
WINV26;15/07/2026;10:00:00;182255,00;182265,00;181495,00;181535,00;36666861,00;1008
WINV26;15/07/2026;09:45:00;182385,00;182440,00;182120,00;182200,00;7836902,00;215
WINV26;15/07/2026;09:30:00;181850,00;182350,00;181605,00;182295,00;12991105,00;357
WINV26;15/07/2026;09:15:00;181600,00;181900,00;181500,00;181790,00;11810340,00;325
WINV26;15/07/2026;09:00:00;181900,00;182000,00;180800,00;181610,00;261572699,00;7212
WINV26;14/07/2026;18:15:00;182150,00;182165,00;181935,00;181935,00;58705559,00;1612
WINV26;14/07/2026;18:00:00;182260,00;182300,00;182120,00;182150,00;1967979,00;54
WINV26;14/07/2026;17:45:00;182245,00;182320,00;182220,00;182285,00;1020780,00;28
WINV26;14/07/2026;17:30:00;182205,00;182350,00;182205,00;182245,00;2114299,00;58
WINV26;14/07/2026;17:15:00;182195,00;182205,00;182145,00;182165,00;2259008,00;62
WINV26;14/07/2026;17:00:00;182250,00;182420,00;182195,00;182215,00;13784401,00;378
WINV26;14/07/2026;16:45:00;182170,00;182340,00;182160,00;182250,00;2478601,00;68
WINV26;14/07/2026;16:30:00;182065,00;182150,00;181960,00;182150,00;2621820,00;72
WINV26;14/07/2026;16:15:00;182215,00;182245,00;182015,00;182095,00;8704518,00;239
WINV26;14/07/2026;16:00:00;182175,00;182350,00;182175,00;182275,00;6378560,00;175
WINV26;14/07/2026;15:45:00;181945,00;182290,00;181945,00;182265,00;12674406,00;348
WINV26;14/07/2026;15:30:00;181795,00;181940,00;181770,00;181900,00;7273608,00;200
WINV26;14/07/2026;15:15:00;181745,00;181850,00;181660,00;181850,00;5053933,00;139
WINV26;14/07/2026;15:00:00;181680,00;181785,00;181615,00;181785,00;2434664,00;67
WINV26;14/07/2026;14:45:00;181585,00;181790,00;181550,00;181560,00;7555952,00;208
WINV26;14/07/2026;14:30:00;181600,00;181650,00;181550,00;181605,00;2033960,00;56
WINV26;14/07/2026;14:15:00;181575,00;181645,00;181550,00;181565,00;1053156,00;29
WINV26;14/07/2026;14:00:00;181790,00;181835,00;181575,00;181675,00;7993101,00;220
WINV26;14/07/2026;13:45:00;181920,00;181940,00;181660,00;181745,00;3053914,00;84
WINV26;14/07/2026;13:30:00;181785,00;181920,00;181750,00;181895,00;8693169,00;239
WINV26;14/07/2026;13:15:00;181700,00;181785,00;181605,00;181680,00;2035250,00;56
WINV26;14/07/2026;13:00:00;181665,00;181755,00;181340,00;181685,00;25457441,00;701
WINV26;14/07/2026;12:45:00;181930,00;182010,00;181655,00;181700,00;7051678,00;194
WINV26;14/07/2026;12:30:00;182090,00;182090,00;181750,00;181870,00;2401418,00;66
WINV26;14/07/2026;12:15:00;182200,00;182255,00;182035,00;182125,00;7725407,00;212
WINV26;14/07/2026;12:00:00;181870,00;182195,00;181635,00;182195,00;22159003,00;609
WINV26;14/07/2026;11:45:00;181825,00;181940,00;181680,00;181890,00;4908691,00;135
WINV26;14/07/2026;11:30:00;182060,00;182550,00;181840,00;181840,00;54291510,00;1489
WINV26;14/07/2026;11:15:00;182290,00;182390,00;181885,00;182000,00;369758806,00;10154
WINV26;14/07/2026;11:00:00;182500,00;182740,00;182175,00;182300,00;9960643,00;273
WINV26;14/07/2026;10:45:00;182000,00;182490,00;182000,00;182480,00;10898413,00;299
WINV26;14/07/2026;10:30:00;181805,00;182315,00;181805,00;182270,00;21711261,00;596
WINV26;14/07/2026;10:15:00;181820,00;182110,00;181540,00;181745,00;27813996,00;765
WINV26;14/07/2026;10:00:00;182045,00;182450,00;181830,00;181850,00;17699910,00;486
WINV26;14/07/2026;09:45:00;182205,00;182295,00;181985,00;182045,00;138362071,00;3797
WINV26;14/07/2026;09:30:00;181395,00;183000,00;181340,00;182250,00;164601784,00;4512
WINV26;14/07/2026;09:15:00;181395,00;181690,00;181170,00;181390,00;39350612,00;1085
WINV26;14/07/2026;09:00:00;181310,00;182080,00;181100,00;181405,00;103180109,00;2845
WINV26;13/07/2026;18:15:00;180955,00;181115,00;180955,00;181005,00;32080582,00;886
WINV26;13/07/2026;18:00:00;180905,00;180955,00;180775,00;180945,00;43157474,00;1193
WINV26;13/07/2026;17:45:00;180870,00;180900,00;180845,00;180900,00;2785345,00;77
WINV26;13/07/2026;17:30:00;181050,00;181050,00;180870,00;180870,00;3003220,00;83
WINV26;13/07/2026;17:15:00;181085,00;181105,00;181000,00;181090,00;6915040,00;191
WINV26;13/07/2026;17:00:00;181235,00;181425,00;181105,00;181105,00;4422764,00;122
WINV26;13/07/2026;16:45:00;181275,00;181400,00;181200,00;181240,00;3843340,00;106
WINV26;13/07/2026;16:30:00;181275,00;181340,00;181135,00;181340,00;14791736,00;408
WINV26;13/07/2026;16:15:00;181525,00;181575,00;181280,00;181280,00;1777660,00;49
WINV26;13/07/2026;16:00:00;181550,00;181650,00;181470,00;181580,00;13619454,00;375
WINV26;13/07/2026;15:45:00;181440,00;181550,00;181425,00;181550,00;7186140,00;198
WINV26;13/07/2026;15:30:00;181350,00;181530,00;181350,00;181435,00;3556050,00;98
WINV26;13/07/2026;15:15:00;181315,00;181325,00;181245,00;181275,00;725102,00;20
WINV26;13/07/2026;15:00:00;181340,00;181425,00;181205,00;181315,00;23101244,00;637
WINV26;13/07/2026;14:45:00;181430,00;181505,00;181250,00;181325,00;20525804,00;566
WINV26;13/07/2026;14:30:00;181425,00;181515,00;181350,00;181425,00;3955388,00;109
WINV26;13/07/2026;14:15:00;181800,00;181800,00;181455,00;181465,00;9477487,00;261
WINV26;13/07/2026;14:00:00;181615,00;181755,00;181555,00;181755,00;3124015,00;86
WINV26;13/07/2026;13:45:00;182050,00;182065,00;181605,00;181635,00;12941521,00;356
WINV26;13/07/2026;13:30:00;182055,00;182075,00;181805,00;181995,00;7022717,00;193
WINV26;13/07/2026;13:15:00;182135,00;182160,00;182025,00;182035,00;6592299,00;181
WINV26;13/07/2026;13:00:00;182140,00;182220,00;182105,00;182175,00;2222454,00;61
WINV26;13/07/2026;12:45:00;182295,00;182295,00;182035,00;182130,00;3679227,00;101
WINV26;13/07/2026;12:30:00;182300,00;182365,00;182190,00;182235,00;1895521,00;52
WINV26;13/07/2026;12:15:00;182070,00;182280,00;182070,00;182250,00;6010584,00;165
WINV26;13/07/2026;12:00:00;182515,00;182550,00;182075,00;182130,00;8092727,00;222
WINV26;13/07/2026;11:45:00;182305,00;182550,00;182295,00;182545,00;4925842,00;135
WINV26;13/07/2026;11:30:00;182745,00;182825,00;182280,00;182390,00;8541835,00;234
WINV26;13/07/2026;11:15:00;182940,00;182985,00;182495,00;182810,00;41439019,00;1134
WINV26;13/07/2026;11:00:00;183245,00;183245,00;182850,00;182945,00;17022774,00;465
WINV26;13/07/2026;10:45:00;183090,00;183350,00;182870,00;183320,00;8787962,00;240
WINV26;13/07/2026;10:30:00;183270,00;183670,00;182715,00;183160,00;19148100,00;523
WINV26;13/07/2026;10:15:00;183660,00;183820,00;183155,00;183260,00;26947809,00;735
WINV26;13/07/2026;10:00:00;184000,00;184030,00;183400,00;183765,00;41058544,00;1118
WINV26;13/07/2026;09:45:00;183830,00;183975,00;183610,00;183890,00;51236404,00;1394
WINV26;13/07/2026;09:30:00;183660,00;183965,00;183545,00;183830,00;80927276,00;2202
WINV26;13/07/2026;09:15:00;183500,00;183855,00;183340,00;183625,00;117660180,00;3204
WINV26;13/07/2026;09:00:00;184120,00;184120,00;183305,00;183450,00;30366485,00;827
WINV26;10/07/2026;18:15:00;184300,00;184450,00;184300,00;184365,00;57937421,00;1571
WINV26;10/07/2026;18:00:00;184260,00;184435,00;184185,00;184325,00;49441051,00;1341
WINV26;10/07/2026;17:45:00;184210,00;184395,00;184210,00;184245,00;53080552,00;1440
WINV26;10/07/2026;17:30:00;184175,00;184250,00;184150,00;184200,00;14220130,00;386
WINV26;10/07/2026;17:15:00;184050,00;184260,00;184030,00;184190,00;77617616,00;2107
WINV26;10/07/2026;17:00:00;183725,00;184125,00;183705,00;184060,00;84897249,00;2307
WINV26;10/07/2026;16:45:00;183455,00;183715,00;183445,00;183700,00;18914645,00;515
WINV26;10/07/2026;16:30:00;183445,00;183480,00;183400,00;183435,00;3191898,00;87
WINV26;10/07/2026;16:15:00;183350,00;183505,00;183350,00;183450,00;2090796,00;57
WINV26;10/07/2026;16:00:00;183245,00;183470,00;183225,00;183345,00;31059620,00;847
WINV26;10/07/2026;15:45:00;183385,00;183390,00;183185,00;183250,00;36392348,00;993
WINV26;10/07/2026;15:30:00;183510,00;183555,00;183370,00;183390,00;13133436,00;358
WINV26;10/07/2026;15:15:00;183585,00;183725,00;183495,00;183495,00;29413042,00;801
WINV26;10/07/2026;15:00:00;183095,00;183615,00;183095,00;183565,00;95082568,00;2591
WINV26;10/07/2026;14:45:00;183170,00;183195,00;183025,00;183085,00;20686018,00;565
WINV26;10/07/2026;14:30:00;183125,00;183195,00;183070,00;183165,00;44059866,00;1203
WINV26;10/07/2026;14:15:00;183200,00;183205,00;183000,00;183140,00;28273556,00;772
WINV26;10/07/2026;14:00:00;183090,00;183190,00;183010,00;183110,00;23953725,00;654
WINV26;10/07/2026;13:45:00;183020,00;183265,00;183020,00;183100,00;181913692,00;4966
WINV26;10/07/2026;13:30:00;182890,00;183065,00;182825,00;183000,00;11964708,00;327
WINV26;10/07/2026;13:15:00;182600,00;182925,00;182555,00;182890,00;32362350,00;885
WINV26;10/07/2026;13:00:00;182215,00;182555,00;182215,00;182525,00;20539813,00;563
WINV26;10/07/2026;12:45:00;182140,00;182215,00;181975,00;182215,00;13587761,00;373
WINV26;10/07/2026;12:30:00;182115,00;182135,00;181915,00;182085,00;5823965,00;160
WINV26;10/07/2026;12:15:00;181985,00;182250,00;181940,00;182160,00;44552250,00;1223
WINV26;10/07/2026;12:00:00;182410,00;182415,00;182000,00;182025,00;41751313,00;1146
WINV26;10/07/2026;11:45:00;182420,00;182765,00;182420,00;182450,00;211713926,00;5799
WINV26;10/07/2026;11:30:00;182535,00;182575,00;181750,00;182390,00;381132997,00;10464
WINV26;10/07/2026;11:15:00;182215,00;182710,00;182200,00;182535,00;325864124,00;8930
WINV26;10/07/2026;11:00:00;182275,00;182565,00;182000,00;182115,00;117087866,00;3214
WINV26;10/07/2026;10:45:00;181655,00;182285,00;181550,00;182250,00;163896017,00;4501
WINV26;10/07/2026;10:30:00;181815,00;182265,00;181610,00;181680,00;176967580,00;4864
WINV26;10/07/2026;10:15:00;181920,00;182060,00;181310,00;181785,00;177136290,00;4875
WINV26;10/07/2026;10:00:00;182000,00;182505,00;181755,00;181795,00;65674874,00;1803
WINV26;10/07/2026;09:45:00;181500,00;184330,00;181500,00;182070,00;199665119,00;5485
WINV26;10/07/2026;09:30:00;181255,00;181555,00;181255,00;181485,00;37015324,00;1020
WINV26;10/07/2026;09:15:00;181350,00;181595,00;180975,00;181200,00;208817884,00;5758
WINV26;10/07/2026;09:00:00;179455,00;181340,00;179455,00;181305,00;90524201,00;2505
WINV26;09/07/2026;18:15:00;179060,00;179130,00;178905,00;178905,00;44188346,00;1234
WINV26;09/07/2026;18:00:00;178900,00;179090,00;178900,00;179060,00;55952655,00;1563
WINV26;09/07/2026;17:45:00;178780,00;178900,00;178780,00;178900,00;2933398,00;82
WINV26;09/07/2026;17:30:00;178810,00;178870,00;178785,00;178785,00;2395992,00;67
WINV26;09/07/2026;17:15:00;178840,00;178930,00;178815,00;178830,00;3255741,00;91
WINV26;09/07/2026;17:00:00;178720,00;178890,00;178680,00;178845,00;13519002,00;378
WINV26;09/07/2026;16:45:00;178695,00;178785,00;178670,00;178765,00;2716739,00;76
WINV26;09/07/2026;16:30:00;178625,00;178710,00;178500,00;178685,00;5287277,00;148
WINV26;09/07/2026;16:15:00;178640,00;178750,00;178630,00;178665,00;7540563,00;211
WINV26;09/07/2026;16:00:00;178570,00;178615,00;178535,00;178595,00;3035832,00;85
WINV26;09/07/2026;15:45:00;178420,00;178625,00;178405,00;178600,00;2463784,00;69
WINV26;09/07/2026;15:30:00;178395,00;178490,00;178325,00;178430,00;3567508,00;100
WINV26;09/07/2026;15:15:00;178480,00;178485,00;178350,00;178350,00;3104376,00;87
WINV26;09/07/2026;15:00:00;178600,00;178600,00;178380,00;178480,00;3427281,00;96
WINV26;09/07/2026;14:45:00;178575,00;178670,00;178535,00;178595,00;8857298,00;248
WINV26;09/07/2026;14:30:00;178400,00;178655,00;178400,00;178605,00;11569734,00;324
WINV26;09/07/2026;14:15:00;178145,00;178410,00;178145,00;178335,00;1212709,00;34
WINV26;09/07/2026;14:00:00;178210,00;178280,00;178115,00;178140,00;998059,00;28
WINV26;09/07/2026;13:45:00;178205,00;178205,00;178140,00;178165,00;285044,00;8
WINV26;09/07/2026;13:30:00;178230,00;178305,00;178100,00;178145,00;1389856,00;39
WINV26;09/07/2026;13:15:00;178400,00;178400,00;178315,00;178315,00;1034303,00;29
WINV26;09/07/2026;13:00:00;178250,00;178440,00;178250,00;178400,00;11053904,00;310
WINV26;09/07/2026;12:45:00;178175,00;178210,00;178150,00;178210,00;605797,00;17
WINV26;09/07/2026;12:30:00;177875,00;178225,00;177850,00;178175,00;1709426,00;48
WINV26;09/07/2026;12:15:00;178250,00;178250,00;177890,00;177975,00;2599654,00;73
WINV26;09/07/2026;12:00:00;178230,00;178420,00;178065,00;178420,00;4064399,00;114
WINV26;09/07/2026;11:45:00;177920,00;178225,00;177920,00;178225,00;2457228,00;69
WINV26;09/07/2026;11:30:00;178000,00;178120,00;177875,00;177985,00;5304161,00;149
WINV26;09/07/2026;11:15:00;177545,00;178105,00;177510,00;177955,00;36942531,00;1039
WINV26;09/07/2026;11:00:00;176890,00;177740,00;176890,00;177630,00;16393914,00;462
WINV26;09/07/2026;10:45:00;176795,00;176870,00;176570,00;176800,00;6043811,00;171
WINV26;09/07/2026;10:30:00;177010,00;177030,00;176690,00;176920,00;17403960,00;492
WINV26;09/07/2026;10:15:00;177445,00;177525,00;176950,00;177100,00;9856363,00;278
WINV26;09/07/2026;10:00:00;176945,00;177500,00;176945,00;177430,00;9531394,00;269
WINV26;09/07/2026;09:45:00;177255,00;177275,00;176740,00;176875,00;10013613,00;283
WINV26;09/07/2026;09:30:00;177305,00;177450,00;177090,00;177195,00;9354402,00;264
WINV26;09/07/2026;09:15:00;177200,00;177550,00;177200,00;177440,00;6885901,00;194
WINV26;09/07/2026;09:00:00;176540,00;177485,00;176250,00;177220,00;85693387,00;2425
WINV26;08/07/2026;18:15:00;176360,00;176420,00;176305,00;176350,00;21901507,00;621
WINV26;08/07/2026;18:00:00;176230,00;176400,00;176230,00;176350,00;92343783,00;2618
WINV26;08/07/2026;17:45:00;176250,00;176295,00;176230,00;176230,00;458247,00;13
WINV26;08/07/2026;17:30:00;176240,00;176290,00;176175,00;176290,00;1656480,00;47
WINV26;08/07/2026;17:15:00;176395,00;176395,00;176200,00;176225,00;5888465,00;167
WINV26;08/07/2026;17:00:00;176500,00;176500,00;176350,00;176390,00;811507,00;23
WINV26;08/07/2026;16:45:00;176725,00;176725,00;176510,00;176595,00;2400911,00;68
WINV26;08/07/2026;16:30:00;176650,00;176775,00;176650,00;176750,00;5972799,00;169
WINV26;08/07/2026;16:15:00;176620,00;176650,00;176500,00;176575,00;706257,00;20
WINV26;08/07/2026;16:00:00;176515,00;176660,00;176515,00;176560,00;1165151,00;33
WINV26;08/07/2026;15:45:00;176510,00;176690,00;176470,00;176470,00;4768449,00;135
WINV26;08/07/2026;15:30:00;176590,00;176605,00;176400,00;176460,00;1235512,00;35
WINV26;08/07/2026;15:15:00;176540,00;176610,00;176450,00;176495,00;2860392,00;81
WINV26;08/07/2026;15:00:00;176350,00;176675,00;176315,00;176570,00;8723849,00;247
WINV26;08/07/2026;14:45:00;176355,00;176375,00;176250,00;176250,00;2291787,00;65
WINV26;08/07/2026;14:30:00;176360,00;176395,00;176285,00;176285,00;1798833,00;51
WINV26;08/07/2026;14:15:00;176395,00;176585,00;176375,00;176375,00;2823454,00;80
WINV26;08/07/2026;14:00:00;176505,00;176505,00;176190,00;176370,00;107611961,00;3053
WINV26;08/07/2026;13:45:00;176250,00;176700,00;176250,00;176535,00;135081167,00;3824
WINV26;08/07/2026;13:30:00;175990,00;176300,00;175900,00;176255,00;6696966,00;190
WINV26;08/07/2026;13:15:00;175985,00;176070,00;175960,00;175990,00;5385795,00;153
WINV26;08/07/2026;13:00:00;175985,00;176050,00;175945,00;176010,00;2640421,00;75
WINV26;08/07/2026;12:45:00;176260,00;176260,00;176000,00;176000,00;4541441,00;129
WINV26;08/07/2026;12:30:00;176200,00;176375,00;176185,00;176205,00;6592967,00;187
WINV26;08/07/2026;12:15:00;176000,00;176160,00;176000,00;176000,00;352103,00;10
WINV26;08/07/2026;12:00:00;175935,00;176300,00;175850,00;176145,00;1444489,00;41
WINV26;08/07/2026;11:45:00;176150,00;176150,00;175870,00;176030,00;8377004,00;238
WINV26;08/07/2026;11:30:00;176485,00;176515,00;176120,00;176170,00;10223471,00;290
WINV26;08/07/2026;11:15:00;176435,00;176790,00;176325,00;176500,00;56661523,00;1606
WINV26;08/07/2026;11:00:00;176470,00;176835,00;176300,00;176495,00;166231474,00;4706
WINV26;08/07/2026;10:45:00;176785,00;176990,00;176280,00;176490,00;105920151,00;3003
WINV26;08/07/2026;10:30:00;176890,00;177200,00;176490,00;176890,00;224658568,00;6355
WINV26;08/07/2026;10:15:00;176785,00;177075,00;175745,00;176945,00;119696306,00;3388
WINV26;08/07/2026;10:00:00;177400,00;177505,00;176740,00;176740,00;13791744,00;389
WINV26;08/07/2026;09:45:00;177300,00;177490,00;177210,00;177325,00;1702384,00;48
WINV26;08/07/2026;09:30:00;177470,00;177565,00;177300,00;177300,00;2270729,00;64
WINV26;08/07/2026;09:15:00;177070,00;177445,00;177015,00;177445,00;32979098,00;931
WINV26;08/07/2026;09:00:00;176295,00;177500,00;175840,00;177090,00;40088383,00;1133
WINV26;07/07/2026;18:15:00;177550,00;177550,00;177360,00;177360,00;12809933,00;361
WINV26;07/07/2026;18:00:00;177675,00;177675,00;177550,00;177575,00;1989081,00;56
WINV26;07/07/2026;17:45:00;177700,00;177705,00;177670,00;177670,00;710773,00;20
WINV26;07/07/2026;17:30:00;177815,00;177820,00;177700,00;177730,00;782099,00;22
WINV26;07/07/2026;17:15:00;177830,00;177835,00;177825,00;177825,00;320091,00;9
WINV26;07/07/2026;17:00:00;177780,00;177910,00;177770,00;177770,00;3200735,00;90
WINV26;07/07/2026;16:45:00;177700,00;177850,00;177685,00;177770,00;2417477,00;68
WINV26;07/07/2026;16:30:00;177785,00;177825,00;177650,00;177685,00;3376330,00;95
WINV26;07/07/2026;16:15:00;177735,00;177920,00;177730,00;177770,00;2276005,00;64
WINV26;07/07/2026;16:00:00;177820,00;177860,00;177710,00;177770,00;3484388,00;98
WINV26;07/07/2026;15:45:00;177970,00;178060,00;177835,00;177885,00;13058863,00;367
WINV26;07/07/2026;15:30:00;177735,00;177970,00;177655,00;177970,00;12265475,00;345
WINV26;07/07/2026;15:15:00;177560,00;177750,00;177550,00;177715,00;923784,00;26
WINV26;07/07/2026;15:00:00;177795,00;177800,00;177445,00;177555,00;3161696,00;89
WINV26;07/07/2026;14:45:00;177690,00;177790,00;177620,00;177790,00;852908,00;24
WINV26;07/07/2026;14:30:00;177910,00;177925,00;177635,00;177720,00;5581168,00;157
WINV26;07/07/2026;14:15:00;177740,00;177920,00;177655,00;177905,00;3236721,00;91
WINV26;07/07/2026;14:00:00;177505,00;177735,00;177505,00;177640,00;4404711,00;124
WINV26;07/07/2026;13:45:00;177460,00;177460,00;177370,00;177430,00;816132,00;23
WINV26;07/07/2026;13:30:00;177460,00;177490,00;177385,00;177420,00;2235648,00;63
WINV26;07/07/2026;13:15:00;177415,00;177540,00;177415,00;177490,00;3159616,00;89
WINV26;07/07/2026;13:00:00;177460,00;177480,00;177305,00;177405,00;9970454,00;281
WINV26;07/07/2026;12:45:00;177500,00;177535,00;177415,00;177425,00;3158840,00;89
WINV26;07/07/2026;12:30:00;177620,00;177710,00;177390,00;177480,00;10613820,00;299
WINV26;07/07/2026;12:15:00;177540,00;177655,00;177450,00;177550,00;11077325,00;312
WINV26;07/07/2026;12:00:00;177935,00;177935,00;177590,00;177620,00;3021664,00;85
WINV26;07/07/2026;11:45:00;178030,00;178260,00;177955,00;178010,00;2136939,00;60
WINV26;07/07/2026;11:30:00;177560,00;178000,00;177550,00;177990,00;2274885,00;64
WINV26;07/07/2026;11:15:00;178110,00;178140,00;177335,00;177580,00;61397375,00;1728
WINV26;07/07/2026;11:00:00;178460,00;178730,00;178200,00;178200,00;162707665,00;4559
WINV26;07/07/2026;10:45:00;179320,00;179525,00;178305,00;178305,00;46554914,00;1301
WINV26;07/07/2026;10:30:00;178500,00;179455,00;178500,00;179285,00;222932502,00;6221
WINV26;07/07/2026;10:15:00;178550,00;178975,00;178345,00;178430,00;5325335,00;149
WINV26;07/07/2026;10:00:00;178975,00;179045,00;178470,00;178610,00;5040778,00;141
WINV26;07/07/2026;09:45:00;179055,00;179055,00;178785,00;178785,00;2647924,00;74
WINV26;07/07/2026;09:30:00;179185,00;179185,00;178890,00;179040,00;3259037,00;91
WINV26;07/07/2026;09:15:00;179385,00;179385,00;178900,00;179220,00;4407918,00;123
WINV26;07/07/2026;09:00:00;178000,00;179400,00;178000,00;179325,00;10482380,00;293
WINV26;06/07/2026;18:15:00;178320,00;178350,00;178245,00;178275,00;1105397,00;31
WINV26;06/07/2026;18:00:00;178495,00;178570,00;178345,00;178365,00;5353037,00;150
WINV26;06/07/2026;17:45:00;178515,00;178560,00;178505,00;178545,00;1785343,00;50
WINV26;06/07/2026;17:30:00;178375,00;178535,00;178370,00;178520,00;1784133,00;50
WINV26;06/07/2026;17:15:00;178420,00;178430,00;178365,00;178375,00;1569914,00;44
WINV26;06/07/2026;17:00:00;178375,00;178450,00;178375,00;178400,00;1213298,00;34
WINV26;06/07/2026;16:45:00;178340,00;178450,00;178315,00;178350,00;6564192,00;184
WINV26;06/07/2026;16:30:00;178375,00;178375,00;178295,00;178345,00;249663,00;7
WINV26;06/07/2026;16:15:00;178240,00;178420,00;178225,00;178420,00;2567073,00;72
WINV26;06/07/2026;16:00:00;178370,00;178405,00;178165,00;178265,00;4955728,00;139
WINV26;06/07/2026;15:45:00;178430,00;178525,00;178380,00;178385,00;678093,00;19
WINV26;06/07/2026;15:30:00;178575,00;178620,00;178430,00;178430,00;1642358,00;46
WINV26;06/07/2026;15:15:00;178470,00;178610,00;178455,00;178555,00;1785342,00;50
WINV26;06/07/2026;15:00:00;178540,00;178590,00;178300,00;178470,00;6210898,00;174
WINV26;06/07/2026;14:45:00;178350,00;178590,00;178350,00;178480,00;5426447,00;152
WINV26;06/07/2026;14:30:00;178300,00;178345,00;178200,00;178345,00;6381183,00;179
WINV26;06/07/2026;14:15:00;178100,00;178465,00;178050,00;178315,00;76240189,00;2139
WINV26;06/07/2026;14:00:00;178080,00;178210,00;177965,00;178035,00;22116833,00;621
WINV26;06/07/2026;13:45:00;177995,00;178090,00;177890,00;177990,00;3524626,00;99
WINV26;06/07/2026;13:30:00;177900,00;178125,00;177850,00;178075,00;13531115,00;380
WINV26;06/07/2026;13:15:00;177875,00;177975,00;177845,00;177900,00;3202070,00;90
WINV26;06/07/2026;13:00:00;177945,00;177975,00;177810,00;177875,00;11739216,00;330
WINV26;06/07/2026;12:45:00;178045,00;178065,00;177885,00;177975,00;3381815,00;95
WINV26;06/07/2026;12:30:00;178035,00;178200,00;177995,00;178035,00;29883522,00;839
WINV26;06/07/2026;12:15:00;178005,00;178050,00;177785,00;178025,00;7863622,00;221
WINV26;06/07/2026;12:00:00;177815,00;178065,00;177810,00;177975,00;51151467,00;1437
WINV26;06/07/2026;11:45:00;177780,00;177925,00;177620,00;177870,00;73945306,00;2080
WINV26;06/07/2026;11:30:00;177900,00;178000,00;177700,00;177805,00;40257430,00;1132
WINV26;06/07/2026;11:15:00;177980,00;178160,00;177900,00;178030,00;9327436,00;262
WINV26;06/07/2026;11:00:00;178410,00;178535,00;177850,00;178010,00;83013958,00;2331
WINV26;06/07/2026;10:45:00;178700,00;179210,00;178315,00;178450,00;71428195,00;1997
WINV26;06/07/2026;10:30:00;178410,00;178755,00;178300,00;178755,00;22254499,00;623
WINV26;06/07/2026;10:15:00;178625,00;178870,00;178250,00;178440,00;44138622,00;1237
WINV26;06/07/2026;10:00:00;178820,00;179035,00;178580,00;178690,00;32570042,00;911
WINV26;06/07/2026;09:45:00;179030,00;179035,00;178780,00;178890,00;7619761,00;213
WINV26;06/07/2026;09:30:00;179095,00;179175,00;178870,00;179030,00;2470516,00;69
WINV26;06/07/2026;09:15:00;179300,00;179625,00;178840,00;179050,00;8384686,00;234
WINV26;06/07/2026;09:00:00;180550,00;180560,00;178950,00;179260,00;30164699,00;840
WINV26;03/07/2026;18:15:00;180560,00;180575,00;180490,00;180490,00;1335848,00;37
WINV26;03/07/2026;18:00:00;180615,00;180615,00;180550,00;180585,00;794642,00;22
WINV26;03/07/2026;17:45:00;180535,00;180635,00;180535,00;180590,00;650124,00;18
WINV26;03/07/2026;17:30:00;180475,00;180610,00;180475,00;180555,00;2094452,00;58
WINV26;03/07/2026;17:15:00;180470,00;180470,00;180420,00;180430,00;505290,00;14
WINV26;03/07/2026;17:00:00;180400,00;180430,00;180335,00;180430,00;396838,00;11
WINV26;03/07/2026;16:45:00;180365,00;180565,00;180340,00;180565,00;1191281,00;33
WINV26;03/07/2026;16:30:00;180470,00;180470,00;180305,00;180335,00;1154413,00;32
WINV26;03/07/2026;16:15:00;180520,00;180600,00;180445,00;180445,00;830283,00;23
WINV26;03/07/2026;16:00:00;180575,00;180620,00;180475,00;180530,00;3068949,00;85
WINV26;03/07/2026;15:45:00;180575,00;180620,00;180575,00;180620,00;108360,00;3
WINV26;03/07/2026;15:15:00;180580,00;180600,00;180580,00;180600,00;1191954,00;33
WINV26;03/07/2026;15:00:00;180635,00;180650,00;180520,00;180590,00;3539525,00;98
WINV26;03/07/2026;14:45:00;180750,00;180760,00;180665,00;180720,00;1337181,00;37
WINV26;03/07/2026;14:30:00;180750,00;180825,00;180730,00;180780,00;2277554,00;63
WINV26;03/07/2026;14:15:00;180565,00;180750,00;180515,00;180750,00;2672483,00;74
WINV26;03/07/2026;14:00:00;180630,00;180690,00;180565,00;180565,00;1300461,00;36
WINV26;03/07/2026;13:45:00;180735,00;180735,00;180650,00;180655,00;975576,00;27
WINV26;03/07/2026;13:30:00;180705,00;180745,00;180670,00;180685,00;1843095,00;51
WINV26;03/07/2026;13:15:00;180830,00;180830,00;180725,00;180725,00;1518836,00;42
WINV26;03/07/2026;13:00:00;180750,00;180945,00;180705,00;180805,00;9003977,00;249
WINV26;03/07/2026;12:45:00;180690,00;180760,00;180665,00;180690,00;8278106,00;229
WINV26;03/07/2026;12:30:00;180595,00;180750,00;180550,00;180715,00;939465,00;26
WINV26;03/07/2026;12:15:00;180700,00;180700,00;180580,00;180610,00;3287569,00;91
WINV26;03/07/2026;12:00:00;180465,00;180695,00;180465,00;180625,00;9245526,00;256
WINV26;03/07/2026;11:45:00;180325,00;180530,00;180300,00;180405,00;2417583,00;67
WINV26;03/07/2026;11:30:00;180250,00;180475,00;180160,00;180460,00;1839535,00;51
WINV26;03/07/2026;11:15:00;180235,00;180335,00;180100,00;180250,00;1658072,00;46
WINV26;03/07/2026;11:00:00;179860,00;180450,00;179860,00;180265,00;18351020,00;509
WINV26;03/07/2026;10:45:00;179700,00;179925,00;179645,00;179860,00;20920114,00;582
WINV26;03/07/2026;10:30:00;179460,00;179830,00;179200,00;179765,00;5494908,00;153
WINV26;03/07/2026;10:15:00;179410,00;179680,00;179075,00;179485,00;20660741,00;576
WINV26;03/07/2026;10:00:00;180170,00;180225,00;179455,00;179455,00;23433906,00;651
WINV26;03/07/2026;09:45:00;180085,00;180500,00;180000,00;180010,00;16429936,00;456
WINV26;03/07/2026;09:30:00;180475,00;180475,00;179995,00;180060,00;3892563,00;108
WINV26;03/07/2026;09:15:00;180215,00;180500,00;180015,00;180375,00;22496264,00;624
WINV26;03/07/2026;09:00:00;179200,00;180455,00;179200,00;180200,00;243120169,00;6751
WINV26;02/07/2026;18:15:00;178990,00;178990,00;178860,00;178880,00;59966177,00;1676
WINV26;02/07/2026;18:00:00;179070,00;179070,00;179015,00;179020,00;1575439,00;44
WINV26;02/07/2026;17:45:00;179100,00;179145,00;179025,00;179070,00;4082508,00;114
WINV26;02/07/2026;17:30:00;179130,00;179165,00;179080,00;179080,00;2364498,00;66
WINV26;02/07/2026;17:15:00;179035,00;179100,00;178980,00;179100,00;2220060,00;62
WINV26;02/07/2026;17:00:00;179045,00;179125,00;178855,00;179025,00;7948738,00;222
WINV26;02/07/2026;16:45:00;178715,00;179025,00;178595,00;179025,00;4683198,00;131
WINV26;02/07/2026;16:30:00;178595,00;178760,00;178585,00;178730,00;1536590,00;43
WINV26;02/07/2026;16:15:00;178675,00;178675,00;178440,00;178555,00;20892074,00;585
WINV26;02/07/2026;16:00:00;178910,00;178940,00;178680,00;178730,00;1752149,00;49
WINV26;02/07/2026;15:45:00;178870,00;179050,00;178795,00;179000,00;5904947,00;165
WINV26;02/07/2026;15:30:00;178740,00;178985,00;178740,00;178930,00;5222677,00;146
WINV26;02/07/2026;15:15:00;178475,00;178725,00;178360,00;178725,00;7856283,00;220
WINV26;02/07/2026;15:00:00;178305,00;178625,00;178295,00;178515,00;13245845,00;371
WINV26;02/07/2026;14:45:00;178400,00;178495,00;178315,00;178315,00;1676910,00;47
WINV26;02/07/2026;14:30:00;178405,00;178500,00;178315,00;178375,00;2962018,00;83
WINV26;02/07/2026;14:15:00;178460,00;178575,00;178375,00;178435,00;5390099,00;151
WINV26;02/07/2026;14:00:00;178295,00;178565,00;178295,00;178525,00;2819550,00;79
WINV26;02/07/2026;13:45:00;178510,00;178595,00;178250,00;178255,00;10279569,00;288
WINV26;02/07/2026;13:30:00;178395,00;178535,00;178350,00;178505,00;5460324,00;153
WINV26;02/07/2026;13:15:00;178560,00;178615,00;178250,00;178370,00;42174095,00;1182
WINV26;02/07/2026;13:00:00;178600,00;178730,00;178415,00;178595,00;4427175,00;124
WINV26;02/07/2026;12:45:00;178555,00;178600,00;178435,00;178460,00;678340,00;19
WINV26;02/07/2026;12:30:00;178500,00;178615,00;178440,00;178615,00;2678099,00;75
WINV26;02/07/2026;12:15:00;178400,00;178575,00;178030,00;178350,00;32073677,00;900
WINV26;02/07/2026;12:00:00;178715,00;178880,00;178185,00;178460,00;13211473,00;370
WINV26;02/07/2026;11:45:00;178600,00;178800,00;178510,00;178745,00;9967251,00;279
WINV26;02/07/2026;11:30:00;178955,00;179300,00;178410,00;178645,00;283026935,00;7916
WINV26;02/07/2026;11:15:00;179830,00;179880,00;178950,00;179000,00;6986788,00;195
WINV26;02/07/2026;11:00:00;179770,00;179940,00;179490,00;179695,00;12396997,00;345
WINV26;02/07/2026;10:45:00;180535,00;180790,00;179525,00;179720,00;48895803,00;1356
WINV26;02/07/2026;10:30:00;179000,00;180595,00;179000,00;180575,00;30439804,00;846
WINV26;02/07/2026;10:15:00;179710,00;179710,00;178850,00;178945,00;79233180,00;2210
WINV26;02/07/2026;10:00:00;179580,00;179710,00;179020,00;179400,00;11009020,00;307
WINV26;02/07/2026;09:45:00;179960,00;179970,00;179390,00;179495,00;6323774,00;176
WINV26;02/07/2026;09:30:00;178700,00;180365,00;178290,00;180090,00;48089091,00;1337
WINV26;02/07/2026;09:15:00;178420,00;178745,00;178200,00;178685,00;4674013,00;131
WINV26;02/07/2026;09:00:00;178075,00;178605,00;177685,00;178370,00;57188389,00;1607
WINV26;01/07/2026;18:15:00;178235,00;178300,00;178235,00;178295,00;5596966,00;157
WINV26;01/07/2026;18:00:00;178230,00;178280,00;178160,00;178245,00;32968135,00;925
WINV26;01/07/2026;17:45:00;178155,00;178375,00;178150,00;178260,00;1818686,00;51
WINV26;01/07/2026;17:30:00;178020,00;178255,00;178020,00;178255,00;6555697,00;184
WINV26;01/07/2026;17:15:00;178045,00;178045,00;177950,00;177950,00;533943,00;15
WINV26;01/07/2026;17:00:00;177935,00;178105,00;177850,00;178090,00;8470739,00;238
WINV26;01/07/2026;16:45:00;178190,00;178200,00;177935,00;177990,00;1816021,00;51
WINV26;01/07/2026;16:30:00;178060,00;178170,00;177940,00;178125,00;8938480,00;251
WINV26;01/07/2026;16:15:00;178040,00;178255,00;178040,00;178070,00;1745790,00;49
WINV26;01/07/2026;16:00:00;177860,00;178285,00;177750,00;178050,00;4699480,00;132
WINV26;01/07/2026;15:45:00;177740,00;177775,00;177740,00;177775,00;142213,00;4
WINV26;01/07/2026;15:30:00;177790,00;177815,00;177750,00;177800,00;426703,00;12
WINV26;01/07/2026;15:15:00;177710,00;177960,00;177650,00;177840,00;3769127,00;106
WINV26;01/07/2026;15:00:00;178000,00;178030,00;177660,00;177775,00;3804362,00;107
WINV26;01/07/2026;14:45:00;178230,00;178230,00;177745,00;177910,00;7114591,00;200
WINV26;01/07/2026;14:30:00;178195,00;178300,00;178125,00;178265,00;1603751,00;45
WINV26;01/07/2026;14:15:00;178185,00;178260,00;178185,00;178260,00;962551,00;27
WINV26;01/07/2026;14:00:00;178160,00;178420,00;178115,00;178225,00;2531950,00;71
WINV26;01/07/2026;13:45:00;178260,00;178320,00;178030,00;178055,00;1781298,00;50
WINV26;01/07/2026;13:30:00;178270,00;178375,00;178200,00;178360,00;1568877,00;44
WINV26;01/07/2026;13:15:00;178130,00;178250,00;178000,00;178250,00;4773647,00;134
WINV26;01/07/2026;13:00:00;178035,00;178190,00;178020,00;178125,00;783735,00;22
WINV26;01/07/2026;12:45:00;178150,00;178250,00;177965,00;178030,00;7266563,00;204
WINV26;01/07/2026;12:30:00;177330,00;178125,00;177330,00;178125,00;14810822,00;417
WINV26;01/07/2026;12:15:00;177425,00;177560,00;177220,00;177350,00;16389069,00;462
WINV26;01/07/2026;12:00:00;177395,00;177560,00;177250,00;177315,00;5817611,00;164
WINV26;01/07/2026;11:45:00;177720,00;177850,00;177415,00;177450,00;14594986,00;411
WINV26;01/07/2026;11:30:00;177790,00;177920,00;177575,00;177590,00;5511056,00;155
WINV26;01/07/2026;11:15:00;177745,00;178200,00;177645,00;177820,00;21284657,00;598
WINV26;01/07/2026;11:00:00;177640,00;177820,00;177455,00;177765,00;7354426,00;207
WINV26;01/07/2026;10:45:00;177760,00;177945,00;177300,00;177515,00;32641725,00;919
WINV26;01/07/2026;10:30:00;176620,00;177800,00;176340,00;177800,00;24045737,00;678
WINV26;01/07/2026;10:15:00;176085,00;176700,00;175975,00;176585,00;23180635,00;657
WINV26;01/07/2026;10:00:00;176140,00;176260,00;175805,00;176075,00;129201837,00;3670
WINV26;01/07/2026;09:45:00;176110,00;176380,00;175925,00;176100,00;47399033,00;1346
WINV26;01/07/2026;09:30:00;176385,00;176455,00;176075,00;176100,00;10325645,00;293
WINV26;01/07/2026;09:15:00;176915,00;176955,00;176245,00;176380,00;39005134,00;1105
WINV26;01/07/2026;09:00:00;177760,00;177890,00;176450,00;177000,00;177857880,00;5019
WINV26;30/06/2026;18:15:00;178300,00;178400,00;178275,00;178330,00;56566739,00;1586
WINV26;30/06/2026;18:00:00;178400,00;178400,00;178315,00;178350,00;606400,00;17
WINV26;30/06/2026;17:45:00;178385,00;178420,00;178345,00;178420,00;2140796,00;60
WINV26;30/06/2026;17:30:00;178345,00;178345,00;178285,00;178285,00;499310,00;14
WINV26;30/06/2026;17:15:00;178470,00;178470,00;178280,00;178335,00;1748175,00;49
WINV26;30/06/2026;17:00:00;178510,00;178585,00;178485,00;178500,00;4677510,00;131
WINV26;30/06/2026;16:45:00;178630,00;178630,00;178455,00;178490,00;6355331,00;178
WINV26;30/06/2026;16:30:00;178675,00;178765,00;178590,00;178620,00;3145010,00;88
WINV26;30/06/2026;16:15:00;178600,00;178635,00;178500,00;178610,00;1250054,00;35
WINV26;30/06/2026;16:00:00;178775,00;178775,00;178555,00;178575,00;1429119,00;40
WINV26;30/06/2026;15:45:00;178675,00;178850,00;178650,00;178760,00;1716234,00;48
WINV26;30/06/2026;15:30:00;178850,00;178850,00;178695,00;178720,00;4611793,00;129
WINV26;30/06/2026;15:15:00;179005,00;179070,00;178860,00;178860,00;5942651,00;166
WINV26;30/06/2026;15:00:00;179070,00;179075,00;178875,00;178990,00;4688709,00;131
WINV26;30/06/2026;14:45:00;178900,00;179165,00;178900,00;179100,00;10203519,00;285
WINV26;30/06/2026;14:30:00;178735,00;178890,00;178685,00;178875,00;6007523,00;168
WINV26;30/06/2026;14:15:00;178655,00;178790,00;178575,00;178785,00;4395963,00;123
WINV26;30/06/2026;14:00:00;178480,00;178670,00;178410,00;178655,00;3927786,00;110
WINV26;30/06/2026;13:45:00;178610,00;178610,00;178475,00;178475,00;1249610,00;35
WINV26;30/06/2026;13:30:00;178820,00;178820,00;178535,00;178695,00;2322951,00;65
WINV26;30/06/2026;13:15:00;178620,00;178895,00;178510,00;178805,00;5576711,00;156
WINV26;30/06/2026;13:00:00;178500,00;178655,00;178395,00;178590,00;2820510,00;79
WINV26;30/06/2026;12:45:00;178285,00;178400,00;178230,00;178345,00;3103034,00;87
WINV26;30/06/2026;12:30:00;178085,00;178300,00;178085,00;178265,00;534577,00;15
WINV26;30/06/2026;12:15:00;178270,00;178300,00;177915,00;178150,00;4310356,00;121
WINV26;30/06/2026;12:00:00;177870,00;178435,00;177870,00;178270,00;8657623,00;243
WINV26;30/06/2026;11:45:00;177955,00;177955,00;177590,00;177890,00;9884444,00;278
WINV26;30/06/2026;11:30:00;177760,00;177890,00;177605,00;177890,00;5902517,00;166
WINV26;30/06/2026;11:15:00;178285,00;178515,00;177695,00;177755,00;20953738,00;588
WINV26;30/06/2026;11:00:00;177500,00;178320,00;177255,00;178260,00;116098691,00;3265
WINV26;30/06/2026;10:45:00;177080,00;177640,00;177080,00;177525,00;45626452,00;1286
WINV26;30/06/2026;10:30:00;177425,00;177625,00;176780,00;177035,00;120124059,00;3389
WINV26;30/06/2026;10:15:00;177435,00;177685,00;177220,00;177400,00;163351015,00;4603
WINV26;30/06/2026;10:00:00;178335,00;178345,00;177415,00;177435,00;117983260,00;3318
WINV26;30/06/2026;09:45:00;178755,00;178895,00;178330,00;178390,00;7286820,00;204
WINV26;30/06/2026;09:30:00;178510,00;178850,00;178420,00;178845,00;22890170,00;641
WINV26;30/06/2026;09:15:00;178670,00;178670,00;178085,00;178475,00;33007571,00;925
WINV26;30/06/2026;09:00:00;179650,00;179805,00;178635,00;178670,00;106159687,00;2959
WINV26;29/06/2026;18:15:00;179730,00;179730,00;179500,00;179500,00;2155108,00;60
WINV26;29/06/2026;18:00:00;179690,00;179730,00;179570,00;179650,00;46207641,00;1286
WINV26;29/06/2026;17:45:00;179705,00;179720,00;179665,00;179720,00;431215,00;12
WINV26;29/06/2026;17:30:00;179770,00;179775,00;179690,00;179695,00;1437832,00;40
WINV26;29/06/2026;17:15:00;179675,00;179800,00;179675,00;179780,00;1833203,00;51
WINV26;29/06/2026;17:00:00;179650,00;179710,00;179645,00;179645,00;1113982,00;31
WINV26;29/06/2026;16:45:00;179585,00;179700,00;179540,00;179585,00;2766187,00;77
WINV26;29/06/2026;16:30:00;179710,00;179740,00;179535,00;179550,00;1652615,00;46
WINV26;29/06/2026;16:15:00;179925,00;179925,00;179700,00;179760,00;4351185,00;121
WINV26;29/06/2026;16:00:00;179975,00;179985,00;179845,00;179925,00;1079434,00;30
WINV26;29/06/2026;15:45:00;180110,00;180120,00;179945,00;179955,00;1548199,00;43
WINV26;29/06/2026;15:30:00;179930,00;180110,00;179930,00;180110,00;1836496,00;51
WINV26;29/06/2026;15:15:00;179945,00;180010,00;179900,00;179970,00;1187871,00;33
WINV26;29/06/2026;15:00:00;179895,00;179990,00;179815,00;179990,00;5000512,00;139
WINV26;29/06/2026;14:45:00;179700,00;179795,00;179690,00;179795,00;1042514,00;29
WINV26;29/06/2026;14:30:00;179805,00;179830,00;179720,00;179720,00;1114582,00;31
WINV26;29/06/2026;14:15:00;179920,00;179920,00;179835,00;179850,00;1870708,00;52
WINV26;29/06/2026;14:00:00;179745,00;179905,00;179745,00;179905,00;1618532,00;45
WINV26;29/06/2026;13:45:00;179720,00;179975,00;179720,00;179750,00;19388448,00;539
WINV26;29/06/2026;13:30:00;179445,00;179710,00;179440,00;179695,00;91335613,00;2543
WINV26;29/06/2026;13:15:00;179235,00;179425,00;179235,00;179425,00;1183521,00;33
WINV26;29/06/2026;13:00:00;178995,00;179245,00;178985,00;179220,00;3366950,00;94
WINV26;29/06/2026;12:45:00;179140,00;179180,00;179000,00;179075,00;1862057,00;52
WINV26;29/06/2026;12:30:00;179375,00;179375,00;179060,00;179160,00;25115587,00;701
WINV26;29/06/2026;12:15:00;179435,00;179470,00;179220,00;179375,00;3227725,00;90
WINV26;29/06/2026;12:00:00;179550,00;179580,00;179255,00;179335,00;3551063,00;99
WINV26;29/06/2026;11:45:00;179615,00;179615,00;179400,00;179460,00;99888722,00;2783
WINV26;29/06/2026;11:30:00;179725,00;179900,00;179500,00;179655,00;6254561,00;174
WINV26;29/06/2026;11:15:00;179250,00;180020,00;179250,00;179770,00;320210538,00;8917
WINV26;29/06/2026;11:00:00;179490,00;179540,00;179055,00;179195,00;123753438,00;3451
WINV26;29/06/2026;10:45:00;179480,00;179650,00;179115,00;179540,00;247600551,00;6902
WINV26;29/06/2026;10:30:00;179530,00;179545,00;178710,00;179335,00;248925806,00;6946
WINV26;29/06/2026;10:15:00;179960,00;180020,00;179545,00;179545,00;13844737,00;385
WINV26;29/06/2026;10:00:00;180095,00;180415,00;179820,00;180095,00;10769495,00;299
WINV26;29/06/2026;09:45:00;179550,00;180095,00;179550,00;180045,00;5503760,00;153
WINV26;29/06/2026;09:30:00;179645,00;179920,00;179335,00;179550,00;15197590,00;423
WINV26;29/06/2026;09:15:00;180110,00;180130,00;179440,00;179470,00;21598759,00;601
WINV26;29/06/2026;09:00:00;180565,00;181000,00;179820,00;180080,00;104549471,00;2897
WINV26;26/06/2026;18:15:00;179940,00;179990,00;179865,00;179865,00;3778336,00;105
WINV26;26/06/2026;18:00:00;180075,00;180200,00;179910,00;179960,00;61246202,00;1701
WINV26;26/06/2026;17:45:00;180020,00;180140,00;180020,00;180085,00;2448942,00;68
WINV26;26/06/2026;17:30:00;180170,00;180170,00;179930,00;179950,00;2232448,00;62
WINV26;26/06/2026;17:15:00;179945,00;180265,00;179945,00;180265,00;9691158,00;269
WINV26;26/06/2026;17:00:00;180000,00;180060,00;179850,00;179915,00;4103193,00;114
WINV26;26/06/2026;16:45:00;179965,00;180055,00;179850,00;179930,00;3059183,00;85
WINV26;26/06/2026;16:30:00;180015,00;180105,00;179915,00;179965,00;3024086,00;84
WINV26;26/06/2026;16:15:00;180160,00;180170,00;179980,00;180120,00;2124898,00;59
WINV26;26/06/2026;16:00:00;180195,00;180245,00;180050,00;180150,00;6125322,00;170
WINV26;26/06/2026;15:45:00;180250,00;180250,00;180070,00;180180,00;79697548,00;2212
WINV26;26/06/2026;15:30:00;180455,00;180490,00;180260,00;180260,00;3029164,00;84
WINV26;26/06/2026;15:15:00;180415,00;180630,00;180360,00;180425,00;2707489,00;75
WINV26;26/06/2026;15:00:00;180345,00;180605,00;180345,00;180395,00;7580391,00;210
WINV26;26/06/2026;14:45:00;180420,00;180450,00;180335,00;180375,00;1443128,00;40
WINV26;26/06/2026;14:30:00;180395,00;180430,00;180250,00;180400,00;1551175,00;43
WINV26;26/06/2026;14:15:00;180300,00;180325,00;180130,00;180290,00;2054503,00;57
WINV26;26/06/2026;14:00:00;180140,00;180455,00;180140,00;180315,00;38510780,00;1068
WINV26;26/06/2026;13:45:00;180095,00;180105,00;179940,00;180105,00;27147264,00;754
WINV26;26/06/2026;13:30:00;180120,00;180405,00;180115,00;180115,00;51448913,00;1427
WINV26;26/06/2026;13:15:00;180230,00;180230,00;180050,00;180050,00;5223355,00;145
WINV26;26/06/2026;13:00:00;180230,00;180260,00;180065,00;180075,00;1693929,00;47
WINV26;26/06/2026;12:45:00;180060,00;180220,00;179845,00;180180,00;9720592,00;270
WINV26;26/06/2026;12:30:00;180045,00;180130,00;179790,00;180050,00;1763903,00;49
WINV26;26/06/2026;12:15:00;179570,00;180015,00;179520,00;180005,00;5467399,00;152
WINV26;26/06/2026;12:00:00;179525,00;179750,00;179480,00;179690,00;5172821,00;144
WINV26;26/06/2026;11:45:00;179185,00;179590,00;179075,00;179480,00;4233024,00;118
WINV26;26/06/2026;11:30:00;178920,00;179400,00;178855,00;179230,00;6701059,00;187
WINV26;26/06/2026;11:15:00;178280,00;179290,00;178280,00;178960,00;134792688,00;3773
WINV26;26/06/2026;11:00:00;178285,00;178385,00;178000,00;178285,00;784168,00;22
WINV26;26/06/2026;10:45:00;177685,00;178250,00;177550,00;178235,00;3060927,00;86
WINV26;26/06/2026;10:30:00;177830,00;178115,00;177600,00;177685,00;26623072,00;749
WINV26;26/06/2026;10:15:00;177855,00;177940,00;177490,00;177770,00;6041730,00;170
WINV26;26/06/2026;10:00:00;178200,00;178305,00;177915,00;177950,00;24251262,00;681
WINV26;26/06/2026;09:45:00;178335,00;178515,00;178230,00;178265,00;3032944,00;85
WINV26;26/06/2026;09:30:00;178750,00;178800,00;178195,00;178385,00;10596766,00;297
WINV26;26/06/2026;09:15:00;178815,00;179210,00;178550,00;178745,00;15244707,00;426
WINV26;26/06/2026;09:00:00;177605,00;178750,00;177465,00;178750,00;57342916,00;1611
WINV26;25/06/2026;18:15:00;178475,00;178520,00;178355,00;178355,00;1784429,00;50
WINV26;25/06/2026;18:00:00;178590,00;178590,00;178500,00;178530,00;26280940,00;736
WINV26;25/06/2026;17:45:00;178585,00;178620,00;178535,00;178535,00;4535550,00;127
WINV26;25/06/2026;17:30:00;178690,00;178690,00;178530,00;178550,00;2393351,00;67
WINV26;25/06/2026;17:15:00;178705,00;178745,00;178705,00;178745,00;4039371,00;113
WINV26;25/06/2026;17:00:00;178595,00;178735,00;178595,00;178660,00;3930455,00;110
WINV26;25/06/2026;16:45:00;178640,00;178640,00;178425,00;178495,00;4747415,00;133
WINV26;25/06/2026;16:30:00;178705,00;178805,00;178665,00;178665,00;2894945,00;81
WINV26;25/06/2026;16:15:00;178710,00;178850,00;178710,00;178830,00;1787800,00;50
WINV26;25/06/2026;16:00:00;178730,00;178895,00;178715,00;178895,00;679360,00;19
WINV26;25/06/2026;15:45:00;178775,00;178800,00;178650,00;178800,00;1465411,00;41
WINV26;25/06/2026;15:30:00;179005,00;179005,00;178610,00;178640,00;4220153,00;118
WINV26;25/06/2026;15:15:00;178735,00;179115,00;178735,00;179025,00;2792491,00;78
WINV26;25/06/2026;15:00:00;179135,00;179135,00;178550,00;178790,00;13799349,00;386
WINV26;25/06/2026;14:45:00;179010,00;179260,00;179010,00;179160,00;3081965,00;86
WINV26;25/06/2026;14:30:00;179150,00;179155,00;179150,00;179155,00;143322,00;4
WINV26;25/06/2026;14:15:00;179300,00;179345,00;178850,00;179065,00;14350822,00;401
WINV26;25/06/2026;14:00:00;179400,00;179445,00;179400,00;179445,00;251185,00;7
WINV26;25/06/2026;13:45:00;179275,00;179530,00;179255,00;179340,00;7243430,00;202
WINV26;25/06/2026;13:30:00;179655,00;179655,00;179200,00;179200,00;1435496,00;40
WINV26;25/06/2026;13:15:00;179850,00;179900,00;179650,00;179650,00;1978650,00;55
WINV26;25/06/2026;13:00:00;179570,00;179875,00;179570,00;179850,00;826956,00;23
WINV26;25/06/2026;12:45:00;179690,00;179760,00;179500,00;179615,00;539003,00;15
WINV26;25/06/2026;12:30:00;179525,00;179760,00;179525,00;179760,00;2370467,00;66
WINV26;25/06/2026;12:15:00;179065,00;179500,00;179035,00;179495,00;4269291,00;119
WINV26;25/06/2026;12:00:00;179190,00;179385,00;178960,00;179110,00;4048607,00;113
WINV26;25/06/2026;11:45:00;179790,00;179790,00;179100,00;179220,00;46145354,00;1286
WINV26;25/06/2026;11:30:00;179655,00;179935,00;179510,00;179755,00;10999234,00;306
WINV26;25/06/2026;11:15:00;178880,00;179635,00;178630,00;179635,00;5231602,00;146
WINV26;25/06/2026;11:00:00;178040,00;179140,00;178040,00;178775,00;22130054,00;619
WINV26;25/06/2026;10:45:00;178075,00;178370,00;177855,00;177915,00;4950912,00;139
WINV26;25/06/2026;10:30:00;178445,00;178570,00;177575,00;178075,00;16058229,00;451
WINV26;25/06/2026;10:15:00;179210,00;179470,00;178265,00;178445,00;68142587,00;1903
WINV26;25/06/2026;10:00:00;178175,00;179255,00;178085,00;179210,00;227650824,00;6361
WINV26;25/06/2026;09:45:00;178770,00;178900,00;178170,00;178170,00;27062654,00;757
WINV26;25/06/2026;09:30:00;178365,00;178910,00;178305,00;178780,00;29603069,00;828
WINV26;25/06/2026;09:15:00;178140,00;178540,00;178010,00;178375,00;9516237,00;267
WINV26;25/06/2026;09:00:00;177650,00;178775,00;177460,00;178220,00;120418109,00;3377
WINV26;24/06/2026;18:15:00;178055,00;178055,00;177845,00;177845,00;29115443,00;818
WINV26;24/06/2026;18:00:00;177880,00;178180,00;177880,00;178045,00;29059678,00;816
WINV26;24/06/2026;17:45:00;177795,00;177850,00;177695,00;177840,00;5582990,00;157
WINV26;24/06/2026;17:30:00;177650,00;177785,00;177565,00;177770,00;1101757,00;31
WINV26;24/06/2026;17:15:00;177510,00;177605,00;177475,00;177575,00;1384812,00;39
WINV26;24/06/2026;17:00:00;177195,00;177665,00;177190,00;177600,00;2698013,00;76
WINV26;24/06/2026;16:45:00;177180,00;177220,00;177130,00;177145,00;19066544,00;538
WINV26;24/06/2026;16:30:00;177240,00;177240,00;177100,00;177130,00;13816033,00;390
WINV26;24/06/2026;16:15:00;177310,00;177395,00;177225,00;177330,00;20466000,00;577
WINV26;24/06/2026;16:00:00;177145,00;177315,00;177000,00;177315,00;5918384,00;167
WINV26;24/06/2026;15:45:00;177015,00;177230,00;176850,00;177070,00;2053352,00;58
WINV26;24/06/2026;15:30:00;176955,00;177060,00;176910,00;177060,00;743239,00;21
WINV26;24/06/2026;15:15:00;176905,00;177070,00;176870,00;176915,00;8848768,00;250
WINV26;24/06/2026;15:00:00;176755,00;177000,00;176755,00;176905,00;2122568,00;60
WINV26;24/06/2026;14:45:00;176365,00;176860,00;176345,00;176675,00;17358046,00;491
WINV26;24/06/2026;14:30:00;176500,00;176615,00;176400,00;176410,00;13594949,00;385
WINV26;24/06/2026;14:15:00;176640,00;176680,00;176305,00;176490,00;82101142,00;2327
WINV26;24/06/2026;14:00:00;176895,00;176995,00;176675,00;176675,00;282839,00;8
WINV26;24/06/2026;13:45:00;176915,00;177065,00;176860,00;176890,00;778735,00;22
WINV26;24/06/2026;13:30:00;176870,00;177190,00;176860,00;176930,00;6372530,00;180
WINV26;24/06/2026;13:15:00;176775,00;176970,00;176775,00;176865,00;459835,00;13
WINV26;24/06/2026;13:00:00;176750,00;176780,00;176650,00;176780,00;388798,00;11
WINV26;24/06/2026;12:45:00;176880,00;177000,00;176790,00;176790,00;884519,00;25
WINV26;24/06/2026;12:30:00;177035,00;177035,00;176680,00;176850,00;2016210,00;57
WINV26;24/06/2026;12:15:00;176935,00;177160,00;176805,00;176980,00;8003813,00;226
WINV26;24/06/2026;12:00:00;176675,00;176905,00;176490,00;176905,00;4417705,00;125
WINV26;24/06/2026;11:45:00;176660,00;176940,00;176445,00;176655,00;25486614,00;721
WINV26;24/06/2026;11:30:00;176625,00;176700,00;176245,00;176610,00;92998304,00;2637
WINV26;24/06/2026;11:15:00;177115,00;177115,00;176490,00;176670,00;19830385,00;561
WINV26;24/06/2026;11:00:00;177080,00;177350,00;176885,00;177000,00;22061031,00;623
WINV26;24/06/2026;10:45:00;177290,00;177525,00;176825,00;177040,00;9285557,00;262
WINV26;24/06/2026;10:30:00;178060,00;178100,00;176950,00;177350,00;31915949,00;899
WINV26;24/06/2026;10:15:00;177270,00;178035,00;176985,00;177975,00;48067514,00;1353
WINV26;24/06/2026;10:00:00;176735,00;177360,00;175970,00;177180,00;32276989,00;914
WINV26;24/06/2026;09:45:00;176735,00;176850,00;176560,00;176735,00;1979354,00;56
WINV26;24/06/2026;09:30:00;176820,00;176870,00;176570,00;176695,00;1449103,00;41
WINV26;24/06/2026;09:15:00;176910,00;177095,00;176610,00;176765,00;8201794,00;232
WINV26;24/06/2026;09:00:00;177945,00;178450,00;176825,00;176840,00;98503983,00;2767
WINV26;23/06/2026;18:15:00;178605,00;178650,00;178460,00;178510,00;30416037,00;852
WINV26;23/06/2026;18:00:00;178390,00;178645,00;178375,00;178610,00;29609317,00;829
WINV26;23/06/2026;17:45:00;178345,00;178480,00;178345,00;178395,00;3389872,00;95
WINV26;23/06/2026;17:30:00;178310,00;178375,00;178240,00;178375,00;1283843,00;36
WINV26;23/06/2026;17:15:00;178180,00;178335,00;178170,00;178315,00;1247857,00;35
WINV26;23/06/2026;17:00:00;178080,00;178245,00;178000,00;178160,00;3278084,00;92
WINV26;23/06/2026;16:45:00;178350,00;178350,00;178060,00;178115,00;1782020,00;50
WINV26;23/06/2026;16:30:00;178340,00;178490,00;178245,00;178380,00;3709466,00;104
WINV26;23/06/2026;16:15:00;178060,00;178345,00;178060,00;178300,00;1746823,00;49
WINV26;23/06/2026;16:00:00;177940,00;178175,00;177920,00;178095,00;747647,00;21
WINV26;23/06/2026;15:45:00;177860,00;177950,00;177805,00;177920,00;1067321,00;30
WINV26;23/06/2026;15:30:00;177860,00;178025,00;177850,00;177860,00;1103232,00;31
WINV26;23/06/2026;15:15:00;178205,00;178205,00;177915,00;177915,00;1744914,00;49
WINV26;23/06/2026;15:00:00;178270,00;178315,00;178145,00;178200,00;1104972,00;31
WINV26;23/06/2026;14:45:00;178255,00;178335,00;178175,00;178175,00;2353137,00;66
WINV26;23/06/2026;14:30:00;178200,00;178225,00;178120,00;178225,00;855199,00;24
WINV26;23/06/2026;14:15:00;178150,00;178255,00;178100,00;178255,00;748357,00;21
WINV26;23/06/2026;14:00:00;178090,00;178235,00;177955,00;178150,00;890324,00;25
WINV26;23/06/2026;13:45:00;178200,00;178255,00;178050,00;178125,00;2707684,00;76
WINV26;23/06/2026;13:30:00;178165,00;178430,00;178100,00;178245,00;2637825,00;74
WINV26;23/06/2026;13:15:00;178075,00;178215,00;177960,00;178150,00;3169893,00;89
WINV26;23/06/2026;13:00:00;177585,00;178285,00;177565,00;178125,00;10428785,00;293
WINV26;23/06/2026;12:45:00;177305,00;177585,00;177225,00;177530,00;2093895,00;59
WINV26;23/06/2026;12:30:00;177575,00;177635,00;177265,00;177390,00;3726663,00;105
WINV26;23/06/2026;12:15:00;177755,00;177795,00;177520,00;177520,00;1811963,00;51
WINV26;23/06/2026;12:00:00;177600,00;178000,00;177580,00;177680,00;7433884,00;209
WINV26;23/06/2026;11:45:00;177505,00;177890,00;177475,00;177630,00;33353809,00;938
WINV26;23/06/2026;11:30:00;177390,00;177610,00;177245,00;177605,00;2839801,00;80
WINV26;23/06/2026;11:15:00;176735,00;177500,00;176735,00;177500,00;4077015,00;115
WINV26;23/06/2026;11:00:00;176565,00;177135,00;176525,00;176770,00;7500981,00;212
WINV26;23/06/2026;10:45:00;176145,00;176655,00;175980,00;176545,00;28414840,00;805
WINV26;23/06/2026;10:30:00;176000,00;176795,00;176000,00;176125,00;33518411,00;950
WINV26;23/06/2026;10:15:00;175740,00;176030,00;175345,00;176030,00;11877148,00;338
WINV26;23/06/2026;10:00:00;175500,00;175725,00;175130,00;175725,00;19034087,00;543
WINV26;23/06/2026;09:45:00;175585,00;175600,00;175220,00;175410,00;20489206,00;584
WINV26;23/06/2026;09:30:00;175410,00;175685,00;175385,00;175550,00;9898619,00;282
WINV26;23/06/2026;09:15:00;175550,00;175750,00;175415,00;175425,00;7303412,00;208
WINV26;23/06/2026;09:00:00;176160,00;176160,00;175190,00;175600,00;43907711,00;1251
WINV26;22/06/2026;18:15:00;177350,00;177390,00;177155,00;177155,00;4468827,00;126
WINV26;22/06/2026;18:00:00;177370,00;177375,00;177270,00;177345,00;30318045,00;855
WINV26;22/06/2026;17:45:00;177275,00;177395,00;177260,00;177395,00;32986884,00;930
WINV26;22/06/2026;17:30:00;177165,00;177320,00;177165,00;177285,00;1417660,00;40
WINV26;22/06/2026;17:15:00;177125,00;177165,00;177060,00;177115,00;318819,00;9
WINV26;22/06/2026;17:00:00;177225,00;177225,00;177020,00;177120,00;1558363,00;44
WINV26;22/06/2026;16:45:00;177345,00;177345,00;177245,00;177245,00;283653,00;8
WINV26;22/06/2026;16:30:00;177420,00;177495,00;177255,00;177300,00;1454434,00;41
WINV26;22/06/2026;16:15:00;177535,00;177545,00;177450,00;177450,00;212989,00;6
WINV26;22/06/2026;16:00:00;177270,00;177600,00;177270,00;177560,00;2342719,00;66
WINV26;22/06/2026;15:45:00;177425,00;177425,00;177270,00;177270,00;638547,00;18
WINV26;22/06/2026;15:30:00;177240,00;177335,00;177240,00;177335,00;425407,00;12
WINV26;22/06/2026;15:15:00;177285,00;177380,00;177275,00;177275,00;1595562,00;45
WINV26;22/06/2026;15:00:00;177175,00;177290,00;177155,00;177285,00;1595258,00;45
WINV26;22/06/2026;14:45:00;176980,00;177165,00;176980,00;177070,00;283354,00;8
WINV26;22/06/2026;14:30:00;177145,00;177145,00;176935,00;177005,00;2761219,00;78
WINV26;22/06/2026;14:15:00;177380,00;177520,00;177175,00;177195,00;3475504,00;98
WINV26;22/06/2026;14:00:00;177345,00;177485,00;177300,00;177330,00;3369949,00;95
WINV26;22/06/2026;13:45:00;177205,00;177425,00;177205,00;177415,00;5606001,00;158
WINV26;22/06/2026;13:30:00;177020,00;177295,00;177020,00;177250,00;1382223,00;39
WINV26;22/06/2026;13:15:00;176770,00;177065,00;176770,00;176990,00;1946638,00;55
WINV26;22/06/2026;13:00:00;176900,00;176925,00;176770,00;176770,00;2051586,00;58
WINV26;22/06/2026;12:45:00;177245,00;177245,00;176950,00;177105,00;920552,00;26
WINV26;22/06/2026;12:30:00;177210,00;177220,00;177190,00;177190,00;496199,00;14
WINV26;22/06/2026;12:15:00;177310,00;177355,00;177095,00;177285,00;1063194,00;30
WINV26;22/06/2026;12:00:00;177550,00;177575,00;177200,00;177340,00;1737985,00;49
WINV26;22/06/2026;11:45:00;176835,00;177520,00;176835,00;177450,00;2268236,00;64
WINV26;22/06/2026;11:30:00;176785,00;176905,00;176710,00;176875,00;778068,00;22
WINV26;22/06/2026;11:15:00;176920,00;177100,00;176750,00;176900,00;4991944,00;141
WINV26;22/06/2026;11:00:00;176470,00;177035,00;176470,00;177015,00;5904313,00;167
WINV26;22/06/2026;10:45:00;176395,00;176870,00;176225,00;176655,00;2366157,00;67
WINV26;22/06/2026;10:30:00;176965,00;176965,00;175950,00;176155,00;5226560,00;148
WINV26;22/06/2026;10:15:00;176595,00;177195,00;176555,00;176950,00;22913931,00;648
WINV26;22/06/2026;10:00:00;175120,00;176550,00;175120,00;176550,00;52703802,00;1498
WINV26;22/06/2026;09:45:00;175105,00;175300,00;175035,00;175140,00;6166066,00;176
WINV26;22/06/2026;09:30:00;175065,00;175220,00;174975,00;175215,00;4482265,00;128
WINV26;22/06/2026;09:15:00;174565,00;175200,00;174565,00;174865,00;36179735,00;1034
WINV26;22/06/2026;09:00:00;175205,00;175260,00;173975,00;174585,00;34490329,00;989
WINV26;19/06/2026;18:15:00;175255,00;175610,00;175000,00;175450,00;49023722,00;1399
WINV26;19/06/2026;18:00:00;175165,00;175260,00;175165,00;175260,00;1787392,00;51
WINV26;19/06/2026;17:45:00;175045,00;175115,00;175045,00;175115,00;1925842,00;55
WINV26;19/06/2026;17:30:00;175140,00;175140,00;175045,00;175060,00;700362,00;20
WINV26;19/06/2026;17:15:00;175095,00;175115,00;175095,00;175115,00;105065,00;3
WINV26;19/06/2026;17:00:00;175025,00;175215,00;175020,00;175130,00;2241271,00;64
WINV26;19/06/2026;16:45:00;175080,00;175310,00;175080,00;175160,00;3329799,00;95
WINV26;19/06/2026;16:30:00;175180,00;175180,00;175000,00;175040,00;2800561,00;80
WINV26;19/06/2026;16:15:00;175225,00;175285,00;175165,00;175225,00;490588,00;14
WINV26;19/06/2026;16:00:00;175390,00;175390,00;175205,00;175205,00;1893031,00;54
WINV26;19/06/2026;15:45:00;175445,00;175445,00;175405,00;175405,00;70170,00;2
WINV26;19/06/2026;15:30:00;175380,00;175490,00;175340,00;175490,00;1087439,00;31
WINV26;19/06/2026;15:15:00;175505,00;175505,00;175400,00;175470,00;736990,00;21
WINV26;19/06/2026;15:00:00;175430,00;175520,00;175360,00;175500,00;1228082,00;35
WINV26;19/06/2026;14:45:00;175415,00;175635,00;175325,00;175525,00;4351654,00;124
WINV26;19/06/2026;14:30:00;175035,00;175465,00;175020,00;175395,00;4764709,00;136
WINV26;19/06/2026;14:15:00;174945,00;175105,00;174945,00;175015,00;4515472,00;129
WINV26;19/06/2026;14:00:00;174775,00;174810,00;174770,00;174810,00;1433142,00;41
WINV26;19/06/2026;13:45:00;174910,00;174925,00;174735,00;174760,00;4894661,00;140
WINV26;19/06/2026;13:30:00;175010,00;175010,00;174800,00;174800,00;2412607,00;69
WINV26;19/06/2026;13:15:00;175015,00;175110,00;175015,00;175110,00;560178,00;16
WINV26;19/06/2026;13:00:00;175100,00;175115,00;174925,00;174925,00;1680073,00;48
WINV26;19/06/2026;12:45:00;175200,00;175200,00;175000,00;175040,00;2940260,00;84
WINV26;19/06/2026;12:30:00;175245,00;175245,00;175100,00;175140,00;1085838,00;31
WINV26;19/06/2026;12:15:00;175400,00;175400,00;175170,00;175170,00;1332181,00;38
WINV26;19/06/2026;12:00:00;175190,00;175465,00;175190,00;175395,00;1648489,00;47
WINV26;19/06/2026;11:45:00;175185,00;175305,00;175085,00;175285,00;1226512,00;35
WINV26;19/06/2026;11:30:00;175260,00;175380,00;175165,00;175275,00;2173852,00;62
WINV26;19/06/2026;11:15:00;175240,00;175305,00;175080,00;175295,00;3855214,00;110
WINV26;19/06/2026;11:00:00;174590,00;175365,00;174590,00;175265,00;5707930,00;163
WINV26;19/06/2026;10:45:00;175080,00;175080,00;174500,00;174500,00;24077004,00;689
WINV26;19/06/2026;10:30:00;175250,00;175300,00;174895,00;175135,00;4972384,00;142
WINV26;19/06/2026;10:15:00;175225,00;175575,00;175025,00;175300,00;2909946,00;83
WINV26;19/06/2026;10:00:00;175145,00;175660,00;175115,00;175235,00;5158206,00;147
WINV26;19/06/2026;09:45:00;175025,00;175340,00;174850,00;175220,00;6343075,00;181
WINV26;19/06/2026;09:30:00;174670,00;175080,00;174670,00;175080,00;4195657,00;120
WINV26;19/06/2026;09:15:00;174845,00;174935,00;174620,00;174635,00;17541344,00;502
WINV26;19/06/2026;09:00:00;175200,00;175890,00;174780,00;174945,00;47396691,00;1354
WINV26;18/06/2026;18:15:00;175580,00;175685,00;175510,00;175685,00;1053365,00;30
WINV26;18/06/2026;18:00:00;175435,00;175610,00;175435,00;175545,00;4809852,00;137
WINV26;18/06/2026;17:45:00;175395,00;175490,00;175395,00;175490,00;2139998,00;61
WINV26;18/06/2026;17:30:00;175400,00;175445,00;175305,00;175425,00;49835719,00;1421
WINV26;18/06/2026;17:15:00;175350,00;175380,00;175320,00;175380,00;1122396,00;32
WINV26;18/06/2026;17:00:00;175255,00;175400,00;175255,00;175400,00;2139130,00;61
WINV26;18/06/2026;16:45:00;175295,00;175370,00;175290,00;175370,00;1157212,00;33
WINV26;18/06/2026;16:30:00;175235,00;175255,00;175090,00;175185,00;2312216,00;66
WINV26;18/06/2026;16:15:00;175200,00;175440,00;175200,00;175340,00;1859170,00;53
WINV26;18/06/2026;16:00:00;175225,00;175345,00;175225,00;175345,00;420791,00;12
WINV26;18/06/2026;15:45:00;175330,00;175435,00;175245,00;175270,00;2560171,00;73
WINV26;18/06/2026;15:30:00;175365,00;175550,00;175335,00;175405,00;6000350,00;171
WINV26;18/06/2026;15:15:00;175080,00;175395,00;175080,00;175370,00;4453672,00;127
WINV26;18/06/2026;15:00:00;175090,00;175165,00;174880,00;175110,00;2869860,00;82
WINV26;18/06/2026;14:45:00;175065,00;175225,00;175015,00;175180,00;1190731,00;34
WINV26;18/06/2026;14:30:00;175180,00;175230,00;174980,00;175050,00;1681001,00;48
WINV26;18/06/2026;14:15:00;175130,00;175330,00;175110,00;175110,00;1542410,00;44
WINV26;18/06/2026;14:00:00;175250,00;175380,00;175080,00;175200,00;2208145,00;63
WINV26;18/06/2026;13:45:00;175130,00;175250,00;175080,00;175250,00;490425,00;14
WINV26;18/06/2026;13:30:00;175195,00;175195,00;175030,00;175080,00;735464,00;21
WINV26;18/06/2026;13:15:00;175050,00;175155,00;174935,00;175155,00;2555696,00;73
WINV26;18/06/2026;13:00:00;175350,00;175350,00;175050,00;175100,00;3854220,00;110
WINV26;18/06/2026;12:45:00;175400,00;175575,00;175400,00;175450,00;1860355,00;53
WINV26;18/06/2026;12:30:00;175600,00;175725,00;175300,00;175420,00;2140256,00;61
WINV26;18/06/2026;12:15:00;175710,00;175840,00;175540,00;175670,00;1861906,00;53
WINV26;18/06/2026;12:00:00;175845,00;175950,00;175565,00;175755,00;1581481,00;45
WINV26;18/06/2026;11:45:00;176305,00;176305,00;175800,00;175845,00;6232695,00;177
WINV26;18/06/2026;11:30:00;176330,00;176675,00;176325,00;176335,00;13278367,00;376
WINV26;18/06/2026;11:15:00;175900,00;176320,00;175900,00;176170,00;5849352,00;166
WINV26;18/06/2026;11:00:00;175780,00;176020,00;175730,00;175975,00;1582906,00;45
WINV26;18/06/2026;10:45:00;175790,00;176240,00;175710,00;175920,00;16154792,00;459
WINV26;18/06/2026;10:30:00;175455,00;175960,00;175300,00;175960,00;18645443,00;531
WINV26;18/06/2026;10:15:00;175180,00;175450,00;174875,00;175320,00;3924167,00;112
WINV26;18/06/2026;10:00:00;175205,00;175610,00;175050,00;175050,00;5012306,00;143
WINV26;18/06/2026;09:45:00;175115,00;175125,00;174980,00;175005,00;1715572,00;49
WINV26;18/06/2026;09:30:00;175000,00;175300,00;174810,00;175040,00;13163505,00;376
WINV26;18/06/2026;09:15:00;174970,00;175025,00;174700,00;174980,00;13853366,00;396
WINV26;18/06/2026;09:00:00;175300,00;175500,00;173970,00;175025,00;22920884,00;656
WINV26;17/06/2026;18:15:00;175140,00;175300,00;175020,00;175300,00;805636,00;23
WINV26;17/06/2026;18:00:00;175150,00;175150,00;175150,00;175150,00;35030,00;1
WINV26;17/06/2026;17:45:00;175200,00;175295,00;175155,00;175295,00;490613,00;14
WINV26;17/06/2026;17:30:00;175400,00;175450,00;175160,00;175160,00;210354,00;6
WINV26;17/06/2026;17:15:00;175180,00;175450,00;175150,00;175450,00;1402722,00;40
WINV26;17/06/2026;17:00:00;175195,00;175330,00;175195,00;175330,00;105161,00;3
WINV26;17/06/2026;16:45:00;175095,00;175350,00;175095,00;175290,00;490886,00;14
WINV26;17/06/2026;16:30:00;175500,00;175580,00;175000,00;175000,00;491073,00;14
WINV26;17/06/2026;16:15:00;176675,00;176675,00;175550,00;175550,00;1797038,00;51
WINV26;17/06/2026;16:00:00;177210,00;177210,00;176655,00;176655,00;885012,00;25
WINV26;17/06/2026;15:45:00;177760,00;177760,00;177225,00;177225,00;354840,00;10
WINV26;17/06/2026;15:30:00;177500,00;177570,00;177250,00;177560,00;2199240,00;62
WINV26;17/06/2026;15:15:00;177180,00;177345,00;177100,00;177100,00;673268,00;19
WINV26;17/06/2026;15:00:00;178510,00;178510,00;177000,00;177270,00;3018032,00;85
WINV26;17/06/2026;14:45:00;178500,00;178785,00;178385,00;178785,00;607196,00;17
WINV26;17/06/2026;14:30:00;178410,00;178490,00;178290,00;178440,00;999064,00;28
WINV26;17/06/2026;14:15:00;178750,00;178750,00;178625,00;178625,00;107225,00;3
WINV26;17/06/2026;14:00:00;178775,00;179120,00;178775,00;179120,00;1681738,00;47
WINV26;17/06/2026;13:45:00;178405,00;178835,00;178405,00;178625,00;714433,00;20
WINV26;17/06/2026;13:30:00;178440,00;178615,00;178440,00;178500,00;178522,00;5
WINV26;17/06/2026;13:15:00;178485,00;178645,00;178485,00;178640,00;178592,00;5
WINV26;17/06/2026;13:00:00;178400,00;178400,00;178400,00;178400,00;214080,00;6
WINV26;17/06/2026;12:30:00;178350,00;178350,00;178150,00;178150,00;71300,00;2
WINV26;17/06/2026;12:15:00;178160,00;178300,00;177995,00;178300,00;712854,00;20
WINV26;17/06/2026;12:00:00;178200,00;178215,00;178045,00;178215,00;142531,00;4
WINV26;17/06/2026;11:45:00;178060,00;178400,00;178060,00;178400,00;71292,00;2
WINV26;17/06/2026;11:30:00;178655,00;178655,00;178275,00;178500,00;2248185,00;63
WINV26;17/06/2026;11:15:00;178010,00;178440,00;177955,00;178440,00;285079,00;8
WINV26;17/06/2026;11:00:00;177885,00;178465,00;177885,00;178140,00;534600,00;15
WINV26;17/06/2026;10:45:00;178130,00;178130,00;177805,00;177835,00;1067196,00;30
WINV26;17/06/2026;10:30:00;178000,00;178855,00;177900,00;177900,00;5492305,00;154
WINV26;17/06/2026;10:15:00;177940,00;178400,00;177805,00;177985,00;1780504,00;50
WINV26;17/06/2026;10:00:00;177400,00;177830,00;177400,00;177735,00;319924,00;9
WINV26;17/06/2026;09:45:00;177385,00;177700,00;177385,00;177700,00;248517,00;7
WINV26;17/06/2026;09:30:00;177185,00;177370,00;177060,00;177200,00;389898,00;11
WINV26;17/06/2026;09:15:00;176840,00;177485,00;176680,00;177460,00;3082165,00;87
WINV26;17/06/2026;09:00:00;176690,00;177220,00;176070,00;176835,00;10072022,00;285
WINV26;16/06/2026;18:15:00;176600,00;176815,00;176600,00;176815,00;106046,00;3
WINV26;16/06/2026;17:45:00;176500,00;176500,00;176500,00;176500,00;35300,00;1
WINV26;16/06/2026;17:30:00;176675,00;176675,00;176600,00;176600,00;105975,00;3
WINV26;16/06/2026;16:00:00;176800,00;176800,00;176700,00;176700,00;70700,00;2
WINV26;16/06/2026;15:45:00;177115,00;177115,00;176875,00;176875,00;106194,00;3
WINV26;16/06/2026;15:15:00;177115,00;177115,00;177115,00;177115,00;177115,00;5
WINV26;16/06/2026;13:45:00;177100,00;177125,00;177100,00;177125,00;389625,00;11
WINV26;16/06/2026;13:30:00;177200,00;177200,00;177200,00;177200,00;354400,00;10
WINV26;16/06/2026;12:00:00;176645,00;176645,00;176645,00;176645,00;35329,00;1
WINV26;16/06/2026;11:45:00;176815,00;176815,00;176815,00;176815,00;35363,00;1
WINV26;16/06/2026;11:30:00;176505,00;176505,00;176500,00;176500,00;70601,00;2
WINV26;16/06/2026;11:00:00;177175,00;177175,00;177175,00;177175,00;35435,00;1
WINV26;16/06/2026;10:45:00;176865,00;177155,00;176865,00;177155,00;212304,00;6
WINV26;16/06/2026;10:30:00;176550,00;176765,00;176550,00;176765,00;529899,00;15
WINV26;16/06/2026;10:15:00;176690,00;176690,00;176690,00;176690,00;353380,00;10
WINV26;16/06/2026;10:00:00;176600,00;176600,00;176600,00;176600,00;35320,00;1
WINV26;16/06/2026;09:45:00;177075,00;177075,00;177000,00;177000,00;106216,00;3
WINV26;16/06/2026;09:30:00;177200,00;177200,00;177200,00;177200,00;177200,00;5
WINV26;16/06/2026;09:15:00;177440,00;177720,00;177440,00;177720,00;71032,00;2
WINV26;16/06/2026;09:00:00;178000,00;178000,00;177250,00;177250,00;71050,00;2
WINV26;15/06/2026;18:00:00;177900,00;177900,00;177800,00;177800,00;213380,00;6
WINV26;15/06/2026;16:30:00;178000,00;178190,00;178000,00;178190,00;391980,00;11
WINV26;15/06/2026;16:15:00;178000,00;178000,00;177800,00;177800,00;711800,00;20
WINV26;15/06/2026;15:30:00;178000,00;178000,00;178000,00;178000,00;35600,00;1
WINV26;15/06/2026;15:00:00;178500,00;178500,00;178000,00;178000,00;249795,00;7
WINV26;15/06/2026;14:30:00;178785,00;178785,00;178745,00;178745,00;393319,00;11
WINV26;15/06/2026;14:00:00;179000,00;179000,00;179000,00;179000,00;35800,00;1
WINV26;15/06/2026;13:45:00;179060,00;179060,00;179060,00;179060,00;1074360,00;30
WINV26;15/06/2026;13:00:00;180000,00;180000,00;180000,00;180000,00;36000,00;1
WINV26;15/06/2026;12:15:00;180200,00;180200,00;180200,00;180200,00;36040,00;1
WINV26;15/06/2026;11:45:00;180000,00;180000,00;180000,00;180000,00;108000,00;3
WINV26;15/06/2026;11:00:00;181000,00;181000,00;181000,00;181000,00;36200,00;1
WINV26;15/06/2026;10:45:00;181585,00;181585,00;181530,00;181530,00;72623,00;2
WINV26;15/06/2026;10:30:00;181565,00;181565,00;181565,00;181565,00;108939,00;3
WINV26;15/06/2026;10:15:00;181145,00;181610,00;181145,00;181560,00;1087233,00;30
WINV26;15/06/2026;09:45:00;181000,00;181000,00;181000,00;181000,00;72400,00;2
WINV26;15/06/2026;09:15:00;180000,00;180000,00;180000,00;180000,00;72000,00;2
WINV26;15/06/2026;09:00:00;180090,00;180090,00;180090,00;180090,00;900450,00;25
WINV26;12/06/2026;18:15:00;178695,00;178695,00;178500,00;178500,00;71439,00;2
WINV26;12/06/2026;17:30:00;178800,00;178800,00;178800,00;178800,00;107280,00;3
WINV26;12/06/2026;17:00:00;178655,00;178655,00;178655,00;178655,00;35731,00;1
WINV26;12/06/2026;13:45:00;178655,00;178655,00;178655,00;178655,00;35731,00;1
WINV26;12/06/2026;12:00:00;179675,00;179720,00;179675,00;179720,00;107823,00;3
WINV26;12/06/2026;11:45:00;179240,00;179240,00;179240,00;179240,00;35848,00;1
WINV26;12/06/2026;11:00:00;179600,00;179600,00;179200,00;179200,00;215280,00;6
WINV26;12/06/2026;10:45:00;178495,00;179000,00;178355,00;179000,00;178669,00;5
WINV26;12/06/2026;10:30:00;179750,00;179750,00;178695,00;178695,00;179214,00;5
WINV26;12/06/2026;10:15:00;178305,00;179000,00;178305,00;179000,00;142926,00;4
WINV26;12/06/2026;10:00:00;177790,00;177790,00;177790,00;177790,00;35558,00;1
WINV26;12/06/2026;09:30:00;177600,00;177600,00;177500,00;177500,00;106526,00;3
WINV26;12/06/2026;09:15:00;177385,00;177550,00;177385,00;177500,00;177478,00;5
WINV26;12/06/2026;09:00:00;177510,00;179000,00;177510,00;178120,00;498623,00;14
WINV26;11/06/2026;17:45:00;179005,00;179270,00;179005,00;179270,00;465817,00;13
WINV26;11/06/2026;17:30:00;179080,00;179080,00;179080,00;179080,00;35816,00;1
WINV26;11/06/2026;17:15:00;179350,00;179350,00;179350,00;179350,00;71740,00;2
WINV26;11/06/2026;16:45:00;179500,00;179500,00;178920,00;178920,00;537894,00;15
WINV26;11/06/2026;16:30:00;179500,00;179500,00;179060,00;179500,00;251212,00;7
WINV26;11/06/2026;16:15:00;178255,00;178255,00;178255,00;178255,00;35651,00;1
WINV26;11/06/2026;16:00:00;178270,00;178270,00;178270,00;178270,00;35654,00;1
WINV26;11/06/2026;15:45:00;177990,00;177990,00;177990,00;177990,00;35598,00;1
WINV26;11/06/2026;15:00:00;177700,00;178000,00;177270,00;177270,00;461274,00;13
WINV26;11/06/2026;14:45:00;177650,00;177700,00;177650,00;177700,00;177690,00;5
WINV26;11/06/2026;14:30:00;177240,00;177645,00;177240,00;177645,00;922905,00;26
WINV26;11/06/2026;14:15:00;175910,00;176360,00;175865,00;176360,00;140877,00;4
WINV26;11/06/2026;13:45:00;176100,00;176100,00;176100,00;176100,00;35220,00;1
WINV26;11/06/2026;10:45:00;176700,00;176700,00;176700,00;176700,00;35340,00;1
WINV26;11/06/2026;10:30:00;177000,00;177000,00;177000,00;177000,00;35400,00;1
WINV26;11/06/2026;10:15:00;176660,00;176660,00;176660,00;176660,00;353320,00;10
WINV26;11/06/2026;10:00:00;176400,00;176400,00;176090,00;176355,00;1197602,00;34
WINV26;11/06/2026;09:00:00;177200,00;177220,00;177200,00;177220,00;106324,00;3
WINV26;10/06/2026;17:45:00;176100,00;176100,00;176000,00;176000,00;70420,00;2
WINV26;10/06/2026;15:00:00;176100,00;176100,00;176100,00;176100,00;352200,00;10
WINV26;10/06/2026;14:30:00;176100,00;176100,00;176100,00;176100,00;352200,00;10
WINV26;10/06/2026;11:15:00;176750,00;176750,00;176750,00;176750,00;35350,00;1
WINV26;10/06/2026;10:30:00;176525,00;176525,00;176525,00;176525,00;35305,00;1
WINV26;10/06/2026;09:45:00;177085,00;177085,00;176540,00;176540,00;388518,00;11
WINV26;09/06/2026;18:15:00;177245,00;177245,00;177165,00;177165,00;212614,00;6
WINV26;09/06/2026;17:45:00;177400,00;177400,00;177400,00;177400,00;35480,00;1
WINV26;09/06/2026;17:15:00;177560,00;177560,00;177520,00;177520,00;71016,00;2
WINV26;09/06/2026;13:30:00;176815,00;176815,00;176115,00;176115,00;1480890,00;42
WINV26;09/06/2026;13:15:00;177200,00;177200,00;177200,00;177200,00;106320,00;3
WINV26;09/06/2026;10:45:00;177475,00;177475,00;177475,00;177475,00;35495,00;1
WINV26;09/06/2026;09:00:00;177500,00;177500,00;177500,00;177500,00;71000,00;2
WINV26;08/06/2026;18:15:00;176575,00;176600,00;176500,00;176500,00;141255,00;4
WINV26;08/06/2026;14:45:00;176250,00;176250,00;176250,00;176250,00;35250,00;1
WINV26;08/06/2026;14:15:00;176135,00;176135,00;176135,00;176135,00;211362,00;6
WINV26;08/06/2026;14:00:00;176000,00;176000,00;176000,00;176000,00;35200,00;1
WINV26;08/06/2026;11:00:00;176200,00;176200,00;176200,00;176200,00;35240,00;1
WINV26;08/06/2026;10:45:00;176515,00;176515,00;176515,00;176515,00;35303,00;1
WINV26;08/06/2026;09:45:00;176715,00;176715,00;176715,00;176715,00;353430,00;10
WINV26;08/06/2026;09:15:00;177200,00;177200,00;177200,00;177200,00;35440,00;1
WINV26;08/06/2026;09:00:00;177375,00;177375,00;177340,00;177340,00;461167,00;13
WINV26;05/06/2026;18:15:00;176700,00;176700,00;176295,00;176295,00;105858,00;3
WINV26;05/06/2026;17:45:00;176700,00;176775,00;176700,00;176775,00;353535,00;10
WINV26;05/06/2026;16:15:00;177000,00;177000,00;177000,00;177000,00;35400,00;1
WINV26;05/06/2026;14:30:00;177250,00;177250,00;177250,00;177250,00;35450,00;1
WINV26;05/06/2026;13:30:00;177000,00;177000,00;177000,00;177000,00;35400,00;1
WINV26;05/06/2026;13:00:00;177100,00;177100,00;177100,00;177100,00;35420,00;1
WINV26;05/06/2026;10:45:00;178400,00;178400,00;178400,00;178400,00;35680,00;1
WINV26;05/06/2026;10:30:00;178000,00;178100,00;178000,00;178100,00;71220,00;2
WINV26;05/06/2026;10:15:00;178000,00;178000,00;178000,00;178000,00;35600,00;1
WINV26;05/06/2026;10:00:00;177605,00;177705,00;177595,00;177705,00;781662,00;22
WINV26;05/06/2026;09:45:00;178125,00;178125,00;178125,00;178125,00;35625,00;1
WINV26;05/06/2026;09:30:00;178220,00;178300,00;178220,00;178300,00;71304,00;2
WINV26;05/06/2026;09:00:00;178830,00;178830,00;178830,00;178830,00;357660,00;10
WINV26;03/06/2026;17:45:00;178465,00;178465,00;178465,00;178465,00;35693,00;1
WINV26;03/06/2026;16:45:00;178465,00;178465,00;178465,00;178465,00;35693,00;1
WINV26;03/06/2026;16:30:00;178380,00;178380,00;178380,00;178380,00;499464,00;14
WINV26;03/06/2026;15:30:00;178300,00;178300,00;178300,00;178300,00;35660,00;1
WINV26;03/06/2026;14:45:00;178440,00;178440,00;178300,00;178300,00;499352,00;14
WINV26;03/06/2026;13:30:00;178715,00;178725,00;178440,00;178440,00;856795,00;24
WINV26;03/06/2026;12:45:00;178885,00;178885,00;178885,00;178885,00;35777,00;1
WINV26;03/06/2026;12:15:00;178970,00;178970,00;178970,00;178970,00;35794,00;1
WINV26;03/06/2026;12:00:00;179120,00;179120,00;179120,00;179120,00;35824,00;1
WINV26;03/06/2026;11:45:00;179165,00;179230,00;179165,00;179220,00;143368,00;4
WINV26;03/06/2026;10:45:00;180100,00;180100,00;179800,00;179800,00;71980,00;2
WINV26;03/06/2026;10:30:00;179940,00;180350,00;179940,00;180350,00;395950,00;11
WINV26;03/06/2026;09:45:00;179665,00;179665,00;179665,00;179665,00;359330,00;10
WINV26;03/06/2026;09:15:00;179885,00;179885,00;179565,00;179565,00;431020,00;12
WINV26;03/06/2026;09:00:00;182000,00;182290,00;180325,00;180325,00;506068,00;14
WINV26;02/06/2026;13:15:00;183145,00;183145,00;183145,00;183145,00;73258,00;2
WINV26;02/06/2026;12:30:00;183100,00;183100,00;183100,00;183100,00;36620,00;1
WINV26;02/06/2026;11:30:00;183000,00;183000,00;183000,00;183000,00;36600,00;1
WINV26;02/06/2026;11:15:00;182425,00;182575,00;182425,00;182575,00;401635,00;11
WINV26;02/06/2026;10:30:00;182000,00;182000,00;182000,00;182000,00;36400,00;1
WINV26;02/06/2026;10:00:00;181335,00;181400,00;181335,00;181400,00;108814,00;3
WINV26;02/06/2026;09:45:00;181000,00;181000,00;180980,00;180980,00;361972,00;10
WINV26;02/06/2026;09:30:00;181355,00;181355,00;181355,00;181355,00;36271,00;1
WINV26;02/06/2026;09:15:00;181400,00;181500,00;181400,00;181400,00;145140,00;4
WINV26;01/06/2026;18:15:00;180465,00;180465,00;180465,00;180465,00;36093,00;1
WINV26;01/06/2026;18:00:00;180610,00;180610,00;180610,00;180610,00;36122,00;1
WINV26;01/06/2026;17:00:00;180615,00;180615,00;180610,00;180610,00;180611,00;5
WINV26;01/06/2026;13:00:00;180000,00;180000,00;180000,00;180000,00;36000,00;1
WINV26;01/06/2026;12:30:00;180960,00;180960,00;180960,00;180960,00;36192,00;1
WINV26;01/06/2026;10:15:00;181465,00;181465,00;181420,00;181420,00;399214,00;11
WINV26;01/06/2026;10:00:00;182000,00;182030,00;182000,00;182030,00;72806,00;2
WINV26;01/06/2026;09:45:00;182135,00;182135,00;182135,00;182135,00;36427,00;1
WINV26;01/06/2026;09:00:00;183000,00;183375,00;183000,00;183375,00;403350,00;11
WINV26;29/05/2026;16:30:00;182700,00;182700,00;182700,00;182700,00;36540,00;1
WINV26;29/05/2026;16:15:00;182980,00;182980,00;182980,00;182980,00;36596,00;1
WINV26;29/05/2026;16:00:00;182500,00;182500,00;182500,00;182500,00;36500,00;1
WINV26;29/05/2026;14:00:00;182225,00;182225,00;182205,00;182205,00;400855,00;11
WINV26;29/05/2026;12:45:00;182030,00;182030,00;181990,00;181990,00;11285380,00;310
WINV26;29/05/2026;11:30:00;181335,00;181335,00;181335,00;181335,00;36267,00;1
WINV26;29/05/2026;10:15:00;182000,00;182010,00;182000,00;182010,00;72802,00;2
WINV26;29/05/2026;10:00:00;182500,00;182500,00;182500,00;182500,00;36500,00;1
WINV26;29/05/2026;09:30:00;183020,00;183020,00;183020,00;183020,00;36604,00;1
WINV26;29/05/2026;09:15:00;183320,00;183530,00;183120,00;183120,00;146638,00;4
WINV26;29/05/2026;09:00:00;183610,00;183610,00;183420,00;183420,00;844557,00;23
WINV26;28/05/2026;18:00:00;183000,00;183000,00;183000,00;183000,00;36600,00;1
WINV26;28/05/2026;17:45:00;183515,00;183515,00;183345,00;183345,00;586738,00;16
WINV26;28/05/2026;15:00:00;184530,00;184530,00;184530,00;184530,00;36906,00;1
WINV26;28/05/2026;11:00:00;184890,00;185275,00;184890,00;185275,00;777758,00;21
WINV26;28/05/2026;09:00:00;183395,00;183395,00;183235,00;183235,00;1172759,00;32
WINV26;27/05/2026;18:00:00;184300,00;184300,00;184300,00;184300,00;36860,00;1
WINV26;27/05/2026;17:30:00;184500,00;184500,00;184500,00;184500,00;36900,00;1
WINV26;27/05/2026;17:00:00;184175,00;184175,00;184175,00;184175,00;368350,00;10
WINV26;27/05/2026;15:15:00;184835,00;184835,00;184835,00;184835,00;554505,00;15
WINV26;27/05/2026;14:15:00;184810,00;184810,00;184340,00;184340,00;110718,00;3
WINV26;27/05/2026;10:15:00;185500,00;185500,00;185500,00;185500,00;37100,00;1
WINV26;27/05/2026;10:00:00;186665,00;186665,00;186665,00;186665,00;783993,00;21
WINV26;27/05/2026;09:30:00;187000,00;187000,00;186465,00;186465,00;820553,00;22
WINV26;27/05/2026;09:15:00;186375,00;186780,00;186375,00;186780,00;111981,00;3
WINV26;26/05/2026;18:00:00;185300,00;185315,00;185300,00;185315,00;74123,00;2
WINV26;26/05/2026;15:15:00;184490,00;184490,00;184490,00;184490,00;36898,00;1
WINV26;26/05/2026;15:00:00;184690,00;184690,00;184690,00;184690,00;36938,00;1
WINV26;26/05/2026;14:15:00;184590,00;184590,00;184490,00;184490,00;73816,00;2
WINV26;26/05/2026;11:45:00;185010,00;185010,00;185010,00;185010,00;111006,00;3
WINV26;26/05/2026;11:30:00;184675,00;184675,00;184675,00;184675,00;73870,00;2
WINV26;26/05/2026;10:45:00;185045,00;185060,00;185045,00;185060,00;555177,00;15
WINV26;26/05/2026;10:15:00;186010,00;186200,00;186010,00;186200,00;223402,00;6
WINV26;26/05/2026;10:00:00;185750,00;185750,00;185750,00;185750,00;37150,00;1
WINV26;26/05/2026;09:30:00;186505,00;186505,00;186505,00;186505,00;37301,00;1
WINV26;26/05/2026;09:15:00;185960,00;186390,00;185960,00;186390,00;186184,00;5
WINV26;25/05/2026;17:30:00;186800,00;186800,00;186800,00;186800,00;37360,00;1
WINV26;25/05/2026;17:15:00;186800,00;186800,00;186600,00;186700,00;112020,00;3
WINV26;25/05/2026;16:45:00;186635,00;186635,00;186635,00;186635,00;671886,00;18
WINV26;25/05/2026;16:30:00;186500,00;186500,00;186500,00;186500,00;37300,00;1
WINV26;25/05/2026;14:15:00;186010,00;186010,00;186010,00;186010,00;37202,00;1
WINV26;25/05/2026;14:00:00;185910,00;185910,00;185910,00;185910,00;37182,00;1
WINV26;25/05/2026;13:00:00;185340,00;185340,00;185340,00;185340,00;222408,00;6
WINV26;25/05/2026;12:15:00;185500,00;185500,00;185500,00;185500,00;37100,00;1
WINV26;25/05/2026;11:00:00;185665,00;185665,00;185665,00;185665,00;37133,00;1
WINV26;25/05/2026;10:30:00;186115,00;186225,00;185900,00;185900,00;819303,00;22
WINV26;25/05/2026;09:15:00;187200,00;187200,00;186710,00;186710,00;112182,00;3
WINV26;25/05/2026;09:00:00;187500,00;187600,00;187210,00;187210,00;1386106,00;37
WINV26;22/05/2026;14:30:00;185035,00;185035,00;185035,00;185035,00;37007,00;1
WINV26;22/05/2026;14:15:00;185000,00;185000,00;185000,00;185000,00;37000,00;1
WINV26;22/05/2026;12:15:00;184450,00;184450,00;184450,00;184450,00;36890,00;1
WINV26;22/05/2026;11:45:00;184000,00;184200,00;184000,00;184200,00;73640,00;2
WINV26;22/05/2026;11:00:00;184845,00;184845,00;184845,00;184845,00;221814,00;6
WINV26;22/05/2026;10:30:00;185030,00;185030,00;184915,00;184915,00;147955,00;4
WINV26;22/05/2026;10:15:00;185580,00;185810,00;185580,00;185810,00;780285,00;21
WINV26;22/05/2026;09:15:00;186010,00;186010,00;186010,00;186010,00;37202,00;1
WINV26;22/05/2026;09:00:00;185900,00;185900,00;185900,00;185900,00;37180,00;1
WINV26;21/05/2026;17:15:00;186550,00;186550,00;186550,00;186550,00;37310,00;1
WINV26;21/05/2026;16:00:00;186445,00;186445,00;186445,00;186445,00;37289,00;1
WINV26;21/05/2026;15:45:00;186500,00;186500,00;186500,00;186500,00;37300,00;1
WINV26;21/05/2026;15:30:00;187180,00;187235,00;186800,00;186800,00;112243,00;3
WINV26;21/05/2026;15:15:00;186950,00;187200,00;186885,00;187200,00;336697,00;9
WINV26;21/05/2026;14:15:00;186780,00;186780,00;186780,00;186780,00;373560,00;10
WINV26;21/05/2026;11:15:00;185735,00;185735,00;185735,00;185735,00;371470,00;10
WINV26;21/05/2026;09:30:00;185785,00;185785,00;185785,00;185785,00;185785,00;5
WINV26;20/05/2026;15:45:00;187070,00;187070,00;187070,00;187070,00;37414,00;1
WINV26;20/05/2026;12:30:00;186485,00;186485,00;186485,00;186485,00;37297,00;1
WINV26;20/05/2026;11:00:00;185750,00;185750,00;185750,00;185750,00;37150,00;1
WINV26;20/05/2026;10:45:00;186160,00;186360,00;186160,00;186360,00;111756,00;3
WINV26;20/05/2026;10:30:00;185460,00;186000,00;185460,00;186000,00;185796,00;5
WINV26;20/05/2026;10:15:00;185000,00;185345,00;185000,00;185345,00;111109,00;3
WINV26;20/05/2026;09:30:00;184275,00;184275,00;184275,00;184275,00;442260,00;12
WINV26;20/05/2026;09:00:00;183025,00;184990,00;183025,00;184400,00;1841884,00;50
WINV26;19/05/2026;18:00:00;183750,00;183750,00;183750,00;183750,00;36750,00;1
WINV26;19/05/2026;17:45:00;183405,00;183405,00;183405,00;183405,00;36681,00;1
WINV26;19/05/2026;16:15:00;183100,00;183100,00;183100,00;183100,00;36620,00;1
WINV26;19/05/2026;15:15:00;183500,00;183500,00;183500,00;183500,00;36700,00;1
WINV26;19/05/2026;14:00:00;184220,00;184220,00;184220,00;184220,00;36844,00;1
WINV26;19/05/2026;13:15:00;183500,00;183750,00;183500,00;183750,00;73450,00;2
WINV26;19/05/2026;11:00:00;184750,00;185100,00;184750,00;185100,00;184941,00;5
WINV26;19/05/2026;10:45:00;183830,00;184650,00;183830,00;184650,00;405333,00;11
WINV26;19/05/2026;10:30:00;183530,00;183780,00;183480,00;183780,00;330438,00;9
WINV26;19/05/2026;10:15:00;183680,00;183680,00;183000,00;183000,00;110036,00;3
WINV26;19/05/2026;10:00:00;184000,00;184000,00;183615,00;183615,00;661122,00;18
WINV26;19/05/2026;09:15:00;184505,00;185055,00;184505,00;185055,00;147886,00;4
WINV26;19/05/2026;09:00:00;185800,00;185800,00;185000,00;185000,00;148415,00;4
WINV26;18/05/2026;18:15:00;186900,00;186900,00;186900,00;186900,00;37380,00;1
WINV26;18/05/2026;17:45:00;186700,00;186700,00;186700,00;186700,00;37340,00;1
WINV26;18/05/2026;16:30:00;186250,00;186260,00;186250,00;186260,00;596030,00;16
WINV26;18/05/2026;15:45:00;185300,00;185300,00;185300,00;185300,00;37060,00;1
WINV26;18/05/2026;14:45:00;186000,00;186000,00;186000,00;186000,00;37200,00;1
WINV26;18/05/2026;12:30:00;186250,00;186250,00;186250,00;186250,00;37250,00;1
WINV26;18/05/2026;10:00:00;186045,00;186045,00;186045,00;186045,00;558135,00;15
WINV26;18/05/2026;09:45:00;185925,00;185925,00;185925,00;185925,00;557775,00;15
WINV26;18/05/2026;09:15:00;185910,00;185910,00;185895,00;185895,00;74361,00;2
WINV26;15/05/2026;18:15:00;186625,00;187190,00;186550,00;186680,00;896703,00;24
WINV26;15/05/2026;18:00:00;186655,00;186655,00;186655,00;186655,00;37331,00;1
WINV26;15/05/2026;17:45:00;186895,00;186895,00;186895,00;186895,00;37379,00;1
WINV26;15/05/2026;16:45:00;186630,00;186630,00;186630,00;186630,00;37326,00;1
WINV26;15/05/2026;16:00:00;185915,00;185915,00;185915,00;185915,00;37183,00;1
WINV26;15/05/2026;13:15:00;186200,00;186210,00;186200,00;186210,00;74482,00;2
WINV26;15/05/2026;11:15:00;186245,00;186495,00;186245,00;186495,00;149146,00;4
WINV26;15/05/2026;11:00:00;185375,00;185675,00;185375,00;185675,00;148426,00;4
WINV26;15/05/2026;10:45:00;184845,00;185260,00;184820,00;185260,00;295917,00;8
WINV26;15/05/2026;10:00:00;185200,00;185200,00;185000,00;185000,00;74040,00;2
WINV26;15/05/2026;09:15:00;185915,00;185915,00;185915,00;185915,00;37183,00;1
WINV26;15/05/2026;09:00:00;186475,00;186475,00;185300,00;185900,00;704955,00;19
WINV26;14/05/2026;16:45:00;188200,00;188200,00;188200,00;188200,00;37640,00;1
WINV26;14/05/2026;16:00:00;188200,00;188200,00;188200,00;188200,00;37640,00;1
WINV26;14/05/2026;15:30:00;188500,00;188500,00;188330,00;188330,00;75366,00;2
WINV26;14/05/2026;14:45:00;189000,00;189000,00;189000,00;189000,00;37800,00;1
WINV26;14/05/2026;14:15:00;189025,00;189025,00;188735,00;188735,00;75552,00;2
WINV26;14/05/2026;14:00:00;189220,00;189220,00;189220,00;189220,00;37844,00;1
WINV26;14/05/2026;13:00:00;188770,00;188935,00;188770,00;188935,00;755446,00;20
WINV26;14/05/2026;12:30:00;188550,00;188550,00;188550,00;188550,00;37710,00;1
WINV26;14/05/2026;11:30:00;188475,00;188475,00;188475,00;188475,00;37695,00;1
WINV26;14/05/2026;09:45:00;188255,00;188255,00;187960,00;187960,00;413571,00;11
WINV26;14/05/2026;09:30:00;187965,00;188085,00;187930,00;188085,00;488961,00;13
WINV26;14/05/2026;09:00:00;187000,00;187525,00;187000,00;187465,00;412342,00;11
WINV26;13/05/2026;18:15:00;186430,00;186430,00;186430,00;186430,00;37286,00;1
WINV26;13/05/2026;17:45:00;186800,00;186800,00;186800,00;186800,00;37360,00;1
WINV26;13/05/2026;17:30:00;186890,00;186890,00;186890,00;186890,00;373780,00;10
WINV26;13/05/2026;16:15:00;187160,00;187160,00;186945,00;186945,00;149647,00;4
WINV26;13/05/2026;16:00:00;187080,00;187110,00;187055,00;187055,00;187088,00;5
WINV26;13/05/2026;15:45:00;186715,00;186875,00;186715,00;186875,00;1157665,00;31
WINV26;13/05/2026;15:30:00;187560,00;187560,00;187560,00;187560,00;37512,00;1
WINV26;13/05/2026;15:15:00;188055,00;188055,00;188055,00;188055,00;37611,00;1
WINV26;13/05/2026;15:00:00;188000,00;188000,00;188000,00;188000,00;37600,00;1
WINV26;13/05/2026;14:45:00;189355,00;189410,00;188100,00;188100,00;1394013,00;37
WINV26;13/05/2026;14:30:00;189330,00;189330,00;189330,00;189330,00;37866,00;1
WINV26;13/05/2026;14:00:00;189530,00;189530,00;189430,00;189430,00;75792,00;2
WINV26;13/05/2026;13:15:00;190445,00;190445,00;190350,00;190360,00;342665,00;9
WINV26;13/05/2026;12:45:00;190050,00;190100,00;190050,00;190100,00;76030,00;2
WINV26;13/05/2026;12:30:00;190230,00;190385,00;190150,00;190150,00;380584,00;10
WINV26;13/05/2026;12:15:00;189950,00;190100,00;189950,00;190100,00;114010,00;3
WINV26;13/05/2026;12:00:00;190000,00;190000,00;190000,00;190000,00;1178000,00;31
WINV26;13/05/2026;11:30:00;190220,00;190220,00;190220,00;190220,00;38044,00;1
WINV26;13/05/2026;11:00:00;189780,00;189900,00;189780,00;189900,00;75936,00;2
WINV26;13/05/2026;10:45:00;189260,00;189670,00;189260,00;189670,00;113646,00;3
WINV26;13/05/2026;10:30:00;189400,00;189400,00;188900,00;188900,00;189120,00;5
WINV26;13/05/2026;10:15:00;189700,00;189925,00;189500,00;189500,00;151745,00;4
WINV26;13/05/2026;10:00:00;189900,00;190100,00;189800,00;190100,00;151960,00;4
WINV26;13/05/2026;09:45:00;189850,00;189850,00;189850,00;189850,00;37970,00;1
WINV26;13/05/2026;09:30:00;189775,00;189775,00;189775,00;189775,00;37955,00;1
WINV26;12/05/2026;18:15:00;190600,00;190600,00;190600,00;190600,00;38120,00;1
WINV26;12/05/2026;18:00:00;190750,00;190750,00;190670,00;190670,00;76284,00;2
WINV26;12/05/2026;17:30:00;190600,00;190600,00;190600,00;190600,00;38120,00;1
WINV26;12/05/2026;15:30:00;190400,00;190765,00;190400,00;190765,00;5761030,00;151
WINV26;12/05/2026;15:15:00;190000,00;190510,00;190000,00;190510,00;114123,00;3
WINV26;12/05/2026;15:00:00;189905,00;189905,00;189905,00;189905,00;37981,00;1
WINV26;12/05/2026;14:45:00;190200,00;190200,00;189895,00;189895,00;266219,00;7
WINV26;12/05/2026;14:15:00;190220,00;190220,00;190220,00;190220,00;38044,00;1
WINV26;12/05/2026;13:45:00;190030,00;190030,00;190030,00;190030,00;38006,00;1
WINV26;12/05/2026;13:00:00;190130,00;190130,00;190130,00;190130,00;38026,00;1
WINV26;12/05/2026;12:30:00;190220,00;190220,00;190220,00;190220,00;38044,00;1
WINV26;12/05/2026;10:30:00;191520,00;191520,00;191520,00;191520,00;38304,00;1
WINV26;12/05/2026;09:15:00;191500,00;191500,00;190910,00;190910,00;1680331,00;44
WINV26;12/05/2026;09:00:00;191415,00;191415,00;191415,00;191415,00;38283,00;1
WINV26;11/05/2026;17:00:00;192100,00;192100,00;192000,00;192000,00;76820,00;2
WINV26;11/05/2026;16:45:00;192215,00;192215,00;192215,00;192215,00;38443,00;1
WINV26;11/05/2026;16:15:00;192040,00;192040,00;192040,00;192040,00;38408,00;1
WINV26;11/05/2026;14:45:00;192285,00;192285,00;192285,00;192285,00;38457,00;1
WINV26;11/05/2026;13:45:00;192375,00;192375,00;192375,00;192375,00;38475,00;1
WINV26;11/05/2026;13:00:00;192490,00;192490,00;192490,00;192490,00;38498,00;1
WINV26;11/05/2026;12:15:00;192405,00;192410,00;192365,00;192365,00;115436,00;3
WINV26;11/05/2026;12:00:00;192500,00;192500,00;192500,00;192500,00;38500,00;1
WINV26;11/05/2026;11:00:00;192945,00;192945,00;192945,00;192945,00;1543560,00;40
WINV26;11/05/2026;09:30:00;194050,00;194050,00;193950,00;193950,00;77600,00;2
WINV26;11/05/2026;09:15:00;193555,00;194170,00;193555,00;194170,00;77545,00;2
WINV26;08/05/2026;15:00:00;195020,00;195020,00;195020,00;195020,00;39004,00;1
WINV26;08/05/2026;11:00:00;195175,00;195175,00;195175,00;195175,00;39035,00;1
WINV26;08/05/2026;10:30:00;196000,00;196000,00;196000,00;196000,00;39200,00;1
WINV26;08/05/2026;10:15:00;195550,00;195550,00;195550,00;195550,00;39110,00;1
WINV26;08/05/2026;10:00:00;195305,00;195305,00;195200,00;195200,00;78101,00;2
WINV26;08/05/2026;09:45:00;195420,00;195450,00;195405,00;195405,00;3595814,00;92
WINV26;08/05/2026;09:00:00;193490,00;194020,00;193490,00;194020,00;1590858,00;41
WINV26;07/05/2026;18:00:00;193410,00;193410,00;193280,00;193280,00;193328,00;5
WINV26;07/05/2026;17:45:00;193460,00;193460,00;193460,00;193460,00;38692,00;1
WINV26;07/05/2026;16:15:00;193800,00;193800,00;193800,00;193800,00;426360,00;11
WINV26;07/05/2026;13:30:00;194445,00;194510,00;194445,00;194505,00;116692,00;3
WINV26;07/05/2026;12:45:00;194500,00;194500,00;194500,00;194500,00;38900,00;1
WINV26;07/05/2026;11:15:00;194565,00;194565,00;194565,00;194565,00;583695,00;15
WINV26;07/05/2026;11:00:00;194590,00;194590,00;194425,00;194425,00;77803,00;2
WINV26;07/05/2026;10:45:00;195175,00;195175,00;194905,00;194905,00;78016,00;2
WINV26;07/05/2026;10:30:00;195800,00;195800,00;194865,00;194865,00;273737,00;7
WINV26;07/05/2026;10:15:00;196500,00;196500,00;196500,00;196500,00;39300,00;1
WINV26;07/05/2026;10:00:00;197160,00;197160,00;196600,00;196600,00;118142,00;3
WINV26;07/05/2026;09:30:00;197260,00;197630,00;197260,00;197630,00;78978,00;2
WINV26;07/05/2026;09:15:00;197400,00;197400,00;197400,00;197400,00;39480,00;1
WINV26;07/05/2026;09:00:00;198210,00;198210,00;197530,00;197530,00;79148,00;2
WINV26;06/05/2026;18:15:00;197900,00;197900,00;197900,00;197900,00;39580,00;1
WINV26;06/05/2026;17:30:00;198200,00;198200,00;197960,00;197960,00;1267000,00;32
WINV26;06/05/2026;16:45:00;198415,00;198415,00;198415,00;198415,00;39683,00;1
WINV26;06/05/2026;12:30:00;198645,00;198645,00;198645,00;198645,00;39729,00;1
WINV26;06/05/2026;11:00:00;197830,00;197830,00;197830,00;197830,00;39566,00;1
WINV26;06/05/2026;10:45:00;199300,00;199300,00;199300,00;199300,00;39860,00;1
WINV26;06/05/2026;10:00:00;199150,00;199150,00;199150,00;199150,00;398300,00;10
WINV26;06/05/2026;09:30:00;200300,00;200300,00;199750,00;199750,00;80010,00;2
WINV26;06/05/2026;09:15:00;199500,00;199500,00;199500,00;199500,00;39900,00;1
WINV26;06/05/2026;09:00:00;199550,00;199550,00;199500,00;199500,00;79810,00;2
WINV26;05/05/2026;18:15:00;197355,00;197355,00;197355,00;197355,00;39471,00;1
WINV26;05/05/2026;18:00:00;197500,00;197500,00;197500,00;197500,00;79000,00;2
WINV26;05/05/2026;17:45:00;197365,00;197420,00;197365,00;197420,00;78957,00;2
WINV26;05/05/2026;17:30:00;197500,00;197500,00;197500,00;197500,00;39500,00;1
WINV26;05/05/2026;17:15:00;197580,00;197580,00;197580,00;197580,00;39516,00;1
WINV26;05/05/2026;16:45:00;197505,00;197505,00;197400,00;197400,00;118481,00;3
WINV26;05/05/2026;16:15:00;197530,00;197530,00;197530,00;197530,00;39506,00;1
WINV26;05/05/2026;15:00:00;197500,00;197500,00;197500,00;197500,00;39500,00;1
WINV26;05/05/2026;14:30:00;197050,00;197050,00;197050,00;197050,00;39410,00;1
WINV26;05/05/2026;14:15:00;197250,00;197250,00;197075,00;197075,00;118305,00;3
WINV26;05/05/2026;13:45:00;197750,00;197750,00;197575,00;197575,00;79065,00;2
WINV26;05/05/2026;13:30:00;198000,00;198045,00;198000,00;198045,00;79209,00;2
WINV26;05/05/2026;13:00:00;198250,00;198250,00;198250,00;198250,00;39650,00;1
WINV26;05/05/2026;12:30:00;197970,00;197970,00;197970,00;197970,00;1187820,00;30
WINV26;05/05/2026;12:15:00;197500,00;197650,00;197500,00;197650,00;79030,00;2
WINV26;05/05/2026;11:30:00;197200,00;197200,00;197200,00;197200,00;39440,00;1
WINV26;05/05/2026;10:00:00;196400,00;196820,00;196400,00;196820,00;865920,00;22
WINV26;05/05/2026;09:00:00;197155,00;197155,00;197155,00;197155,00;39431,00;1
WINV26;04/05/2026;17:15:00;196520,00;196520,00;196520,00;196520,00;78608,00;2
WINV26;04/05/2026;15:45:00;196470,00;196520,00;196470,00;196520,00;78598,00;2
WINV26;04/05/2026;15:30:00;196615,00;196615,00;196615,00;196615,00;39323,00;1
WINV26;04/05/2026;14:30:00;196550,00;196550,00;196550,00;196550,00;78620,00;2
WINV26;04/05/2026;14:00:00;196560,00;196560,00;196560,00;196560,00;39312,00;1
WINV26;04/05/2026;13:45:00;196630,00;196680,00;196510,00;196510,00;157274,00;4
WINV26;04/05/2026;13:30:00;196990,00;196990,00;196800,00;196800,00;118144,00;3
WINV26;04/05/2026;13:15:00;196890,00;196990,00;196890,00;196930,00;157550,00;4
WINV26;04/05/2026;13:00:00;196740,00;196835,00;196740,00;196835,00;78715,00;2
WINV26;04/05/2026;12:45:00;196920,00;196920,00;196920,00;196920,00;39384,00;1
WINV26;04/05/2026;12:30:00;197060,00;197110,00;197060,00;197060,00;118246,00;3
WINV26;04/05/2026;12:15:00;197420,00;197420,00;197060,00;197160,00;157750,00;4
WINV26;04/05/2026;12:00:00;197800,00;197800,00;197800,00;197800,00;39560,00;1
WINV26;04/05/2026;10:45:00;198250,00;198250,00;198250,00;198250,00;39650,00;1
WINV26;04/05/2026;10:30:00;198500,00;198500,00;198500,00;198500,00;39700,00;1
WINV26;04/05/2026;09:30:00;198250,00;198250,00;198060,00;198060,00;1029950,00;26
WINV26;04/05/2026;09:15:00;198500,00;198500,00;198500,00;198500,00;39700,00;1
WINV26;04/05/2026;09:00:00;198000,00;198000,00;198000,00;198000,00;39600,00;1
WINV26;30/04/2026;18:00:00;198300,00;198300,00;198300,00;198300,00;39660,00;1
WINV26;30/04/2026;17:30:00;198100,00;198100,00;198045,00;198100,00;475330,00;12
WINV26;30/04/2026;17:15:00;198255,00;198255,00;198250,00;198250,00;79301,00;2
WINV26;30/04/2026;16:15:00;198850,00;198850,00;198850,00;198850,00;39770,00;1
WINV26;30/04/2026;15:30:00;198370,00;198370,00;198370,00;198370,00;317392,00;8
WINV26;30/04/2026;15:15:00;198375,00;198600,00;198335,00;198335,00;515850,00;13
WINV26;30/04/2026;15:00:00;198360,00;198360,00;198360,00;198360,00;39672,00;1
WINV26;30/04/2026;14:45:00;198380,00;198390,00;198260,00;198260,00;4007352,00;101
WINV26;30/04/2026;14:15:00;198150,00;198150,00;198100,00;198100,00;79250,00;2
WINV26;30/04/2026;13:30:00;198120,00;198120,00;198120,00;198120,00;39624,00;1
WINV26;30/04/2026;12:45:00;197890,00;197890,00;197890,00;197890,00;39578,00;1
WINV26;30/04/2026;11:45:00;197880,00;198480,00;197880,00;198480,00;158562,00;4
WINV26;30/04/2026;11:15:00;197800,00;198000,00;197800,00;197995,00;118759,00;3
WINV26;30/04/2026;11:00:00;197610,00;197610,00;197610,00;197610,00;39522,00;1
WINV26;30/04/2026;10:45:00;197830,00;197830,00;197830,00;197830,00;39566,00;1
WINV26;30/04/2026;10:30:00;197610,00;197610,00;197610,00;197610,00;197610,00;5
WINV26;30/04/2026;10:15:00;197250,00;197250,00;197150,00;197150,00;354950,00;9
WINV26;30/04/2026;09:45:00;196970,00;197000,00;196970,00;197000,00;2009100,00;51
WINV26;30/04/2026;09:00:00;195935,00;197110,00;195935,00;197110,00;235887,00;6
WINV26;29/04/2026;18:15:00;195000,00;195000,00;195000,00;195000,00;156000,00;4
WINV26;29/04/2026;18:00:00;195100,00;195100,00;195050,00;195050,00;546190,00;14
WINV26;29/04/2026;17:45:00;195200,00;195200,00;195150,00;195200,00;273270,00;7
WINV26;29/04/2026;17:30:00;195075,00;195190,00;195020,00;195125,00;1404679,00;36
WINV26;29/04/2026;17:15:00;195325,00;195400,00;195325,00;195400,00;429730,00;11
WINV26;29/04/2026;17:00:00;195600,00;195600,00;195470,00;195470,00;156454,00;4
WINV26;29/04/2026;16:45:00;195600,00;195600,00;195600,00;195600,00;195600,00;5
WINV26;29/04/2026;16:00:00;196000,00;196100,00;195995,00;196100,00;117619,00;3
WINV26;29/04/2026;15:45:00;196000,00;196000,00;196000,00;196000,00;784000,00;20
WINV26;29/04/2026;15:30:00;196000,00;196000,00;196000,00;196000,00;39200,00;1
WINV26;29/04/2026;12:45:00;197000,00;197000,00;197000,00;197000,00;39400,00;1
WINV26;29/04/2026;12:15:00;197600,00;197600,00;197600,00;197600,00;79040,00;2
WINV26;29/04/2026;12:00:00;197400,00;197400,00;197400,00;197400,00;197400,00;5
WINV26;29/04/2026;11:15:00;197650,00;197650,00;197650,00;197650,00;790600,00;20
WINV26;29/04/2026;11:00:00;197500,00;197600,00;197325,00;197400,00;315931,00;8
WINV26;29/04/2026;10:45:00;197820,00;197825,00;197545,00;197600,00;1186729,00;30
WINV26;29/04/2026;10:30:00;198325,00;198400,00;198200,00;198220,00;515500,00;13
WINV26;29/04/2026;10:15:00;198215,00;198215,00;198190,00;198190,00;118921,00;3
WINV26;29/04/2026;10:00:00;198740,00;198740,00;198450,00;198465,00;1627473,00;41
WINV26;29/04/2026;09:30:00;199095,00;199095,00;198895,00;198895,00;2428919,00;61
WINV26;28/04/2026;18:15:00;199800,00;199800,00;199800,00;199800,00;79920,00;2
WINV26;28/04/2026;15:30:00;200035,00;200035,00;200035,00;200035,00;440077,00;11
WINV26;28/04/2026;14:45:00;200140,00;200140,00;200140,00;200140,00;40028,00;1
WINV26;28/04/2026;14:00:00;199985,00;199985,00;199965,00;199965,00;239970,00;6
WINV26;28/04/2026;13:45:00;199990,00;200065,00;199990,00;200065,00;240003,00;6
WINV26;28/04/2026;13:30:00;199675,00;199675,00;199675,00;199675,00;39935,00;1
WINV26;28/04/2026;12:45:00;199990,00;199990,00;199990,00;199990,00;399980,00;10
WINV26;28/04/2026;12:15:00;199500,00;199500,00;199500,00;199500,00;39900,00;1
WINV26;28/04/2026;11:30:00;199105,00;199105,00;199105,00;199105,00;358389,00;9
WINV26;28/04/2026;11:15:00;199250,00;199250,00;199250,00;199250,00;39850,00;1
WINV26;28/04/2026;10:45:00;199700,00;199700,00;199685,00;199685,00;599058,00;15
WINV26;28/04/2026;10:30:00;199265,00;199500,00;199265,00;199500,00;2232861,00;56
WINV26;28/04/2026;09:45:00;199705,00;199705,00;199705,00;199705,00;39941,00;1
WINV26;28/04/2026;09:00:00;200265,00;200265,00;200265,00;200265,00;40053,00;1
WINV26;27/04/2026;18:00:00;200800,00;200925,00;200745,00;200925,00;1405951,00;35
WINV26;27/04/2026;17:15:00;201300,00;201300,00;201300,00;201300,00;40260,00;1
WINV26;27/04/2026;17:00:00;200950,00;201100,00;200950,00;201100,00;80410,00;2
WINV26;27/04/2026;14:00:00;201500,00;201500,00;201500,00;201500,00;40300,00;1
WINV26;27/04/2026;11:45:00;201890,00;201890,00;201890,00;201890,00;444158,00;11
WINV26;27/04/2026;11:00:00;202980,00;202980,00;202980,00;202980,00;40596,00;1
WINV26;27/04/2026;10:45:00;202500,00;202500,00;201910,00;201910,00;12530416,00;310
WINV26;27/04/2026;10:30:00;202470,00;202470,00;202470,00;202470,00;40494,00;1
WINV26;27/04/2026;09:00:00;202950,00;203410,00;202950,00;203410,00;528686,00;13
WINV26;24/04/2026;18:15:00;202900,00;202900,00;202900,00;202900,00;40580,00;1
WINV26;24/04/2026;17:00:00;202770,00;202770,00;202770,00;202770,00;81108,00;2
WINV26;24/04/2026;16:45:00;202500,00;202500,00;202500,00;202500,00;40500,00;1
WINV26;24/04/2026;16:30:00;202515,00;203570,00;202515,00;203570,00;1870366,00;46
WINV26;24/04/2026;15:45:00;202610,00;202610,00;202610,00;202610,00;40522,00;1
WINV26;24/04/2026;15:00:00;202380,00;202405,00;202320,00;202320,00;404694,00;10
WINV26;24/04/2026;14:15:00;201990,00;201990,00;201990,00;201990,00;40398,00;1
WINV26;24/04/2026;13:00:00;202190,00;202190,00;202190,00;202190,00;40438,00;1
WINV26;24/04/2026;12:45:00;202165,00;202165,00;202165,00;202165,00;40433,00;1
WINV26;24/04/2026;12:30:00;201670,00;201820,00;201670,00;201820,00;161393,00;4
WINV26;24/04/2026;11:45:00;201860,00;202200,00;201860,00;202200,00;201968,00;5
WINV26;24/04/2026;10:30:00;202000,00;202000,00;202000,00;202000,00;40400,00;1
WINV26;23/04/2026;14:15:00;203735,00;203735,00;203605,00;203605,00;81468,00;2
WINV26;23/04/2026;10:15:00;205000,00;205000,00;205000,00;205000,00;41000,00;1
WINV26;22/04/2026;18:15:00;204745,00;204745,00;204285,00;204285,00;81806,00;2
WINV26;22/04/2026;18:00:00;204900,00;204990,00;204900,00;204990,00;81978,00;2
WINV26;22/04/2026;14:45:00;204975,00;204975,00;204970,00;204970,00;81989,00;2
WINV26;22/04/2026;14:30:00;205255,00;205305,00;204900,00;204960,00;779220,00;19
WINV26;22/04/2026;14:15:00;205085,00;205245,00;205085,00;205245,00;82066,00;2
WINV26;22/04/2026;13:30:00;205100,00;205100,00;204900,00;204900,00;164012,00;4
WINV26;22/04/2026;13:15:00;205275,00;205275,00;205150,00;205165,00;410382,00;10
WINV26;22/04/2026;12:30:00;205620,00;205620,00;205620,00;205620,00;41124,00;1
WINV26;22/04/2026;11:45:00;205845,00;205845,00;205845,00;205845,00;41169,00;1
WINV26;22/04/2026;11:30:00;205890,00;205890,00;205890,00;205890,00;41178,00;1
WINV26;22/04/2026;10:45:00;207200,00;207200,00;206900,00;206900,00;207080,00;5
WINV26;22/04/2026;10:30:00;207140,00;207140,00;207140,00;207140,00;41428,00;1
WINV26;22/04/2026;10:15:00;207700,00;207850,00;207700,00;207850,00;166220,00;4
WINV26;22/04/2026;10:00:00;207500,00;207650,00;207500,00;207650,00;83030,00;2
WINV26;22/04/2026;09:15:00;207800,00;207800,00;207700,00;207700,00;83100,00;2
WINV26;22/04/2026;09:00:00;207500,00;207600,00;207500,00;207600,00;124530,00;3
WINV26;20/04/2026;18:15:00;208355,00;208745,00;208355,00;208745,00;83420,00;2
WINV26;20/04/2026;12:15:00;208115,00;208115,00;208115,00;208115,00;41623,00;1
WINV26;20/04/2026;11:00:00;207935,00;207935,00;207935,00;207935,00;83174,00;2
WINV26;20/04/2026;09:30:00;208625,00;208735,00;208625,00;208735,00;500744,00;12
WINV26;20/04/2026;09:00:00;208100,00;208100,00;208000,00;208000,00;124840,00;3
WINV26;17/04/2026;11:45:00;208315,00;208315,00;208000,00;208000,00;208063,00;5
WINV26;17/04/2026;11:30:00;209130,00;209130,00;208785,00;208785,00;83583,00;2
WINV26;17/04/2026;10:45:00;209850,00;209850,00;209850,00;209850,00;41970,00;1
WINV26;17/04/2026;10:30:00;210190,00;210190,00;210050,00;210050,00;84048,00;2
WINV26;17/04/2026;10:15:00;210860,00;210860,00;210860,00;210860,00;42172,00;1
WINV26;17/04/2026;10:00:00;211560,00;211560,00;211560,00;211560,00;42312,00;1
WINV26;17/04/2026;09:45:00;210825,00;210825,00;210825,00;210825,00;42165,00;1
WINV26;17/04/2026;09:15:00;210020,00;210020,00;210020,00;210020,00;42004,00;1
WINV26;17/04/2026;09:00:00;209630,00;209630,00;209630,00;209630,00;41926,00;1
WINV26;16/04/2026;17:15:00;208875,00;208875,00;208875,00;208875,00;41775,00;1
WINV26;16/04/2026;14:00:00;209460,00;209460,00;209460,00;209460,00;41892,00;1
WINV26;16/04/2026;12:00:00;209565,00;209565,00;209565,00;209565,00;41913,00;1
WINV26;16/04/2026;11:15:00;209700,00;209765,00;209700,00;209765,00;83893,00;2
WINV26;16/04/2026;10:45:00;210230,00;210230,00;210230,00;210230,00;42046,00;1
WINV26;16/04/2026;10:00:00;210430,00;210430,00;210430,00;210430,00;42086,00;1
WINV26;16/04/2026;09:00:00;210230,00;210630,00;210230,00;210630,00;84172,00;2
WINV26;15/04/2026;15:45:00;210250,00;210250,00;210250,00;210250,00;42050,00;1
WINV26;15/04/2026;15:30:00;210140,00;210250,00;210140,00;210250,00;84078,00;2
WINV26;15/04/2026;15:00:00;209800,00;209900,00;209800,00;209900,00;125910,00;3
WINV26;15/04/2026;13:15:00;209750,00;209750,00;209750,00;209750,00;41950,00;1
WINV26;15/04/2026;13:00:00;209685,00;209700,00;209685,00;209700,00;83877,00;2
WINV26;15/04/2026;12:00:00;210000,00;210000,00;210000,00;210000,00;2100000,00;50
