WINV26;28/08/2026;13:40:00;177185,00;177250,00;176870,00;177200,00;7651070311,00;216073
WINV26;28/08/2026;13:20:00;176555,00;177295,00;176455,00;177185,00;2,071761945E10;585579
WINV26;28/08/2026;13:00:00;176690,00;176745,00;176425,00;176555,00;1,39365263E10;394683
WINV26;28/08/2026;12:40:00;176740,00;176835,00;176535,00;176690,00;1,532228573E10;433614
WINV26;28/08/2026;12:20:00;177020,00;177205,00;176710,00;176740,00;1,652396938E10;466774
WINV26;28/08/2026;12:00:00;177190,00;177270,00;176905,00;177025,00;1,878132026E10;530347
WINV26;28/08/2026;11:40:00;177340,00;177575,00;177025,00;177195,00;2,033280139E10;573502
WINV26;28/08/2026;11:20:00;177165,00;177640,00;177130,00;177340,00;3,215126463E10;906175
WINV26;28/08/2026;11:00:00;177675,00;178175,00;177145,00;177165,00;3,990743361E10;1122916
WINV26;28/08/2026;10:40:00;177960,00;178265,00;177590,00;177665,00;3,220735394E10;905292
WINV26;28/08/2026;10:20:00;178590,00;178700,00;177855,00;177955,00;4,397151953E10;1233514
WINV26;28/08/2026;10:00:00;178125,00;179115,00;178045,00;178585,00;5,567327987E10;1558674
WINV26;28/08/2026;09:40:00;178480,00;178560,00;177910,00;178125,00;2,977494451E10;835184
WINV26;28/08/2026;09:20:00;178890,00;179220,00;178385,00;178480,00;3,121038505E10;872032
WINV26;28/08/2026;09:00:00;177645,00;179060,00;177400,00;178895,00;4,226309152E10;1183824
WINV26;27/08/2026;18:20:00;177755,00;177790,00;177705,00;177725,00;1115929322,00;31394
WINV26;27/08/2026;18:00:00;177860,00;177870,00;177680,00;177755,00;3711054981,00;104381
WINV26;27/08/2026;17:40:00;177755,00;177895,00;177690,00;177865,00;3412546265,00;95972
WINV26;27/08/2026;17:20:00;177785,00;177840,00;177680,00;177750,00;4152191856,00;116795
WINV26;27/08/2026;17:00:00;178000,00;178025,00;177635,00;177785,00;1,089133151E10;306246
WINV26;27/08/2026;16:40:00;178190,00;178210,00;177910,00;178005,00;1,062281382E10;298335
WINV26;27/08/2026;16:20:00;177970,00;178280,00;177890,00;178185,00;1,127077197E10;316450
WINV26;27/08/2026;16:00:00;178035,00;178195,00;177930,00;177975,00;1,083497573E10;304248
WINV26;27/08/2026;15:40:00;178145,00;178180,00;177860,00;178035,00;1,387253423E10;389649
WINV26;27/08/2026;15:20:00;178160,00;178245,00;178050,00;178145,00;1,049840821E10;294654
WINV26;27/08/2026;15:00:00;177975,00;178260,00;177710,00;178160,00;1,89343607E10;531780
WINV26;27/08/2026;14:40:00;178040,00;178140,00;177880,00;177970,00;1,327315054E10;372858
WINV26;27/08/2026;14:20:00;178060,00;178185,00;177870,00;178035,00;1,542597506E10;433234
WINV26;27/08/2026;14:00:00;177815,00;178235,00;177780,00;178055,00;1,928989213E10;541796
WINV26;27/08/2026;13:40:00;177785,00;177900,00;177665,00;177815,00;1,359120716E10;382226
WINV26;27/08/2026;13:20:00;177690,00;177825,00;177575,00;177780,00;1,16139462E10;326807
WINV26;27/08/2026;13:00:00;177540,00;177745,00;177450,00;177690,00;1,259840961E10;354709
WINV26;27/08/2026;12:40:00;177485,00;177685,00;177330,00;177545,00;1,732889016E10;488118
WINV26;27/08/2026;12:20:00;177100,00;177585,00;177050,00;177485,00;1,525616559E10;430235
WINV26;27/08/2026;12:00:00;176950,00;177230,00;176690,00;177100,00;2,327088224E10;657458
WINV26;27/08/2026;11:40:00;176870,00;177575,00;176860,00;176950,00;3,295755169E10;929698
WINV26;27/08/2026;11:20:00;176790,00;176930,00;176220,00;176865,00;3,031376149E10;858189
WINV26;27/08/2026;11:00:00;176430,00;177140,00;176390,00;176790,00;3,426303454E10;969004
WINV26;27/08/2026;10:40:00;176815,00;176900,00;176365,00;176430,00;3,835957001E10;1085877
WINV26;27/08/2026;10:20:00;176655,00;177305,00;176470,00;176810,00;5,70537018E10;1612578
WINV26;27/08/2026;10:00:00;176845,00;177075,00;176105,00;176655,00;5,016729587E10;1420416
WINV26;27/08/2026;09:40:00;177160,00;177240,00;176625,00;176845,00;2,214593284E10;625928
WINV26;27/08/2026;09:20:00;177295,00;177345,00;176745,00;177160,00;2,938323017E10;829678
WINV26;27/08/2026;09:00:00;177670,00;177925,00;176690,00;177295,00;4,529316539E10;1277593
WINV26;26/08/2026;18:20:00;177905,00;177945,00;177845,00;177900,00;1098507127,00;30875
WINV26;26/08/2026;18:00:00;177780,00;177945,00;177680,00;177900,00;4300039931,00;120897
WINV26;26/08/2026;17:40:00;177720,00;177810,00;177645,00;177780,00;4591692533,00;129181
WINV26;26/08/2026;17:20:00;177575,00;177750,00;177505,00;177720,00;6312751544,00;177710
WINV26;26/08/2026;17:00:00;177310,00;177660,00;177295,00;177570,00;1,093178064E10;307970
WINV26;26/08/2026;16:40:00;177460,00;177495,00;177165,00;177310,00;1,189808263E10;335483
WINV26;26/08/2026;16:20:00;177530,00;177625,00;177420,00;177460,00;9793244733,00;275839
WINV26;26/08/2026;16:00:00;177395,00;177690,00;177390,00;177535,00;1,528270476E10;430344
WINV26;26/08/2026;15:40:00;177130,00;177460,00;177125,00;177400,00;1,584331977E10;446773
WINV26;26/08/2026;15:20:00;177500,00;177595,00;176910,00;177135,00;2,149245605E10;606371
WINV26;26/08/2026;15:00:00;177760,00;177835,00;177490,00;177500,00;1,172024489E10;329868
WINV26;26/08/2026;14:40:00;177785,00;177850,00;177650,00;177760,00;9970590916,00;280498
WINV26;26/08/2026;14:20:00;177840,00;178040,00;177670,00;177785,00;1,359753142E10;382309
WINV26;26/08/2026;14:00:00;177690,00;177975,00;177670,00;177835,00;1,429874623E10;402011
WINV26;26/08/2026;13:40:00;177980,00;178000,00;177435,00;177685,00;1,846275384E10;519613
WINV26;26/08/2026;13:20:00;177835,00;178160,00;177830,00;177980,00;1,717545526E10;482431
WINV26;26/08/2026;13:00:00;177810,00;177910,00;177710,00;177840,00;1,088264182E10;306019
WINV26;26/08/2026;12:40:00;177965,00;178100,00;177550,00;177810,00;1,902054447E10;534830
WINV26;26/08/2026;12:20:00;178020,00;178085,00;177805,00;177965,00;1,341345606E10;376919
WINV26;26/08/2026;12:00:00;177985,00;178135,00;177890,00;178025,00;1,349808893E10;379188
WINV26;26/08/2026;11:40:00;178160,00;178195,00;177810,00;177980,00;2,245309611E10;630775
WINV26;26/08/2026;11:20:00;178495,00;178510,00;177710,00;178165,00;3,431478395E10;963365
WINV26;26/08/2026;11:00:00;178670,00;179080,00;178430,00;178495,00;3,672989481E10;1027240
WINV26;26/08/2026;10:40:00;178355,00;178990,00;178045,00;178670,00;4,05245066E10;1134622
WINV26;26/08/2026;10:20:00;178550,00;179135,00;177840,00;178360,00;6,150922458E10;1722325
WINV26;26/08/2026;10:00:00;177430,00;178665,00;177190,00;178545,00;5,563420706E10;1563605
WINV26;26/08/2026;09:40:00;177680,00;177850,00;177240,00;177430,00;3,367924632E10;948340
WINV26;26/08/2026;09:20:00;178545,00;178720,00;177575,00;177685,00;3,545481074E10;995356
WINV26;26/08/2026;09:00:00;178005,00;179050,00;177565,00;178550,00;4,191337844E10;1173633
WINV26;25/08/2026;18:20:00;177625,00;177625,00;177465,00;177465,00;1387388356,00;39083
WINV26;25/08/2026;18:00:00;177575,00;177775,00;177530,00;177625,00;5179397350,00;145770
WINV26;25/08/2026;17:40:00;177650,00;177715,00;177545,00;177575,00;5081828915,00;143048
WINV26;25/08/2026;17:20:00;177420,00;177725,00;177330,00;177650,00;7479483958,00;210701
WINV26;25/08/2026;17:00:00;177635,00;177715,00;177310,00;177420,00;1,299034359E10;365977
WINV26;25/08/2026;16:40:00;177425,00;177770,00;177275,00;177635,00;1,666851575E10;469498
WINV26;25/08/2026;16:20:00;177155,00;177485,00;177020,00;177420,00;2,121913095E10;598403
WINV26;25/08/2026;16:00:00;176600,00;177190,00;176575,00;177155,00;1,832521613E10;517976
WINV26;25/08/2026;15:40:00;176210,00;176700,00;176145,00;176600,00;1,931651367E10;547342
WINV26;25/08/2026;15:20:00;176410,00;176565,00;176170,00;176205,00;1,687797096E10;478483
WINV26;25/08/2026;15:00:00;176640,00;176780,00;176375,00;176410,00;1,867406278E10;528817
WINV26;25/08/2026;14:40:00;176370,00;176760,00;176325,00;176640,00;2,201588448E10;623510
WINV26;25/08/2026;14:20:00;176030,00;176420,00;175970,00;176365,00;1,632423215E10;463260
WINV26;25/08/2026;14:00:00;176280,00;176340,00;175985,00;176030,00;1,407115571E10;399461
WINV26;25/08/2026;13:40:00;176260,00;176380,00;176175,00;176285,00;1,316586304E10;373470
WINV26;25/08/2026;13:20:00;176090,00;176365,00;176015,00;176260,00;1,318464281E10;374119
WINV26;25/08/2026;13:00:00;176220,00;176395,00;175805,00;176095,00;2,066902342E10;587002
WINV26;25/08/2026;12:40:00;175700,00;176360,00;175580,00;176220,00;2,682674679E10;762403
WINV26;25/08/2026;12:20:00;175020,00;175750,00;175000,00;175700,00;2,805786525E10;799878
WINV26;25/08/2026;12:00:00;174470,00;175050,00;174430,00;175020,00;2,449077838E10;700445
WINV26;25/08/2026;11:40:00;174605,00;174775,00;174295,00;174470,00;2,432815953E10;697058
WINV26;25/08/2026;11:20:00;174530,00;174795,00;174365,00;174605,00;2,48607028E10;712095
WINV26;25/08/2026;11:00:00;174195,00;174825,00;174060,00;174530,00;3,325112223E10;952644
WINV26;25/08/2026;10:40:00;174255,00;174385,00;173875,00;174195,00;4,201795892E10;1206725
WINV26;25/08/2026;10:20:00;174700,00;175290,00;174115,00;174255,00;6,010502823E10;1720587
WINV26;25/08/2026;10:00:00;174260,00;174950,00;174200,00;174705,00;5,38250739E10;1541441
WINV26;25/08/2026;09:40:00;174385,00;174735,00;174170,00;174260,00;2,9218323E10;837544
WINV26;25/08/2026;09:20:00;174765,00;174845,00;174325,00;174390,00;2,964103208E10;849101
WINV26;25/08/2026;09:00:00;174565,00;175380,00;174275,00;174765,00;3,840649127E10;1098971
WINV26;24/08/2026;18:20:00;174720,00;174720,00;174625,00;174715,00;1178463892,00;33729
WINV26;24/08/2026;18:00:00;174860,00;174880,00;174675,00;174720,00;2981769794,00;85295
WINV26;24/08/2026;17:40:00;174850,00;174895,00;174725,00;174860,00;3760252269,00;107549
WINV26;24/08/2026;17:20:00;174680,00;174895,00;174675,00;174855,00;4724426141,00;135171
WINV26;24/08/2026;17:00:00;174650,00;174830,00;174615,00;174675,00;7699245765,00;220318
WINV26;24/08/2026;16:40:00;174785,00;174955,00;174605,00;174645,00;1,254850707E10;358949
WINV26;24/08/2026;16:20:00;175020,00;175050,00;174770,00;174785,00;9624910615,00;275124
WINV26;24/08/2026;16:00:00;174915,00;175125,00;174885,00;175015,00;1,177194451E10;336315
WINV26;24/08/2026;15:40:00;174815,00;174960,00;174750,00;174920,00;1,099658234E10;314417
WINV26;24/08/2026;15:20:00;175145,00;175170,00;174665,00;174820,00;1,63572689E10;467600
WINV26;24/08/2026;15:00:00;174945,00;175360,00;174880,00;175145,00;1,673288257E10;477883
WINV26;24/08/2026;14:40:00;174900,00;175030,00;174675,00;174940,00;1,25932479E10;360103
WINV26;24/08/2026;14:20:00;175150,00;175165,00;174815,00;174905,00;1,510852413E10;431789
WINV26;24/08/2026;14:00:00;174940,00;175285,00;174800,00;175150,00;1,78264942E10;509172
WINV26;24/08/2026;13:40:00;175365,00;175390,00;174900,00;174940,00;1,41892826E10;405175
WINV26;24/08/2026;13:20:00;175490,00;175660,00;175320,00;175365,00;1,37130282E10;390790
WINV26;24/08/2026;13:00:00;175620,00;175725,00;175430,00;175495,00;1,16940502E10;333046
WINV26;24/08/2026;12:40:00;175425,00;175740,00;175355,00;175625,00;1,680715535E10;478674
WINV26;24/08/2026;12:20:00;175655,00;176065,00;175380,00;175425,00;2,480990467E10;705840
WINV26;24/08/2026;12:00:00;175195,00;175675,00;175020,00;175655,00;2,47429107E10;705699
WINV26;24/08/2026;11:40:00;174830,00;175435,00;174635,00;175190,00;2,764651319E10;789941
WINV26;24/08/2026;11:20:00;174155,00;174945,00;174000,00;174835,00;3,227785842E10;924900
WINV26;24/08/2026;11:00:00;174820,00;175110,00;174030,00;174150,00;3,971444524E10;1138205
WINV26;24/08/2026;10:40:00;173560,00;174985,00;173060,00;174820,00;6,392243432E10;1837670
WINV26;24/08/2026;10:20:00;172440,00;173635,00;172000,00;173565,00;6,213762651E10;1798743
WINV26;24/08/2026;10:00:00;172420,00;172675,00;172065,00;172440,00;4,58863716E10;1330759
WINV26;24/08/2026;09:40:00;172505,00;172550,00;172220,00;172425,00;1,713215021E10;496932
WINV26;24/08/2026;09:20:00;172400,00;172800,00;172250,00;172500,00;2,964806723E10;859369
WINV26;24/08/2026;09:00:00;173480,00;173595,00;172215,00;172400,00;4,447064948E10;1286968
WINV26;21/08/2026;18:20:00;174105,00;174110,00;174035,00;174035,00;1078988491,00;30997
WINV26;21/08/2026;18:00:00;174090,00;174245,00;174070,00;174095,00;2884887986,00;82824
WINV26;21/08/2026;17:40:00;174285,00;174285,00;174040,00;174090,00;5763559799,00;165485
WINV26;21/08/2026;17:20:00;174085,00;174320,00;174065,00;174290,00;4585423232,00;131620
WINV26;21/08/2026;17:00:00;173870,00;174220,00;173775,00;174085,00;1,011202345E10;290633
WINV26;21/08/2026;16:40:00;173855,00;174035,00;173655,00;173865,00;1,319998256E10;379587
WINV26;21/08/2026;16:20:00;174040,00;174040,00;173625,00;173855,00;1,237989256E10;356116
WINV26;21/08/2026;16:00:00;174000,00;174150,00;173925,00;174040,00;9893700177,00;284261
WINV26;21/08/2026;15:40:00;173945,00;174100,00;173875,00;174000,00;9508480441,00;273244
WINV26;21/08/2026;15:20:00;174285,00;174420,00;173910,00;173940,00;1,369692114E10;393050
WINV26;21/08/2026;15:00:00;173830,00;174350,00;173825,00;174285,00;1,566128017E10;449683
WINV26;21/08/2026;14:40:00;173860,00;173910,00;173680,00;173830,00;1,022918668E10;294275
WINV26;21/08/2026;14:20:00;173835,00;174025,00;173740,00;173865,00;1,037726383E10;298438
WINV26;21/08/2026;14:00:00;174045,00;174100,00;173780,00;173840,00;1,188760431E10;341714
WINV26;21/08/2026;13:40:00;174155,00;174345,00;174025,00;174045,00;1,35383248E10;388665
WINV26;21/08/2026;13:20:00;174210,00;174425,00;173810,00;174155,00;1,883690493E10;541124
WINV26;21/08/2026;13:00:00;174490,00;174655,00;174190,00;174215,00;1,599155201E10;458358
WINV26;21/08/2026;12:40:00;174805,00;174980,00;174415,00;174495,00;1,788642553E10;511839
WINV26;21/08/2026;12:20:00;173870,00;175010,00;173805,00;174810,00;2,730451138E10;782510
WINV26;21/08/2026;12:00:00;173780,00;174170,00;173730,00;173860,00;1,89219506E10;543922
WINV26;21/08/2026;11:40:00;173865,00;174275,00;173760,00;173775,00;2,370562089E10;681100
WINV26;21/08/2026;11:20:00;173890,00;174440,00;173805,00;173875,00;4,000242718E10;1148859
WINV26;21/08/2026;11:00:00;173600,00;173945,00;173130,00;173895,00;3,344033583E10;963739
WINV26;21/08/2026;10:40:00;173225,00;173730,00;172860,00;173600,00;5,075746084E10;1464193
WINV26;21/08/2026;10:20:00;171455,00;173345,00;171380,00;173225,00;5,363414555E10;1557339
WINV26;21/08/2026;10:00:00;172025,00;172030,00;171305,00;171455,00;4,439663613E10;1292897
WINV26;21/08/2026;09:40:00;171530,00;172070,00;171485,00;172025,00;2,015095238E10;586528
WINV26;21/08/2026;09:20:00;171070,00;171825,00;171025,00;171530,00;3,06016236E10;892308
WINV26;21/08/2026;09:00:00;172250,00;172500,00;171030,00;171070,00;4,158995841E10;1212007
WINV26;20/08/2026;18:20:00;170960,00;171020,00;170940,00;170990,00;1008853855,00;29501
WINV26;20/08/2026;18:00:00;170770,00;170970,00;170710,00;170960,00;4031065073,00;117967
WINV26;20/08/2026;17:40:00;170810,00;170860,00;170660,00;170770,00;4123812850,00;120745
WINV26;20/08/2026;17:20:00;170770,00;170855,00;170605,00;170805,00;5673237834,00;166164
WINV26;20/08/2026;17:00:00;170745,00;170925,00;170725,00;170775,00;7764484201,00;227248
WINV26;20/08/2026;16:40:00;170795,00;170835,00;170650,00;170745,00;9019724451,00;264126
WINV26;20/08/2026;16:20:00;170600,00;170935,00;170550,00;170795,00;1,38156854E10;404510
WINV26;20/08/2026;16:00:00;170525,00;170625,00;170385,00;170600,00;1,18228703E10;346708
WINV26;20/08/2026;15:40:00;170740,00;170800,00;170505,00;170520,00;9800654454,00;287082
WINV26;20/08/2026;15:20:00;170645,00;170780,00;170580,00;170740,00;1,228866978E10;359985
WINV26;20/08/2026;15:00:00;170515,00;170675,00;170390,00;170650,00;1,346749607E10;394935
WINV26;20/08/2026;14:40:00;170395,00;170585,00;170355,00;170510,00;1,273441066E10;373470
WINV26;20/08/2026;14:20:00;170295,00;170480,00;170240,00;170395,00;1,189204231E10;349050
WINV26;20/08/2026;14:00:00;170485,00;170600,00;170230,00;170290,00;1,329985245E10;390136
WINV26;20/08/2026;13:40:00;171025,00;171165,00;170455,00;170485,00;1,699714037E10;497605
WINV26;20/08/2026;13:20:00;171180,00;171200,00;170860,00;171025,00;1,478895544E10;432294
WINV26;20/08/2026;13:00:00;171360,00;171555,00;171155,00;171175,00;1,357232548E10;396079
WINV26;20/08/2026;12:40:00;171510,00;171570,00;171230,00;171360,00;1,648738699E10;480983
WINV26;20/08/2026;12:20:00;172255,00;172305,00;171480,00;171505,00;2,137744529E10;621641
WINV26;20/08/2026;12:00:00;172225,00;172770,00;172115,00;172255,00;3,244768937E10;941105
WINV26;20/08/2026;11:40:00;171405,00;172295,00;171370,00;172230,00;3,283268089E10;955122
WINV26;20/08/2026;11:20:00;170930,00;171470,00;170830,00;171405,00;2,88275684E10;841946
WINV26;20/08/2026;11:00:00;170810,00;171315,00;170740,00;170930,00;3,168597993E10;926283
WINV26;20/08/2026;10:40:00;171080,00;171285,00;170660,00;170805,00;4,421079043E10;1293031
WINV26;20/08/2026;10:20:00;169920,00;171240,00;169840,00;171080,00;5,355102391E10;1570084
WINV26;20/08/2026;10:00:00;170070,00;170315,00;169715,00;169920,00;4,960360932E10;1458609
WINV26;20/08/2026;09:40:00;169470,00;170095,00;169310,00;170065,00;2,486885555E10;732480
WINV26;20/08/2026;09:20:00;169735,00;169850,00;169330,00;169470,00;2,812125352E10;828939
WINV26;20/08/2026;09:00:00;170650,00;170650,00;169375,00;169735,00;4,14010448E10;1219463
WINV26;19/08/2026;18:20:00;171070,00;171165,00;171035,00;171035,00;1281150234,00;37448
WINV26;19/08/2026;18:00:00;170925,00;171100,00;170905,00;171065,00;4299575837,00;125707
WINV26;19/08/2026;17:40:00;170875,00;170980,00;170855,00;170920,00;4333863867,00;126776
WINV26;19/08/2026;17:20:00;170820,00;171000,00;170805,00;170875,00;4428014956,00;129547
WINV26;19/08/2026;17:00:00;170840,00;171020,00;170765,00;170820,00;7748976094,00;226715
WINV26;19/08/2026;16:40:00;170805,00;170945,00;170720,00;170845,00;9423254311,00;275822
WINV26;19/08/2026;16:20:00;170745,00;170915,00;170680,00;170810,00;1,280876346E10;374953
WINV26;19/08/2026;16:00:00;170700,00;170760,00;170460,00;170745,00;1,303536852E10;381987
WINV26;19/08/2026;15:40:00;170820,00;171150,00;170700,00;170700,00;1,530503046E10;447671
WINV26;19/08/2026;15:20:00;170870,00;170895,00;170600,00;170825,00;1,428692445E10;418305
WINV26;19/08/2026;15:00:00;170870,00;171035,00;170820,00;170870,00;1,025626127E10;299999
WINV26;19/08/2026;14:40:00;170785,00;171075,00;170750,00;170875,00;1,200657747E10;351217
WINV26;19/08/2026;14:20:00;171000,00;171045,00;170710,00;170790,00;1,050334979E10;307407
WINV26;19/08/2026;14:00:00;171035,00;171230,00;170810,00;171000,00;1,56206449E10;456741
WINV26;19/08/2026;13:40:00;170850,00;171170,00;170785,00;171035,00;1,381096192E10;403968
WINV26;19/08/2026;13:20:00;171115,00;171220,00;170820,00;170845,00;1,312167707E10;383694
WINV26;19/08/2026;13:00:00;171220,00;171370,00;171030,00;171110,00;1,622098696E10;473730
WINV26;19/08/2026;12:40:00;171515,00;171575,00;171130,00;171225,00;1,590434389E10;464046
WINV26;19/08/2026;12:20:00;171860,00;171885,00;171480,00;171515,00;1,753301023E10;510617
WINV26;19/08/2026;12:00:00;172580,00;172620,00;171845,00;171860,00;1,903827138E10;552632
WINV26;19/08/2026;11:40:00;173045,00;173085,00;172265,00;172575,00;2,721643339E10;788305
WINV26;19/08/2026;11:20:00;173120,00;173270,00;172740,00;173040,00;2,421778058E10;699863
WINV26;19/08/2026;11:00:00;173295,00;173370,00;172790,00;173125,00;3,242638627E10;936752
WINV26;19/08/2026;10:40:00;172545,00;173530,00;172460,00;173300,00;4,428243598E10;1279652
WINV26;19/08/2026;10:20:00;172090,00;172645,00;171780,00;172545,00;4,859959717E10;1411099
WINV26;19/08/2026;10:00:00;171575,00;172345,00;171470,00;172090,00;4,68373753E10;1362362
WINV26;19/08/2026;09:40:00;171585,00;171970,00;171165,00;171570,00;3,361017562E10;979931
WINV26;19/08/2026;09:20:00;170390,00;171685,00;170225,00;171590,00;4,050637224E10;1185690
WINV26;19/08/2026;09:00:00;169635,00;170675,00;168680,00;170395,00;4,958383563E10;1458860
WINV26;18/08/2026;18:20:00;169535,00;169640,00;169495,00;169640,00;984476338,00;29022
WINV26;18/08/2026;18:00:00;169435,00;169620,00;169325,00;169535,00;5749630522,00;169607
WINV26;18/08/2026;17:40:00;169275,00;169460,00;169245,00;169430,00;4069711189,00;120175
WINV26;18/08/2026;17:20:00;169345,00;169360,00;169205,00;169280,00;3895048800,00;115052
WINV26;18/08/2026;17:00:00;169375,00;169475,00;169170,00;169340,00;7879650683,00;232682
WINV26;18/08/2026;16:40:00;169440,00;169530,00;169300,00;169375,00;9343913965,00;275759
WINV26;18/08/2026;16:20:00;169325,00;169490,00;169240,00;169440,00;1,013124521E10;299089
WINV26;18/08/2026;16:00:00;169415,00;169435,00;169240,00;169320,00;1,295206927E10;382427
WINV26;18/08/2026;15:40:00;169780,00;169780,00;169310,00;169415,00;1,688336183E10;498012
WINV26;18/08/2026;15:20:00;170110,00;170165,00;169765,00;169775,00;1,356771583E10;399085
WINV26;18/08/2026;15:00:00;169840,00;170295,00;169785,00;170110,00;1,633447644E10;480341
WINV26;18/08/2026;14:40:00;169880,00;169990,00;169840,00;169840,00;8375631474,00;246477
WINV26;18/08/2026;14:20:00;169910,00;170100,00;169820,00;169880,00;1,66157237E10;488816
WINV26;18/08/2026;14:00:00;169820,00;170060,00;169765,00;169905,00;1,570118854E10;462056
WINV26;18/08/2026;13:40:00;169535,00;169845,00;169435,00;169825,00;1,587902662E10;468119
WINV26;18/08/2026;13:20:00;169690,00;169720,00;169525,00;169535,00;9576142882,00;282253
WINV26;18/08/2026;13:00:00;169840,00;169875,00;169635,00;169690,00;1,064299868E10;313524
WINV26;18/08/2026;12:40:00;169765,00;169945,00;169725,00;169840,00;1,074885883E10;316441
WINV26;18/08/2026;12:20:00;169945,00;170030,00;169760,00;169770,00;1,114110375E10;327831
WINV26;18/08/2026;12:00:00;169735,00;170155,00;169725,00;169950,00;2,558686984E10;752804
WINV26;18/08/2026;11:40:00;170170,00;170260,00;169705,00;169735,00;2,401617503E10;706338
WINV26;18/08/2026;11:20:00;170635,00;170695,00;170130,00;170170,00;2,789715071E10;818538
WINV26;18/08/2026;11:00:00;171355,00;171500,00;170500,00;170635,00;3,346822427E10;978661
WINV26;18/08/2026;10:40:00;170820,00;171435,00;170675,00;171360,00;4,191869443E10;1224755
WINV26;18/08/2026;10:20:00;170115,00;170975,00;169825,00;170825,00;5,32438951E10;1561775
WINV26;18/08/2026;10:00:00;170160,00;170335,00;169630,00;170120,00;4,857756716E10;1428539
WINV26;18/08/2026;09:40:00;169845,00;170180,00;169705,00;170165,00;1,941829701E10;571259
WINV26;18/08/2026;09:20:00;169965,00;170070,00;169700,00;169840,00;2,008839027E10;591367
WINV26;18/08/2026;09:00:00;169640,00;170115,00;168555,00;169960,00;3,949159132E10;1163682
WINV26;17/08/2026;18:20:00;170155,00;170190,00;169975,00;169975,00;1016116601,00;29879
WINV26;17/08/2026;18:00:00;169855,00;170180,00;169845,00;170160,00;4934093071,00;145129
WINV26;17/08/2026;17:40:00;169760,00;169885,00;169730,00;169850,00;3267326139,00;96208
WINV26;17/08/2026;17:20:00;169815,00;169840,00;169715,00;169760,00;4721914180,00;139065
WINV26;17/08/2026;17:00:00;170040,00;170040,00;169675,00;169815,00;1,164848866E10;342941
WINV26;17/08/2026;16:40:00;170000,00;170235,00;169980,00;170040,00;1,249545157E10;367311
WINV26;17/08/2026;16:20:00;169925,00;170045,00;169810,00;170000,00;8592495282,00;252837
WINV26;17/08/2026;16:00:00;169925,00;170015,00;169865,00;169925,00;8467161448,00;249131
WINV26;17/08/2026;15:40:00;169880,00;170040,00;169825,00;169920,00;9202219157,00;270778
WINV26;17/08/2026;15:20:00;169800,00;169950,00;169725,00;169880,00;1,04740386E10;308375
WINV26;17/08/2026;15:00:00;169780,00;169910,00;169540,00;169800,00;1,547087052E10;455777
WINV26;17/08/2026;14:40:00;169730,00;169935,00;169715,00;169775,00;1,086817696E10;319975
WINV26;17/08/2026;14:20:00;170000,00;170110,00;169715,00;169725,00;1,588615104E10;467492
WINV26;17/08/2026;14:00:00;169710,00;170040,00;169565,00;170000,00;1,712074661E10;504151
WINV26;17/08/2026;13:40:00;169825,00;169825,00;169560,00;169705,00;1,439390938E10;424140
WINV26;17/08/2026;13:20:00;170030,00;170035,00;169760,00;169820,00;1,215081214E10;357608
WINV26;17/08/2026;13:00:00;169840,00;170080,00;169785,00;170035,00;1,10714123E10;325761
WINV26;17/08/2026;12:40:00;170075,00;170095,00;169750,00;169840,00;1,300629288E10;382764
WINV26;17/08/2026;12:20:00;169755,00;170155,00;169680,00;170075,00;1,814640174E10;533847
WINV26;17/08/2026;12:00:00;169640,00;170035,00;169560,00;169755,00;1,761854929E10;518858
WINV26;17/08/2026;11:40:00;169585,00;169900,00;169545,00;169645,00;2,04875617E10;603665
WINV26;17/08/2026;11:20:00;170225,00;170465,00;169525,00;169590,00;2,952927812E10;868050
WINV26;17/08/2026;11:00:00;169730,00;170395,00;169705,00;170230,00;3,729981162E10;1096391
WINV26;17/08/2026;10:40:00;169915,00;169960,00;169565,00;169730,00;3,173050911E10;934588
WINV26;17/08/2026;10:20:00;170800,00;171170,00;169755,00;169915,00;5,087184646E10;1492097
WINV26;17/08/2026;10:00:00;169660,00;170910,00;169515,00;170800,00;5,401309307E10;1586784
WINV26;17/08/2026;09:40:00;169480,00;169795,00;169475,00;169655,00;1,868946008E10;550820
WINV26;17/08/2026;09:20:00;169670,00;169875,00;169385,00;169480,00;2,615599899E10;771172
WINV26;17/08/2026;09:00:00;170245,00;171160,00;169560,00;169665,00;3,395033864E10;997682
WINV26;14/08/2026;18:20:00;170005,00;170015,00;169875,00;169975,00;1128403221,00;33194
WINV26;14/08/2026;18:00:00;170020,00;170280,00;169830,00;170010,00;5760938816,00;169349
WINV26;14/08/2026;17:40:00;169925,00;170090,00;169915,00;170020,00;4324144204,00;127185
WINV26;14/08/2026;17:20:00;169905,00;170095,00;169810,00;169920,00;6564548506,00;193126
WINV26;14/08/2026;17:00:00;169810,00;170170,00;169755,00;169905,00;1,377866447E10;405451
WINV26;14/08/2026;16:40:00;169410,00;170180,00;169250,00;169810,00;2,645036451E10;779207
WINV26;14/08/2026;16:20:00;168925,00;169665,00;168915,00;169415,00;2,05065199E10;605416
WINV26;14/08/2026;16:00:00;168850,00;168980,00;168695,00;168930,00;1,470679389E10;435534
WINV26;14/08/2026;15:40:00;168600,00;168925,00;168435,00;168845,00;1,656760714E10;491019
WINV26;14/08/2026;15:20:00;168435,00;168635,00;168330,00;168600,00;1,176998973E10;349262
WINV26;14/08/2026;15:00:00;168100,00;168500,00;168065,00;168430,00;1,575682299E10;468095
WINV26;14/08/2026;14:40:00;168075,00;168150,00;167975,00;168100,00;9238730630,00;274855
WINV26;14/08/2026;14:20:00;168255,00;168315,00;168050,00;168075,00;1,176517231E10;349807
WINV26;14/08/2026;14:00:00;168350,00;168375,00;168160,00;168255,00;1,03221743E10;306754
WINV26;14/08/2026;13:40:00;168690,00;168780,00;168245,00;168350,00;1,353011421E10;401446
WINV26;14/08/2026;13:20:00;168630,00;168750,00;168430,00;168690,00;1,14079935E10;338327
WINV26;14/08/2026;13:00:00;168695,00;168705,00;168490,00;168630,00;1,112464854E10;329943
WINV26;14/08/2026;12:40:00;168830,00;168860,00;168655,00;168695,00;1,096636362E10;324947
WINV26;14/08/2026;12:20:00;168710,00;168895,00;168610,00;168825,00;1,493875976E10;442666
WINV26;14/08/2026;12:00:00;168505,00;168805,00;168405,00;168715,00;1,778611991E10;527267
WINV26;14/08/2026;11:40:00;168760,00;168840,00;168470,00;168505,00;1,766114496E10;523541
WINV26;14/08/2026;11:20:00;168390,00;168950,00;168365,00;168760,00;2,527104671E10;749006
WINV26;14/08/2026;11:00:00;169235,00;169365,00;168310,00;168390,00;3,768066945E10;1116191
WINV26;14/08/2026;10:40:00;169145,00;169640,00;168800,00;169235,00;3,889508929E10;1149258
WINV26;14/08/2026;10:20:00;169740,00;169850,00;168840,00;169140,00;4,55395637E10;1345131
WINV26;14/08/2026;10:00:00;169430,00;170100,00;169205,00;169745,00;5,19926434E10;1532131
WINV26;14/08/2026;09:40:00;169380,00;169580,00;169035,00;169425,00;2,977042303E10;879171
WINV26;14/08/2026;09:20:00;170210,00;170390,00;169345,00;169380,00;3,105676016E10;914282
WINV26;14/08/2026;09:00:00;171100,00;171240,00;169900,00;170210,00;3,475404235E10;1020900
WINV26;13/08/2026;18:20:00;170805,00;170870,00;170740,00;170775,00;1188053351,00;34782
WINV26;13/08/2026;18:00:00;170410,00;170970,00;170355,00;170805,00;7056853644,00;206716
WINV26;13/08/2026;17:40:00;170280,00;170440,00;170210,00;170405,00;4955091032,00;145477
WINV26;13/08/2026;17:20:00;170200,00;170295,00;170165,00;170285,00;3831268465,00;112540
WINV26;13/08/2026;17:00:00;170160,00;170400,00;170135,00;170205,00;8481509993,00;249013
WINV26;13/08/2026;16:40:00;170235,00;170350,00;170100,00;170165,00;1,01652062E10;298546
WINV26;13/08/2026;16:20:00;170200,00;170335,00;170195,00;170240,00;9188290670,00;269850
WINV26;13/08/2026;16:00:00;170200,00;170250,00;170045,00;170200,00;1,108709293E10;325822
WINV26;13/08/2026;15:40:00;170410,00;170430,00;170165,00;170200,00;1,24041571E10;364143
WINV26;13/08/2026;15:20:00;170640,00;170645,00;170395,00;170410,00;1,129101942E10;331107
WINV26;13/08/2026;15:00:00;170495,00;170685,00;170380,00;170645,00;1,472450141E10;431677
WINV26;13/08/2026;14:40:00;170515,00;170700,00;170340,00;170495,00;1,651050253E10;484197
WINV26;13/08/2026;14:20:00;170485,00;170620,00;170460,00;170515,00;1,199351441E10;351627
WINV26;13/08/2026;14:00:00;170455,00;170550,00;170270,00;170485,00;1,64683785E10;483191
WINV26;13/08/2026;13:40:00;170135,00;170460,00;170080,00;170455,00;1,39612573E10;410093
WINV26;13/08/2026;13:20:00;169875,00;170170,00;169730,00;170135,00;1,507944822E10;443665
WINV26;13/08/2026;13:00:00;169765,00;169970,00;169450,00;169880,00;2,043311637E10;602047
WINV26;13/08/2026;12:40:00;169945,00;170055,00;169725,00;169770,00;1,374439041E10;404490
WINV26;13/08/2026;12:20:00;169945,00;170035,00;169820,00;169945,00;1,619584103E10;476557
WINV26;13/08/2026;12:00:00;170370,00;170385,00;169875,00;169945,00;1,953281206E10;574015
WINV26;13/08/2026;11:40:00;170625,00;170675,00;170240,00;170375,00;2,342702981E10;687217
WINV26;13/08/2026;11:20:00;170675,00;170790,00;170475,00;170625,00;2,657304755E10;778626
WINV26;13/08/2026;11:00:00;170785,00;171070,00;170580,00;170680,00;2,911740355E10;852226
WINV26;13/08/2026;10:40:00;171755,00;171865,00;170750,00;170785,00;3,830384305E10;1117404
WINV26;13/08/2026;10:20:00;170820,00;171790,00;170795,00;171750,00;5,103035965E10;1490087
WINV26;13/08/2026;10:00:00;170210,00;170945,00;170070,00;170820,00;4,565827303E10;1338522
WINV26;13/08/2026;09:40:00;170090,00;170295,00;169895,00;170205,00;2,098774589E10;617074
WINV26;13/08/2026;09:20:00;169490,00;170245,00;169415,00;170095,00;2,862795236E10;843003
WINV26;13/08/2026;09:00:00;170665,00;170810,00;169370,00;169490,00;4,141574014E10;1219250
WINV26;12/08/2026;18:20:00;170415,00;170430,00;170270,00;170430,00;843428395,00;24747
WINV26;12/08/2026;18:00:00;170340,00;170435,00;170225,00;170415,00;3559458897,00;104482
WINV26;12/08/2026;17:40:00;170585,00;170595,00;170270,00;170345,00;5973394664,00;175261
WINV26;12/08/2026;17:20:00;170725,00;170790,00;170530,00;170590,00;7084168454,00;207585
WINV26;12/08/2026;17:00:00;170835,00;171010,00;170685,00;170720,00;9893712457,00;289562
WINV26;12/08/2026;16:40:00;171165,00;171170,00;170805,00;170840,00;1,0835258E10;316857
WINV26;12/08/2026;16:20:00;171320,00;171360,00;171105,00;171165,00;9795620742,00;286072
WINV26;12/08/2026;16:00:00;171070,00;171420,00;171050,00;171320,00;1,224235511E10;357389
WINV26;12/08/2026;15:40:00;170875,00;171125,00;170820,00;171070,00;1,050355183E10;307106
WINV26;12/08/2026;15:20:00;171160,00;171225,00;170810,00;170875,00;1,159199017E10;338891
WINV26;12/08/2026;15:00:00;171485,00;171490,00;171095,00;171160,00;1,116590225E10;325968
WINV26;12/08/2026;14:40:00;171255,00;171545,00;171180,00;171485,00;9965871457,00;290717
WINV26;12/08/2026;14:20:00;171390,00;171515,00;171165,00;171255,00;1,085213387E10;316702
WINV26;12/08/2026;14:00:00;171450,00;171665,00;171275,00;171390,00;1,381229685E10;402799
WINV26;12/08/2026;13:40:00;171435,00;171555,00;171235,00;171455,00;1,27308132E10;371391
WINV26;12/08/2026;13:20:00;171425,00;171640,00;171360,00;171435,00;1,075198493E10;313490
WINV26;12/08/2026;13:00:00;171110,00;171425,00;171110,00;171425,00;1,072648347E10;313142
WINV26;12/08/2026;12:40:00;171165,00;171190,00;171000,00;171110,00;7686080413,00;224618
WINV26;12/08/2026;12:20:00;171365,00;171465,00;171065,00;171165,00;1,316915806E10;384420
WINV26;12/08/2026;12:00:00;171260,00;171440,00;170995,00;171360,00;1,696546083E10;495497
WINV26;12/08/2026;11:40:00;171360,00;171415,00;170860,00;171260,00;2,573599209E10;751762
WINV26;12/08/2026;11:20:00;171430,00;171800,00;171280,00;171360,00;3,764831393E10;1097390
WINV26;12/08/2026;11:00:00;171000,00;171510,00;170900,00;171430,00;3,156575821E10;921754
WINV26;12/08/2026;10:40:00;171055,00;171430,00;170805,00;171000,00;4,005800557E10;1170813
WINV26;12/08/2026;10:20:00;170825,00;171875,00;170545,00;171055,00;5,796445376E10;1693725
WINV26;12/08/2026;10:00:00;171855,00;172045,00;170735,00;170825,00;4,506300345E10;1314593
WINV26;12/08/2026;09:40:00;171515,00;171925,00;171365,00;171855,00;2,066934183E10;601939
WINV26;12/08/2026;09:20:00;171505,00;171665,00;171045,00;171520,00;2,293025376E10;668785
WINV26;12/08/2026;09:00:00;172260,00;172260,00;171180,00;171505,00;3,324140561E10;968819
WINV26;11/08/2026;18:20:00;171595,00;171750,00;171550,00;171750,00;87511983,00;2549
WINV26;11/08/2026;18:00:00;171475,00;171590,00;171275,00;171585,00;282247196,00;8230
WINV26;11/08/2026;17:40:00;171470,00;171545,00;171410,00;171480,00;247712454,00;7223
WINV26;11/08/2026;17:20:00;171455,00;171520,00;171410,00;171465,00;354392171,00;10335
WINV26;11/08/2026;17:00:00;171315,00;171560,00;171310,00;171450,00;767196593,00;22373
WINV26;11/08/2026;16:40:00;171155,00;171375,00;171150,00;171310,00;713497866,00;20830
WINV26;11/08/2026;16:20:00;171275,00;171435,00;171120,00;171150,00;687382616,00;20064
WINV26;11/08/2026;16:00:00;171180,00;171675,00;171140,00;171275,00;934766554,00;27262
WINV26;11/08/2026;15:40:00;171315,00;171315,00;171075,00;171180,00;496638965,00;14508
WINV26;11/08/2026;15:20:00;171120,00;171405,00;171000,00;171310,00;1014843836,00;29638
WINV26;11/08/2026;15:00:00;171415,00;171530,00;171055,00;171135,00;1067410660,00;31164
WINV26;11/08/2026;14:40:00;171485,00;171670,00;171380,00;171415,00;656212160,00;19129
WINV26;11/08/2026;14:20:00;171605,00;171605,00;171385,00;171485,00;655177097,00;19102
WINV26;11/08/2026;14:00:00;171795,00;171895,00;171415,00;171605,00;1203303373,00;35050
WINV26;11/08/2026;13:40:00;172215,00;172315,00;171800,00;171800,00;647276461,00;18810
WINV26;11/08/2026;13:20:00;172420,00;172440,00;172130,00;172215,00;650348890,00;18878
WINV26;11/08/2026;13:00:00;172350,00;172660,00;172220,00;172415,00;1133013560,00;32852
WINV26;11/08/2026;12:40:00;172425,00;172575,00;172245,00;172345,00;1006823570,00;29196
WINV26;11/08/2026;12:20:00;173045,00;173165,00;172400,00;172430,00;1192565499,00;34507
WINV26;11/08/2026;12:00:00;173730,00;173850,00;172940,00;173040,00;1241811133,00;35832
WINV26;11/08/2026;11:40:00;173930,00;174000,00;173570,00;173735,00;905881656,00;26066
WINV26;11/08/2026;11:20:00;174215,00;174300,00;173930,00;173930,00;743326403,00;21340
WINV26;11/08/2026;11:00:00;174880,00;174940,00;174135,00;174215,00;977260570,00;27985
WINV26;11/08/2026;10:40:00;175315,00;175575,00;174770,00;174885,00;1254412223,00;35805
WINV26;11/08/2026;10:20:00;175465,00;175495,00;174850,00;175310,00;1837163353,00;52443
WINV26;11/08/2026;10:00:00;175525,00;175825,00;175350,00;175465,00;1129738860,00;32164
WINV26;11/08/2026;09:40:00;175340,00;175625,00;175335,00;175520,00;468511009,00;13349
WINV26;11/08/2026;09:20:00;175515,00;175705,00;175310,00;175345,00;713209441,00;20323
WINV26;11/08/2026;09:00:00;175800,00;176200,00;175065,00;175520,00;1105123670,00;31471
WINV26;10/08/2026;18:20:00;175860,00;175910,00;175725,00;175910,00;39217717,00;1115
WINV26;10/08/2026;18:00:00;175800,00;175925,00;175760,00;175895,00;26728540,00;760
WINV26;10/08/2026;17:40:00;175845,00;175905,00;175795,00;175845,00;56058170,00;1594
WINV26;10/08/2026;17:20:00;175945,00;175955,00;175810,00;175850,00;50337696,00;1431
WINV26;10/08/2026;17:00:00;175945,00;176045,00;175860,00;175945,00;262934500,00;7471
WINV26;10/08/2026;16:40:00;176080,00;176320,00;175925,00;175945,00;175837748,00;4993
WINV26;10/08/2026;16:20:00;176125,00;176205,00;176035,00;176075,00;124725300,00;3541
WINV26;10/08/2026;16:00:00;176035,00;176180,00;175830,00;176125,00;216136600,00;6141
WINV26;10/08/2026;15:40:00;175950,00;176080,00;175925,00;176040,00;99787687,00;2835
WINV26;10/08/2026;15:20:00;176030,00;176060,00;175910,00;175930,00;99851601,00;2837
WINV26;10/08/2026;15:00:00;176030,00;176160,00;175950,00;176010,00;154098919,00;4376
WINV26;10/08/2026;14:40:00;175835,00;176115,00;175785,00;176025,00;134787436,00;3831
WINV26;10/08/2026;14:20:00;175835,00;175995,00;175700,00;175820,00;179079597,00;5092
WINV26;10/08/2026;14:00:00;176040,00;176060,00;175655,00;175830,00;259131353,00;7369
WINV26;10/08/2026;13:40:00;175900,00;176130,00;175770,00;176040,00;223896434,00;6362
WINV26;10/08/2026;13:20:00;175990,00;176035,00;175735,00;175900,00;169660293,00;4823
WINV26;10/08/2026;13:00:00;175815,00;176005,00;175715,00;176000,00;169964437,00;4832
WINV26;10/08/2026;12:40:00;175900,00;175940,00;175790,00;175815,00;137813351,00;3918
WINV26;10/08/2026;12:20:00;176025,00;176375,00;175860,00;175905,00;270902458,00;7691
WINV26;10/08/2026;12:00:00;175985,00;176055,00;175735,00;176030,00;218544678,00;6212
WINV26;10/08/2026;11:40:00;175865,00;176260,00;175760,00;175980,00;415300486,00;11797
WINV26;10/08/2026;11:20:00;175560,00;175950,00;175390,00;175830,00;299048293,00;8513
WINV26;10/08/2026;11:00:00;175490,00;175760,00;175215,00;175565,00;394747398,00;11247
WINV26;10/08/2026;10:40:00;176445,00;176595,00;175355,00;175485,00;482252743,00;13703
WINV26;10/08/2026;10:20:00;176335,00;176695,00;175980,00;176445,00;406734280,00;11533
WINV26;10/08/2026;10:00:00;176470,00;176520,00;176145,00;176345,00;342997860,00;9726
WINV26;10/08/2026;09:40:00;176580,00;176625,00;176415,00;176455,00;188240211,00;5332
WINV26;10/08/2026;09:20:00;176285,00;176770,00;176275,00;176575,00;402526307,00;11401
WINV26;10/08/2026;09:00:00;176595,00;177260,00;176245,00;176275,00;648593845,00;18348
WINV26;07/08/2026;18:20:00;176060,00;176195,00;176050,00;176195,00;20676819,00;587
WINV26;07/08/2026;18:00:00;176085,00;176085,00;175890,00;176035,00;62618034,00;1779
WINV26;07/08/2026;17:40:00;176025,00;176110,00;175950,00;176080,00;57099165,00;1622
WINV26;07/08/2026;17:20:00;176090,00;176090,00;175945,00;176005,00;61144428,00;1737
WINV26;07/08/2026;17:00:00;176230,00;176245,00;176050,00;176090,00;77601857,00;2203
WINV26;07/08/2026;16:40:00;176290,00;176325,00;176195,00;176225,00;81433415,00;2310
WINV26;07/08/2026;16:20:00;176210,00;176390,00;176045,00;176285,00;81476623,00;2311
WINV26;07/08/2026;16:00:00;175985,00;176250,00;175955,00;176190,00;99297095,00;2819
WINV26;07/08/2026;15:40:00;176345,00;176345,00;175855,00;175975,00;102196058,00;2902
WINV26;07/08/2026;15:20:00;176265,00;176420,00;176230,00;176345,00;116487003,00;3303
WINV26;07/08/2026;15:00:00;176430,00;176430,00;176200,00;176265,00;76585870,00;2172
WINV26;07/08/2026;14:40:00;176350,00;176460,00;176340,00;176425,00;57610145,00;1633
WINV26;07/08/2026;14:20:00;176420,00;176465,00;176240,00;176350,00;60317018,00;1710
WINV26;07/08/2026;14:00:00;176415,00;176495,00;176325,00;176395,00;82521580,00;2339
WINV26;07/08/2026;13:40:00;176395,00;176460,00;176300,00;176400,00;30300734,00;859
WINV26;07/08/2026;13:20:00;176730,00;176770,00;176190,00;176395,00;171050482,00;4848
WINV26;07/08/2026;13:00:00;176580,00;176740,00;176550,00;176725,00;58510988,00;1656
WINV26;07/08/2026;12:40:00;176855,00;176910,00;176505,00;176575,00;50464672,00;1428
WINV26;07/08/2026;12:20:00;176650,00;176945,00;176640,00;176850,00;115251520,00;3260
WINV26;07/08/2026;12:00:00;176835,00;176920,00;176305,00;176645,00;305371311,00;8650
WINV26;07/08/2026;11:40:00;177290,00;177315,00;176765,00;176830,00;98100434,00;2770
WINV26;07/08/2026;11:20:00;177730,00;177755,00;177220,00;177290,00;165366549,00;4659
WINV26;07/08/2026;11:00:00;178460,00;178485,00;177650,00;177740,00;203772500,00;5727
WINV26;07/08/2026;10:40:00;178970,00;179075,00;178370,00;178450,00;223638434,00;6257
WINV26;07/08/2026;10:20:00;179565,00;179940,00;178775,00;178985,00;228840472,00;6382
WINV26;07/08/2026;10:00:00;179820,00;179965,00;179450,00;179580,00;147487673,00;4104
WINV26;07/08/2026;09:40:00;179675,00;180065,00;179615,00;179800,00;86999383,00;2419
WINV26;07/08/2026;09:20:00;179220,00;179805,00;178945,00;179710,00;166839650,00;4650
WINV26;07/08/2026;09:00:00;180070,00;180485,00;179165,00;179220,00;420771806,00;11704
WINV26;06/08/2026;18:20:00;179400,00;179455,00;179395,00;179450,00;5490603,00;153
WINV26;06/08/2026;18:00:00;179315,00;179400,00;179275,00;179400,00;11298622,00;315
WINV26;06/08/2026;17:40:00;179250,00;179375,00;179250,00;179340,00;41672718,00;1162
WINV26;06/08/2026;17:20:00;179355,00;179355,00;179215,00;179235,00;32839817,00;916
WINV26;06/08/2026;17:00:00;179595,00;179600,00;179350,00;179365,00;38301507,00;1067
WINV26;06/08/2026;16:40:00;179650,00;179665,00;179450,00;179595,00;38963182,00;1085
WINV26;06/08/2026;16:20:00;179955,00;179955,00;179620,00;179660,00;42316168,00;1177
WINV26;06/08/2026;16:00:00;180005,00;180100,00;179900,00;179950,00;28903344,00;803
WINV26;06/08/2026;15:40:00;180190,00;180190,00;180000,00;180000,00;14767914,00;410
WINV26;06/08/2026;15:20:00;180025,00;180190,00;179990,00;180180,00;22112396,00;614
WINV26;06/08/2026;15:00:00;180155,00;180155,00;179915,00;180025,00;49540552,00;1376
WINV26;06/08/2026;14:40:00;180075,00;180220,00;180020,00;180155,00;47551222,00;1320
WINV26;06/08/2026;14:20:00;179865,00;180085,00;179845,00;180070,00;77265456,00;2147
WINV26;06/08/2026;14:00:00;179950,00;179980,00;179825,00;179865,00;79875678,00;2220
WINV26;06/08/2026;13:40:00;180065,00;180065,00;179870,00;179955,00;49128919,00;1365
WINV26;06/08/2026;13:20:00;180000,00;180180,00;179950,00;180070,00;63957179,00;1776
WINV26;06/08/2026;13:00:00;180265,00;180335,00;179955,00;180065,00;67415645,00;1871
WINV26;06/08/2026;12:40:00;180445,00;180565,00;180210,00;180260,00;51260227,00;1421
WINV26;06/08/2026;12:20:00;180735,00;180750,00;180450,00;180470,00;15026510,00;416
WINV26;06/08/2026;12:00:00;180870,00;181080,00;180535,00;180720,00;39256513,00;1086
WINV26;06/08/2026;11:40:00;180915,00;181265,00;180835,00;180835,00;28540886,00;788
WINV26;06/08/2026;11:20:00;180470,00;181090,00;180370,00;180915,00;67579834,00;1869
WINV26;06/08/2026;11:00:00;180685,00;180800,00;180360,00;180470,00;57375817,00;1589
WINV26;06/08/2026;10:40:00;180905,00;181080,00;180500,00;180700,00;73418957,00;2031
WINV26;06/08/2026;10:20:00;181310,00;181580,00;180650,00;180910,00;152242449,00;4204
WINV26;06/08/2026;10:00:00;180700,00;181400,00;180285,00;181375,00;139819676,00;3868
WINV26;06/08/2026;09:40:00;180555,00;180730,00;180455,00;180690,00;23405122,00;648
WINV26;06/08/2026;09:20:00;180420,00;180830,00;180195,00;180520,00;121034755,00;3352
WINV26;06/08/2026;09:00:00;182170,00;182400,00;180375,00;180450,00;176425998,00;4870
WINV26;05/08/2026;18:20:00;181900,00;181945,00;181865,00;181945,00;16771673,00;461
WINV26;05/08/2026;18:00:00;181865,00;181900,00;181780,00;181895,00;28517216,00;784
WINV26;05/08/2026;17:40:00;181895,00;181900,00;181845,00;181875,00;5165248,00;142
WINV26;05/08/2026;17:20:00;181925,00;181940,00;181825,00;181900,00;6220389,00;171
WINV26;05/08/2026;17:00:00;181780,00;182055,00;181780,00;181900,00;32246407,00;886
WINV26;05/08/2026;16:40:00;181960,00;182020,00;181790,00;181790,00;23792340,00;654
WINV26;05/08/2026;16:20:00;182200,00;182220,00;181965,00;181980,00;11433949,00;314
WINV26;05/08/2026;16:00:00;182205,00;182240,00;182005,00;182180,00;21346191,00;586
WINV26;05/08/2026;15:40:00;182350,00;182445,00;182205,00;182220,00;10793025,00;296
WINV26;05/08/2026;15:20:00;182465,00;182560,00;182300,00;182300,00;8721649,00;239
WINV26;05/08/2026;15:00:00;182335,00;182520,00;182300,00;182480,00;7115256,00;195
WINV26;05/08/2026;14:40:00;182550,00;182585,00;182350,00;182350,00;11715634,00;321
WINV26;05/08/2026;14:20:00;182235,00;182565,00;182145,00;182505,00;41491057,00;1138
WINV26;05/08/2026;14:00:00;182490,00;182585,00;182220,00;182260,00;21196795,00;581
WINV26;05/08/2026;13:40:00;182620,00;182650,00;182380,00;182480,00;11133549,00;305
WINV26;05/08/2026;13:20:00;182650,00;182735,00;182580,00;182615,00;13441440,00;368
WINV26;05/08/2026;13:00:00;182710,00;182780,00;182490,00;182560,00;16688827,00;457
WINV26;05/08/2026;12:40:00;182805,00;182825,00;182485,00;182735,00;59871496,00;1639
WINV26;05/08/2026;12:20:00;183040,00;183145,00;182750,00;182830,00;9035174,00;247
WINV26;05/08/2026;12:00:00;182955,00;183250,00;182905,00;183030,00;10982892,00;300
WINV26;05/08/2026;11:40:00;183140,00;183340,00;182860,00;183020,00;10363919,00;283
WINV26;05/08/2026;11:20:00;184050,00;184090,00;182860,00;183190,00;76090531,00;2076
WINV26;05/08/2026;11:00:00;183525,00;184460,00;183310,00;184050,00;101088352,00;2747
WINV26;05/08/2026;10:40:00;183605,00;183720,00;183015,00;183545,00;32707063,00;892
WINV26;05/08/2026;10:20:00;183475,00;183885,00;183130,00;183700,00;55239258,00;1505
WINV26;05/08/2026;10:00:00;183345,00;183595,00;182755,00;183490,00;90651432,00;2475
WINV26;05/08/2026;09:40:00;183295,00;183565,00;183100,00;183405,00;34663955,00;945
WINV26;05/08/2026;09:20:00;183075,00;183380,00;182900,00;183225,00;32601609,00;890
WINV26;05/08/2026;09:00:00;182530,00;183175,00;182455,00;183100,00;113438056,00;3103
WINV26;04/08/2026;18:20:00;182060,00;182095,00;181955,00;181955,00;10741367,00;295
WINV26;04/08/2026;18:00:00;182065,00;182075,00;182000,00;182050,00;4041120,00;111
WINV26;04/08/2026;17:40:00;181970,00;182080,00;181970,00;182075,00;5387652,00;148
WINV26;04/08/2026;17:20:00;182050,00;182080,00;181965,00;182025,00;33676999,00;925
WINV26;04/08/2026;17:00:00;181980,00;182235,00;181935,00;182035,00;83038653,00;2280
WINV26;04/08/2026;16:40:00;182095,00;182125,00;181935,00;181985,00;23119333,00;635
WINV26;04/08/2026;16:20:00;182175,00;182185,00;182025,00;182070,00;9723125,00;267
WINV26;04/08/2026;16:00:00;182175,00;182205,00;182030,00;182160,00;7976740,00;219
WINV26;04/08/2026;15:40:00;182010,00;182260,00;181975,00;182120,00;96008423,00;2636
WINV26;04/08/2026;15:20:00;181815,00;182150,00;181775,00;182015,00;119294042,00;3277
WINV26;04/08/2026;15:00:00;182210,00;182210,00;181820,00;181890,00;249374414,00;6850
WINV26;04/08/2026;14:40:00;182680,00;182735,00;182170,00;182250,00;86405201,00;2369
WINV26;04/08/2026;14:20:00;182695,00;182725,00;182555,00;182645,00;22355868,00;612
WINV26;04/08/2026;14:00:00;182600,00;182735,00;182525,00;182690,00;18229305,00;499
WINV26;04/08/2026;13:40:00;182335,00;182705,00;182290,00;182625,00;76032867,00;2084
WINV26;04/08/2026;13:20:00;182580,00;182710,00;182075,00;182360,00;132609650,00;3635
WINV26;04/08/2026;13:00:00;182760,00;182790,00;182515,00;182590,00;67718393,00;1854
WINV26;04/08/2026;12:40:00;182685,00;182840,00;182685,00;182750,00;42142547,00;1153
WINV26;04/08/2026;12:20:00;182840,00;182890,00;182660,00;182775,00;93283328,00;2552
WINV26;04/08/2026;12:00:00;183060,00;183275,00;182810,00;182810,00;55709801,00;1522
WINV26;04/08/2026;11:40:00;182955,00;183120,00;182880,00;183080,00;40114244,00;1096
WINV26;04/08/2026;11:20:00;182740,00;183025,00;182650,00;182950,00;90326651,00;2470
WINV26;04/08/2026;11:00:00;182740,00;182975,00;182575,00;182760,00;92678490,00;2535
WINV26;04/08/2026;10:40:00;183400,00;183575,00;182555,00;182720,00;96932880,00;2649
WINV26;04/08/2026;10:20:00;184345,00;184445,00;183095,00;183400,00;127172020,00;3461
WINV26;04/08/2026;10:00:00;184400,00;185670,00;184250,00;184350,00;122270539,00;3305
WINV26;04/08/2026;09:40:00;184500,00;184810,00;184400,00;184425,00;16944738,00;459
WINV26;04/08/2026;09:20:00;184345,00;184560,00;183880,00;184555,00;22521910,00;611
WINV26;04/08/2026;09:00:00;183025,00;184390,00;182450,00;184300,00;74832747,00;2038
WINV26;03/08/2026;18:20:00;182450,00;182480,00;182315,00;182400,00;4779171,00;131
WINV26;03/08/2026;18:00:00;182280,00;182475,00;182260,00;182450,00;4669817,00;128
WINV26;03/08/2026;17:40:00;182400,00;182510,00;182250,00;182300,00;6602077,00;181
WINV26;03/08/2026;17:20:00;182370,00;182425,00;182295,00;182425,00;5507421,00;151
WINV26;03/08/2026;17:00:00;182225,00;182420,00;182205,00;182370,00;13052196,00;358
WINV26;03/08/2026;16:40:00;182340,00;182380,00;182180,00;182255,00;10280758,00;282
WINV26;03/08/2026;16:20:00;182200,00;182390,00;182150,00;182325,00;23002939,00;631
WINV26;03/08/2026;16:00:00;181810,00;182195,00;181810,00;182175,00;17804418,00;489
WINV26;03/08/2026;15:40:00;181910,00;181910,00;181790,00;181830,00;11382564,00;313
WINV26;03/08/2026;15:20:00;181935,00;182060,00;181860,00;181920,00;3930189,00;108
WINV26;03/08/2026;15:00:00;181770,00;182010,00;181770,00;182005,00;6877646,00;189
WINV26;03/08/2026;14:40:00;181735,00;181985,00;181710,00;181770,00;23796861,00;654
WINV26;03/08/2026;14:20:00;181815,00;181850,00;181700,00;181735,00;7925899,00;218
WINV26;03/08/2026;14:00:00;181580,00;181915,00;181550,00;181845,00;7997420,00;220
WINV26;03/08/2026;13:40:00;181670,00;181670,00;181485,00;181610,00;7733231,00;213
WINV26;03/08/2026;13:20:00;181700,00;181725,00;181580,00;181690,00;2615834,00;72
WINV26;03/08/2026;13:00:00;181625,00;181695,00;181540,00;181695,00;2433680,00;67
WINV26;03/08/2026;12:40:00;181650,00;181710,00;181580,00;181630,00;94368387,00;2597
WINV26;03/08/2026;12:20:00;181750,00;181780,00;181460,00;181630,00;6392234,00;176
WINV26;03/08/2026;12:00:00;181555,00;181735,00;181430,00;181735,00;4504018,00;124
WINV26;03/08/2026;11:40:00;181570,00;181680,00;181380,00;181615,00;5700708,00;157
WINV26;03/08/2026;11:20:00;181280,00;181885,00;181280,00;181560,00;24043922,00;662
WINV26;03/08/2026;11:00:00;181380,00;181445,00;181145,00;181270,00;32123447,00;886
WINV26;03/08/2026;10:40:00;181420,00;181760,00;181250,00;181430,00;46013410,00;1268
WINV26;03/08/2026;10:20:00;182135,00;182355,00;181370,00;181395,00;23648490,00;650
WINV26;03/08/2026;10:00:00;183195,00;183355,00;182060,00;182105,00;41755450,00;1143
WINV26;03/08/2026;09:40:00;182880,00;183400,00;182680,00;183205,00;19110530,00;522
WINV26;03/08/2026;09:20:00;182585,00;183000,00;182435,00;182905,00;20608132,00;564
WINV26;03/08/2026;09:00:00;182810,00;183295,00;182130,00;182560,00;114008553,00;3123
WINV26;31/07/2026;18:20:00;182385,00;182415,00;182265,00;182415,00;13894312,00;381
WINV26;31/07/2026;18:00:00;182265,00;182455,00;182265,00;182340,00;7623172,00;209
WINV26;31/07/2026;17:40:00;182450,00;182565,00;182190,00;182275,00;7695620,00;211
WINV26;31/07/2026;17:20:00;182570,00;182595,00;182380,00;182440,00;16866995,00;462
WINV26;31/07/2026;17:00:00;182765,00;182800,00;182430,00;182575,00;10150432,00;278
WINV26;31/07/2026;16:40:00;182350,00;182770,00;182350,00;182700,00;16694303,00;457
WINV26;31/07/2026;16:20:00;182735,00;182785,00;182345,00;182345,00;9458255,00;259
WINV26;31/07/2026;16:00:00;183090,00;183200,00;182750,00;182750,00;16141825,00;441
WINV26;31/07/2026;15:40:00;183000,00;183160,00;182880,00;183085,00;22115392,00;604
WINV26;31/07/2026;15:20:00;182785,00;183050,00;182765,00;183050,00;15694167,00;429
WINV26;31/07/2026;15:00:00;182670,00;182825,00;182585,00;182740,00;16736504,00;458
WINV26;31/07/2026;14:40:00;182720,00;182930,00;182650,00;182740,00;41834832,00;1144
WINV26;31/07/2026;14:20:00;182390,00;182770,00;182380,00;182635,00;22536618,00;617
WINV26;31/07/2026;14:00:00;182275,00;182675,00;182130,00;182435,00;20499593,00;562
WINV26;31/07/2026;13:40:00;182730,00;182800,00;182255,00;182345,00;15397499,00;422
WINV26;31/07/2026;13:20:00;182100,00;182770,00;182100,00;182670,00;14890248,00;408
WINV26;31/07/2026;13:00:00;182265,00;182385,00;181905,00;182030,00;14863277,00;408
WINV26;31/07/2026;12:40:00;182000,00;182790,00;182000,00;182320,00;41093803,00;1126
WINV26;31/07/2026;12:20:00;181220,00;182300,00;180835,00;182120,00;22535995,00;620
WINV26;30/07/2026;18:20:00;181410,00;181410,00;181260,00;181260,00;13926069,00;384
WINV26;30/07/2026;18:00:00;181700,00;181750,00;181400,00;181400,00;10204067,00;281
WINV26;30/07/2026;17:40:00;181760,00;181800,00;181650,00;181730,00;21118315,00;581
WINV26;30/07/2026;17:20:00;181840,00;181870,00;181690,00;181745,00;10215316,00;281
WINV26;30/07/2026;17:00:00;181575,00;181835,00;181575,00;181805,00;20170082,00;555
WINV26;30/07/2026;16:40:00;181365,00;181640,00;181350,00;181575,00;64829296,00;1786
WINV26;30/07/2026;16:20:00;181140,00;181560,00;181140,00;181350,00;35000748,00;965
WINV26;30/07/2026;16:00:00;180840,00;181180,00;180825,00;181165,00;33307866,00;920
WINV26;30/07/2026;15:40:00;180575,00;180900,00;180575,00;180825,00;55116897,00;1524
WINV26;30/07/2026;15:20:00;180455,00;180675,00;180440,00;180570,00;12567474,00;348
WINV26;30/07/2026;15:00:00;180425,00;180470,00;180370,00;180370,00;9165564,00;254
WINV26;30/07/2026;14:40:00;180450,00;180530,00;180405,00;180405,00;12236335,00;339
WINV26;30/07/2026;14:20:00;180650,00;180650,00;180360,00;180460,00;41318162,00;1145
WINV26;30/07/2026;14:00:00;180545,00;180680,00;180525,00;180650,00;9065543,00;251
WINV26;30/07/2026;13:40:00;180435,00;180555,00;180230,00;180510,00;16059694,00;445
WINV26;30/07/2026;13:20:00;180225,00;180470,00;180190,00;180430,00;48478320,00;1344
WINV26;30/07/2026;13:00:00;180160,00;180290,00;180150,00;180270,00;40768135,00;1131
WINV26;30/07/2026;12:40:00;180100,00;180200,00;180050,00;180160,00;5223546,00;145
WINV26;30/07/2026;12:20:00;179885,00;180135,00;179770,00;180040,00;12671137,00;352
WINV26;30/07/2026;12:00:00;179745,00;179870,00;179435,00;179870,00;11391115,00;317
WINV26;30/07/2026;11:40:00;179790,00;179850,00;179700,00;179785,00;6183754,00;172
WINV26;30/07/2026;11:20:00;179435,00;179900,00;179435,00;179790,00;36525616,00;1016
WINV26;30/07/2026;11:00:00;179295,00;179650,00;179175,00;179305,00;19447807,00;542
WINV26;30/07/2026;10:40:00;178890,00;179320,00;178745,00;179305,00;17585956,00;491
WINV26;30/07/2026;10:20:00;179325,00;179550,00;178660,00;178950,00;32039965,00;894
WINV26;30/07/2026;10:00:00;178985,00;179400,00;178915,00;179350,00;20283604,00;566
WINV26;30/07/2026;09:40:00;179015,00;179065,00;178760,00;178905,00;5761057,00;161
WINV26;30/07/2026;09:20:00;179065,00;179440,00;178910,00;178995,00;19634164,00;548
WINV26;30/07/2026;09:00:00;178690,00;179330,00;178255,00;179190,00;135310924,00;3780
WINV26;29/07/2026;18:20:00;177805,00;177910,00;177785,00;177800,00;52822296,00;1485
WINV26;29/07/2026;18:00:00;177890,00;177950,00;177780,00;177800,00;56716605,00;1594
WINV26;29/07/2026;17:40:00;178000,00;178005,00;177875,00;177940,00;7615359,00;214
WINV26;29/07/2026;17:20:00;178075,00;178080,00;177915,00;178005,00;15950874,00;448
WINV26;29/07/2026;17:00:00;178455,00;178520,00;177950,00;178020,00;45762729,00;1284
WINV26;29/07/2026;16:40:00;178685,00;178875,00;178455,00;178505,00;42094394,00;1178
WINV26;29/07/2026;16:20:00;179440,00;179440,00;178620,00;178680,00;84899640,00;2372
WINV26;29/07/2026;16:00:00;179950,00;180170,00;179325,00;179460,00;41725278,00;1160
WINV26;29/07/2026;15:40:00;179275,00;179925,00;179200,00;179925,00;44684071,00;1244
WINV26;29/07/2026;15:20:00;179110,00;179250,00;178750,00;179250,00;31891877,00;891
WINV26;29/07/2026;15:00:00;178970,00;179570,00;178970,00;179085,00;124551286,00;3473
WINV26;29/07/2026;14:40:00;178925,00;178995,00;178815,00;178950,00;12633260,00;353
WINV26;29/07/2026;14:20:00;179130,00;179215,00;178860,00;178950,00;78787507,00;2200
WINV26;29/07/2026;14:00:00;179225,00;179225,00;179040,00;179085,00;89100092,00;2487
WINV26;29/07/2026;13:40:00;179250,00;179340,00;179175,00;179255,00;55066817,00;1536
WINV26;29/07/2026;13:20:00;179180,00;179330,00;179160,00;179250,00;25200865,00;703
WINV26;29/07/2026;13:00:00;179550,00;179575,00;179110,00;179170,00;40588129,00;1132
WINV26;29/07/2026;12:40:00;179530,00;179575,00;179440,00;179550,00;7107768,00;198
WINV26;29/07/2026;12:20:00;179635,00;179730,00;179560,00;179560,00;14945468,00;416
WINV26;29/07/2026;12:00:00;179560,00;179790,00;179500,00;179640,00;16136399,00;449
WINV26;29/07/2026;11:40:00;179615,00;179650,00;179350,00;179600,00;39094901,00;1089
WINV26;29/07/2026;11:20:00;179920,00;180000,00;179605,00;179645,00;31024516,00;863
WINV26;29/07/2026;11:00:00;179800,00;180130,00;179700,00;179920,00;36696244,00;1020
WINV26;29/07/2026;10:40:00;180450,00;180450,00;179525,00;179695,00;29801185,00;828
WINV26;29/07/2026;10:20:00;180710,00;180950,00;180315,00;180470,00;31815880,00;881
WINV26;29/07/2026;10:00:00;181610,00;181635,00;180680,00;180765,00;49966516,00;1381
WINV26;29/07/2026;09:40:00;181325,00;181590,00;181305,00;181590,00;18363229,00;506
WINV26;29/07/2026;09:20:00;181100,00;181475,00;181065,00;181350,00;16933982,00;467
WINV26;29/07/2026;09:00:00;181640,00;182205,00;181030,00;181265,00;93048453,00;2563
WINV26;28/07/2026;18:20:00;181445,00;181570,00;181300,00;181300,00;10019534,00;276
WINV26;28/07/2026;18:00:00;181435,00;181550,00;181410,00;181445,00;34953765,00;963
WINV26;28/07/2026;17:40:00;181595,00;181640,00;181380,00;181385,00;11109642,00;306
WINV26;28/07/2026;17:20:00;181420,00;181610,00;181360,00;181610,00;7113848,00;196
WINV26;28/07/2026;17:00:00;181175,00;181505,00;181175,00;181420,00;32259500,00;889
WINV26;28/07/2026;16:40:00;181065,00;181230,00;181045,00;181175,00;13768350,00;380
WINV26;28/07/2026;16:20:00;181260,00;181335,00;181045,00;181050,00;12640595,00;349
WINV26;28/07/2026;16:00:00;181070,00;181250,00;181065,00;181240,00;33767224,00;932
WINV26;28/07/2026;15:40:00;181145,00;181225,00;181000,00;181075,00;28533406,00;788
WINV26;28/07/2026;15:20:00;181270,00;181325,00;181160,00;181190,00;48755918,00;1345
WINV26;28/07/2026;15:00:00;181470,00;181470,00;181080,00;181240,00;44702084,00;1233
WINV26;28/07/2026;14:40:00;181400,00;181485,00;181330,00;181470,00;7727723,00;213
WINV26;28/07/2026;14:20:00;181660,00;181815,00;181400,00;181465,00;22865551,00;630
WINV26;28/07/2026;14:00:00;181750,00;181840,00;181700,00;181700,00;2653776,00;73
WINV26;28/07/2026;13:40:00;181765,00;181765,00;181595,00;181695,00;2579882,00;71
WINV26;28/07/2026;13:20:00;181755,00;181890,00;181655,00;181785,00;5053343,00;139
WINV26;28/07/2026;13:00:00;181925,00;182045,00;181625,00;181760,00;13528503,00;372
WINV26;28/07/2026;12:40:00;181615,00;181955,00;181525,00;181955,00;14142021,00;389
WINV26;28/07/2026;12:20:00;181445,00;181670,00;181350,00;181600,00;15355904,00;423
WINV26;28/07/2026;12:00:00;181725,00;181850,00;181360,00;181410,00;19763240,00;544
WINV26;28/07/2026;11:40:00;181880,00;182095,00;181750,00;181750,00;17798245,00;489
WINV26;28/07/2026;11:20:00;181745,00;182030,00;181585,00;181900,00;19019380,00;523
WINV26;28/07/2026;11:00:00;181485,00;182335,00;181430,00;181780,00;88593155,00;2435
WINV26;28/07/2026;10:40:00;181640,00;181700,00;181225,00;181440,00;48768954,00;1344
WINV26;28/07/2026;10:20:00;182370,00;182585,00;181460,00;181605,00;90497350,00;2487
WINV26;28/07/2026;10:00:00;182835,00;183355,00;182250,00;182345,00;50027195,00;1368
WINV26;28/07/2026;09:40:00;182705,00;183015,00;182350,00;182875,00;35071732,00;960
WINV26;28/07/2026;09:20:00;182795,00;183240,00;182650,00;182665,00;54352797,00;1486
WINV26;28/07/2026;09:00:00;180860,00;182835,00;180810,00;182830,00;171656004,00;4714
WINV26;27/07/2026;18:20:00;180505,00;180520,00;180390,00;180390,00;3283870,00;91
WINV26;27/07/2026;18:00:00;180560,00;180565,00;180425,00;180465,00;53854733,00;1492
WINV26;27/07/2026;17:40:00;180560,00;180570,00;180465,00;180500,00;2671484,00;74
WINV26;27/07/2026;17:20:00;180395,00;180580,00;180390,00;180575,00;3537669,00;98
WINV26;27/07/2026;17:00:00;180290,00;180440,00;180130,00;180400,00;7319251,00;203
WINV26;27/07/2026;16:40:00;180160,00;180355,00;180160,00;180280,00;118659823,00;3292
WINV26;27/07/2026;16:20:00;179960,00;180170,00;179940,00;180170,00;94699388,00;2630
WINV26;27/07/2026;16:00:00;179870,00;179955,00;179750,00;179935,00;6043870,00;168
WINV26;27/07/2026;15:40:00;179490,00;179875,00;179490,00;179820,00;15418083,00;429
WINV26;27/07/2026;15:20:00;179500,00;179675,00;179465,00;179530,00;5495519,00;153
WINV26;27/07/2026;15:00:00;179765,00;179765,00;179565,00;179590,00;2731043,00;76
WINV26;27/07/2026;14:40:00;179650,00;179785,00;179555,00;179730,00;2910914,00;81
WINV26;27/07/2026;14:20:00;179510,00;179720,00;179510,00;179720,00;3520542,00;98
WINV26;27/07/2026;14:00:00;179555,00;179560,00;179360,00;179485,00;5169284,00;144
WINV26;27/07/2026;13:40:00;179795,00;179820,00;179500,00;179540,00;2730680,00;76
WINV26;27/07/2026;13:20:00;179525,00;179840,00;179515,00;179740,00;14952432,00;416
WINV26;27/07/2026;13:00:00;179635,00;179695,00;179540,00;179600,00;1688677,00;47
WINV26;27/07/2026;12:40:00;179420,00;179675,00;179420,00;179570,00;3519017,00;98
WINV26;27/07/2026;12:20:00;179695,00;179755,00;179310,00;179425,00;17373199,00;484
WINV26;27/07/2026;12:00:00;179985,00;180090,00;179560,00;179585,00;32233775,00;896
WINV26;27/07/2026;11:40:00;179290,00;179980,00;179265,00;179950,00;182177631,00;5072
WINV26;27/07/2026;11:20:00;179105,00;179330,00;179035,00;179220,00;37509550,00;1047
WINV26;27/07/2026;11:00:00;179220,00;179345,00;178780,00;179120,00;443534179,00;12383
WINV26;27/07/2026;10:40:00;179395,00;179650,00;179000,00;179280,00;14027871,00;391
WINV26;27/07/2026;10:20:00;179190,00;179480,00;179010,00;179260,00;16672477,00;465
WINV26;27/07/2026;10:00:00;179595,00;179605,00;178880,00;179180,00;16269757,00;454
WINV26;27/07/2026;09:40:00;179300,00;179660,00;179250,00;179530,00;17845658,00;497
WINV26;27/07/2026;09:20:00;179460,00;179520,00;179275,00;179275,00;6925368,00;193
WINV26;27/07/2026;09:00:00;179215,00;179820,00;178875,00;179500,00;104436308,00;2909
WINV26;24/07/2026;18:20:00;178550,00;178590,00;178425,00;178425,00;9925525,00;278
WINV26;24/07/2026;18:00:00;178625,00;178625,00;178495,00;178550,00;10711941,00;300
WINV26;24/07/2026;17:40:00;178640,00;178660,00;178570,00;178610,00;21539649,00;603
WINV26;24/07/2026;17:20:00;178675,00;178720,00;178580,00;178640,00;58585385,00;1640
WINV26;24/07/2026;17:00:00;178750,00;178825,00;178635,00;178725,00;10404062,00;291
WINV26;24/07/2026;16:40:00;178990,00;179015,00;178685,00;178770,00;38480441,00;1076
WINV26;24/07/2026;16:20:00;179045,00;179090,00;178965,00;178990,00;9595422,00;268
WINV26;24/07/2026;16:00:00;179135,00;179160,00;179010,00;179030,00;36814110,00;1028
WINV26;24/07/2026;15:40:00;179080,00;179155,00;179040,00;179115,00;12249933,00;342
WINV26;24/07/2026;15:20:00;179010,00;179120,00;178980,00;179100,00;16651715,00;465
WINV26;24/07/2026;15:00:00;179060,00;179140,00;179010,00;179010,00;9026374,00;252
WINV26;24/07/2026;14:40:00;179150,00;179190,00;178980,00;179050,00;16796957,00;469
WINV26;24/07/2026;14:20:00;179100,00;179220,00;179100,00;179155,00;5410706,00;151
WINV26;24/07/2026;14:00:00;179125,00;179200,00;179080,00;179135,00;4764551,00;133
WINV26;24/07/2026;13:40:00;179320,00;179320,00;179030,00;179190,00;16916083,00;472
WINV26;24/07/2026;13:20:00;179650,00;179660,00;179255,00;179290,00;27640935,00;770
WINV26;24/07/2026;13:00:00;179800,00;179815,00;179560,00;179645,00;11427359,00;318
WINV26;24/07/2026;12:40:00;179860,00;179895,00;179670,00;179785,00;10463431,00;291
WINV26;24/07/2026;12:20:00;179995,00;180090,00;179735,00;179860,00;8634518,00;240
WINV26;24/07/2026;12:00:00;180150,00;180170,00;179600,00;180020,00;67442740,00;1875
WINV26;24/07/2026;11:40:00;179920,00;180190,00;179845,00;180160,00;11844243,00;329
WINV26;24/07/2026;11:20:00;179915,00;180350,00;179900,00;180020,00;11421424,00;317
WINV26;24/07/2026;11:00:00;179925,00;180250,00;179885,00;179920,00;17036039,00;473
WINV26;24/07/2026;10:40:00;179580,00;180015,00;179475,00;179850,00;25997305,00;723
WINV26;24/07/2026;10:20:00;179860,00;180160,00;179510,00;179580,00;31973128,00;889
WINV26;24/07/2026;10:00:00;180070,00;180220,00;179735,00;179870,00;23395204,00;650
WINV26;24/07/2026;09:40:00;180195,00;180250,00;179930,00;180060,00;17364095,00;482
WINV26;24/07/2026;09:20:00;180385,00;180475,00;180100,00;180180,00;34352058,00;953
WINV26;24/07/2026;09:00:00;181510,00;181870,00;180200,00;180435,00;193867489,00;5364
WINV26;23/07/2026;18:20:00;181635,00;181750,00;181560,00;181750,00;7991102,00;220
WINV26;23/07/2026;18:00:00;181600,00;181680,00;181560,00;181650,00;60658490,00;1670
WINV26;23/07/2026;17:40:00;181575,00;181615,00;181525,00;181595,00;2324072,00;64
WINV26;23/07/2026;17:20:00;181515,00;181565,00;181490,00;181545,00;689816,00;19
WINV26;23/07/2026;17:00:00;181530,00;181665,00;181480,00;181480,00;64209867,00;1768
WINV26;23/07/2026;16:40:00;181545,00;181555,00;181440,00;181555,00;4827596,00;133
WINV26;23/07/2026;16:20:00;181450,00;181825,00;181420,00;181535,00;33464467,00;922
WINV26;23/07/2026;16:00:00;181725,00;181865,00;181480,00;181485,00;25310763,00;696
WINV26;23/07/2026;15:40:00;181660,00;181740,00;181565,00;181700,00;27424282,00;755
WINV26;23/07/2026;15:20:00;181460,00;181760,00;181440,00;181690,00;21550768,00;593
WINV26;23/07/2026;15:00:00;181440,00;181475,00;181330,00;181460,00;2321587,00;64
WINV26;23/07/2026;14:40:00;181235,00;181520,00;181205,00;181330,00;7905816,00;218
WINV26;23/07/2026;14:20:00;181440,00;181485,00;181240,00;181245,00;15157200,00;418
WINV26;23/07/2026;14:00:00;181580,00;181675,00;181250,00;181435,00;5697719,00;157
WINV26;23/07/2026;13:40:00;181450,00;181555,00;181450,00;181545,00;544589,00;15
WINV26;23/07/2026;13:20:00;181540,00;181630,00;181430,00;181430,00;1379751,00;38
WINV26;23/07/2026;13:00:00;181515,00;181690,00;181480,00;181620,00;6574757,00;181
WINV26;23/07/2026;12:40:00;181630,00;181670,00;181390,00;181515,00;14776328,00;407
WINV26;23/07/2026;12:20:00;182005,00;182005,00;181310,00;181590,00;314937897,00;8667
WINV26;23/07/2026;12:00:00;182305,00;182395,00;181910,00;182005,00;19997859,00;549
WINV26;23/07/2026;11:40:00;182465,00;182500,00;182000,00;182325,00;27117294,00;744
WINV26;23/07/2026;11:20:00;181985,00;182580,00;181985,00;182495,00;23489084,00;644
WINV26;23/07/2026;11:00:00;182010,00;182350,00;181760,00;182025,00;145664645,00;3998
WINV26;23/07/2026;10:40:00;182010,00;182880,00;182000,00;182000,00;101163506,00;2770
WINV26;23/07/2026;10:20:00;181365,00;182345,00;181190,00;181850,00;16400653,00;451
WINV26;23/07/2026;10:00:00;182080,00;182225,00;181225,00;181355,00;48874763,00;1345
WINV26;23/07/2026;09:40:00;182255,00;182350,00;181910,00;182010,00;24946801,00;685
WINV26;23/07/2026;09:20:00;181890,00;182440,00;181890,00;182275,00;21948268,00;602
WINV26;23/07/2026;09:00:00;182190,00;182515,00;181545,00;181965,00;189068764,00;5195
WINV26;22/07/2026;18:20:00;182735,00;182735,00;182605,00;182605,00;10668808,00;292
WINV26;22/07/2026;18:00:00;182745,00;182900,00;182715,00;182750,00;61754897,00;1689
WINV26;22/07/2026;17:40:00;182800,00;182820,00;182715,00;182810,00;12098427,00;331
WINV26;22/07/2026;17:20:00;182885,00;182950,00;182865,00;182925,00;11376864,00;311
WINV26;22/07/2026;17:00:00;182705,00;182935,00;182640,00;182935,00;21857609,00;598
WINV26;22/07/2026;16:40:00;182500,00;182740,00;182445,00;182705,00;8182922,00;224
WINV26;22/07/2026;16:20:00;182535,00;182635,00;182465,00;182565,00;15152749,00;415
WINV26;22/07/2026;16:00:00;182705,00;182710,00;182480,00;182555,00;6061425,00;166
WINV26;22/07/2026;15:40:00;182515,00;182735,00;182470,00;182705,00;12161746,00;333
WINV26;22/07/2026;15:20:00;182350,00;182525,00;182340,00;182525,00;17294977,00;474
WINV26;22/07/2026;15:00:00;182440,00;182585,00;182310,00;182415,00;22223554,00;609
WINV26;22/07/2026;14:40:00;182120,00;182510,00;182120,00;182410,00;17138515,00;470
WINV26;22/07/2026;14:20:00;181890,00;182255,00;181890,00;182080,00;23127342,00;635
WINV26;22/07/2026;14:00:00;181550,00;182010,00;181550,00;181865,00;36004756,00;990
WINV26;22/07/2026;13:40:00;181455,00;181605,00;181400,00;181540,00;4719619,00;130
WINV26;22/07/2026;13:20:00;181170,00;181520,00;181170,00;181455,00;6493109,00;179
WINV26;22/07/2026;13:00:00;181250,00;181385,00;181160,00;181160,00;11240313,00;310
WINV26;22/07/2026;12:40:00;180980,00;181285,00;180970,00;181175,00;8188491,00;226
WINV26;22/07/2026;12:20:00;180535,00;181150,00;180530,00;181015,00;18821663,00;520
WINV26;22/07/2026;12:00:00;180505,00;180820,00;180455,00;180610,00;5274553,00;146
WINV26;22/07/2026;11:40:00;180560,00;180745,00;180315,00;180580,00;19608901,00;543
WINV26;22/07/2026;11:20:00;181045,00;181115,00;180545,00;180605,00;9398726,00;260
WINV26;22/07/2026;11:00:00;181570,00;181660,00;180860,00;181210,00;75873474,00;2094
WINV26;22/07/2026;10:40:00;180700,00;181990,00;180670,00;181610,00;194508058,00;5359
WINV26;22/07/2026;10:20:00;179625,00;180760,00;179485,00;180700,00;62484183,00;1732
WINV26;22/07/2026;10:00:00;179480,00;179840,00;179300,00;179530,00;56673562,00;1578
WINV26;22/07/2026;09:40:00;179215,00;179480,00;178860,00;179385,00;15690000,00;438
WINV26;22/07/2026;09:20:00;179005,00;179420,00;178935,00;179260,00;17985005,00;502
WINV26;22/07/2026;09:00:00;178000,00;179310,00;177965,00;179030,00;102282623,00;2862
WINV26;21/07/2026;18:20:00;178395,00;178450,00;178330,00;178450,00;9881299,00;277
WINV26;21/07/2026;18:00:00;178350,00;178410,00;178310,00;178400,00;63923583,00;1792
WINV26;21/07/2026;17:40:00;178240,00;178345,00;178210,00;178345,00;2959564,00;83
WINV26;21/07/2026;17:20:00;178245,00;178275,00;178205,00;178210,00;14186442,00;398
WINV26;21/07/2026;17:00:00;178380,00;178380,00;178250,00;178290,00;1640485,00;46
WINV26;21/07/2026;16:40:00;178440,00;178490,00;178320,00;178425,00;7530167,00;211
WINV26;21/07/2026;16:20:00;178400,00;178490,00;178350,00;178420,00;3461860,00;97
WINV26;21/07/2026;16:00:00;178485,00;178555,00;178410,00;178410,00;5783441,00;162
WINV26;21/07/2026;15:40:00;178405,00;178490,00;178400,00;178400,00;1356170,00;38
WINV26;21/07/2026;15:20:00;178350,00;178455,00;178325,00;178415,00;2854501,00;80
WINV26;21/07/2026;15:00:00;178385,00;178405,00;178245,00;178330,00;4993941,00;140
WINV26;21/07/2026;14:40:00;178245,00;178400,00;178005,00;178390,00;13547014,00;380
WINV26;21/07/2026;14:20:00;178000,00;178230,00;177970,00;178175,00;10440147,00;293
WINV26;21/07/2026;14:00:00;178075,00;178170,00;178000,00;178010,00;1780948,00;50
WINV26;21/07/2026;13:40:00;177965,00;178125,00;177915,00;178045,00;4878766,00;137
WINV26;21/07/2026;13:20:00;177790,00;177995,00;177790,00;177995,00;23370097,00;657
WINV26;21/07/2026;13:00:00;177700,00;177825,00;177700,00;177825,00;2630888,00;74
WINV26;21/07/2026;12:40:00;177795,00;177860,00;177665,00;177665,00;7466211,00;210
WINV26;21/07/2026;12:20:00;177500,00;177845,00;177440,00;177770,00;52722804,00;1483
WINV26;21/07/2026;12:00:00;177315,00;177515,00;177230,00;177515,00;26486158,00;747
WINV26;21/07/2026;11:40:00;177555,00;177615,00;177250,00;177315,00;17108624,00;482
WINV26;21/07/2026;11:20:00;178105,00;178110,00;177460,00;177530,00;208653514,00;5874
WINV26;21/07/2026;11:00:00;177690,00;178330,00;177690,00;178180,00;20204575,00;567
WINV26;21/07/2026;10:40:00;177880,00;178245,00;177620,00;177815,00;54776997,00;1540
WINV26;21/07/2026;10:20:00;178275,00;178825,00;177855,00;177880,00;385416099,00;10813
WINV26;21/07/2026;10:00:00;178475,00;178700,00;178270,00;178290,00;17601295,00;493
WINV26;21/07/2026;09:40:00;178720,00;178755,00;178320,00;178420,00;9065492,00;254
WINV26;21/07/2026;09:20:00;178470,00;178705,00;178190,00;178695,00;71084761,00;1993
WINV26;21/07/2026;09:00:00;178990,00;179090,00;178315,00;178495,00;132551671,00;3709
WINV26;20/07/2026;18:20:00;178405,00;178405,00;178330,00;178330,00;4850844,00;136
WINV26;20/07/2026;18:00:00;178410,00;178480,00;178285,00;178405,00;53432315,00;1498
WINV26;20/07/2026;17:40:00;178420,00;178500,00;178420,00;178445,00;4533351,00;127
WINV26;20/07/2026;17:20:00;178470,00;178500,00;178385,00;178435,00;2533595,00;71
WINV26;20/07/2026;17:00:00;178775,00;178775,00;178390,00;178470,00;7568165,00;212
WINV26;20/07/2026;16:40:00;178920,00;178955,00;178760,00;178770,00;5760177,00;161
WINV26;20/07/2026;16:20:00;178770,00;178955,00;178660,00;178935,00;3898006,00;109
WINV26;20/07/2026;16:00:00;178865,00;178955,00;178705,00;178765,00;2610949,00;73
WINV26;20/07/2026;15:40:00;178880,00;178930,00;178695,00;178805,00;2539332,00;71
WINV26;20/07/2026;15:20:00;178920,00;179040,00;178855,00;178950,00;3579029,00;100
WINV26;20/07/2026;15:00:00;178935,00;179090,00;178905,00;178980,00;3150334,00;88
WINV26;20/07/2026;14:40:00;178705,00;178900,00;178685,00;178900,00;2682199,00;75
WINV26;20/07/2026;14:20:00;178680,00;178790,00;178590,00;178655,00;2537668,00;71
WINV26;20/07/2026;14:00:00;178730,00;178805,00;178670,00;178735,00;3682621,00;103
WINV26;20/07/2026;13:40:00;179060,00;179060,00;178660,00;178660,00;13276823,00;371
WINV26;20/07/2026;13:20:00;179330,00;179410,00;179050,00;179115,00;3655667,00;102
WINV26;20/07/2026;13:00:00;179185,00;179450,00;179185,00;179330,00;4232886,00;118
WINV26;20/07/2026;12:40:00;179175,00;179330,00;179055,00;179225,00;9823709,00;274
WINV26;20/07/2026;12:20:00;178945,00;179200,00;178890,00;179155,00;2792716,00;78
WINV26;20/07/2026;12:00:00;179200,00;179325,00;178990,00;179020,00;4012263,00;112
WINV26;20/07/2026;11:40:00;179220,00;179520,00;179010,00;179235,00;7243943,00;202
WINV26;20/07/2026;11:20:00;178950,00;179250,00;178940,00;179220,00;1576397,00;44
WINV26;20/07/2026;11:00:00;178990,00;179155,00;178710,00;178845,00;4367603,00;122
WINV26;20/07/2026;10:40:00;178835,00;178950,00;178300,00;178950,00;24143466,00;676
WINV26;20/07/2026;10:20:00;179080,00;179210,00;178555,00;178760,00;11303897,00;316
WINV26;20/07/2026;10:00:00;178970,00;179680,00;178870,00;178900,00;29985165,00;836
WINV26;20/07/2026;09:40:00;178810,00;179120,00;178760,00;178980,00;5905113,00;165
WINV26;20/07/2026;09:20:00;178825,00;179070,00;178530,00;178805,00;14271911,00;399
WINV26;20/07/2026;09:00:00;179300,00;179670,00;178500,00;178860,00;121016081,00;3382
WINV26;17/07/2026;18:20:00;178730,00;178850,00;178725,00;178775,00;4969959,00;139
WINV26;17/07/2026;18:00:00;178645,00;178795,00;178645,00;178700,00;47350152,00;1325
WINV26;17/07/2026;17:40:00;178745,00;178830,00;178620,00;178690,00;8864559,00;248
WINV26;17/07/2026;17:20:00;178925,00;178985,00;178710,00;178740,00;7116533,00;199
WINV26;17/07/2026;17:00:00;178960,00;179030,00;178895,00;178965,00;3614771,00;101
WINV26;17/07/2026;16:40:00;178750,00;179085,00;178750,00;179005,00;37935286,00;1060
WINV26;17/07/2026;16:20:00;178540,00;178830,00;178520,00;178760,00;30777861,00;861
WINV26;17/07/2026;16:00:00;178655,00;178700,00;178495,00;178575,00;32432121,00;908
WINV26;17/07/2026;15:40:00;178630,00;178700,00;178600,00;178665,00;24937339,00;698
WINV26;17/07/2026;15:20:00;178725,00;178725,00;178565,00;178630,00;5716039,00;160
WINV26;17/07/2026;15:00:00;178775,00;178775,00;178605,00;178655,00;8826953,00;247
WINV26;17/07/2026;14:40:00;179015,00;179095,00;178775,00;178775,00;23584706,00;659
WINV26;17/07/2026;14:20:00;179185,00;179270,00;179045,00;179045,00;6379177,00;178
WINV26;17/07/2026;14:00:00;179170,00;179270,00;179100,00;179110,00;5769249,00;161
WINV26;17/07/2026;13:40:00;179040,00;179280,00;179040,00;179115,00;5661536,00;158
WINV26;17/07/2026;13:20:00;179350,00;179350,00;179030,00;179080,00;16420346,00;458
WINV26;17/07/2026;13:00:00;179680,00;179745,00;179350,00;179350,00;21033319,00;586
WINV26;17/07/2026;12:40:00;179640,00;179795,00;179455,00;179670,00;8767894,00;244
WINV26;17/07/2026;12:20:00;179585,00;179750,00;179510,00;179655,00;14225056,00;396
WINV26;17/07/2026;12:00:00;179455,00;179620,00;179240,00;179620,00;9188571,00;256
WINV26;17/07/2026;11:40:00;179115,00;179495,00;179115,00;179430,00;7246284,00;202
WINV26;17/07/2026;11:20:00;179070,00;179300,00;179065,00;179280,00;6056041,00;169
WINV26;17/07/2026;11:00:00;179400,00;179400,00;178830,00;179075,00;10566437,00;295
WINV26;17/07/2026;10:40:00;179000,00;179600,00;178890,00;179500,00;17066078,00;476
WINV26;17/07/2026;10:20:00;178985,00;179350,00;178545,00;178935,00;26738033,00;747
WINV26;17/07/2026;10:00:00;179085,00;179185,00;178660,00;179010,00;10377469,00;290
WINV26;17/07/2026;09:40:00;178930,00;179150,00;178825,00;179010,00;10419974,00;291
WINV26;17/07/2026;09:20:00;178810,00;178965,00;178610,00;178840,00;10903664,00;305
WINV26;17/07/2026;09:00:00;178250,00;179365,00;178250,00;178900,00;93231882,00;2605
WINV26;16/07/2026;18:20:00;178990,00;178995,00;178865,00;178865,00;2719291,00;76
WINV26;16/07/2026;18:00:00;179030,00;179035,00;178875,00;178965,00;50919642,00;1423
WINV26;16/07/2026;17:40:00;179055,00;179095,00;178985,00;179005,00;4189742,00;117
WINV26;16/07/2026;17:20:00;179070,00;179070,00;178870,00;179045,00;8984920,00;251
WINV26;16/07/2026;17:00:00;179210,00;179260,00;179060,00;179085,00;2687618,00;75
WINV26;16/07/2026;16:40:00;179090,00;179185,00;178975,00;179170,00;6983809,00;195
WINV26;16/07/2026;16:20:00;179080,00;179125,00;178980,00;179010,00;1969472,00;55
WINV26;16/07/2026;16:00:00;179090,00;179195,00;179015,00;179175,00;7521898,00;210
WINV26;16/07/2026;15:40:00;179095,00;179255,00;179070,00;179130,00;25187693,00;703
WINV26;16/07/2026;15:20:00;179200,00;179315,00;179025,00;179085,00;23212613,00;648
WINV26;16/07/2026;15:00:00;179150,00;179290,00;178905,00;179260,00;27846201,00;777
WINV26;16/07/2026;14:40:00;179410,00;179500,00;179135,00;179200,00;47868009,00;1335
WINV26;16/07/2026;14:20:00;179385,00;179500,00;179350,00;179410,00;9330972,00;260
WINV26;16/07/2026;14:00:00;179880,00;179895,00;179300,00;179410,00;60501070,00;1685
WINV26;16/07/2026;13:40:00;180120,00;180170,00;179840,00;179860,00;9971575,00;277
WINV26;16/07/2026;13:20:00;180000,00;180150,00;179950,00;180125,00;8533801,00;237
WINV26;16/07/2026;13:00:00;180500,00;180525,00;180075,00;180150,00;7748205,00;215
WINV26;16/07/2026;12:40:00;180530,00;180575,00;180355,00;180500,00;3393025,00;94
WINV26;16/07/2026;12:20:00;180325,00;180590,00;180275,00;180575,00;11369371,00;315
WINV26;16/07/2026;12:00:00;180295,00;180400,00;180080,00;180245,00;9660151,00;268
WINV26;16/07/2026;11:40:00;180035,00;180615,00;179970,00;180430,00;16479482,00;457
WINV26;16/07/2026;11:20:00;180015,00;180050,00;179835,00;180025,00;7989196,00;222
WINV26;16/07/2026;11:00:00;179475,00;180220,00;179475,00;180135,00;32386152,00;900
WINV26;16/07/2026;10:40:00;179430,00;179525,00;179195,00;179465,00;33930817,00;946
WINV26;16/07/2026;10:20:00;180440,00;180565,00;179305,00;179365,00;42620476,00;1184
WINV26;16/07/2026;10:00:00;181060,00;181080,00;180370,00;180495,00;20996920,00;581
WINV26;16/07/2026;09:40:00;181350,00;181440,00;181045,00;181075,00;8336754,00;230
WINV26;16/07/2026;09:20:00;181835,00;181890,00;181205,00;181365,00;13613013,00;375
WINV26;16/07/2026;09:00:00;181045,00;182500,00;181000,00;181835,00;99489841,00;2733
WINV26;15/07/2026;18:20:00;181570,00;182250,00;181545,00;182250,00;3680103,00;101
WINV26;15/07/2026;18:00:00;181520,00;181660,00;181465,00;181505,00;26512564,00;730
WINV26;15/07/2026;17:40:00;181480,00;181530,00;181435,00;181500,00;1633369,00;45
WINV26;15/07/2026;17:20:00;181460,00;181500,00;181400,00;181460,00;3229766,00;89
WINV26;15/07/2026;17:00:00;181485,00;181700,00;181480,00;181480,00;20597613,00;567
WINV26;15/07/2026;16:40:00;181540,00;181585,00;181460,00;181480,00;5517791,00;152
WINV26;15/07/2026;16:20:00;181805,00;181840,00;181535,00;181580,00;5014583,00;138
WINV26;15/07/2026;16:00:00;181595,00;181840,00;181595,00;181840,00;3779904,00;104
WINV26;15/07/2026;15:40:00;181660,00;181700,00;181565,00;181590,00;2397294,00;66
WINV26;15/07/2026;15:20:00;181640,00;181840,00;181560,00;181660,00;7340589,00;202
WINV26;15/07/2026;15:00:00;181585,00;181725,00;181500,00;181640,00;3559480,00;98
WINV26;15/07/2026;14:40:00;181460,00;181720,00;181395,00;181605,00;3123153,00;86
WINV26;15/07/2026;14:20:00;181075,00;181510,00;181065,00;181415,00;5148700,00;142
WINV26;15/07/2026;14:00:00;180945,00;181170,00;180915,00;181105,00;3982854,00;110
WINV26;15/07/2026;13:40:00;181055,00;181300,00;180850,00;180920,00;8547754,00;236
WINV26;15/07/2026;13:20:00;181155,00;181175,00;180985,00;181100,00;6229001,00;172
WINV26;15/07/2026;13:00:00;181310,00;181310,00;181070,00;181180,00;8842330,00;244
WINV26;15/07/2026;12:40:00;181290,00;181335,00;181190,00;181215,00;3661248,00;101
WINV26;15/07/2026;12:20:00;181720,00;181720,00;181250,00;181255,00;4426870,00;122
WINV26;15/07/2026;12:00:00;181680,00;181885,00;181510,00;181655,00;13772966,00;379
WINV26;15/07/2026;11:40:00;181575,00;181750,00;181310,00;181685,00;11650091,00;321
WINV26;15/07/2026;11:20:00;181515,00;181720,00;181110,00;181610,00;303655373,00;8370
WINV26;15/07/2026;11:00:00;181540,00;181845,00;181495,00;181500,00;9625878,00;265
WINV26;15/07/2026;10:40:00;181405,00;181600,00;181155,00;181515,00;30062388,00;829
WINV26;15/07/2026;10:20:00;181800,00;181930,00;181350,00;181410,00;16458500,00;453
WINV26;15/07/2026;10:00:00;182255,00;182265,00;181450,00;181650,00;58499555,00;1609
WINV26;15/07/2026;09:40:00;182195,00;182440,00;182120,00;182200,00;9185674,00;252
WINV26;15/07/2026;09:20:00;181575,00;182220,00;181555,00;182170,00;20038994,00;551
WINV26;15/07/2026;09:00:00;181900,00;182000,00;180800,00;181605,00;264986378,00;7306
WINV26;14/07/2026;18:20:00;182050,00;182125,00;181935,00;181935,00;55136064,00;1514
WINV26;14/07/2026;18:00:00;182260,00;182300,00;182070,00;182140,00;5537474,00;152
WINV26;14/07/2026;17:40:00;182350,00;182350,00;182220,00;182285,00;1713369,00;47
WINV26;14/07/2026;17:20:00;182170,00;182340,00;182145,00;182340,00;3279903,00;90
WINV26;14/07/2026;17:00:00;182250,00;182420,00;182180,00;182180,00;14185216,00;389
WINV26;14/07/2026;16:40:00;182120,00;182340,00;182120,00;182250,00;3025013,00;83
WINV26;14/07/2026;16:20:00;182140,00;182140,00;181960,00;182095,00;9286065,00;255
WINV26;14/07/2026;16:00:00;182175,00;182350,00;182150,00;182180,00;7872421,00;216
WINV26;14/07/2026;15:40:00;181880,00;182290,00;181860,00;182265,00;16203023,00;445
WINV26;14/07/2026;15:20:00;181705,00;181860,00;181705,00;181860,00;7963065,00;219
WINV26;14/07/2026;15:00:00;181680,00;181785,00;181615,00;181725,00;3270523,00;90
WINV26;14/07/2026;14:40:00;181580,00;181790,00;181550,00;181560,00;8064427,00;222
WINV26;14/07/2026;14:20:00;181560,00;181650,00;181550,00;181560,00;2251784,00;62
WINV26;14/07/2026;14:00:00;181790,00;181835,00;181560,00;181645,00;8319958,00;229
WINV26;14/07/2026;13:40:00;181855,00;181940,00;181660,00;181745,00;9674445,00;266
WINV26;14/07/2026;13:20:00;181695,00;181850,00;181670,00;181840,00;3235704,00;89
WINV26;14/07/2026;13:00:00;181665,00;181755,00;181340,00;181740,00;26329625,00;725
WINV26;14/07/2026;12:40:00;181900,00;182010,00;181655,00;181700,00;8324499,00;229
WINV26;14/07/2026;12:20:00;182200,00;182200,00;181980,00;182050,00;2002791,00;55
WINV26;14/07/2026;12:00:00;181870,00;182255,00;181635,00;182220,00;29010216,00;797
WINV26;14/07/2026;11:40:00;182185,00;182185,00;181680,00;181890,00;19316824,00;531
WINV26;14/07/2026;11:20:00;182105,00;182550,00;181970,00;182310,00;272326356,00;7474
WINV26;14/07/2026;11:00:00;182500,00;182740,00;181885,00;182035,00;147276470,00;4046
WINV26;14/07/2026;10:40:00;182200,00;182490,00;182000,00;182480,00;12210209,00;335
WINV26;14/07/2026;10:20:00;181675,00;182315,00;181540,00;182175,00;31930924,00;877
WINV26;14/07/2026;10:00:00;182045,00;182450,00;181550,00;181705,00;33982447,00;934
WINV26;14/07/2026;09:40:00;182425,00;182470,00;181985,00;182045,00;149305268,00;4097
WINV26;14/07/2026;09:20:00;181470,00;183000,00;181170,00;182410,00;186947183,00;5130
WINV26;14/07/2026;09:00:00;181310,00;182080,00;181100,00;181355,00;109242125,00;3012
WINV26;13/07/2026;18:20:00;181090,00;181115,00;180970,00;181005,00;3801980,00;105
WINV26;13/07/2026;18:00:00;180905,00;181075,00;180775,00;181075,00;71436076,00;1974
WINV26;13/07/2026;17:40:00;180930,00;180930,00;180845,00;180900,00;5317900,00;147
WINV26;13/07/2026;17:20:00;181040,00;181100,00;181000,00;181015,00;5249499,00;145
WINV26;13/07/2026;17:00:00;181235,00;181425,00;181000,00;181060,00;6558970,00;181
WINV26;13/07/2026;16:40:00;181225,00;181400,00;181200,00;181240,00;14394144,00;397
WINV26;13/07/2026;16:20:00;181550,00;181550,00;181135,00;181210,00;5909657,00;163
WINV26;13/07/2026;16:00:00;181550,00;181650,00;181470,00;181575,00;13728389,00;378
WINV26;13/07/2026;15:40:00;181420,00;181550,00;181405,00;181550,00;7331277,00;202
WINV26;13/07/2026;15:20:00;181275,00;181530,00;181250,00;181460,00;3918481,00;108
WINV26;13/07/2026;15:00:00;181340,00;181425,00;181205,00;181245,00;23318778,00;643
WINV26;13/07/2026;14:40:00;181400,00;181505,00;181250,00;181325,00;21324025,00;588
WINV26;13/07/2026;14:20:00;181785,00;181785,00;181400,00;181425,00;11871214,00;327
WINV26;13/07/2026;14:00:00;181615,00;181800,00;181555,00;181755,00;3887455,00;107
WINV26;13/07/2026;13:40:00;181905,00;182065,00;181605,00;181635,00;13960379,00;384
WINV26;13/07/2026;13:20:00;182125,00;182160,00;181805,00;181915,00;11212541,00;308
WINV26;13/07/2026;13:00:00;182140,00;182220,00;182025,00;182100,00;3606071,00;99
WINV26;13/07/2026;12:40:00;182280,00;182295,00;182035,00;182130,00;3825021,00;105
WINV26;13/07/2026;12:20:00;182120,00;182365,00;182070,00;182195,00;7505279,00;206
WINV26;13/07/2026;12:00:00;182515,00;182550,00;182070,00;182160,00;8347759,00;229
WINV26;13/07/2026;11:40:00;182560,00;182560,00;182280,00;182545,00;8791883,00;241
WINV26;13/07/2026;11:20:00;182700,00;182830,00;182500,00;182515,00;17177187,00;470
WINV26;13/07/2026;11:00:00;183245,00;183245,00;182495,00;182700,00;45960400,00;1257
WINV26;13/07/2026;10:40:00;183010,00;183350,00;182715,00;183320,00;12738606,00;348
WINV26;13/07/2026;10:20:00;183630,00;183695,00;182840,00;182900,00;40125646,00;1095
WINV26;13/07/2026;10:00:00;184000,00;184030,00;183400,00;183520,00;43078163,00;1173
WINV26;13/07/2026;09:40:00;183700,00;183975,00;183610,00;183890,00;103695546,00;2821
WINV26;13/07/2026;09:20:00;183620,00;183810,00;183340,00;183625,00;70410383,00;1918
WINV26;13/07/2026;09:00:00;184120,00;184120,00;183305,00;183560,00;106084416,00;2888
WINV26;10/07/2026;18:20:00;184345,00;184425,00;184345,00;184365,00;3429841,00;93
WINV26;10/07/2026;18:00:00;184260,00;184450,00;184185,00;184360,00;103948631,00;2819
WINV26;10/07/2026;17:40:00;184190,00;184395,00;184190,00;184245,00;54112057,00;1468
WINV26;10/07/2026;17:20:00;184075,00;184260,00;184075,00;184200,00;83995763,00;2280
WINV26;10/07/2026;17:00:00;183725,00;184125,00;183705,00;184030,00;91707727,00;2492
WINV26;10/07/2026;16:40:00;183415,00;183715,00;183400,00;183700,00;20749063,00;565
WINV26;10/07/2026;16:20:00;183370,00;183505,00;183370,00;183430,00;2494835,00;68
WINV26;10/07/2026;16:00:00;183245,00;183470,00;183225,00;183360,00;32013061,00;873
WINV26;10/07/2026;15:40:00;183425,00;183425,00;183185,00;183250,00;40757169,00;1112
WINV26;10/07/2026;15:20:00;183640,00;183675,00;183370,00;183385,00;24591329,00;670
WINV26;10/07/2026;15:00:00;183095,00;183725,00;183095,00;183640,00;108672896,00;2961
WINV26;10/07/2026;14:40:00;183125,00;183195,00;183025,00;183085,00;34863529,00;952
WINV26;10/07/2026;14:20:00;183100,00;183180,00;183070,00;183110,00;51233413,00;1399
WINV26;10/07/2026;14:00:00;183090,00;183205,00;183000,00;183000,00;30876223,00;843
WINV26;10/07/2026;13:40:00;182940,00;183265,00;182940,00;183100,00;183597406,00;5012
WINV26;10/07/2026;13:20:00;182560,00;183000,00;182555,00;182985,00;38114717,00;1042
WINV26;10/07/2026;13:00:00;182215,00;182700,00;182215,00;182555,00;25068440,00;687
WINV26;10/07/2026;12:40:00;182015,00;182215,00;181975,00;182215,00;14388824,00;395
WINV26;10/07/2026;12:20:00;182040,00;182250,00;181915,00;182015,00;46589950,00;1279
WINV26;10/07/2026;12:00:00;182410,00;182415,00;181940,00;181970,00;44736515,00;1228
WINV26;10/07/2026;11:40:00;182180,00;182765,00;182170,00;182450,00;232603937,00;6372
WINV26;10/07/2026;11:20:00;182550,00;182710,00;181750,00;182160,00;581544039,00;15956
WINV26;10/07/2026;11:00:00;182275,00;182580,00;182000,00;182505,00;221650937,00;6079
WINV26;10/07/2026;10:40:00;182200,00;182285,00;181550,00;182250,00;274132925,00;7533
WINV26;10/07/2026;10:20:00;181550,00;182240,00;181310,00;182130,00;164705739,00;4529
WINV26;10/07/2026;10:00:00;182000,00;182505,00;181485,00;181515,00;144836097,00;3981
WINV26;10/07/2026;09:40:00;181390,00;184330,00;181375,00;182070,00;207324807,00;5696
WINV26;10/07/2026;09:20:00;181180,00;181595,00;181105,00;181455,00;220240821,00;6072
WINV26;10/07/2026;09:00:00;179455,00;181390,00;179455,00;181210,00;108456900,00;3000
WINV26;09/07/2026;18:20:00;179015,00;179105,00;178905,00;178905,00;21126991,00;590
WINV26;09/07/2026;18:00:00;178900,00;179130,00;178900,00;179090,00;79014010,00;2207
WINV26;09/07/2026;17:40:00;178800,00;178900,00;178780,00;178900,00;4721358,00;132
WINV26;09/07/2026;17:20:00;178850,00;178870,00;178810,00;178855,00;1609583,00;45
WINV26;09/07/2026;17:00:00;178720,00;178930,00;178680,00;178915,00;15773192,00;441
WINV26;09/07/2026;16:40:00;178590,00;178785,00;178580,00;178765,00;5539681,00;155
WINV26;09/07/2026;16:20:00;178715,00;178750,00;178500,00;178570,00;4466099,00;125
WINV26;09/07/2026;16:00:00;178570,00;178725,00;178535,00;178680,00;8574631,00;240
WINV26;09/07/2026;15:40:00;178355,00;178625,00;178330,00;178600,00;3855177,00;108
WINV26;09/07/2026;15:20:00;178405,00;178435,00;178325,00;178360,00;4566595,00;128
WINV26;09/07/2026;15:00:00;178600,00;178600,00;178380,00;178420,00;4141177,00;116
WINV26;09/07/2026;14:40:00;178570,00;178670,00;178520,00;178595,00;13249561,00;371
WINV26;09/07/2026;14:20:00;178270,00;178650,00;178270,00;178645,00;8318914,00;233
WINV26;09/07/2026;14:00:00;178210,00;178280,00;178115,00;178185,00;1069325,00;30
WINV26;09/07/2026;13:40:00;178105,00;178205,00;178100,00;178165,00;641307,00;18
WINV26;09/07/2026;13:20:00;178355,00;178355,00;178125,00;178125,00;1996542,00;56
WINV26;09/07/2026;13:00:00;178250,00;178440,00;178250,00;178370,00;11125258,00;312
WINV26;09/07/2026;12:40:00;178160,00;178225,00;178105,00;178210,00;1140306,00;32
WINV26;09/07/2026;12:20:00;178120,00;178140,00;177850,00;178140,00;2812565,00;79
WINV26;09/07/2026;12:00:00;178230,00;178420,00;178065,00;178165,00;5026405,00;141
WINV26;09/07/2026;11:40:00;177905,00;178225,00;177880,00;178225,00;3133448,00;88
WINV26;09/07/2026;11:20:00;177575,00;178120,00;177510,00;177875,00;37874575,00;1065
WINV26;09/07/2026;11:00:00;176890,00;177775,00;176890,00;177680,00;20089811,00;566
WINV26;09/07/2026;10:40:00;176780,00;176980,00;176570,00;176800,00;6857665,00;194
WINV26;09/07/2026;10:20:00;177135,00;177525,00;176690,00;176840,00;23754070,00;671
WINV26;09/07/2026;10:00:00;176945,00;177500,00;176945,00;177065,00;12223793,00;345
WINV26;09/07/2026;09:40:00;177115,00;177275,00;176740,00;176875,00;17631067,00;498
WINV26;09/07/2026;09:20:00;177410,00;177550,00;177115,00;177115,00;7806967,00;220
WINV26;09/07/2026;09:00:00;176540,00;177485,00;176250,00;177485,00;86509269,00;2448
WINV26;08/07/2026;18:20:00;176380,00;176420,00;176350,00;176350,00;493906,00;14
WINV26;08/07/2026;18:00:00;176230,00;176400,00;176230,00;176400,00;113751384,00;3225
WINV26;08/07/2026;17:40:00;176290,00;176295,00;176230,00;176230,00;810827,00;23
WINV26;08/07/2026;17:20:00;176305,00;176305,00;176175,00;176175,00;2008870,00;57
WINV26;08/07/2026;17:00:00;176500,00;176500,00;176280,00;176335,00;5995002,00;170
WINV26;08/07/2026;16:40:00;176725,00;176750,00;176510,00;176595,00;3355240,00;95
WINV26;08/07/2026;16:20:00;176605,00;176775,00;176500,00;176740,00;5618749,00;159
WINV26;08/07/2026;16:00:00;176515,00;176660,00;176515,00;176650,00;1271129,00;36
WINV26;08/07/2026;15:40:00;176400,00;176690,00;176400,00;176470,00;5191869,00;147
WINV26;08/07/2026;15:20:00;176570,00;176605,00;176430,00;176430,00;1553525,00;44
WINV26;08/07/2026;15:00:00;176350,00;176675,00;176315,00;176600,00;10842808,00;307
WINV26;08/07/2026;14:40:00;176290,00;176375,00;176250,00;176250,00;2503334,00;71
WINV26;08/07/2026;14:20:00;176475,00;176585,00;176300,00;176355,00;4022632,00;114
WINV26;08/07/2026;14:00:00;176505,00;176505,00;176190,00;176400,00;108000069,00;3064
WINV26;08/07/2026;13:40:00;176030,00;176700,00;176030,00;176535,00;141179765,00;3997
WINV26;08/07/2026;13:20:00;175960,00;176070,00;175900,00;176005,00;5843340,00;166
WINV26;08/07/2026;13:00:00;175985,00;176050,00;175945,00;176030,00;2781244,00;79
WINV26;08/07/2026;12:40:00;176260,00;176260,00;176000,00;176000,00;4541441,00;129
WINV26;08/07/2026;12:20:00;176160,00;176375,00;176000,00;176205,00;6804242,00;193
WINV26;08/07/2026;12:00:00;175935,00;176300,00;175850,00;176090,00;1585317,00;45
WINV26;08/07/2026;11:40:00;176235,00;176295,00;175870,00;176030,00;9293253,00;264
WINV26;08/07/2026;11:20:00;176410,00;176790,00;176185,00;176260,00;13689152,00;388
WINV26;08/07/2026;11:00:00;176470,00;176835,00;176300,00;176545,00;218511067,00;6188
WINV26;08/07/2026;10:40:00;176675,00;176990,00;176280,00;176490,00;212798741,00;6025
WINV26;08/07/2026;10:20:00;176215,00;177200,00;175745,00;176720,00;220965096,00;6253
WINV26;08/07/2026;10:00:00;177400,00;177505,00;176170,00;176190,00;30302932,00;857
WINV26;08/07/2026;09:40:00;177400,00;177490,00;177210,00;177325,00;1879716,00;53
WINV26;08/07/2026;09:20:00;177290,00;177565,00;177260,00;177325,00;4079996,00;115
WINV26;08/07/2026;09:00:00;176295,00;177500,00;175840,00;177370,00;71080882,00;2008
WINV26;07/07/2026;18:20:00;177385,00;177450,00;177360,00;177360,00;4044400,00;114
WINV26;07/07/2026;18:00:00;177675,00;177675,00;177370,00;177370,00;10754614,00;303
WINV26;07/07/2026;17:40:00;177725,00;177730,00;177670,00;177670,00;888502,00;25
WINV26;07/07/2026;17:20:00;177830,00;177835,00;177700,00;177740,00;924461,00;26
WINV26;07/07/2026;17:00:00;177780,00;177910,00;177770,00;177770,00;3200735,00;90
WINV26;07/07/2026;16:40:00;177725,00;177850,00;177650,00;177770,00;2843923,00;80
WINV26;07/07/2026;16:20:00;177785,00;177920,00;177650,00;177745,00;4337058,00;122
WINV26;07/07/2026;16:00:00;177820,00;177860,00;177710,00;177785,00;4373219,00;123
WINV26;07/07/2026;15:40:00;177820,00;178060,00;177820,00;177885,00;13948573,00;392
WINV26;07/07/2026;15:20:00;177625,00;177950,00;177625,00;177855,00;11979905,00;337
WINV26;07/07/2026;15:00:00;177795,00;177800,00;177445,00;177625,00;3481340,00;98
WINV26;07/07/2026;14:40:00;177675,00;177790,00;177620,00;177790,00;1847970,00;52
WINV26;07/07/2026;14:20:00;177740,00;177925,00;177655,00;177660,00;7822827,00;220
WINV26;07/07/2026;14:00:00;177505,00;177735,00;177505,00;177640,00;4404711,00;124
WINV26;07/07/2026;13:40:00;177400,00;177460,00;177370,00;177430,00;2128917,00;60
WINV26;07/07/2026;13:20:00;177505,00;177540,00;177450,00;177490,00;3550174,00;100
WINV26;07/07/2026;13:00:00;177460,00;177480,00;177305,00;177445,00;10502759,00;296
WINV26;07/07/2026;12:40:00;177425,00;177535,00;177415,00;177425,00;4507832,00;127
WINV26;07/07/2026;12:20:00;177575,00;177710,00;177390,00;177395,00;13384985,00;377
WINV26;07/07/2026;12:00:00;177935,00;177935,00;177450,00;177545,00;9978832,00;281
WINV26;07/07/2026;11:40:00;177840,00;178260,00;177840,00;178010,00;2492806,00;70
WINV26;07/07/2026;11:20:00;178030,00;178030,00;177335,00;177760,00;60504066,00;1703
WINV26;07/07/2026;11:00:00;178460,00;178730,00;177890,00;177940,00;165519992,00;4638
WINV26;07/07/2026;10:40:00;179245,00;179525,00;178305,00;178305,00;82749914,00;2310
WINV26;07/07/2026;10:20:00;178945,00;179455,00;178345,00;179345,00;191312611,00;5340
WINV26;07/07/2026;10:00:00;178975,00;179045,00;178460,00;178880,00;5791004,00;162
WINV26;07/07/2026;09:40:00;178915,00;179090,00;178785,00;178785,00;3650443,00;102
WINV26;07/07/2026;09:20:00;179120,00;179300,00;178900,00;178935,00;4083463,00;114
WINV26;07/07/2026;09:00:00;178000,00;179400,00;178000,00;179185,00;13063353,00;365
WINV26;06/07/2026;18:20:00;178250,00;178275,00;178245,00;178275,00;570469,00;16
WINV26;06/07/2026;18:00:00;178495,00;178570,00;178250,00;178250,00;5887965,00;165
WINV26;06/07/2026;17:40:00;178425,00;178560,00;178425,00;178545,00;2213688,00;62
WINV26;06/07/2026;17:20:00;178415,00;178430,00;178365,00;178410,00;2890018,00;81
WINV26;06/07/2026;17:00:00;178375,00;178450,00;178375,00;178420,00;1248982,00;35
WINV26;06/07/2026;16:40:00;178340,00;178450,00;178315,00;178350,00;6635529,00;186
WINV26;06/07/2026;16:20:00;178305,00;178420,00;178270,00;178295,00;856068,00;24
WINV26;06/07/2026;16:00:00;178370,00;178405,00;178165,00;178290,00;6845059,00;192
WINV26;06/07/2026;15:40:00;178485,00;178525,00;178380,00;178385,00;856560,00;24
WINV26;06/07/2026;15:20:00;178530,00;178620,00;178440,00;178440,00;2178187,00;61
WINV26;06/07/2026;15:00:00;178540,00;178590,00;178300,00;178550,00;7281944,00;204
WINV26;06/07/2026;14:40:00;178310,00;178590,00;178290,00;178480,00;5783082,00;162
WINV26;06/07/2026;14:20:00;178105,00;178465,00;178100,00;178220,00;58295473,00;1635
WINV26;06/07/2026;14:00:00;178080,00;178210,00;177965,00;178115,00;46086097,00;1294
WINV26;06/07/2026;13:40:00;178050,00;178125,00;177890,00;177990,00;10684191,00;300
WINV26;06/07/2026;13:20:00;177950,00;178040,00;177845,00;178040,00;8470711,00;238
WINV26;06/07/2026;13:00:00;177945,00;177975,00;177810,00;177950,00;12842125,00;361
WINV26;06/07/2026;12:40:00;178175,00;178200,00;177885,00;177975,00;5697327,00;160
WINV26;06/07/2026;12:20:00;177815,00;178180,00;177815,00;178165,00;31126872,00;874
WINV26;06/07/2026;12:00:00;177815,00;178065,00;177785,00;177830,00;55456227,00;1558
WINV26;06/07/2026;11:40:00;177850,00;177925,00;177620,00;177870,00;106232330,00;2988
WINV26;06/07/2026;11:20:00;177980,00;178160,00;177865,00;177875,00;10106922,00;284
WINV26;06/07/2026;11:00:00;178410,00;178535,00;177850,00;178025,00;90204878,00;2533
WINV26;06/07/2026;10:40:00;178475,00;179210,00;178315,00;178450,00;83863702,00;2345
WINV26;06/07/2026;10:20:00;178710,00;178765,00;178250,00;178400,00;46380338,00;1300
WINV26;06/07/2026;10:00:00;178820,00;179035,00;178580,00;178665,00;40147318,00;1123
WINV26;06/07/2026;09:40:00;178950,00;179050,00;178780,00;178890,00;8407237,00;235
WINV26;06/07/2026;09:20:00;179340,00;179340,00;178840,00;178950,00;8057755,00;225
WINV26;06/07/2026;09:00:00;180550,00;180560,00;178950,00;179505,00;32174670,00;896
WINV26;03/07/2026;18:20:00;180540,00;180540,00;180490,00;180490,00;397098,00;11
WINV26;03/07/2026;18:00:00;180615,00;180615,00;180525,00;180525,00;1733392,00;48
WINV26;03/07/2026;17:40:00;180545,00;180635,00;180535,00;180590,00;866783,00;24
WINV26;03/07/2026;17:20:00;180470,00;180610,00;180420,00;180570,00;2383083,00;66
WINV26;03/07/2026;17:00:00;180400,00;180430,00;180335,00;180430,00;396838,00;11
WINV26;03/07/2026;16:40:00;180375,00;180565,00;180305,00;180565,00;1696211,00;47
WINV26;03/07/2026;16:20:00;180520,00;180600,00;180365,00;180425,00;1479766,00;41
WINV26;03/07/2026;16:00:00;180575,00;180620,00;180475,00;180530,00;3068949,00;85
WINV26;03/07/2026;15:40:00;180575,00;180620,00;180575,00;180620,00;108360,00;3
WINV26;03/07/2026;15:20:00;180600,00;180600,00;180600,00;180600,00;1083600,00;30
WINV26;03/07/2026;15:00:00;180635,00;180650,00;180520,00;180600,00;3647879,00;101
WINV26;03/07/2026;14:40:00;180820,00;180820,00;180665,00;180720,00;1481829,00;41
WINV26;03/07/2026;14:20:00;180580,00;180825,00;180520,00;180825,00;2747062,00;76
WINV26;03/07/2026;14:00:00;180630,00;180690,00;180515,00;180515,00;3358788,00;93
WINV26;03/07/2026;13:40:00;180745,00;180745,00;180650,00;180655,00;1589917,00;44
WINV26;03/07/2026;13:20:00;180805,00;180805,00;180670,00;180730,00;1771118,00;49
WINV26;03/07/2026;13:00:00;180750,00;180945,00;180705,00;180805,00;9980449,00;276
WINV26;03/07/2026;12:40:00;180715,00;180760,00;180665,00;180690,00;8350392,00;231
WINV26;03/07/2026;12:20:00;180595,00;180750,00;180550,00;180695,00;3721185,00;103
WINV26;03/07/2026;12:00:00;180465,00;180700,00;180465,00;180670,00;9679089,00;268
WINV26;03/07/2026;11:40:00;180440,00;180530,00;180300,00;180405,00;2850550,00;79
WINV26;03/07/2026;11:20:00;180200,00;180470,00;180160,00;180375,00;2235698,00;62
WINV26;03/07/2026;11:00:00;179860,00;180450,00;179860,00;180115,00;19179962,00;532
WINV26;03/07/2026;10:40:00;179645,00;179925,00;179550,00;179860,00;24262036,00;675
WINV26;03/07/2026;10:20:00;179410,00;179680,00;179075,00;179650,00;12336822,00;344
WINV26;03/07/2026;10:00:00;180170,00;180225,00;179275,00;179385,00;33910811,00;943
WINV26;03/07/2026;09:40:00;180185,00;180500,00;179995,00;180010,00;17186305,00;477
WINV26;03/07/2026;09:20:00;180145,00;180500,00;180045,00;180255,00;16228917,00;450
WINV26;03/07/2026;09:00:00;179200,00;180455,00;179200,00;180240,00;252523710,00;7012
WINV26;02/07/2026;18:20:00;178945,00;178945,00;178860,00;178880,00;59751418,00;1670
WINV26;02/07/2026;18:00:00;179070,00;179070,00;178920,00;178975,00;1790198,00;50
WINV26;02/07/2026;17:40:00;179080,00;179145,00;179025,00;179070,00;4154140,00;116
WINV26;02/07/2026;17:20:00;179035,00;179165,00;178980,00;179105,00;2722576,00;76
WINV26;02/07/2026;17:00:00;179045,00;179125,00;178855,00;179035,00;9739088,00;272
WINV26;02/07/2026;16:40:00;178675,00;179025,00;178595,00;179025,00;5755436,00;161
WINV26;02/07/2026;16:20:00;178630,00;178645,00;178440,00;178645,00;20713258,00;580
WINV26;02/07/2026;16:00:00;178910,00;178940,00;178620,00;178660,00;2395317,00;67
WINV26;02/07/2026;15:40:00;178970,00;179050,00;178795,00;179000,00;6119703,00;171
WINV26;02/07/2026;15:20:00;178410,00;178985,00;178410,00;178900,00;11651031,00;326
WINV26;02/07/2026;15:00:00;178305,00;178625,00;178295,00;178395,00;14459018,00;405
WINV26;02/07/2026;14:40:00;178385,00;178495,00;178315,00;178315,00;2069357,00;58
WINV26;02/07/2026;14:20:00;178500,00;178500,00;178315,00;178320,00;4175217,00;117
WINV26;02/07/2026;14:00:00;178295,00;178575,00;178295,00;178505,00;6604003,00;185
WINV26;02/07/2026;13:40:00;178395,00;178595,00;178250,00;178255,00;11528958,00;323
WINV26;02/07/2026;13:20:00;178535,00;178595,00;178250,00;178375,00;41598588,00;1166
WINV26;02/07/2026;13:00:00;178600,00;178730,00;178415,00;178580,00;9213617,00;258
WINV26;02/07/2026;12:40:00;178585,00;178615,00;178435,00;178460,00;1571266,00;44
WINV26;02/07/2026;12:20:00;178160,00;178575,00;178120,00;178570,00;15694435,00;440
WINV26;02/07/2026;12:00:00;178715,00;178880,00;178030,00;178145,00;31375888,00;880
WINV26;02/07/2026;11:40:00;178560,00;178800,00;178410,00;178745,00;144896975,00;4057
WINV26;02/07/2026;11:20:00;179615,00;179615,00;178555,00;178660,00;154976120,00;4330
WINV26;02/07/2026;11:00:00;179770,00;179940,00;179490,00;179685,00;12504876,00;348
WINV26;02/07/2026;10:40:00;180235,00;180790,00;179525,00;179720,00;64474689,00;1788
WINV26;02/07/2026;10:20:00;179300,00;180200,00;178850,00;180160,00;81967460,00;2286
WINV26;02/07/2026;10:00:00;179580,00;179710,00;179020,00;179350,00;23135658,00;645
WINV26;02/07/2026;09:40:00;180270,00;180365,00;179390,00;179495,00;20517691,00;570
WINV26;02/07/2026;09:20:00;178275,00;180265,00;178200,00;180245,00;37427392,00;1042
WINV26;02/07/2026;09:00:00;178075,00;178605,00;177685,00;178230,00;58330184,00;1639
WINV26;01/07/2026;18:20:00;178300,00;178300,00;178295,00;178295,00;320939,00;9
WINV26;01/07/2026;18:00:00;178230,00;178280,00;178160,00;178280,00;38244162,00;1073
WINV26;01/07/2026;17:40:00;178255,00;178375,00;178150,00;178260,00;1854337,00;52
WINV26;01/07/2026;17:20:00;177950,00;178185,00;177950,00;178185,00;6769184,00;190
WINV26;01/07/2026;17:00:00;177935,00;178105,00;177850,00;177960,00;8755544,00;246
WINV26;01/07/2026;16:40:00;178075,00;178200,00;177935,00;177990,00;2635294,00;74
WINV26;01/07/2026;16:20:00;178120,00;178255,00;177940,00;178080,00;8796143,00;247
WINV26;01/07/2026;16:00:00;177860,00;178285,00;177750,00;178160,00;5768334,00;162
WINV26;01/07/2026;15:40:00;177800,00;177800,00;177740,00;177775,00;177773,00;5
WINV26;01/07/2026;15:20:00;177750,00;177960,00;177750,00;177765,00;2880782,00;81
WINV26;01/07/2026;15:00:00;178000,00;178030,00;177650,00;177710,00;5083850,00;143
WINV26;01/07/2026;14:40:00;178250,00;178300,00;177745,00;177910,00;7328518,00;206
WINV26;01/07/2026;14:20:00;178260,00;178295,00;178125,00;178260,00;2209820,00;62
WINV26;01/07/2026;14:00:00;178160,00;178420,00;178115,00;178220,00;2674505,00;75
WINV26;01/07/2026;13:40:00;178315,00;178375,00;178030,00;178055,00;1923983,00;54
WINV26;01/07/2026;13:20:00;178090,00;178370,00;178000,00;178315,00;2388073,00;67
WINV26;01/07/2026;13:00:00;178035,00;178190,00;178020,00;178105,00;4595501,00;129
WINV26;01/07/2026;12:40:00;177800,00;178250,00;177800,00;178030,00;9758371,00;274
WINV26;01/07/2026;12:20:00;177310,00;177800,00;177220,00;177715,00;26651567,00;751
WINV26;01/07/2026;12:00:00;177395,00;177560,00;177250,00;177305,00;7874127,00;222
WINV26;01/07/2026;11:40:00;177830,00;177850,00;177415,00;177450,00;16798563,00;473
WINV26;01/07/2026;11:20:00;178120,00;178150,00;177645,00;177875,00;10351247,00;291
WINV26;01/07/2026;11:00:00;177640,00;178200,00;177455,00;177965,00;21595315,00;607
WINV26;01/07/2026;10:40:00;177450,00;177945,00;177205,00;177515,00;40241154,00;1133
WINV26;01/07/2026;10:20:00;176185,00;177600,00;176155,00;177485,00;33951491,00;960
WINV26;01/07/2026;10:00:00;176140,00;176395,00;175805,00;176230,00;134877289,00;3831
WINV26;01/07/2026;09:40:00;176140,00;176380,00;175925,00;176100,00;48173942,00;1368
WINV26;01/07/2026;09:20:00;176445,00;176600,00;176110,00;176180,00;36260596,00;1028
WINV26;01/07/2026;09:00:00;177760,00;177890,00;176400,00;176415,00;190153154,00;5367
WINV26;30/06/2026;18:20:00;178360,00;178400,00;178295,00;178330,00;45691158,00;1281
WINV26;30/06/2026;18:00:00;178400,00;178400,00;178275,00;178365,00;11481981,00;322
WINV26;30/06/2026;17:40:00;178385,00;178420,00;178345,00;178420,00;2140796,00;60
WINV26;30/06/2026;17:20:00;178385,00;178385,00;178280,00;178285,00;1176975,00;33
WINV26;30/06/2026;17:00:00;178510,00;178585,00;178390,00;178400,00;5748020,00;161
WINV26;30/06/2026;16:40:00;178630,00;178630,00;178455,00;178490,00;6605400,00;185
WINV26;30/06/2026;16:20:00;178635,00;178765,00;178500,00;178590,00;3859240,00;108
WINV26;30/06/2026;16:00:00;178775,00;178775,00;178555,00;178600,00;1714874,00;48
WINV26;30/06/2026;15:40:00;178730,00;178850,00;178650,00;178760,00;2824367,00;79
WINV26;30/06/2026;15:20:00;179045,00;179070,00;178695,00;178760,00;5257759,00;147
WINV26;30/06/2026;15:00:00;179070,00;179075,00;178875,00;178990,00;8877261,00;248
WINV26;30/06/2026;14:40:00;178685,00;179165,00;178685,00;179100,00;15674849,00;438
WINV26;30/06/2026;14:20:00;178655,00;178790,00;178575,00;178720,00;3895708,00;109
WINV26;30/06/2026;14:00:00;178480,00;178730,00;178410,00;178730,00;4964234,00;139
WINV26;30/06/2026;13:40:00;178665,00;178755,00;178475,00;178475,00;1464070,00;41
WINV26;30/06/2026;13:20:00;178610,00;178895,00;178535,00;178680,00;6542285,00;183
WINV26;30/06/2026;13:00:00;178500,00;178655,00;178395,00;178535,00;3963427,00;111
WINV26;30/06/2026;12:40:00;178125,00;178400,00;178125,00;178345,00;3316889,00;93
WINV26;30/06/2026;12:20:00;178095,00;178300,00;177915,00;178140,00;2458021,00;69
WINV26;30/06/2026;12:00:00;177870,00;178435,00;177870,00;178080,00;10830680,00;304
WINV26;30/06/2026;11:40:00;177750,00;177955,00;177590,00;177890,00;11413752,00;321
WINV26;30/06/2026;11:20:00;177940,00;178000,00;177605,00;177815,00;12127943,00;341
WINV26;30/06/2026;11:00:00;177500,00;178515,00;177255,00;177895,00;129297695,00;3635
WINV26;30/06/2026;10:40:00;177085,00;177640,00;176780,00;177525,00;80027758,00;2258
WINV26;30/06/2026;10:20:00;177645,00;177685,00;177065,00;177085,00;174985447,00;4932
WINV26;30/06/2026;10:00:00;178335,00;178345,00;177270,00;177585,00;192071581,00;5406
WINV26;30/06/2026;09:40:00;178740,00;178895,00;178330,00;178390,00;13541973,00;379
WINV26;30/06/2026;09:20:00;178505,00;178750,00;178085,00;178650,00;29510345,00;827
WINV26;30/06/2026;09:00:00;179650,00;179805,00;178220,00;178560,00;126291930,00;3523
WINV26;29/06/2026;18:20:00;179620,00;179620,00;179500,00;179500,00;1077287,00;30
WINV26;29/06/2026;18:00:00;179690,00;179730,00;179570,00;179645,00;47285462,00;1316
WINV26;29/06/2026;17:40:00;179695,00;179720,00;179665,00;179720,00;467154,00;13
WINV26;29/06/2026;17:20:00;179715,00;179800,00;179690,00;179695,00;2156971,00;60
WINV26;29/06/2026;17:00:00;179650,00;179710,00;179645,00;179700,00;2192107,00;61
WINV26;29/06/2026;16:40:00;179615,00;179700,00;179535,00;179585,00;3412626,00;95
WINV26;29/06/2026;16:20:00;179925,00;179925,00;179585,00;179585,00;5177475,00;144
WINV26;29/06/2026;16:00:00;179975,00;179985,00;179845,00;179880,00;1259320,00;35
WINV26;29/06/2026;15:40:00;180050,00;180120,00;179945,00;179955,00;2268587,00;63
WINV26;29/06/2026;15:20:00;179965,00;180045,00;179930,00;180045,00;2232010,00;62
WINV26;29/06/2026;15:00:00;179895,00;179990,00;179815,00;179900,00;5072481,00;141
WINV26;29/06/2026;14:40:00;179790,00;179795,00;179690,00;179795,00;1797516,00;50
WINV26;29/06/2026;14:20:00;179900,00;179900,00;179750,00;179795,00;503483,00;14
WINV26;29/06/2026;14:00:00;179745,00;179920,00;179745,00;179845,00;3345337,00;93
WINV26;29/06/2026;13:40:00;179640,00;179975,00;179625,00;179750,00;24311037,00;676
WINV26;29/06/2026;13:20:00;179345,00;179710,00;179270,00;179670,00;87130411,00;2426
WINV26;29/06/2026;13:00:00;178995,00;179315,00;178985,00;179310,00;3833084,00;107
WINV26;29/06/2026;12:40:00;179165,00;179180,00;179000,00;179075,00;5802570,00;162
WINV26;29/06/2026;12:20:00;179265,00;179390,00;179060,00;179135,00;23470120,00;655
WINV26;29/06/2026;12:00:00;179550,00;179580,00;179255,00;179290,00;4483742,00;125
WINV26;29/06/2026;11:40:00;179500,00;179665,00;179400,00;179460,00;100679111,00;2805
WINV26;29/06/2026;11:20:00;179575,00;180020,00;179530,00;179530,00;37306524,00;1037
WINV26;29/06/2026;11:00:00;179490,00;179650,00;179055,00;179640,00;412121624,00;11483
WINV26;29/06/2026;10:40:00;178950,00;179650,00;178950,00;179540,00;370802861,00;10340
WINV26;29/06/2026;10:20:00;179940,00;180020,00;178710,00;178950,00;138272552,00;3857
WINV26;29/06/2026;10:00:00;180095,00;180415,00;179820,00;179905,00;12065176,00;335
WINV26;29/06/2026;09:40:00;179425,00;180095,00;179335,00;180045,00;9056483,00;252
WINV26;29/06/2026;09:20:00;180000,00;180000,00;179430,00;179445,00;30470254,00;848
WINV26;29/06/2026;09:00:00;180565,00;181000,00;179820,00;179920,00;107322843,00;2974
WINV26;26/06/2026;18:20:00;179890,00;179945,00;179865,00;179865,00;863601,00;24
WINV26;26/06/2026;18:00:00;180075,00;180200,00;179900,00;179900,00;64160937,00;1782
WINV26;26/06/2026;17:40:00;179950,00;180140,00;179950,00;180085,00;2484932,00;69
WINV26;26/06/2026;17:20:00;179980,00;180265,00;179930,00;179990,00;11815638,00;328
WINV26;26/06/2026;17:00:00;180000,00;180060,00;179850,00;179945,00;4175171,00;116
WINV26;26/06/2026;16:40:00;180020,00;180055,00;179850,00;179930,00;4426743,00;123
WINV26;26/06/2026;16:20:00;180085,00;180120,00;179945,00;180045,00;3132957,00;87
WINV26;26/06/2026;16:00:00;180195,00;180245,00;180050,00;180070,00;6773789,00;188
WINV26;26/06/2026;15:40:00;180300,00;180300,00;180070,00;180180,00;80058109,00;2222
WINV26;26/06/2026;15:20:00;180360,00;180630,00;180270,00;180320,00;4979163,00;138
WINV26;26/06/2026;15:00:00;180345,00;180605,00;180345,00;180425,00;7977320,00;221
WINV26;26/06/2026;14:40:00;180300,00;180450,00;180300,00;180375,00;2453324,00;68
WINV26;26/06/2026;14:20:00;180200,00;180395,00;180130,00;180250,00;1550147,00;43
WINV26;26/06/2026;14:00:00;180140,00;180455,00;180140,00;180200,00;39556115,00;1097
WINV26;26/06/2026;13:40:00;180250,00;180265,00;179940,00;180105,00;28625208,00;795
WINV26;26/06/2026;13:20:00;180180,00;180405,00;180050,00;180255,00;55122232,00;1529
WINV26;26/06/2026;13:00:00;180230,00;180260,00;180065,00;180230,00;1766021,00;49
WINV26;26/06/2026;12:40:00;180060,00;180220,00;179845,00;180180,00;9936658,00;276
WINV26;26/06/2026;12:20:00;179715,00;180130,00;179700,00;180060,00;5937084,00;165
WINV26;26/06/2026;12:00:00;179525,00;179795,00;179480,00;179720,00;6250973,00;174
WINV26;26/06/2026;11:40:00;179350,00;179590,00;179075,00;179480,00;7424689,00;207
WINV26;26/06/2026;11:20:00;178990,00;179320,00;178820,00;179320,00;11099470,00;310
WINV26;26/06/2026;11:00:00;178285,00;179000,00;178000,00;179000,00;127986780,00;3583
WINV26;26/06/2026;10:40:00;177655,00;178250,00;177550,00;178235,00;26623163,00;749
WINV26;26/06/2026;10:20:00;177810,00;178115,00;177595,00;177760,00;4874266,00;137
WINV26;26/06/2026;10:00:00;178200,00;178305,00;177490,00;177660,00;28479562,00;800
WINV26;26/06/2026;09:40:00;178390,00;178515,00;178195,00;178265,00;9416455,00;264
WINV26;26/06/2026;09:20:00;178940,00;178940,00;178370,00;178370,00;8466858,00;237
WINV26;26/06/2026;09:00:00;177605,00;179210,00;177465,00;178940,00;68334020,00;1918
WINV26;25/06/2026;18:20:00;178470,00;178470,00;178355,00;178355,00;535088,00;15
WINV26;25/06/2026;18:00:00;178590,00;178590,00;178470,00;178475,00;27530281,00;771
WINV26;25/06/2026;17:40:00;178645,00;178645,00;178530,00;178535,00;6107108,00;171
WINV26;25/06/2026;17:20:00;178735,00;178745,00;178605,00;178605,00;1536753,00;43
WINV26;25/06/2026;17:00:00;178595,00;178735,00;178595,00;178735,00;7254866,00;203
WINV26;25/06/2026;16:40:00;178805,00;178805,00;178425,00;178495,00;4890381,00;137
WINV26;25/06/2026;16:20:00;178710,00;178850,00;178690,00;178700,00;4539779,00;127
WINV26;25/06/2026;16:00:00;178730,00;178895,00;178715,00;178895,00;679360,00;19
WINV26;25/06/2026;15:40:00;178640,00;178800,00;178640,00;178800,00;1572595,00;44
WINV26;25/06/2026;15:20:00;178970,00;179115,00;178610,00;178705,00;6332962,00;177
WINV26;25/06/2026;15:00:00;179135,00;179135,00;178550,00;179035,00;14371847,00;402
WINV26;25/06/2026;14:40:00;179010,00;179260,00;179010,00;179160,00;3081965,00;86
WINV26;25/06/2026;14:20:00;178850,00;179155,00;178850,00;179155,00;13634458,00;381
WINV26;25/06/2026;14:00:00;179400,00;179445,00;178895,00;178895,00;1110871,00;31
WINV26;25/06/2026;13:40:00;179360,00;179530,00;179200,00;179340,00;7494410,00;209
WINV26;25/06/2026;13:20:00;179850,00;179850,00;179360,00;179360,00;1508138,00;42
WINV26;25/06/2026;13:00:00;179570,00;179900,00;179570,00;179895,00;2481984,00;69
WINV26;25/06/2026;12:40:00;179625,00;179760,00;179500,00;179615,00;970288,00;27
WINV26;25/06/2026;12:20:00;179230,00;179620,00;179230,00;179620,00;5706842,00;159
WINV26;25/06/2026;12:00:00;179190,00;179385,00;178960,00;179220,00;4550238,00;127
WINV26;25/06/2026;11:40:00;179780,00;179790,00;179100,00;179220,00;46325103,00;1291
WINV26;25/06/2026;11:20:00;179150,00;179935,00;179080,00;179915,00;14227575,00;396
WINV26;25/06/2026;11:00:00;178040,00;179140,00;178040,00;178900,00;23953566,00;670
WINV26;25/06/2026;10:40:00;177630,00;178370,00;177630,00;177915,00;9327606,00;262
WINV26;25/06/2026;10:20:00;179005,00;179015,00;177575,00;177670,00;37296839,00;1045
WINV26;25/06/2026;10:00:00;178175,00;179470,00;178085,00;179040,00;270178107,00;7547
WINV26;25/06/2026;09:40:00;178780,00;178900,00;178170,00;178170,00;29063819,00;813
WINV26;25/06/2026;09:20:00;178540,00;178910,00;178010,00;178770,00;33553265,00;939
WINV26;25/06/2026;09:00:00;177650,00;178775,00;177460,00;178540,00;123982985,00;3477
WINV26;24/06/2026;18:20:00;177970,00;177970,00;177845,00;177845,00;1494870,00;42
WINV26;24/06/2026;18:00:00;177880,00;178180,00;177880,00;177960,00;56680251,00;1592
WINV26;24/06/2026;17:40:00;177690,00;177850,00;177690,00;177840,00;6400543,00;180
WINV26;24/06/2026;17:20:00;177545,00;177675,00;177540,00;177565,00;1136541,00;32
WINV26;24/06/2026;17:00:00;177195,00;177665,00;177190,00;177525,00;3230488,00;91
WINV26;24/06/2026;16:40:00;177145,00;177220,00;177115,00;177145,00;20909058,00;590
WINV26;24/06/2026;16:20:00;177270,00;177395,00;177100,00;177180,00;20556150,00;580
WINV26;24/06/2026;16:00:00;177145,00;177385,00;177000,00;177305,00;17801753,00;502
WINV26;24/06/2026;15:40:00;176945,00;177230,00;176850,00;177070,00;2265737,00;64
WINV26;24/06/2026;15:20:00;176880,00;177010,00;176870,00;176915,00;5378900,00;152
WINV26;24/06/2026;15:00:00;176755,00;177070,00;176755,00;176960,00;6123290,00;173
WINV26;24/06/2026;14:40:00;176475,00;176860,00;176345,00;176675,00;18487261,00;523
WINV26;24/06/2026;14:20:00;176605,00;176645,00;176305,00;176510,00;93931102,00;2662
WINV26;24/06/2026;14:00:00;176895,00;176995,00;176540,00;176675,00;918613,00;26
WINV26;24/06/2026;13:40:00;176930,00;177065,00;176860,00;176890,00;2795750,00;79
WINV26;24/06/2026;13:20:00;176835,00;177190,00;176835,00;177015,00;4709285,00;133
WINV26;24/06/2026;13:00:00;176750,00;176780,00;176650,00;176775,00;494863,00;14
WINV26;24/06/2026;12:40:00;176880,00;177000,00;176790,00;176790,00;884519,00;25
WINV26;24/06/2026;12:20:00;177125,00;177160,00;176680,00;176850,00;9347452,00;264
WINV26;24/06/2026;12:00:00;176675,00;177030,00;176490,00;177030,00;5090276,00;144
WINV26;24/06/2026;11:40:00;176325,00;176940,00;176270,00;176655,00;55228063,00;1564
WINV26;24/06/2026;11:20:00;176850,00;176900,00;176245,00;176365,00;82485640,00;2338
WINV26;24/06/2026;11:00:00;177080,00;177350,00;176860,00;176860,00;22662631,00;640
WINV26;24/06/2026;10:40:00;177155,00;177525,00;176825,00;177040,00;11908397,00;336
WINV26;24/06/2026;10:20:00;177490,00;178100,00;176950,00;177330,00;73179718,00;2060
WINV26;24/06/2026;10:00:00;176735,00;177465,00;175970,00;177465,00;36457894,00;1032
WINV26;24/06/2026;09:40:00;176710,00;176850,00;176560,00;176735,00;2438661,00;69
WINV26;24/06/2026;09:20:00;176875,00;176920,00;176570,00;176630,00;7953131,00;225
WINV26;24/06/2026;09:00:00;177945,00;178450,00;176780,00;176865,00;99742442,00;2802
WINV26;23/06/2026;18:20:00;178565,00;178565,00;178460,00;178510,00;27165751,00;761
WINV26;23/06/2026;18:00:00;178390,00;178650,00;178375,00;178585,00;32859603,00;920
WINV26;23/06/2026;17:40:00;178260,00;178480,00;178240,00;178395,00;4138839,00;116
WINV26;23/06/2026;17:20:00;178290,00;178335,00;178275,00;178290,00;1248089,00;35
WINV26;23/06/2026;17:00:00;178080,00;178290,00;178000,00;178290,00;3812728,00;107
WINV26;23/06/2026;16:40:00;178330,00;178380,00;178060,00;178115,00;2994532,00;84
WINV26;23/06/2026;16:20:00;178060,00;178490,00;178060,00;178360,00;4243777,00;119
WINV26;23/06/2026;16:00:00;177940,00;178175,00;177920,00;178095,00;747647,00;21
WINV26;23/06/2026;15:40:00;177930,00;177950,00;177805,00;177920,00;1316365,00;37
WINV26;23/06/2026;15:20:00;178125,00;178125,00;177850,00;177970,00;2492199,00;70
WINV26;23/06/2026;15:00:00;178270,00;178315,00;178145,00;178150,00;1211875,00;34
WINV26;23/06/2026;14:40:00;178225,00;178335,00;178175,00;178175,00;2388782,00;67
WINV26;23/06/2026;14:20:00;178140,00;178255,00;178100,00;178120,00;1461031,00;41
WINV26;23/06/2026;14:00:00;178090,00;178235,00;177955,00;178100,00;997204,00;28
WINV26;23/06/2026;13:40:00;178200,00;178255,00;178050,00;178125,00;3420550,00;96
WINV26;23/06/2026;13:20:00;178020,00;178430,00;178020,00;178215,00;3278879,00;92
WINV26;23/06/2026;13:00:00;177585,00;178285,00;177565,00;177960,00;12244758,00;344
WINV26;23/06/2026;12:40:00;177265,00;177585,00;177225,00;177530,00;2235759,00;63
WINV26;23/06/2026;12:20:00;177650,00;177690,00;177275,00;177275,00;4650339,00;131
WINV26;23/06/2026;12:00:00;177600,00;178000,00;177580,00;177725,00;8180307,00;230
WINV26;23/06/2026;11:40:00;177450,00;177890,00;177360,00;177630,00;35164819,00;989
WINV26;23/06/2026;11:20:00;177200,00;177500,00;177140,00;177395,00;4432992,00;125
WINV26;23/06/2026;11:00:00;176565,00;177215,00;176525,00;177215,00;8173795,00;231
WINV26;23/06/2026;10:40:00;176520,00;176655,00;175980,00;176545,00;32118126,00;910
WINV26;23/06/2026;10:20:00;175675,00;176795,00;175345,00;176560,00;36703298,00;1041
WINV26;23/06/2026;10:00:00;175500,00;175825,00;175130,00;175715,00;24023062,00;685
WINV26;23/06/2026;09:40:00;175500,00;175600,00;175220,00;175410,00;23332436,00;665
WINV26;23/06/2026;09:20:00;175745,00;175750,00;175385,00;175550,00;12988624,00;370
WINV26;23/06/2026;09:00:00;176160,00;176160,00;175190,00;175685,00;45277888,00;1290
WINV26;22/06/2026;18:20:00;177270,00;177270,00;177155,00;177155,00;1311433,00;37
WINV26;22/06/2026;18:00:00;177370,00;177390,00;177270,00;177320,00;33475439,00;944
WINV26;22/06/2026;17:40:00;177280,00;177395,00;177260,00;177395,00;33093261,00;933
WINV26;22/06/2026;17:20:00;177090,00;177275,00;177090,00;177255,00;1559265,00;44
WINV26;22/06/2026;17:00:00;177225,00;177225,00;177020,00;177060,00;1629200,00;46
WINV26;22/06/2026;16:40:00;177470,00;177470,00;177245,00;177245,00;1205854,00;34
WINV26;22/06/2026;16:20:00;177535,00;177545,00;177345,00;177495,00;745222,00;21
WINV26;22/06/2026;16:00:00;177270,00;177600,00;177270,00;177560,00;2342719,00;66
WINV26;22/06/2026;15:40:00;177335,00;177425,00;177270,00;177270,00;674014,00;19
WINV26;22/06/2026;15:20:00;177285,00;177380,00;177240,00;177300,00;1985502,00;56
WINV26;22/06/2026;15:00:00;177175,00;177290,00;177155,00;177285,00;1595258,00;45
WINV26;22/06/2026;14:40:00;177045,00;177165,00;176980,00;177070,00;602025,00;17
WINV26;22/06/2026;14:20:00;177295,00;177295,00;176935,00;176935,00;4143767,00;117
WINV26;22/06/2026;14:00:00;177345,00;177520,00;177300,00;177440,00;5144234,00;145
WINV26;22/06/2026;13:40:00;177245,00;177425,00;177205,00;177415,00;5995950,00;169
WINV26;22/06/2026;13:20:00;177035,00;177295,00;176890,00;177250,00;2479160,00;70
WINV26;22/06/2026;13:00:00;176900,00;176945,00;176770,00;176945,00;2511338,00;71
WINV26;22/06/2026;12:40:00;177245,00;177245,00;176950,00;177105,00;920552,00;26
WINV26;22/06/2026;12:20:00;177100,00;177285,00;177095,00;177190,00;1382076,00;39
WINV26;22/06/2026;12:00:00;177550,00;177575,00;177200,00;177240,00;1915302,00;54
WINV26;22/06/2026;11:40:00;176905,00;177520,00;176835,00;177450,00;2338992,00;66
WINV26;22/06/2026;11:20:00;176775,00;177100,00;176710,00;176905,00;5097836,00;144
WINV26;22/06/2026;11:00:00;176470,00;177035,00;176470,00;176825,00;6505733,00;184
WINV26;22/06/2026;10:40:00;176225,00;176870,00;175950,00;176655,00;2753498,00;78
WINV26;22/06/2026;10:20:00;176655,00;177195,00;176015,00;176280,00;15237306,00;431
WINV26;22/06/2026;10:00:00;175120,00;176880,00;175120,00;176835,00;65219646,00;1852
WINV26;22/06/2026;09:40:00;175010,00;175300,00;174985,00;175140,00;6971671,00;199
WINV26;22/06/2026;09:20:00;174780,00;175150,00;174725,00;175040,00;15356954,00;439
WINV26;22/06/2026;09:00:00;175205,00;175260,00;173975,00;174855,00;58989770,00;1689
WINV26;19/06/2026;18:20:00;175450,00;175610,00;175450,00;175450,00;2071614,00;59
WINV26;19/06/2026;18:00:00;175165,00;175400,00;175000,00;175400,00;48739500,00;1391
WINV26;19/06/2026;17:40:00;175085,00;175115,00;175045,00;175115,00;2030887,00;58
WINV26;19/06/2026;17:20:00;175115,00;175140,00;175045,00;175045,00;665363,00;19
WINV26;19/06/2026;17:00:00;175025,00;175215,00;175020,00;175095,00;2276290,00;65
WINV26;19/06/2026;16:40:00;175120,00;175310,00;175000,00;175160,00;5534949,00;158
WINV26;19/06/2026;16:20:00;175265,00;175285,00;175075,00;175075,00;770644,00;22
WINV26;19/06/2026;16:00:00;175390,00;175390,00;175180,00;175180,00;2208386,00;63
WINV26;19/06/2026;15:40:00;175445,00;175490,00;175400,00;175405,00;491226,00;14
WINV26;19/06/2026;15:20:00;175420,00;175495,00;175340,00;175355,00;982226,00;28
WINV26;19/06/2026;15:00:00;175430,00;175520,00;175360,00;175425,00;1649229,00;47
WINV26;19/06/2026;14:40:00;175215,00;175635,00;175215,00;175525,00;5543870,00;158
WINV26;19/06/2026;14:20:00;175025,00;175250,00;174995,00;175180,00;7773027,00;222
WINV26;19/06/2026;14:00:00;174775,00;175000,00;174770,00;174965,00;1748080,00;50
WINV26;19/06/2026;13:40:00;174910,00;174925,00;174735,00;174760,00;4894661,00;140
WINV26;19/06/2026;13:20:00;175015,00;175110,00;174800,00;174800,00;2972785,00;85
WINV26;19/06/2026;13:00:00;175100,00;175115,00;174925,00;174925,00;1680073,00;48
WINV26;19/06/2026;12:40:00;175140,00;175200,00;175000,00;175040,00;2975288,00;85
WINV26;19/06/2026;12:20:00;175320,00;175320,00;175100,00;175150,00;1962147,00;56
WINV26;19/06/2026;12:00:00;175190,00;175465,00;175190,00;175325,00;2069333,00;59
WINV26;19/06/2026;11:40:00;175165,00;175305,00;175085,00;175285,00;1471826,00;42
WINV26;19/06/2026;11:20:00;175185,00;175380,00;175080,00;175215,00;4732620,00;135
WINV26;19/06/2026;11:00:00;174590,00;175365,00;174590,00;175235,00;6759062,00;193
WINV26;19/06/2026;10:40:00;175300,00;175300,00;174500,00;174500,00;25057938,00;717
WINV26;19/06/2026;10:20:00;175300,00;175575,00;174895,00;175245,00;5640478,00;161
WINV26;19/06/2026;10:00:00;175145,00;175660,00;175025,00;175230,00;6419124,00;183
WINV26;19/06/2026;09:40:00;174880,00;175340,00;174850,00;175220,00;7358027,00;210
WINV26;19/06/2026;09:20:00;174915,00;174915,00;174620,00;174800,00;12404767,00;355
WINV26;19/06/2026;09:00:00;175200,00;175890,00;174670,00;174935,00;55713973,00;1592
WINV26;18/06/2026;18:20:00;175540,00;175685,00;175510,00;175685,00;983134,00;28
WINV26;18/06/2026;18:00:00;175435,00;175610,00;175435,00;175575,00;4880083,00;139
WINV26;18/06/2026;17:40:00;175410,00;175490,00;175395,00;175490,00;2525921,00;72
WINV26;18/06/2026;17:20:00;175380,00;175445,00;175305,00;175415,00;50466982,00;1439
WINV26;18/06/2026;17:00:00;175255,00;175400,00;175255,00;175350,00;2244340,00;64
WINV26;18/06/2026;16:40:00;175090,00;175370,00;175090,00;175370,00;2943825,00;84
WINV26;18/06/2026;16:20:00;175320,00;175440,00;175140,00;175140,00;2279635,00;65
WINV26;18/06/2026;16:00:00;175225,00;175345,00;175200,00;175245,00;525929,00;15
WINV26;18/06/2026;15:40:00;175395,00;175435,00;175245,00;175270,00;2805730,00;80
WINV26;18/06/2026;15:20:00;175270,00;175550,00;175270,00;175395,00;9472375,00;270
WINV26;18/06/2026;15:00:00;175090,00;175335,00;174880,00;175335,00;3605948,00;103
WINV26;18/06/2026;14:40:00;175180,00;175225,00;174980,00;175180,00;2381302,00;68
WINV26;18/06/2026;14:20:00;175230,00;175280,00;175110,00;175130,00;946004,00;27
WINV26;18/06/2026;14:00:00;175250,00;175380,00;175080,00;175280,00;3294981,00;94
WINV26;18/06/2026;13:40:00;175075,00;175250,00;175060,00;175250,00;1050734,00;30
WINV26;18/06/2026;13:20:00;174955,00;175195,00;174935,00;175030,00;1260435,00;36
WINV26;18/06/2026;13:00:00;175350,00;175350,00;174995,00;174995,00;5324636,00;152
WINV26;18/06/2026;12:40:00;175300,00;175575,00;175300,00;175450,00;2912873,00;83
WINV26;18/06/2026;12:20:00;175705,00;175755,00;175300,00;175330,00;2246812,00;64
WINV26;18/06/2026;12:00:00;175845,00;175950,00;175565,00;175620,00;2284313,00;65
WINV26;18/06/2026;11:40:00;176450,00;176460,00;175800,00;175845,00;7255722,00;206
WINV26;18/06/2026;11:20:00;176175,00;176675,00;176100,00;176635,00;16519306,00;468
WINV26;18/06/2026;11:00:00;175780,00;176240,00;175730,00;176240,00;3168292,00;90
WINV26;18/06/2026;10:40:00;175365,00;176240,00;175300,00;175920,00;24122846,00;686
WINV26;18/06/2026;10:20:00;175240,00;175745,00;174875,00;175350,00;12918634,00;368
WINV26;18/06/2026;10:00:00;175205,00;175610,00;175050,00;175270,00;6695228,00;191
WINV26;18/06/2026;09:40:00;175020,00;175300,00;174980,00;175005,00;9596643,00;274
WINV26;18/06/2026;09:20:00;174865,00;175100,00;174700,00;174920,00;15707821,00;449
WINV26;18/06/2026;09:00:00;175300,00;175500,00;173970,00;174950,00;26348863,00;754
WINV26;17/06/2026;18:20:00;175285,00;175300,00;175285,00;175300,00;175294,00;5
WINV26;17/06/2026;18:00:00;175150,00;175220,00;175020,00;175020,00;665372,00;19
WINV26;17/06/2026;17:40:00;175200,00;175295,00;175155,00;175295,00;595717,00;17
WINV26;17/06/2026;17:20:00;175400,00;175450,00;175375,00;175400,00;982402,00;28
WINV26;17/06/2026;17:00:00;175195,00;175330,00;175150,00;175280,00;630731,00;18
WINV26;17/06/2026;16:40:00;175000,00;175350,00;175000,00;175290,00;560886,00;16
WINV26;17/06/2026;16:20:00;176270,00;176270,00;175205,00;175205,00;1160287,00;33
WINV26;17/06/2026;16:00:00;177210,00;177210,00;176270,00;176270,00;1942836,00;55
WINV26;17/06/2026;15:40:00;177760,00;177760,00;177225,00;177225,00;354840,00;10
WINV26;17/06/2026;15:20:00;177345,00;177570,00;177100,00;177560,00;2695229,00;76
WINV26;17/06/2026;15:00:00;178510,00;178510,00;177000,00;177345,00;3195311,00;90
WINV26;17/06/2026;14:40:00;178290,00;178785,00;178290,00;178785,00;963978,00;27
WINV26;17/06/2026;14:20:00;178410,00;178490,00;178360,00;178490,00;642282,00;18
WINV26;17/06/2026;14:00:00;178775,00;179120,00;178625,00;178625,00;1788963,00;50
WINV26;17/06/2026;13:40:00;178500,00;178835,00;178405,00;178625,00;750133,00;21
WINV26;17/06/2026;13:20:00;178550,00;178645,00;178440,00;178615,00;285717,00;8
WINV26;17/06/2026;13:00:00;178400,00;178485,00;178400,00;178485,00;249777,00;7
WINV26;17/06/2026;12:40:00;178150,00;178150,00;178150,00;178150,00;35630,00;1
WINV26;17/06/2026;12:20:00;178250,00;178350,00;178250,00;178350,00;463578,00;13
WINV26;17/06/2026;12:00:00;178200,00;178215,00;177995,00;177995,00;427477,00;12
WINV26;17/06/2026;11:40:00;178060,00;178400,00;178060,00;178400,00;71292,00;2
WINV26;17/06/2026;11:20:00;178440,00;178655,00;178275,00;178500,00;2319561,00;65
WINV26;17/06/2026;11:00:00;177885,00;178465,00;177885,00;178235,00;748303,00;21
WINV26;17/06/2026;10:40:00;178000,00;178130,00;177805,00;177835,00;1173976,00;33
WINV26;17/06/2026;10:20:00;178250,00;178855,00;177925,00;177925,00;5777620,00;162
WINV26;17/06/2026;10:00:00;177400,00;178185,00;177400,00;178170,00;1708333,00;48
WINV26;17/06/2026;09:40:00;177290,00;177700,00;177200,00;177700,00;425788,00;12
WINV26;17/06/2026;09:20:00;177225,00;177485,00;177060,00;177060,00;2020719,00;57
WINV26;17/06/2026;09:00:00;176690,00;177220,00;176070,00;177175,00;11346095,00;321
WINV26;16/06/2026;18:00:00;176600,00;176815,00;176600,00;176815,00;106046,00;3
WINV26;16/06/2026;17:40:00;176500,00;176500,00;176500,00;176500,00;35300,00;1
WINV26;16/06/2026;17:20:00;176675,00;176675,00;176600,00;176600,00;105975,00;3
WINV26;16/06/2026;16:00:00;176800,00;176800,00;176700,00;176700,00;70700,00;2
WINV26;16/06/2026;15:40:00;177115,00;177115,00;176875,00;176875,00;106194,00;3
WINV26;16/06/2026;15:00:00;177115,00;177115,00;177115,00;177115,00;177115,00;5
WINV26;16/06/2026;13:40:00;177100,00;177125,00;177100,00;177125,00;389625,00;11
WINV26;16/06/2026;13:20:00;177200,00;177200,00;177200,00;177200,00;354400,00;10
WINV26;16/06/2026;12:00:00;176645,00;176645,00;176645,00;176645,00;35329,00;1
WINV26;16/06/2026;11:40:00;176815,00;176815,00;176815,00;176815,00;35363,00;1
WINV26;16/06/2026;11:20:00;176505,00;176505,00;176500,00;176500,00;70601,00;2
WINV26;16/06/2026;11:00:00;177175,00;177175,00;177175,00;177175,00;35435,00;1
WINV26;16/06/2026;10:40:00;176625,00;177155,00;176585,00;177155,00;706893,00;20
WINV26;16/06/2026;10:20:00;176550,00;176550,00;176550,00;176550,00;35310,00;1
WINV26;16/06/2026;10:00:00;176600,00;176690,00;176600,00;176690,00;388700,00;11
WINV26;16/06/2026;09:40:00;177075,00;177075,00;177000,00;177000,00;106216,00;3
WINV26;16/06/2026;09:20:00;177720,00;177720,00;177200,00;177200,00;212744,00;6
WINV26;16/06/2026;09:00:00;178000,00;178000,00;177250,00;177440,00;106538,00;3
WINV26;15/06/2026;18:00:00;177900,00;177900,00;177800,00;177800,00;213380,00;6
WINV26;15/06/2026;16:20:00;178000,00;178190,00;177800,00;178190,00;1103780,00;31
WINV26;15/06/2026;15:20:00;178000,00;178000,00;178000,00;178000,00;35600,00;1
WINV26;15/06/2026;15:00:00;178500,00;178500,00;178000,00;178000,00;249795,00;7
WINV26;15/06/2026;14:20:00;178785,00;178785,00;178745,00;178745,00;393319,00;11
WINV26;15/06/2026;14:00:00;179000,00;179000,00;179000,00;179000,00;35800,00;1
WINV26;15/06/2026;13:40:00;179060,00;179060,00;179060,00;179060,00;1074360,00;30
WINV26;15/06/2026;13:00:00;180000,00;180000,00;180000,00;180000,00;36000,00;1
WINV26;15/06/2026;12:20:00;180200,00;180200,00;180200,00;180200,00;36040,00;1
WINV26;15/06/2026;11:40:00;180000,00;180000,00;180000,00;180000,00;108000,00;3
WINV26;15/06/2026;11:00:00;181000,00;181000,00;181000,00;181000,00;36200,00;1
WINV26;15/06/2026;10:40:00;181585,00;181585,00;181530,00;181530,00;72623,00;2
WINV26;15/06/2026;10:20:00;181145,00;181610,00;181145,00;181565,00;1196172,00;33
WINV26;15/06/2026;09:40:00;181000,00;181000,00;181000,00;181000,00;72400,00;2
WINV26;15/06/2026;09:00:00;180090,00;180090,00;180000,00;180000,00;972450,00;27
WINV26;12/06/2026;18:20:00;178695,00;178695,00;178500,00;178500,00;71439,00;2
WINV26;12/06/2026;17:20:00;178800,00;178800,00;178800,00;178800,00;107280,00;3
WINV26;12/06/2026;17:00:00;178655,00;178655,00;178655,00;178655,00;35731,00;1
WINV26;12/06/2026;13:40:00;178655,00;178655,00;178655,00;178655,00;35731,00;1
WINV26;12/06/2026;12:00:00;179675,00;179720,00;179675,00;179720,00;107823,00;3
WINV26;12/06/2026;11:40:00;179240,00;179240,00;179240,00;179240,00;35848,00;1
WINV26;12/06/2026;11:00:00;179600,00;179600,00;179200,00;179200,00;215280,00;6
WINV26;12/06/2026;10:40:00;179395,00;179535,00;178355,00;179000,00;321933,00;9
WINV26;12/06/2026;10:20:00;179750,00;179750,00;179750,00;179750,00;35950,00;1
WINV26;12/06/2026;10:00:00;177790,00;179000,00;177790,00;179000,00;178484,00;5
WINV26;12/06/2026;09:20:00;177385,00;177600,00;177385,00;177500,00;284004,00;8
WINV26;12/06/2026;09:00:00;177510,00;179000,00;177510,00;178120,00;498623,00;14
WINV26;11/06/2026;17:40:00;179005,00;179270,00;179005,00;179270,00;465817,00;13
WINV26;11/06/2026;17:20:00;179080,00;179080,00;179080,00;179080,00;35816,00;1
WINV26;11/06/2026;17:00:00;179350,00;179350,00;179350,00;179350,00;71740,00;2
WINV26;11/06/2026;16:40:00;179500,00;179500,00;178920,00;178920,00;645594,00;18
WINV26;11/06/2026;16:20:00;179500,00;179500,00;179060,00;179060,00;143512,00;4
WINV26;11/06/2026;16:00:00;178270,00;178270,00;178255,00;178255,00;71305,00;2
WINV26;11/06/2026;15:40:00;177990,00;177990,00;177990,00;177990,00;35598,00;1
WINV26;11/06/2026;15:00:00;177700,00;178000,00;177270,00;177270,00;461274,00;13
WINV26;11/06/2026;14:40:00;177650,00;177700,00;177650,00;177700,00;177690,00;5
WINV26;11/06/2026;14:20:00;176250,00;177645,00;176250,00;177645,00;993427,00;28
WINV26;11/06/2026;14:00:00;175910,00;175910,00;175865,00;175865,00;70355,00;2
WINV26;11/06/2026;13:40:00;176100,00;176100,00;176100,00;176100,00;35220,00;1
WINV26;11/06/2026;10:40:00;176700,00;176700,00;176700,00;176700,00;35340,00;1
WINV26;11/06/2026;10:20:00;177000,00;177000,00;177000,00;177000,00;35400,00;1
WINV26;11/06/2026;10:00:00;176400,00;176660,00;176090,00;176660,00;1550922,00;44
WINV26;11/06/2026;09:00:00;177200,00;177220,00;177200,00;177220,00;106324,00;3
WINV26;10/06/2026;17:40:00;176100,00;176100,00;176000,00;176000,00;70420,00;2
WINV26;10/06/2026;15:00:00;176100,00;176100,00;176100,00;176100,00;352200,00;10
WINV26;10/06/2026;14:20:00;176100,00;176100,00;176100,00;176100,00;352200,00;10
WINV26;10/06/2026;11:00:00;176750,00;176750,00;176750,00;176750,00;35350,00;1
WINV26;10/06/2026;10:40:00;176525,00;176525,00;176525,00;176525,00;35305,00;1
WINV26;10/06/2026;09:40:00;177085,00;177085,00;176540,00;176540,00;388518,00;11
WINV26;09/06/2026;18:20:00;177245,00;177245,00;177165,00;177165,00;212614,00;6
WINV26;09/06/2026;17:40:00;177400,00;177400,00;177400,00;177400,00;35480,00;1
WINV26;09/06/2026;17:20:00;177520,00;177520,00;177520,00;177520,00;35504,00;1
WINV26;09/06/2026;17:00:00;177560,00;177560,00;177560,00;177560,00;35512,00;1
WINV26;09/06/2026;13:40:00;176115,00;176115,00;176115,00;176115,00;1056690,00;30
WINV26;09/06/2026;13:20:00;177200,00;177200,00;176450,00;176450,00;530520,00;15
WINV26;09/06/2026;10:40:00;177475,00;177475,00;177475,00;177475,00;35495,00;1
WINV26;09/06/2026;09:00:00;177500,00;177500,00;177500,00;177500,00;71000,00;2
WINV26;08/06/2026;18:20:00;176500,00;176500,00;176500,00;176500,00;35300,00;1
WINV26;08/06/2026;18:00:00;176575,00;176600,00;176575,00;176600,00;105955,00;3
WINV26;08/06/2026;14:40:00;176250,00;176250,00;176250,00;176250,00;35250,00;1
WINV26;08/06/2026;14:20:00;176135,00;176135,00;176135,00;176135,00;211362,00;6
WINV26;08/06/2026;14:00:00;176000,00;176000,00;176000,00;176000,00;35200,00;1
WINV26;08/06/2026;11:00:00;176200,00;176200,00;176200,00;176200,00;35240,00;1
WINV26;08/06/2026;10:40:00;176515,00;176515,00;176515,00;176515,00;35303,00;1
WINV26;08/06/2026;09:40:00;176715,00;176715,00;176715,00;176715,00;353430,00;10
WINV26;08/06/2026;09:20:00;177200,00;177200,00;177200,00;177200,00;35440,00;1
WINV26;08/06/2026;09:00:00;177375,00;177375,00;177340,00;177340,00;461167,00;13
WINV26;05/06/2026;18:00:00;176700,00;176700,00;176295,00;176295,00;105858,00;3
WINV26;05/06/2026;17:40:00;176700,00;176775,00;176700,00;176775,00;353535,00;10
WINV26;05/06/2026;16:20:00;177000,00;177000,00;177000,00;177000,00;35400,00;1
WINV26;05/06/2026;14:20:00;177250,00;177250,00;177250,00;177250,00;35450,00;1
WINV26;05/06/2026;13:40:00;177000,00;177000,00;177000,00;177000,00;35400,00;1
WINV26;05/06/2026;13:00:00;177100,00;177100,00;177100,00;177100,00;35420,00;1
WINV26;05/06/2026;10:40:00;178100,00;178400,00;178100,00;178400,00;71300,00;2
WINV26;05/06/2026;10:20:00;178000,00;178000,00;178000,00;178000,00;71200,00;2
WINV26;05/06/2026;10:00:00;177605,00;177705,00;177595,00;177705,00;781662,00;22
WINV26;05/06/2026;09:40:00;178220,00;178300,00;178125,00;178125,00;106929,00;3
WINV26;05/06/2026;09:00:00;178830,00;178830,00;178830,00;178830,00;357660,00;10
WINV26;03/06/2026;17:40:00;178465,00;178465,00;178465,00;178465,00;35693,00;1
WINV26;03/06/2026;16:40:00;178380,00;178465,00;178380,00;178465,00;535157,00;15
WINV26;03/06/2026;15:20:00;178300,00;178300,00;178300,00;178300,00;35660,00;1
WINV26;03/06/2026;14:40:00;178440,00;178440,00;178300,00;178300,00;499352,00;14
WINV26;03/06/2026;13:40:00;178440,00;178440,00;178440,00;178440,00;678072,00;19
WINV26;03/06/2026;13:20:00;178715,00;178725,00;178715,00;178725,00;178723,00;5
WINV26;03/06/2026;12:40:00;178885,00;178885,00;178885,00;178885,00;35777,00;1
WINV26;03/06/2026;12:00:00;179120,00;179120,00;178970,00;178970,00;71618,00;2
WINV26;03/06/2026;11:40:00;179165,00;179230,00;179165,00;179220,00;143368,00;4
WINV26;03/06/2026;10:40:00;180350,00;180350,00;179800,00;179800,00;108050,00;3
WINV26;03/06/2026;10:20:00;179940,00;179940,00;179940,00;179940,00;359880,00;10
WINV26;03/06/2026;09:40:00;179665,00;179665,00;179665,00;179665,00;359330,00;10
WINV26;03/06/2026;09:00:00;182000,00;182290,00;179565,00;179565,00;937088,00;26
WINV26;02/06/2026;13:00:00;183145,00;183145,00;183145,00;183145,00;73258,00;2
WINV26;02/06/2026;12:20:00;183100,00;183100,00;183100,00;183100,00;36620,00;1
WINV26;02/06/2026;11:40:00;183000,00;183000,00;183000,00;183000,00;36600,00;1
WINV26;02/06/2026;11:20:00;182425,00;182575,00;182425,00;182575,00;401635,00;11
WINV26;02/06/2026;10:20:00;182000,00;182000,00;182000,00;182000,00;36400,00;1
WINV26;02/06/2026;10:00:00;181335,00;181400,00;181335,00;181400,00;108814,00;3
WINV26;02/06/2026;09:40:00;181000,00;181000,00;180980,00;180980,00;361972,00;10
WINV26;02/06/2026;09:20:00;181400,00;181500,00;181355,00;181355,00;181411,00;5
WINV26;01/06/2026;18:20:00;180465,00;180465,00;180465,00;180465,00;36093,00;1
WINV26;01/06/2026;18:00:00;180610,00;180610,00;180610,00;180610,00;36122,00;1
WINV26;01/06/2026;17:00:00;180615,00;180615,00;180610,00;180610,00;180611,00;5
WINV26;01/06/2026;13:00:00;180000,00;180000,00;180000,00;180000,00;36000,00;1
WINV26;01/06/2026;12:40:00;180960,00;180960,00;180960,00;180960,00;36192,00;1
WINV26;01/06/2026;10:00:00;182000,00;182030,00;181420,00;181420,00;472020,00;13
WINV26;01/06/2026;09:40:00;182135,00;182135,00;182135,00;182135,00;36427,00;1
WINV26;01/06/2026;09:00:00;183000,00;183375,00;183000,00;183375,00;403350,00;11
WINV26;29/05/2026;16:20:00;182700,00;182700,00;182700,00;182700,00;36540,00;1
WINV26;29/05/2026;16:00:00;182500,00;182980,00;182500,00;182980,00;73096,00;2
WINV26;29/05/2026;14:00:00;182225,00;182225,00;182205,00;182205,00;400855,00;11
WINV26;29/05/2026;12:40:00;182030,00;182030,00;181990,00;181990,00;11285380,00;310
WINV26;29/05/2026;11:20:00;181335,00;181335,00;181335,00;181335,00;36267,00;1
WINV26;29/05/2026;10:20:00;182000,00;182010,00;182000,00;182010,00;72802,00;2
WINV26;29/05/2026;10:00:00;182500,00;182500,00;182500,00;182500,00;36500,00;1
WINV26;29/05/2026;09:20:00;183530,00;183530,00;183020,00;183020,00;146578,00;4
WINV26;29/05/2026;09:00:00;183610,00;183610,00;183320,00;183320,00;881221,00;24
WINV26;28/05/2026;18:00:00;183000,00;183000,00;183000,00;183000,00;36600,00;1
WINV26;28/05/2026;17:40:00;183515,00;183515,00;183345,00;183345,00;586738,00;16
WINV26;28/05/2026;15:00:00;184530,00;184530,00;184530,00;184530,00;36906,00;1
WINV26;28/05/2026;11:00:00;184890,00;185275,00;184890,00;185275,00;777758,00;21
WINV26;28/05/2026;09:00:00;183395,00;183395,00;183235,00;183235,00;1172759,00;32
WINV26;27/05/2026;18:00:00;184300,00;184300,00;184300,00;184300,00;36860,00;1
WINV26;27/05/2026;17:40:00;184500,00;184500,00;184500,00;184500,00;36900,00;1
WINV26;27/05/2026;17:00:00;184175,00;184175,00;184175,00;184175,00;368350,00;10
WINV26;27/05/2026;15:00:00;184835,00;184835,00;184835,00;184835,00;554505,00;15
WINV26;27/05/2026;14:20:00;184810,00;184810,00;184340,00;184340,00;110718,00;3
WINV26;27/05/2026;10:20:00;185500,00;185500,00;185500,00;185500,00;37100,00;1
WINV26;27/05/2026;10:00:00;186665,00;186665,00;186665,00;186665,00;783993,00;21
WINV26;27/05/2026;09:20:00;186750,00;187000,00;186465,00;186465,00;895259,00;24
WINV26;27/05/2026;09:00:00;186375,00;186375,00;186375,00;186375,00;37275,00;1
WINV26;26/05/2026;18:00:00;185300,00;185315,00;185300,00;185315,00;74123,00;2
WINV26;26/05/2026;15:00:00;184690,00;184690,00;184490,00;184490,00;73836,00;2
WINV26;26/05/2026;14:20:00;184590,00;184590,00;184490,00;184490,00;73816,00;2
WINV26;26/05/2026;11:40:00;185010,00;185010,00;185010,00;185010,00;111006,00;3
WINV26;26/05/2026;11:20:00;184675,00;184675,00;184675,00;184675,00;73870,00;2
WINV26;26/05/2026;10:40:00;185045,00;185060,00;185045,00;185060,00;555177,00;15
WINV26;26/05/2026;10:20:00;186010,00;186200,00;186010,00;186200,00;223402,00;6
WINV26;26/05/2026;10:00:00;185750,00;185750,00;185750,00;185750,00;37150,00;1
WINV26;26/05/2026;09:20:00;186390,00;186505,00;186390,00;186505,00;74579,00;2
WINV26;26/05/2026;09:00:00;185960,00;186290,00;185960,00;186290,00;148906,00;4
WINV26;25/05/2026;17:20:00;186600,00;186800,00;186600,00;186800,00;112020,00;3
WINV26;25/05/2026;17:00:00;186800,00;186800,00;186800,00;186800,00;37360,00;1
WINV26;25/05/2026;16:40:00;186500,00;186635,00;186500,00;186635,00;709186,00;19
WINV26;25/05/2026;14:20:00;186010,00;186010,00;186010,00;186010,00;37202,00;1
WINV26;25/05/2026;14:00:00;185910,00;185910,00;185910,00;185910,00;37182,00;1
WINV26;25/05/2026;13:00:00;185340,00;185340,00;185340,00;185340,00;222408,00;6
WINV26;25/05/2026;12:20:00;185500,00;185500,00;185500,00;185500,00;37100,00;1
WINV26;25/05/2026;11:00:00;185665,00;185665,00;185665,00;185665,00;37133,00;1
WINV26;25/05/2026;10:40:00;185900,00;185900,00;185900,00;185900,00;37180,00;1
WINV26;25/05/2026;10:20:00;186115,00;186225,00;186115,00;186225,00;782123,00;21
WINV26;25/05/2026;09:20:00;186710,00;186710,00;186710,00;186710,00;37342,00;1
WINV26;25/05/2026;09:00:00;187500,00;187600,00;187000,00;187000,00;1460946,00;39
WINV26;22/05/2026;14:40:00;185035,00;185035,00;185035,00;185035,00;37007,00;1
WINV26;22/05/2026;14:00:00;185000,00;185000,00;185000,00;185000,00;37000,00;1
WINV26;22/05/2026;12:20:00;184450,00;184450,00;184450,00;184450,00;36890,00;1
WINV26;22/05/2026;11:40:00;184000,00;184200,00;184000,00;184200,00;73640,00;2
WINV26;22/05/2026;11:00:00;184845,00;184845,00;184845,00;184845,00;221814,00;6
WINV26;22/05/2026;10:20:00;185030,00;185030,00;184915,00;184915,00;147955,00;4
WINV26;22/05/2026;10:00:00;185580,00;185810,00;185580,00;185810,00;780285,00;21
WINV26;22/05/2026;09:20:00;186010,00;186010,00;186010,00;186010,00;37202,00;1
WINV26;22/05/2026;09:00:00;185900,00;185900,00;185900,00;185900,00;37180,00;1
WINV26;21/05/2026;17:20:00;186550,00;186550,00;186550,00;186550,00;37310,00;1
WINV26;21/05/2026;16:00:00;186445,00;186445,00;186445,00;186445,00;37289,00;1
WINV26;21/05/2026;15:40:00;186800,00;186800,00;186500,00;186500,00;74660,00;2
WINV26;21/05/2026;15:20:00;186950,00;187235,00;186885,00;187235,00;411580,00;11
WINV26;21/05/2026;14:00:00;186780,00;186780,00;186780,00;186780,00;373560,00;10
WINV26;21/05/2026;11:00:00;185735,00;185735,00;185735,00;185735,00;371470,00;10
WINV26;21/05/2026;09:40:00;185785,00;185785,00;185785,00;185785,00;185785,00;5
WINV26;20/05/2026;15:40:00;187070,00;187070,00;187070,00;187070,00;37414,00;1
WINV26;20/05/2026;12:20:00;186485,00;186485,00;186485,00;186485,00;37297,00;1
WINV26;20/05/2026;11:00:00;185750,00;185750,00;185750,00;185750,00;37150,00;1
WINV26;20/05/2026;10:40:00;186160,00;186360,00;186160,00;186360,00;111756,00;3
WINV26;20/05/2026;10:20:00;185345,00;186000,00;185345,00;186000,00;222865,00;6
WINV26;20/05/2026;10:00:00;185000,00;185200,00;185000,00;185200,00;74040,00;2
WINV26;20/05/2026;09:20:00;184275,00;184275,00;184275,00;184275,00;442260,00;12
WINV26;20/05/2026;09:00:00;183025,00;184990,00;183025,00;184400,00;1841884,00;50
WINV26;19/05/2026;18:00:00;183750,00;183750,00;183750,00;183750,00;36750,00;1
WINV26;19/05/2026;17:40:00;183405,00;183405,00;183405,00;183405,00;36681,00;1
WINV26;19/05/2026;16:20:00;183100,00;183100,00;183100,00;183100,00;36620,00;1
WINV26;19/05/2026;15:20:00;183500,00;183500,00;183500,00;183500,00;36700,00;1
WINV26;19/05/2026;14:00:00;184220,00;184220,00;184220,00;184220,00;36844,00;1
WINV26;19/05/2026;13:20:00;183500,00;183750,00;183500,00;183750,00;73450,00;2
WINV26;19/05/2026;11:00:00;184750,00;185100,00;184750,00;185100,00;184941,00;5
WINV26;19/05/2026;10:40:00;183750,00;184650,00;183750,00;184650,00;478839,00;13
WINV26;19/05/2026;10:20:00;183000,00;183730,00;183000,00;183730,00;293532,00;8
WINV26;19/05/2026;10:00:00;184000,00;184000,00;183500,00;183500,00;734558,00;20
WINV26;19/05/2026;09:20:00;184895,00;185055,00;184895,00;185055,00;110985,00;3
WINV26;19/05/2026;09:00:00;185800,00;185800,00;184505,00;184505,00;185316,00;5
WINV26;18/05/2026;18:00:00;186900,00;186900,00;186900,00;186900,00;37380,00;1
WINV26;18/05/2026;17:40:00;186700,00;186700,00;186700,00;186700,00;37340,00;1
WINV26;18/05/2026;16:40:00;186250,00;186260,00;186250,00;186260,00;596030,00;16
WINV26;18/05/2026;15:40:00;185300,00;185300,00;185300,00;185300,00;37060,00;1
WINV26;18/05/2026;14:40:00;186000,00;186000,00;186000,00;186000,00;37200,00;1
WINV26;18/05/2026;12:20:00;186250,00;186250,00;186250,00;186250,00;37250,00;1
WINV26;18/05/2026;10:00:00;186045,00;186045,00;186045,00;186045,00;558135,00;15
WINV26;18/05/2026;09:40:00;185925,00;185925,00;185925,00;185925,00;557775,00;15
WINV26;18/05/2026;09:20:00;185895,00;185895,00;185895,00;185895,00;37179,00;1
WINV26;18/05/2026;09:00:00;185910,00;185910,00;185910,00;185910,00;37182,00;1
WINV26;15/05/2026;18:20:00;186895,00;187190,00;186680,00;186680,00;598181,00;16
WINV26;15/05/2026;18:00:00;186655,00;186655,00;186550,00;186580,00;335853,00;9
WINV26;15/05/2026;17:40:00;186895,00;186895,00;186895,00;186895,00;37379,00;1
WINV26;15/05/2026;16:40:00;186630,00;186630,00;186630,00;186630,00;37326,00;1
WINV26;15/05/2026;16:00:00;185915,00;185915,00;185915,00;185915,00;37183,00;1
WINV26;15/05/2026;13:20:00;186200,00;186210,00;186200,00;186210,00;74482,00;2
WINV26;15/05/2026;11:20:00;186245,00;186495,00;186245,00;186495,00;149146,00;4
WINV26;15/05/2026;11:00:00;185375,00;185675,00;185375,00;185675,00;148426,00;4
WINV26;15/05/2026;10:40:00;184845,00;185260,00;184820,00;185260,00;295917,00;8
WINV26;15/05/2026;10:00:00;185200,00;185200,00;185000,00;185000,00;74040,00;2
WINV26;15/05/2026;09:20:00;185915,00;185915,00;185915,00;185915,00;37183,00;1
WINV26;15/05/2026;09:00:00;186475,00;186475,00;185300,00;185900,00;704955,00;19
WINV26;14/05/2026;16:40:00;188200,00;188200,00;188200,00;188200,00;37640,00;1
WINV26;14/05/2026;16:00:00;188200,00;188200,00;188200,00;188200,00;37640,00;1
WINV26;14/05/2026;15:40:00;188330,00;188330,00;188330,00;188330,00;37666,00;1
WINV26;14/05/2026;15:20:00;188500,00;188500,00;188500,00;188500,00;37700,00;1
WINV26;14/05/2026;14:40:00;189000,00;189000,00;189000,00;189000,00;37800,00;1
WINV26;14/05/2026;14:20:00;188735,00;188735,00;188735,00;188735,00;37747,00;1
WINV26;14/05/2026;14:00:00;189220,00;189220,00;189025,00;189025,00;75649,00;2
WINV26;14/05/2026;13:00:00;188770,00;188935,00;188770,00;188935,00;755446,00;20
WINV26;14/05/2026;12:20:00;188550,00;188550,00;188550,00;188550,00;37710,00;1
WINV26;14/05/2026;11:20:00;188475,00;188475,00;188475,00;188475,00;37695,00;1
WINV26;14/05/2026;09:40:00;188085,00;188255,00;187960,00;187960,00;789741,00;21
WINV26;14/05/2026;09:20:00;187965,00;188060,00;187930,00;187930,00;112791,00;3
WINV26;14/05/2026;09:00:00;187000,00;187525,00;187000,00;187465,00;412342,00;11
WINV26;13/05/2026;18:20:00;186430,00;186430,00;186430,00;186430,00;37286,00;1
WINV26;13/05/2026;17:40:00;186800,00;186800,00;186800,00;186800,00;37360,00;1
WINV26;13/05/2026;17:20:00;186890,00;186890,00;186890,00;186890,00;373780,00;10
WINV26;13/05/2026;16:20:00;187070,00;187070,00;186945,00;186945,00;74803,00;2
WINV26;13/05/2026;16:00:00;187080,00;187160,00;187055,00;187060,00;261932,00;7
WINV26;13/05/2026;15:40:00;186715,00;186875,00;186715,00;186875,00;1157665,00;31
WINV26;13/05/2026;15:20:00;187560,00;187560,00;187560,00;187560,00;37512,00;1
WINV26;13/05/2026;15:00:00;188000,00;188055,00;188000,00;188055,00;75211,00;2
WINV26;13/05/2026;14:40:00;189355,00;189410,00;188100,00;188100,00;1394013,00;37
WINV26;13/05/2026;14:20:00;189330,00;189330,00;189330,00;189330,00;37866,00;1
WINV26;13/05/2026;14:00:00;189530,00;189530,00;189430,00;189430,00;75792,00;2
WINV26;13/05/2026;13:20:00;190445,00;190445,00;190350,00;190360,00;342665,00;9
WINV26;13/05/2026;12:40:00;190250,00;190250,00;190050,00;190100,00;152110,00;4
WINV26;13/05/2026;12:20:00;190000,00;190385,00;190000,00;190285,00;380524,00;10
WINV26;13/05/2026;12:00:00;190000,00;190000,00;189950,00;189950,00;1215990,00;32
WINV26;13/05/2026;11:40:00;190220,00;190220,00;190220,00;190220,00;38044,00;1
WINV26;13/05/2026;11:00:00;189780,00;189900,00;189780,00;189900,00;75936,00;2
WINV26;13/05/2026;10:40:00;189260,00;189670,00;189260,00;189670,00;113646,00;3
WINV26;13/05/2026;10:20:00;189925,00;189925,00;188900,00;188900,00;265005,00;7
WINV26;13/05/2026;10:00:00;189900,00;190100,00;189600,00;189600,00;227820,00;6
WINV26;13/05/2026;09:40:00;189775,00;189850,00;189775,00;189850,00;75925,00;2
WINV26;12/05/2026;18:20:00;190600,00;190600,00;190600,00;190600,00;38120,00;1
WINV26;12/05/2026;18:00:00;190750,00;190750,00;190670,00;190670,00;76284,00;2
WINV26;12/05/2026;17:20:00;190600,00;190600,00;190600,00;190600,00;38120,00;1
WINV26;12/05/2026;15:20:00;190510,00;190765,00;190400,00;190765,00;5799132,00;152
WINV26;12/05/2026;15:00:00;189905,00;190105,00;189905,00;190105,00;114002,00;3
WINV26;12/05/2026;14:40:00;190200,00;190200,00;189895,00;189895,00;266219,00;7
WINV26;12/05/2026;14:20:00;190220,00;190220,00;190220,00;190220,00;38044,00;1
WINV26;12/05/2026;13:40:00;190030,00;190030,00;190030,00;190030,00;38006,00;1
WINV26;12/05/2026;13:00:00;190130,00;190130,00;190130,00;190130,00;38026,00;1
WINV26;12/05/2026;12:20:00;190220,00;190220,00;190220,00;190220,00;38044,00;1
WINV26;12/05/2026;10:20:00;191520,00;191520,00;191520,00;191520,00;38304,00;1
WINV26;12/05/2026;09:20:00;191250,00;191250,00;190910,00;190910,00;1603761,00;42
WINV26;12/05/2026;09:00:00;191415,00;191500,00;191350,00;191350,00;114853,00;3
WINV26;11/05/2026;17:00:00;192100,00;192100,00;192000,00;192000,00;76820,00;2
WINV26;11/05/2026;16:40:00;192215,00;192215,00;192215,00;192215,00;38443,00;1
WINV26;11/05/2026;16:00:00;192040,00;192040,00;192040,00;192040,00;38408,00;1
WINV26;11/05/2026;14:40:00;192285,00;192285,00;192285,00;192285,00;38457,00;1
WINV26;11/05/2026;13:40:00;192375,00;192375,00;192375,00;192375,00;38475,00;1
WINV26;11/05/2026;13:00:00;192490,00;192490,00;192490,00;192490,00;38498,00;1
WINV26;11/05/2026;12:20:00;192405,00;192410,00;192365,00;192365,00;115436,00;3
WINV26;11/05/2026;12:00:00;192500,00;192500,00;192500,00;192500,00;38500,00;1
WINV26;11/05/2026;11:00:00;192945,00;192945,00;192945,00;192945,00;1543560,00;40
WINV26;11/05/2026;09:20:00;194170,00;194170,00;193950,00;193950,00;116434,00;3
WINV26;11/05/2026;09:00:00;193555,00;193555,00;193555,00;193555,00;38711,00;1
WINV26;08/05/2026;15:00:00;195020,00;195020,00;195020,00;195020,00;39004,00;1
WINV26;08/05/2026;11:00:00;195175,00;195175,00;195175,00;195175,00;39035,00;1
WINV26;08/05/2026;10:40:00;196000,00;196000,00;196000,00;196000,00;39200,00;1
WINV26;08/05/2026;10:20:00;195550,00;195550,00;195550,00;195550,00;39110,00;1
WINV26;08/05/2026;10:00:00;195305,00;195305,00;195200,00;195200,00;78101,00;2
WINV26;08/05/2026;09:40:00;195420,00;195450,00;195405,00;195405,00;3595814,00;92
WINV26;08/05/2026;09:00:00;193490,00;194020,00;193490,00;194020,00;1590858,00;41
WINV26;07/05/2026;18:00:00;193410,00;193410,00;193280,00;193280,00;193328,00;5
WINV26;07/05/2026;17:40:00;193460,00;193460,00;193460,00;193460,00;38692,00;1
WINV26;07/05/2026;16:20:00;193800,00;193800,00;193800,00;193800,00;426360,00;11
WINV26;07/05/2026;13:20:00;194445,00;194510,00;194445,00;194505,00;116692,00;3
WINV26;07/05/2026;12:40:00;194500,00;194500,00;194500,00;194500,00;38900,00;1
WINV26;07/05/2026;11:20:00;194565,00;194565,00;194565,00;194565,00;583695,00;15
WINV26;07/05/2026;11:00:00;194590,00;194590,00;194425,00;194425,00;77803,00;2
WINV26;07/05/2026;10:40:00;194865,00;195175,00;194865,00;194905,00;116989,00;3
WINV26;07/05/2026;10:20:00;196500,00;196500,00;195400,00;195400,00;274064,00;7
WINV26;07/05/2026;10:00:00;197160,00;197160,00;196600,00;196600,00;118142,00;3
WINV26;07/05/2026;09:20:00;197260,00;197630,00;197260,00;197630,00;78978,00;2
WINV26;07/05/2026;09:00:00;198210,00;198210,00;197400,00;197400,00;118628,00;3
WINV26;06/05/2026;18:00:00;197900,00;197900,00;197900,00;197900,00;39580,00;1
WINV26;06/05/2026;17:40:00;197960,00;197960,00;197960,00;197960,00;593880,00;15
WINV26;06/05/2026;17:20:00;198200,00;198200,00;197960,00;197960,00;673120,00;17
WINV26;06/05/2026;16:40:00;198415,00;198415,00;198415,00;198415,00;39683,00;1
WINV26;06/05/2026;12:20:00;198645,00;198645,00;198645,00;198645,00;39729,00;1
WINV26;06/05/2026;11:00:00;197830,00;197830,00;197830,00;197830,00;39566,00;1
WINV26;06/05/2026;10:40:00;199300,00;199300,00;199300,00;199300,00;39860,00;1
WINV26;06/05/2026;10:00:00;199150,00;199150,00;199150,00;199150,00;398300,00;10
WINV26;06/05/2026;09:40:00;199750,00;199750,00;199750,00;199750,00;39950,00;1
WINV26;06/05/2026;09:20:00;200300,00;200300,00;200300,00;200300,00;40060,00;1
WINV26;06/05/2026;09:00:00;199550,00;199550,00;199500,00;199500,00;119710,00;3
WINV26;05/05/2026;18:00:00;197500,00;197500,00;197355,00;197355,00;118471,00;3
WINV26;05/05/2026;17:40:00;197365,00;197420,00;197365,00;197420,00;78957,00;2
WINV26;05/05/2026;17:20:00;197580,00;197580,00;197500,00;197500,00;79016,00;2
WINV26;05/05/2026;16:40:00;197505,00;197505,00;197400,00;197400,00;118481,00;3
WINV26;05/05/2026;16:20:00;197530,00;197530,00;197530,00;197530,00;39506,00;1
WINV26;05/05/2026;15:00:00;197500,00;197500,00;197500,00;197500,00;39500,00;1
WINV26;05/05/2026;14:20:00;197250,00;197250,00;197050,00;197050,00;157715,00;4
WINV26;05/05/2026;13:40:00;198045,00;198045,00;197575,00;197575,00;118674,00;3
WINV26;05/05/2026;13:20:00;198000,00;198000,00;198000,00;198000,00;39600,00;1
WINV26;05/05/2026;13:00:00;198250,00;198250,00;198250,00;198250,00;39650,00;1
WINV26;05/05/2026;12:20:00;197650,00;197970,00;197650,00;197970,00;1227350,00;31
WINV26;05/05/2026;12:00:00;197500,00;197500,00;197500,00;197500,00;39500,00;1
WINV26;05/05/2026;11:40:00;197200,00;197200,00;197200,00;197200,00;39440,00;1
WINV26;05/05/2026;10:00:00;196400,00;196820,00;196400,00;196820,00;865920,00;22
WINV26;05/05/2026;09:00:00;197155,00;197155,00;197155,00;197155,00;39431,00;1
WINV26;04/05/2026;17:20:00;196520,00;196520,00;196520,00;196520,00;78608,00;2
WINV26;04/05/2026;15:40:00;196470,00;196520,00;196470,00;196520,00;78598,00;2
WINV26;04/05/2026;15:20:00;196615,00;196615,00;196615,00;196615,00;39323,00;1
WINV26;04/05/2026;14:20:00;196550,00;196550,00;196550,00;196550,00;78620,00;2
WINV26;04/05/2026;14:00:00;196560,00;196560,00;196560,00;196560,00;39312,00;1
WINV26;04/05/2026;13:40:00;196630,00;196680,00;196510,00;196510,00;157274,00;4
WINV26;04/05/2026;13:20:00;196990,00;196990,00;196800,00;196800,00;196928,00;5
WINV26;04/05/2026;13:00:00;196740,00;196940,00;196740,00;196940,00;157481,00;4
WINV26;04/05/2026;12:40:00;197060,00;197060,00;196920,00;196920,00;78796,00;2
WINV26;04/05/2026;12:20:00;197060,00;197160,00;197060,00;197110,00;197100,00;5
WINV26;04/05/2026;12:00:00;197800,00;197800,00;197420,00;197420,00;79044,00;2
WINV26;04/05/2026;10:40:00;198500,00;198500,00;198250,00;198250,00;79350,00;2
WINV26;04/05/2026;09:40:00;198060,00;198060,00;198060,00;198060,00;990300,00;25
WINV26;04/05/2026;09:20:00;198250,00;198250,00;198250,00;198250,00;39650,00;1
WINV26;04/05/2026;09:00:00;198000,00;198500,00;198000,00;198500,00;79300,00;2
WINV26;30/04/2026;18:00:00;198300,00;198300,00;198300,00;198300,00;39660,00;1
WINV26;30/04/2026;17:20:00;198255,00;198255,00;198045,00;198100,00;554631,00;14
WINV26;30/04/2026;16:20:00;198850,00;198850,00;198850,00;198850,00;39770,00;1
WINV26;30/04/2026;15:20:00;198500,00;198600,00;198335,00;198370,00;714207,00;18
WINV26;30/04/2026;15:00:00;198360,00;198400,00;198360,00;198400,00;158707,00;4
WINV26;30/04/2026;14:40:00;198380,00;198390,00;198260,00;198260,00;4007352,00;101
WINV26;30/04/2026;14:20:00;198150,00;198150,00;198100,00;198100,00;79250,00;2
WINV26;30/04/2026;13:20:00;198120,00;198120,00;198120,00;198120,00;39624,00;1
WINV26;30/04/2026;12:40:00;197890,00;197890,00;197890,00;197890,00;39578,00;1
WINV26;30/04/2026;11:40:00;197880,00;198480,00;197880,00;198480,00;158562,00;4
WINV26;30/04/2026;11:20:00;197800,00;198000,00;197800,00;197995,00;118759,00;3
WINV26;30/04/2026;11:00:00;197610,00;197610,00;197610,00;197610,00;39522,00;1
WINV26;30/04/2026;10:40:00;197830,00;197830,00;197830,00;197830,00;39566,00;1
WINV26;30/04/2026;10:20:00;197250,00;197610,00;197150,00;197610,00;552560,00;14
WINV26;30/04/2026;09:40:00;196970,00;197000,00;196970,00;197000,00;2009100,00;51
WINV26;30/04/2026;09:00:00;195935,00;197110,00;195935,00;197110,00;235887,00;6
WINV26;29/04/2026;18:20:00;195000,00;195000,00;195000,00;195000,00;156000,00;4
WINV26;29/04/2026;18:00:00;195100,00;195100,00;195050,00;195050,00;546190,00;14
WINV26;29/04/2026;17:40:00;195140,00;195200,00;195115,00;195200,00;1287898,00;33
WINV26;29/04/2026;17:20:00;195400,00;195400,00;195020,00;195020,00;429131,00;11
WINV26;29/04/2026;17:00:00;195600,00;195600,00;195325,00;195325,00;547104,00;14
WINV26;29/04/2026;16:40:00;195600,00;195600,00;195600,00;195600,00;195600,00;5
WINV26;29/04/2026;16:00:00;196000,00;196100,00;195995,00;196100,00;117619,00;3
WINV26;29/04/2026;15:40:00;196000,00;196000,00;196000,00;196000,00;823200,00;21
WINV26;29/04/2026;12:40:00;197000,00;197000,00;197000,00;197000,00;39400,00;1
WINV26;29/04/2026;12:00:00;197400,00;197600,00;197400,00;197600,00;276440,00;7
WINV26;29/04/2026;11:00:00;197500,00;197650,00;197325,00;197650,00;1106531,00;28
WINV26;29/04/2026;10:40:00;198220,00;198220,00;197545,00;197600,00;1305661,00;33
WINV26;29/04/2026;10:20:00;198215,00;198400,00;198190,00;198220,00;515489,00;13
WINV26;29/04/2026;10:00:00;198740,00;198740,00;198450,00;198465,00;1627473,00;41
WINV26;29/04/2026;09:40:00;198895,00;198895,00;198895,00;198895,00;39779,00;1
WINV26;29/04/2026;09:20:00;199095,00;199095,00;199095,00;199095,00;2389140,00;60
WINV26;28/04/2026;18:20:00;199800,00;199800,00;199800,00;199800,00;39960,00;1
WINV26;28/04/2026;18:00:00;199800,00;199800,00;199800,00;199800,00;39960,00;1
WINV26;28/04/2026;15:20:00;200035,00;200035,00;200035,00;200035,00;440077,00;11
WINV26;28/04/2026;14:40:00;200140,00;200140,00;200140,00;200140,00;40028,00;1
WINV26;28/04/2026;14:00:00;199985,00;199985,00;199965,00;199965,00;239970,00;6
WINV26;28/04/2026;13:40:00;199675,00;200065,00;199675,00;200065,00;279938,00;7
WINV26;28/04/2026;12:40:00;199990,00;199990,00;199990,00;199990,00;399980,00;10
WINV26;28/04/2026;12:00:00;199500,00;199500,00;199500,00;199500,00;39900,00;1
WINV26;28/04/2026;11:20:00;199250,00;199250,00;199105,00;199105,00;398239,00;10
WINV26;28/04/2026;10:40:00;199495,00;199700,00;199495,00;199685,00;918251,00;23
WINV26;28/04/2026;10:20:00;199265,00;199495,00;199265,00;199495,00;1913668,00;48
WINV26;28/04/2026;09:40:00;199705,00;199705,00;199705,00;199705,00;39941,00;1
WINV26;28/04/2026;09:00:00;200265,00;200265,00;200265,00;200265,00;40053,00;1
WINV26;27/04/2026;18:00:00;200800,00;200925,00;200745,00;200925,00;1405951,00;35
WINV26;27/04/2026;17:20:00;201300,00;201300,00;201300,00;201300,00;40260,00;1
WINV26;27/04/2026;17:00:00;200950,00;201100,00;200950,00;201100,00;80410,00;2
WINV26;27/04/2026;14:00:00;201500,00;201500,00;201500,00;201500,00;40300,00;1
WINV26;27/04/2026;11:40:00;201890,00;201890,00;201890,00;201890,00;444158,00;11
WINV26;27/04/2026;11:00:00;202980,00;202980,00;202980,00;202980,00;40596,00;1
WINV26;27/04/2026;10:40:00;202500,00;202500,00;201910,00;201910,00;12530416,00;310
WINV26;27/04/2026;10:20:00;202470,00;202470,00;202470,00;202470,00;40494,00;1
WINV26;27/04/2026;09:00:00;202950,00;203410,00;202950,00;203410,00;528686,00;13
WINV26;24/04/2026;18:00:00;202900,00;202900,00;202900,00;202900,00;40580,00;1
WINV26;24/04/2026;17:00:00;202770,00;202770,00;202770,00;202770,00;81108,00;2
WINV26;24/04/2026;16:40:00;202500,00;202500,00;202500,00;202500,00;40500,00;1
WINV26;24/04/2026;16:20:00;202515,00;203570,00;202515,00;203570,00;1870366,00;46
WINV26;24/04/2026;15:40:00;202610,00;202610,00;202610,00;202610,00;40522,00;1
WINV26;24/04/2026;15:00:00;202380,00;202405,00;202320,00;202320,00;404694,00;10
WINV26;24/04/2026;14:20:00;201990,00;201990,00;201990,00;201990,00;40398,00;1
WINV26;24/04/2026;13:00:00;202190,00;202190,00;202190,00;202190,00;40438,00;1
WINV26;24/04/2026;12:40:00;201720,00;202165,00;201720,00;202165,00;121141,00;3
WINV26;24/04/2026;12:20:00;201670,00;201755,00;201670,00;201755,00;80685,00;2
WINV26;24/04/2026;11:40:00;201860,00;202200,00;201860,00;202200,00;201968,00;5
WINV26;24/04/2026;10:20:00;202000,00;202000,00;202000,00;202000,00;40400,00;1
WINV26;23/04/2026;14:00:00;203735,00;203735,00;203605,00;203605,00;81468,00;2
WINV26;23/04/2026;10:00:00;205000,00;205000,00;205000,00;205000,00;41000,00;1
WINV26;22/04/2026;18:20:00;204285,00;204285,00;204285,00;204285,00;40857,00;1
WINV26;22/04/2026;18:00:00;204900,00;204990,00;204745,00;204745,00;122927,00;3
WINV26;22/04/2026;14:40:00;205015,00;205015,00;204900,00;204970,00;450882,00;11
WINV26;22/04/2026;14:20:00;205085,00;205305,00;205000,00;205000,00;492393,00;12
WINV26;22/04/2026;13:20:00;205275,00;205275,00;204900,00;204900,00;574394,00;14
WINV26;22/04/2026;12:20:00;205620,00;205620,00;205620,00;205620,00;41124,00;1
WINV26;22/04/2026;11:40:00;205845,00;205845,00;205845,00;205845,00;41169,00;1
WINV26;22/04/2026;11:20:00;205890,00;205890,00;205890,00;205890,00;41178,00;1
WINV26;22/04/2026;10:40:00;207200,00;207200,00;206900,00;206900,00;207080,00;5
WINV26;22/04/2026;10:20:00;207750,00;207850,00;207140,00;207140,00;166108,00;4
WINV26;22/04/2026;10:00:00;207500,00;207700,00;207500,00;207700,00;124570,00;3
WINV26;22/04/2026;09:20:00;207800,00;207800,00;207700,00;207700,00;83100,00;2
WINV26;22/04/2026;09:00:00;207500,00;207600,00;207500,00;207600,00;124530,00;3
WINV26;20/04/2026;18:20:00;208745,00;208745,00;208745,00;208745,00;41749,00;1
WINV26;20/04/2026;18:00:00;208355,00;208355,00;208355,00;208355,00;41671,00;1
WINV26;20/04/2026;12:00:00;208115,00;208115,00;208115,00;208115,00;41623,00;1
WINV26;20/04/2026;11:00:00;207935,00;207935,00;207935,00;207935,00;83174,00;2
WINV26;20/04/2026;09:40:00;208625,00;208735,00;208625,00;208735,00;500744,00;12
WINV26;20/04/2026;09:00:00;208100,00;208100,00;208000,00;208000,00;124840,00;3
WINV26;17/04/2026;11:40:00;208315,00;208315,00;208000,00;208000,00;208063,00;5
WINV26;17/04/2026;11:20:00;209130,00;209130,00;208785,00;208785,00;83583,00;2
WINV26;17/04/2026;10:40:00;209850,00;209850,00;209850,00;209850,00;41970,00;1
WINV26;17/04/2026;10:20:00;210190,00;210190,00;210050,00;210050,00;84048,00;2
WINV26;17/04/2026;10:00:00;211560,00;211560,00;210860,00;210860,00;84484,00;2
WINV26;17/04/2026;09:40:00;210825,00;210825,00;210825,00;210825,00;42165,00;1
WINV26;17/04/2026;09:20:00;210020,00;210020,00;210020,00;210020,00;42004,00;1
WINV26;17/04/2026;09:00:00;209630,00;209630,00;209630,00;209630,00;41926,00;1
WINV26;16/04/2026;17:20:00;208875,00;208875,00;208875,00;208875,00;41775,00;1
WINV26;16/04/2026;14:00:00;209460,00;209460,00;209460,00;209460,00;41892,00;1
WINV26;16/04/2026;12:00:00;209565,00;209565,00;209565,00;209565,00;41913,00;1
WINV26;16/04/2026;11:00:00;209700,00;209765,00;209700,00;209765,00;83893,00;2
WINV26;16/04/2026;10:40:00;210230,00;210230,00;210230,00;210230,00;42046,00;1
WINV26;16/04/2026;10:00:00;210430,00;210430,00;210430,00;210430,00;42086,00;1
WINV26;16/04/2026;09:00:00;210230,00;210630,00;210230,00;210630,00;84172,00;2
WINV26;15/04/2026;15:40:00;210250,00;210250,00;210250,00;210250,00;84100,00;2
WINV26;15/04/2026;15:20:00;210140,00;210140,00;210140,00;210140,00;42028,00;1
WINV26;15/04/2026;15:00:00;209800,00;209900,00;209800,00;209900,00;125910,00;3
WINV26;15/04/2026;13:20:00;209750,00;209750,00;209750,00;209750,00;41950,00;1
WINV26;15/04/2026;13:00:00;209685,00;209700,00;209685,00;209700,00;83877,00;2
WINV26;15/04/2026;12:00:00;210000,00;210000,00;210000,00;210000,00;2100000,00;50
