WINV26;02/09/2026;15:25:00;187400,00;187595,00;187370,00;187510,00;3582359587,00;95539
WINV26;02/09/2026;15:20:00;187640,00;187800,00;187360,00;187395,00;5865567511,00;156333
WINV26;02/09/2026;15:15:00;187455,00;187880,00;187430,00;187640,00;9223727641,00;245685
WINV26;02/09/2026;15:10:00;187430,00;187540,00;187410,00;187455,00;3176528713,00;84725
WINV26;02/09/2026;15:05:00;187530,00;187630,00;187425,00;187430,00;3988029137,00;106333
WINV26;02/09/2026;15:00:00;187350,00;187600,00;187305,00;187530,00;4929374859,00;131476
WINV26;02/09/2026;14:55:00;187205,00;187465,00;187175,00;187355,00;5694868254,00;152009
WINV26;02/09/2026;14:50:00;187145,00;187250,00;187000,00;187200,00;5044940991,00;134823
WINV26;02/09/2026;14:45:00;187255,00;187335,00;187120,00;187145,00;4307180873,00;115016
WINV26;02/09/2026;14:40:00;187210,00;187340,00;187140,00;187255,00;4730888613,00;126336
WINV26;02/09/2026;14:35:00;187235,00;187375,00;187180,00;187205,00;3679455852,00;98244
WINV26;02/09/2026;14:30:00;187225,00;187265,00;187170,00;187235,00;2485120701,00;66369
WINV26;02/09/2026;14:25:00;187135,00;187285,00;187120,00;187230,00;3291824944,00;87931
WINV26;02/09/2026;14:20:00;186885,00;187260,00;186845,00;187140,00;6025888240,00;161039
WINV26;02/09/2026;14:15:00;187100,00;187105,00;186865,00;186890,00;5751427263,00;153828
WINV26;02/09/2026;14:10:00;187250,00;187265,00;187085,00;187100,00;4075658320,00;108883
WINV26;02/09/2026;14:05:00;187460,00;187505,00;187230,00;187255,00;3862872190,00;103091
WINV26;02/09/2026;14:00:00;187470,00;187630,00;187350,00;187460,00;5992591389,00;159812
WINV26;02/09/2026;13:55:00;187515,00;187580,00;187455,00;187470,00;2116475550,00;56435
WINV26;02/09/2026;13:50:00;187395,00;187560,00;187370,00;187510,00;3693592740,00;98509
WINV26;02/09/2026;13:45:00;187485,00;187665,00;187320,00;187395,00;6451193299,00;172048
WINV26;02/09/2026;13:40:00;187490,00;187540,00;187375,00;187485,00;3512491796,00;93688
WINV26;02/09/2026;13:35:00;187410,00;187585,00;187375,00;187495,00;4331927994,00;115541
WINV26;02/09/2026;13:30:00;187150,00;187450,00;187140,00;187410,00;5160528321,00;137732
WINV26;02/09/2026;13:25:00;187235,00;187335,00;187145,00;187155,00;3718036638,00;99280
WINV26;02/09/2026;13:20:00;187145,00;187390,00;187130,00;187230,00;4414093074,00;117855
WINV26;02/09/2026;13:15:00;187020,00;187320,00;186805,00;187145,00;8467694835,00;226345
WINV26;02/09/2026;13:10:00;187120,00;187150,00;186935,00;187020,00;4608816749,00;123200
WINV26;02/09/2026;13:05:00;187235,00;187245,00;186980,00;187115,00;6953658037,00;185823
WINV26;02/09/2026;13:00:00;187530,00;187560,00;187185,00;187240,00;6207012272,00;165641
WINV26;02/09/2026;12:55:00;187720,00;187765,00;187510,00;187530,00;5761080883,00;153496
WINV26;02/09/2026;12:50:00;188020,00;188045,00;187705,00;187720,00;5804467074,00;154481
WINV26;02/09/2026;12:45:00;188060,00;188210,00;187945,00;188020,00;6272949067,00;166782
WINV26;02/09/2026;12:40:00;188175,00;188350,00;188060,00;188060,00;4583186838,00;121757
WINV26;02/09/2026;12:35:00;188080,00;188275,00;188075,00;188180,00;3660841860,00;97277
WINV26;02/09/2026;12:30:00;188050,00;188235,00;187955,00;188085,00;4951473694,00;131606
WINV26;02/09/2026;12:25:00;187850,00;188135,00;187815,00;188050,00;5660263151,00;150564
WINV26;02/09/2026;12:20:00;187875,00;187920,00;187720,00;187850,00;4811411812,00;128081
WINV26;02/09/2026;12:15:00;188490,00;188585,00;187840,00;187875,00;8433304349,00;224077
WINV26;02/09/2026;12:10:00;188445,00;188645,00;188290,00;188485,00;6905355658,00;183174
WINV26;02/09/2026;12:05:00;188320,00;188690,00;188250,00;188440,00;8108779842,00;215161
WINV26;02/09/2026;12:00:00;187575,00;188930,00;187475,00;188315,00;1,945118758E10;516977
WINV26;02/09/2026;11:55:00;187620,00;187625,00;187320,00;187575,00;8107715658,00;216231
WINV26;02/09/2026;11:50:00;187770,00;187795,00;187315,00;187625,00;9813337739,00;261649
WINV26;02/09/2026;11:45:00;187590,00;187825,00;187490,00;187775,00;7290331807,00;194197
WINV26;02/09/2026;11:40:00;187815,00;187865,00;187470,00;187585,00;9346553249,00;249046
WINV26;02/09/2026;11:35:00;187635,00;187945,00;187565,00;187815,00;9911162122,00;263926
WINV26;02/09/2026;11:30:00;187525,00;187730,00;187455,00;187635,00;9404955987,00;250680
WINV26;02/09/2026;11:25:00;187550,00;187680,00;187365,00;187530,00;1,088867583E10;290344
WINV26;02/09/2026;11:20:00;187185,00;187585,00;187125,00;187550,00;1,12487171E10;300107
WINV26;02/09/2026;11:15:00;187020,00;187455,00;187015,00;187185,00;1,618595726E10;432217
WINV26;02/09/2026;11:10:00;186595,00;187035,00;186535,00;187025,00;9934061135,00;265889
WINV26;02/09/2026;11:05:00;186715,00;186850,00;186500,00;186600,00;9958878543,00;266768
WINV26;02/09/2026;11:00:00;186355,00;186795,00;186225,00;186710,00;1,284530257E10;344363
WINV26;02/09/2026;10:55:00;185740,00;186540,00;185640,00;186355,00;1,393801697E10;374307
WINV26;02/09/2026;10:50:00;185465,00;186110,00;185410,00;185740,00;1,62065145E10;435985
WINV26;02/09/2026;10:45:00;185675,00;185720,00;185370,00;185465,00;1,112660836E10;299877
WINV26;02/09/2026;10:40:00;185120,00;185730,00;185005,00;185680,00;1,452456235E10;391706
WINV26;02/09/2026;10:35:00;184960,00;185275,00;184735,00;185125,00;1,927239478E10;520747
WINV26;02/09/2026;10:30:00;184560,00;185140,00;184325,00;184960,00;2,542487639E10;688105
WINV26;02/09/2026;10:25:00;183750,00;184710,00;183745,00;184565,00;2,24115055E10;608072
WINV26;02/09/2026;10:20:00;183025,00;183770,00;182780,00;183750,00;1,895331205E10;516915
WINV26;02/09/2026;10:15:00;182765,00;183325,00;182665,00;183030,00;1,847291352E10;504874
WINV26;02/09/2026;10:10:00;183130,00;183240,00;182750,00;182760,00;1,383490972E10;377962
WINV26;02/09/2026;10:05:00;183410,00;183585,00;183120,00;183135,00;1,233451862E10;336296
WINV26;02/09/2026;10:00:00;183015,00;183630,00;183015,00;183410,00;1,752685197E10;477953
WINV26;02/09/2026;09:55:00;183125,00;183170,00;183005,00;183015,00;4177498657,00;114076
WINV26;02/09/2026;09:50:00;183200,00;183280,00;183085,00;183125,00;6106548896,00;166675
WINV26;02/09/2026;09:45:00;182835,00;183310,00;182750,00;183200,00;9475235040,00;258816
WINV26;02/09/2026;09:40:00;183090,00;183105,00;182780,00;182835,00;8045255324,00;219899
WINV26;02/09/2026;09:35:00;183175,00;183275,00;183040,00;183090,00;6715342638,00;183321
WINV26;02/09/2026;09:30:00;182875,00;183410,00;182850,00;183175,00;1,205646572E10;329124
WINV26;02/09/2026;09:25:00;182965,00;183045,00;182725,00;182870,00;6730844440,00;184015
WINV26;02/09/2026;09:20:00;182790,00;183110,00;182750,00;182965,00;9699100429,00;265088
WINV26;02/09/2026;09:15:00;182710,00;182865,00;182535,00;182790,00;8143429337,00;222855
WINV26;02/09/2026;09:10:00;182790,00;182970,00;182620,00;182710,00;1,002469304E10;274206
WINV26;02/09/2026;09:05:00;182970,00;183285,00;182670,00;182790,00;1,672354202E10;456914
WINV26;02/09/2026;09:00:00;182050,00;183235,00;181970,00;182970,00;1,472885114E10;403359
WINV26;01/09/2026;18:20:00;182315,00;182390,00;182260,00;182390,00;1220972596,00;33476
WINV26;01/09/2026;18:15:00;182320,00;182375,00;182220,00;182315,00;1005101079,00;27568
WINV26;01/09/2026;18:10:00;182290,00;182350,00;182200,00;182320,00;996774409,00;27341
WINV26;01/09/2026;18:05:00;182345,00;182365,00;182255,00;182290,00;998350732,00;27381
WINV26;01/09/2026;18:00:00;182195,00;182370,00;182175,00;182350,00;1089117043,00;29874
WINV26;01/09/2026;17:55:00;182295,00;182315,00;182175,00;182200,00;1067643109,00;29290
WINV26;01/09/2026;17:50:00;182315,00;182330,00;182270,00;182295,00;482466329,00;13233
WINV26;01/09/2026;17:45:00;182270,00;182335,00;182215,00;182320,00;1190920053,00;32667
WINV26;01/09/2026;17:40:00;182260,00;182320,00;182130,00;182275,00;2589692897,00;71058
WINV26;01/09/2026;17:35:00;182485,00;182560,00;182230,00;182255,00;2483713363,00;68084
WINV26;01/09/2026;17:30:00;182530,00;182535,00;182430,00;182490,00;1589734674,00;43561
WINV26;01/09/2026;17:25:00;182540,00;182615,00;182500,00;182535,00;1865278694,00;51087
WINV26;01/09/2026;17:20:00;182400,00;182580,00;182395,00;182535,00;2446092675,00;67013
WINV26;01/09/2026;17:15:00;182295,00;182430,00;182290,00;182405,00;2187105904,00;59962
WINV26;01/09/2026;17:10:00;182165,00;182320,00;182125,00;182295,00;2541592228,00;69748
WINV26;01/09/2026;17:05:00;182230,00;182300,00;182140,00;182165,00;2898619772,00;79539
WINV26;01/09/2026;17:00:00;182380,00;182400,00;182200,00;182225,00;2708521294,00;74297
WINV26;01/09/2026;16:55:00;182360,00;182455,00;182320,00;182385,00;3332051930,00;91345
WINV26;01/09/2026;16:50:00;182320,00;182380,00;182275,00;182355,00;2383692418,00;65368
WINV26;01/09/2026;16:45:00;182275,00;182380,00;182230,00;182320,00;3256582920,00;89323
WINV26;01/09/2026;16:40:00;182185,00;182350,00;182175,00;182275,00;3044788366,00;83528
WINV26;01/09/2026;16:35:00;182200,00;182350,00;182110,00;182185,00;4993049504,00;136992
WINV26;01/09/2026;16:30:00;182615,00;182630,00;182135,00;182200,00;7214115462,00;197807
WINV26;01/09/2026;16:25:00;182635,00;182735,00;182575,00;182610,00;3249911079,00;88968
WINV26;01/09/2026;16:20:00;182740,00;182765,00;182615,00;182635,00;4871052782,00;133320
WINV26;01/09/2026;16:15:00;182900,00;182925,00;182735,00;182735,00;3286542643,00;89886
WINV26;01/09/2026;16:10:00;182910,00;182965,00;182855,00;182905,00;2616413976,00;71522
WINV26;01/09/2026;16:05:00;183065,00;183145,00;182865,00;182905,00;4657213766,00;127238
WINV26;01/09/2026;16:00:00;182885,00;183100,00;182885,00;183060,00;5032020350,00;137477
WINV26;01/09/2026;15:55:00;182765,00;182925,00;182725,00;182890,00;3536924195,00;96712
WINV26;01/09/2026;15:50:00;182785,00;182855,00;182725,00;182770,00;3567049511,00;97579
WINV26;01/09/2026;15:45:00;182995,00;183025,00;182745,00;182785,00;5277570645,00;144315
WINV26;01/09/2026;15:40:00;182875,00;183000,00;182865,00;182990,00;2978504139,00;81409
WINV26;01/09/2026;15:35:00;182995,00;183070,00;182870,00;182870,00;4457807353,00;121820
WINV26;01/09/2026;15:30:00;183035,00;183090,00;182960,00;182995,00;4062856107,00;110993
WINV26;01/09/2026;15:25:00;183085,00;183160,00;182970,00;183030,00;4798335637,00;131063
WINV26;01/09/2026;15:20:00;183290,00;183295,00;183080,00;183085,00;3752289203,00;102417
WINV26;01/09/2026;15:15:00;183190,00;183335,00;183175,00;183295,00;2599731450,00;70933
WINV26;01/09/2026;15:10:00;183205,00;183285,00;183165,00;183185,00;2090317094,00;57045
WINV26;01/09/2026;15:05:00;183245,00;183320,00;183155,00;183205,00;3855284442,00;105206
WINV26;01/09/2026;15:00:00;183230,00;183350,00;183215,00;183250,00;4038925832,00;110176
WINV26;01/09/2026;14:55:00;183270,00;183345,00;183185,00;183235,00;3177928869,00;86705
WINV26;01/09/2026;14:50:00;183310,00;183325,00;183170,00;183265,00;4059272931,00;110759
WINV26;01/09/2026;14:45:00;183370,00;183465,00;183305,00;183310,00;3374165469,00;92001
WINV26;01/09/2026;14:40:00;183425,00;183470,00;183365,00;183375,00;2626279612,00;71590
WINV26;01/09/2026;14:35:00;183395,00;183545,00;183325,00;183430,00;6835582948,00;186327
WINV26;01/09/2026;14:30:00;183215,00;183440,00;183205,00;183395,00;5868942656,00;160054
WINV26;01/09/2026;14:25:00;183140,00;183250,00;183055,00;183210,00;4046046741,00;110462
WINV26;01/09/2026;14:20:00;183220,00;183220,00;183050,00;183140,00;4252395659,00;116121
WINV26;01/09/2026;14:15:00;183250,00;183390,00;183210,00;183215,00;5522678484,00;150654
WINV26;01/09/2026;14:10:00;183080,00;183275,00;183065,00;183250,00;3503086188,00;95608
WINV26;01/09/2026;14:05:00;183090,00;183185,00;182965,00;183080,00;4508878094,00;123145
WINV26;01/09/2026;14:00:00;183060,00;183220,00;183025,00;183090,00;3609464033,00;98552
WINV26;01/09/2026;13:55:00;183095,00;183150,00;183050,00;183055,00;1907381670,00;52086
WINV26;01/09/2026;13:50:00;183120,00;183205,00;183035,00;183095,00;3336283921,00;91104
WINV26;01/09/2026;13:45:00;183040,00;183235,00;182960,00;183120,00;4651599134,00;127008
WINV26;01/09/2026;13:40:00;183105,00;183140,00;182855,00;183030,00;6270410660,00;171320
WINV26;01/09/2026;13:35:00;182890,00;183145,00;182780,00;183105,00;6633540868,00;181308
WINV26;01/09/2026;13:30:00;183015,00;183035,00;182855,00;182885,00;4282162457,00;117042
WINV26;01/09/2026;13:25:00;182975,00;183150,00;182925,00;183015,00;5313880355,00;145162
WINV26;01/09/2026;13:20:00;183050,00;183065,00;182855,00;182975,00;6060998466,00;165645
WINV26;01/09/2026;13:15:00;183365,00;183440,00;183030,00;183055,00;6392009517,00;174456
WINV26;01/09/2026;13:10:00;183300,00;183475,00;183255,00;183365,00;4980429928,00;135792
WINV26;01/09/2026;13:05:00;183080,00;183395,00;183065,00;183300,00;5631328887,00;153638
WINV26;01/09/2026;13:00:00;182895,00;183135,00;182875,00;183075,00;5244903611,00;143271
WINV26;01/09/2026;12:55:00;182750,00;182940,00;182705,00;182890,00;4376892068,00;119701
WINV26;01/09/2026;12:50:00;182880,00;182915,00;182730,00;182750,00;3120027705,00;85329
WINV26;01/09/2026;12:45:00;182785,00;182965,00;182750,00;182880,00;5305625007,00;145057
WINV26;01/09/2026;12:40:00;182540,00;182795,00;182540,00;182790,00;5602452268,00;153357
WINV26;01/09/2026;12:35:00;182705,00;182720,00;182465,00;182540,00;5810991213,00;159126
WINV26;01/09/2026;12:30:00;182750,00;182820,00;182660,00;182705,00;3930718361,00;107550
WINV26;01/09/2026;12:25:00;182950,00;182965,00;182635,00;182750,00;6867667428,00;187872
WINV26;01/09/2026;12:20:00;183160,00;183165,00;182940,00;182950,00;3558944810,00;97213
WINV26;01/09/2026;12:15:00;183070,00;183260,00;182940,00;183160,00;5414117151,00;147878
WINV26;01/09/2026;12:10:00;183015,00;183125,00;182955,00;183075,00;3983971275,00;108817
WINV26;01/09/2026;12:05:00;183120,00;183180,00;182965,00;183020,00;5853121977,00;159841
WINV26;01/09/2026;12:00:00;183495,00;183595,00;183070,00;183125,00;9234366192,00;251833
WINV26;01/09/2026;11:55:00;183350,00;183545,00;183225,00;183490,00;5727383131,00;156214
WINV26;01/09/2026;11:50:00;183260,00;183460,00;183255,00;183345,00;5793616954,00;157982
WINV26;01/09/2026;11:45:00;183380,00;183535,00;183250,00;183260,00;7378599675,00;201186
WINV26;01/09/2026;11:40:00;183505,00;183560,00;183345,00;183385,00;6198917640,00;168963
WINV26;01/09/2026;11:35:00;183410,00;183670,00;183390,00;183505,00;7844498147,00;213684
WINV26;01/09/2026;11:30:00;183445,00;183480,00;183190,00;183415,00;7722862676,00;210598
WINV26;01/09/2026;11:25:00;183395,00;183575,00;183355,00;183450,00;7663364895,00;208873
WINV26;01/09/2026;11:20:00;182995,00;183480,00;182860,00;183395,00;1,068362875E10;291569
WINV26;01/09/2026;11:15:00;183215,00;183250,00;182860,00;182990,00;1,026814835E10;280515
WINV26;01/09/2026;11:10:00;183090,00;183345,00;182985,00;183215,00;1,088431839E10;297129
WINV26;01/09/2026;11:05:00;182910,00;183225,00;182880,00;183085,00;1,199036159E10;327511
WINV26;01/09/2026;11:00:00;182370,00;182985,00;182145,00;182905,00;1,593553798E10;436253
WINV26;01/09/2026;10:55:00;181810,00;182385,00;181780,00;182365,00;1,159847877E10;318417
WINV26;01/09/2026;10:50:00;181275,00;181970,00;181265,00;181810,00;1,635040201E10;449887
WINV26;01/09/2026;10:45:00;181265,00;181490,00;181045,00;181275,00;1,118271471E10;308528
WINV26;01/09/2026;10:40:00;181615,00;181720,00;181195,00;181265,00;1,228322538E10;338424
WINV26;01/09/2026;10:35:00;181170,00;181650,00;181155,00;181615,00;1,42056595E10;391538
WINV26;01/09/2026;10:30:00;180270,00;181280,00;180215,00;181175,00;1,890374708E10;522933
WINV26;01/09/2026;10:25:00;179955,00;180340,00;179915,00;180270,00;8999964775,00;249762
WINV26;01/09/2026;10:20:00;180220,00;180220,00;179720,00;179955,00;1,507197305E10;418822
WINV26;01/09/2026;10:15:00;180545,00;180740,00;180190,00;180220,00;1,510049714E10;418340
WINV26;01/09/2026;10:10:00;180820,00;181000,00;180465,00;180540,00;1,309205737E10;362149
WINV26;01/09/2026;10:05:00;181000,00;181235,00;180665,00;180820,00;1,362092657E10;376440
WINV26;01/09/2026;10:00:00;181195,00;181555,00;180945,00;181005,00;1,689659433E10;466138
WINV26;01/09/2026;09:55:00;181140,00;181290,00;181035,00;181200,00;8163440201,00;225300
WINV26;01/09/2026;09:50:00;180695,00;181185,00;180635,00;181145,00;1,132641125E10;312919
WINV26;01/09/2026;09:45:00;180565,00;180935,00;180545,00;180700,00;1,039888486E10;287651
WINV26;01/09/2026;09:40:00;180270,00;180590,00;180155,00;180565,00;8380664215,00;232297
WINV26;01/09/2026;09:35:00;180300,00;180415,00;180240,00;180275,00;4998529066,00;138601
WINV26;01/09/2026;09:30:00;180475,00;180490,00;180120,00;180300,00;8108057950,00;224866
WINV26;01/09/2026;09:25:00;180400,00;180535,00;180235,00;180480,00;7243888017,00;200825
WINV26;01/09/2026;09:20:00;180415,00;180445,00;180100,00;180395,00;1,050650656E10;291403
WINV26;01/09/2026;09:15:00;180335,00;180715,00;180265,00;180415,00;1,197129295E10;331577
WINV26;01/09/2026;09:10:00;180235,00;180365,00;179830,00;180330,00;1,258737847E10;349433
WINV26;01/09/2026;09:05:00;179975,00;180485,00;179920,00;180235,00;1,604658719E10;445125
WINV26;01/09/2026;09:00:00;179390,00;180145,00;179000,00;179975,00;1,413221107E10;393468
WINV26;31/08/2026;18:20:00;180110,00;180140,00;180045,00;180075,00;1097627239,00;30476
WINV26;31/08/2026;18:15:00;180185,00;180275,00;180075,00;180105,00;1169592808,00;32454
WINV26;31/08/2026;18:10:00;180190,00;180225,00;180135,00;180185,00;912472114,00;25321
WINV26;31/08/2026;18:05:00;180100,00;180255,00;180100,00;180190,00;1446147673,00;40124
WINV26;31/08/2026;18:00:00;179985,00;180140,00;179975,00;180100,00;1138941398,00;31625
WINV26;31/08/2026;17:55:00;180000,00;180015,00;179955,00;179985,00;726088580,00;20171
WINV26;31/08/2026;17:50:00;180010,00;180020,00;179970,00;180005,00;583788875,00;16217
WINV26;31/08/2026;17:45:00;180005,00;180055,00;179970,00;180010,00;869468119,00;24151
WINV26;31/08/2026;17:40:00;180070,00;180075,00;179980,00;180000,00;985186060,00;27363
WINV26;31/08/2026;17:35:00;180015,00;180095,00;180005,00;180070,00;1051386931,00;29196
WINV26;31/08/2026;17:30:00;180025,00;180055,00;179940,00;180020,00;1578246100,00;43843
WINV26;31/08/2026;17:25:00;180055,00;180075,00;180020,00;180020,00;579238519,00;16086
WINV26;31/08/2026;17:20:00;180025,00;180120,00;180015,00;180050,00;1242366680,00;34497
WINV26;31/08/2026;17:15:00;180070,00;180095,00;180015,00;180030,00;1122003287,00;31157
WINV26;31/08/2026;17:10:00;180110,00;180115,00;180000,00;180075,00;1845878481,00;51259
WINV26;31/08/2026;17:05:00;180085,00;180125,00;180005,00;180115,00;2824520458,00;78434
WINV26;31/08/2026;17:00:00;180270,00;180380,00;180040,00;180085,00;4806695838,00;133345
WINV26;31/08/2026;16:55:00;180200,00;180290,00;180170,00;180265,00;2976475000,00;82567
WINV26;31/08/2026;16:50:00;180100,00;180330,00;180100,00;180195,00;5094611018,00;141334
WINV26;31/08/2026;16:45:00;180080,00;180125,00;180020,00;180105,00;2730324862,00;75812
WINV26;31/08/2026;16:40:00;180245,00;180285,00;180060,00;180080,00;4187218870,00;116211
WINV26;31/08/2026;16:35:00;180450,00;180450,00;180240,00;180245,00;3796249858,00;105247
WINV26;31/08/2026;16:30:00;180480,00;180545,00;180400,00;180450,00;3049733801,00;84496
WINV26;31/08/2026;16:25:00;180430,00;180510,00;180395,00;180475,00;3562415802,00;98709
WINV26;31/08/2026;16:20:00;180255,00;180445,00;180255,00;180430,00;3032355163,00;84067
WINV26;31/08/2026;16:15:00;180225,00;180325,00;180220,00;180260,00;2019533904,00;56014
WINV26;31/08/2026;16:10:00;180205,00;180255,00;180180,00;180220,00;1788512718,00;49621
WINV26;31/08/2026;16:05:00;180085,00;180305,00;180080,00;180205,00;4338797864,00;120371
WINV26;31/08/2026;16:00:00;180095,00;180165,00;180050,00;180080,00;2559435389,00;71054
WINV26;31/08/2026;15:55:00;180135,00;180185,00;180065,00;180090,00;2567570459,00;71274
WINV26;31/08/2026;15:50:00;180090,00;180205,00;180090,00;180135,00;2516659910,00;69851
WINV26;31/08/2026;15:45:00;180125,00;180135,00;180020,00;180095,00;2461932490,00;68356
WINV26;31/08/2026;15:40:00;180025,00;180185,00;180015,00;180125,00;3440810054,00;95524
WINV26;31/08/2026;15:35:00;180080,00;180130,00;180010,00;180025,00;2683801332,00;74521
WINV26;31/08/2026;15:30:00;179955,00;180095,00;179955,00;180080,00;2571360222,00;71419
WINV26;31/08/2026;15:25:00;180010,00;180035,00;179910,00;179955,00;3036125033,00;84350
WINV26;31/08/2026;15:20:00;180070,00;180080,00;180005,00;180005,00;1765994233,00;49045
WINV26;31/08/2026;15:15:00;180155,00;180220,00;180010,00;180065,00;3216277028,00;89298
WINV26;31/08/2026;15:10:00;180150,00;180200,00;180090,00;180160,00;2566226114,00;71228
WINV26;31/08/2026;15:05:00;180260,00;180265,00;180055,00;180155,00;4541483108,00;126049
WINV26;31/08/2026;15:00:00;180275,00;180400,00;180200,00;180265,00;4686966036,00;129983
WINV26;31/08/2026;14:55:00;180265,00;180370,00;180190,00;180270,00;4476031760,00;124142
WINV26;31/08/2026;14:50:00;180250,00;180355,00;180245,00;180270,00;3395316942,00;94154
WINV26;31/08/2026;14:45:00;180215,00;180330,00;180145,00;180250,00;4730661009,00;131231
WINV26;31/08/2026;14:40:00;180110,00;180230,00;179995,00;180215,00;5243721870,00;145560
WINV26;31/08/2026;14:35:00;179950,00;180130,00;179950,00;180115,00;5070389776,00;140809
WINV26;31/08/2026;14:30:00;179870,00;179970,00;179720,00;179950,00;6343751084,00;176382
WINV26;31/08/2026;14:25:00;179980,00;179995,00;179845,00;179870,00;3171455381,00;88130
WINV26;31/08/2026;14:20:00;180030,00;180045,00;179935,00;179975,00;2434957077,00;67639
WINV26;31/08/2026;14:15:00;180090,00;180095,00;179935,00;180030,00;3962796877,00;110065
WINV26;31/08/2026;14:10:00;180200,00;180210,00;180065,00;180090,00;2539517603,00;70490
WINV26;31/08/2026;14:05:00;180270,00;180310,00;180035,00;180200,00;5344563140,00;148346
WINV26;31/08/2026;14:00:00;180320,00;180420,00;180200,00;180270,00;3928221925,00;108937
WINV26;31/08/2026;13:55:00;180280,00;180340,00;180260,00;180325,00;2014709001,00;55871
WINV26;31/08/2026;13:50:00;180235,00;180380,00;180225,00;180285,00;3607205347,00;100031
WINV26;31/08/2026;13:45:00;180150,00;180300,00;180100,00;180235,00;3388385767,00;94025
WINV26;31/08/2026;13:40:00;180035,00;180160,00;179975,00;180150,00;3227520736,00;89618
WINV26;31/08/2026;13:35:00;180175,00;180215,00;180010,00;180035,00;3025670788,00;84001
WINV26;31/08/2026;13:30:00;180095,00;180255,00;180080,00;180170,00;4367613552,00;121202
WINV26;31/08/2026;13:25:00;180035,00;180095,00;179960,00;180090,00;3581731009,00;99480
WINV26;31/08/2026;13:20:00;180165,00;180230,00;180020,00;180035,00;3627275716,00;100699
WINV26;31/08/2026;13:15:00;180130,00;180190,00;180090,00;180160,00;2041802789,00;56672
WINV26;31/08/2026;13:10:00;180030,00;180150,00;180015,00;180130,00;2216901549,00;61548
WINV26;31/08/2026;13:05:00;180045,00;180125,00;180020,00;180030,00;2308617854,00;64102
WINV26;31/08/2026;13:00:00;179950,00;180180,00;179885,00;180045,00;5125547038,00;142329
WINV26;31/08/2026;12:55:00;180045,00;180070,00;179840,00;179950,00;4364399891,00;121275
WINV26;31/08/2026;12:50:00;180040,00;180110,00;180015,00;180045,00;2148812944,00;59669
WINV26;31/08/2026;12:45:00;180130,00;180200,00;180025,00;180035,00;2724774102,00;75646
WINV26;31/08/2026;12:40:00;180025,00;180195,00;180015,00;180130,00;3421416357,00;94981
WINV26;31/08/2026;12:35:00;180100,00;180155,00;180005,00;180030,00;3230864196,00;89712
WINV26;31/08/2026;12:30:00;180070,00;180140,00;179990,00;180095,00;4551235094,00;126376
WINV26;31/08/2026;12:25:00;179800,00;180085,00;179775,00;180070,00;4588754642,00;127492
WINV26;31/08/2026;12:20:00;179820,00;179935,00;179715,00;179800,00;3871689826,00;107656
WINV26;31/08/2026;12:15:00;179780,00;180045,00;179760,00;179820,00;7201581492,00;200178
WINV26;31/08/2026;12:10:00;179650,00;179835,00;179520,00;179780,00;4014420373,00;111712
WINV26;31/08/2026;12:05:00;179595,00;179685,00;179530,00;179650,00;3687846719,00;102667
WINV26;31/08/2026;12:00:00;179730,00;179885,00;179490,00;179590,00;6512723877,00;181247
WINV26;31/08/2026;11:55:00;179410,00;179855,00;179405,00;179730,00;7711096413,00;214594
WINV26;31/08/2026;11:50:00;179685,00;179735,00;179405,00;179415,00;4846190754,00;134936
WINV26;31/08/2026;11:45:00;179800,00;179860,00;179610,00;179685,00;5105523806,00;142038
WINV26;31/08/2026;11:40:00;179660,00;179820,00;179565,00;179800,00;6471557464,00;180065
WINV26;31/08/2026;11:35:00;179710,00;179790,00;179600,00;179665,00;5331187193,00;148336
WINV26;31/08/2026;11:30:00;179735,00;179760,00;179405,00;179705,00;8715852274,00;242672
WINV26;31/08/2026;11:25:00;179900,00;179930,00;179600,00;179740,00;6416883929,00;178516
WINV26;31/08/2026;11:20:00;179830,00;179940,00;179735,00;179900,00;5284854549,00;146929
WINV26;31/08/2026;11:15:00;179900,00;179910,00;179605,00;179830,00;7241649963,00;201463
WINV26;31/08/2026;11:10:00;180080,00;180090,00;179775,00;179905,00;8184108964,00;227457
WINV26;31/08/2026;11:05:00;180100,00;180275,00;180015,00;180080,00;6654528239,00;184694
WINV26;31/08/2026;11:00:00;180160,00;180275,00;179935,00;180100,00;9003441427,00;249989
WINV26;31/08/2026;10:55:00;180235,00;180355,00;180055,00;180155,00;7667170490,00;212749
WINV26;31/08/2026;10:50:00;180570,00;180580,00;180105,00;180230,00;1,137131267E10;315230
WINV26;31/08/2026;10:45:00;180780,00;180895,00;180480,00;180570,00;1,171274102E10;324163
WINV26;31/08/2026;10:40:00;181110,00;181185,00;180770,00;180785,00;1,019150297E10;281575
WINV26;31/08/2026;10:35:00;180985,00;181200,00;180705,00;181110,00;1,152371578E10;318344
WINV26;31/08/2026;10:30:00;180975,00;181230,00;180665,00;180985,00;1,657618885E10;457911
WINV26;31/08/2026;10:25:00;180730,00;181050,00;180630,00;180975,00;9150281837,00;252992
WINV26;31/08/2026;10:20:00;180645,00;180840,00;180445,00;180725,00;9406067557,00;260393
WINV26;31/08/2026;10:15:00;181065,00;181095,00;180405,00;180650,00;1,364983174E10;377688
WINV26;31/08/2026;10:10:00;180785,00;181190,00;180780,00;181055,00;1,222095532E10;337608
WINV26;31/08/2026;10:05:00;180185,00;180855,00;180170,00;180785,00;1,538826628E10;426141
WINV26;31/08/2026;10:00:00;179850,00;180250,00;179535,00;180190,00;1,625197037E10;451603
WINV26;31/08/2026;09:55:00;179865,00;179950,00;179710,00;179850,00;5566506848,00;154771
WINV26;31/08/2026;09:50:00;179925,00;179975,00;179735,00;179865,00;6788275748,00;188710
WINV26;31/08/2026;09:45:00;179700,00;180060,00;179685,00;179925,00;6995829579,00;194452
WINV26;31/08/2026;09:40:00;179680,00;179740,00;179505,00;179700,00;4542745411,00;126450
WINV26;31/08/2026;09:35:00;179795,00;179875,00;179585,00;179690,00;6665928318,00;185459
WINV26;31/08/2026;09:30:00;179835,00;179970,00;179610,00;179800,00;7926280818,00;220444
WINV26;31/08/2026;09:25:00;179790,00;180010,00;179715,00;179835,00;8401868952,00;233567
WINV26;31/08/2026;09:20:00;179560,00;179795,00;179435,00;179790,00;8428524550,00;234642
WINV26;31/08/2026;09:15:00;180120,00;180155,00;179415,00;179560,00;1,560317677E10;434040
WINV26;31/08/2026;09:10:00;180290,00;180630,00;180115,00;180125,00;1,071070123E10;296811
WINV26;31/08/2026;09:05:00;180170,00;180530,00;179925,00;180285,00;1,419312486E10;393766
WINV26;31/08/2026;09:00:00;178625,00;180240,00;178610,00;180170,00;1,624897337E10;452695
WINV26;28/08/2026;18:20:00;177740,00;177815,00;177640,00;177640,00;973691259,00;27402
WINV26;28/08/2026;18:15:00;177710,00;177795,00;177680,00;177740,00;614196001,00;17278
WINV26;28/08/2026;18:10:00;177840,00;177875,00;177670,00;177710,00;978196521,00;27513
WINV26;28/08/2026;18:05:00;177770,00;177870,00;177625,00;177840,00;1734491896,00;48795
WINV26;28/08/2026;18:00:00;177785,00;177845,00;177740,00;177765,00;750004238,00;21093
WINV26;28/08/2026;17:55:00;177800,00;177855,00;177765,00;177785,00;815234637,00;22924
WINV26;28/08/2026;17:50:00;177855,00;177870,00;177755,00;177805,00;1394059195,00;39201
WINV26;28/08/2026;17:45:00;177865,00;177935,00;177825,00;177850,00;1198439451,00;33687
WINV26;28/08/2026;17:40:00;178105,00;178145,00;177615,00;177870,00;3870319562,00;108766
WINV26;28/08/2026;17:35:00;178285,00;178400,00;178065,00;178110,00;3020899318,00;84737
WINV26;28/08/2026;17:30:00;178260,00;178300,00;178240,00;178285,00;759151676,00;21292
WINV26;28/08/2026;17:25:00;178250,00;178285,00;178215,00;178260,00;633621050,00;17773
WINV26;28/08/2026;17:20:00;178265,00;178300,00;178235,00;178245,00;897366222,00;25170
WINV26;28/08/2026;17:15:00;178240,00;178300,00;178220,00;178260,00;863237771,00;24214
WINV26;28/08/2026;17:10:00;178280,00;178290,00;178200,00;178235,00;1206423847,00;33842
WINV26;28/08/2026;17:05:00;178270,00;178290,00;178175,00;178280,00;2077382957,00;58279
WINV26;28/08/2026;17:00:00;178305,00;178350,00;178220,00;178270,00;2179770418,00;61130
WINV26;28/08/2026;16:55:00;178170,00;178340,00;178155,00;178305,00;3492009948,00;97946
WINV26;28/08/2026;16:50:00;178285,00;178305,00;178125,00;178175,00;3594516783,00;100852
WINV26;28/08/2026;16:45:00;178300,00;178355,00;178240,00;178290,00;2600432971,00;72925
WINV26;28/08/2026;16:40:00;178345,00;178415,00;178250,00;178300,00;4212334439,00;118107
WINV26;28/08/2026;16:35:00;178235,00;178360,00;178140,00;178350,00;4210990166,00;118122
WINV26;28/08/2026;16:30:00;177980,00;178245,00;177940,00;178235,00;4849918357,00;136161
WINV26;28/08/2026;16:25:00;177935,00;178060,00;177920,00;177985,00;3162708412,00;88841
WINV26;28/08/2026;16:20:00;177945,00;177970,00;177850,00;177935,00;1869042603,00;52525
WINV26;28/08/2026;16:15:00;177885,00;177970,00;177865,00;177945,00;1579835434,00;44397
WINV26;28/08/2026;16:10:00;177920,00;177985,00;177840,00;177890,00;2560550709,00;71959
WINV26;28/08/2026;16:05:00;177875,00;177940,00;177820,00;177915,00;2153828748,00;60540
WINV26;28/08/2026;16:00:00;177560,00;177985,00;177560,00;177875,00;7788302955,00;219012
WINV26;28/08/2026;15:55:00;177585,00;177635,00;177550,00;177560,00;2180419230,00;61390
WINV26;28/08/2026;15:50:00;177485,00;177650,00;177460,00;177585,00;3693818542,00;104025
WINV26;28/08/2026;15:45:00;177465,00;177535,00;177425,00;177490,00;2304707725,00;64927
WINV26;28/08/2026;15:40:00;177435,00;177480,00;177405,00;177465,00;1839501822,00;51834
WINV26;28/08/2026;15:35:00;177385,00;177510,00;177380,00;177440,00;2509278416,00;70703
WINV26;28/08/2026;15:30:00;177300,00;177450,00;177150,00;177380,00;4732357156,00;133447
WINV26;28/08/2026;15:25:00;177320,00;177340,00;177265,00;177305,00;2244637022,00;63300
WINV26;28/08/2026;15:20:00;177470,00;177510,00;177230,00;177315,00;3788038447,00;106781
WINV26;28/08/2026;15:15:00;177370,00;177490,00;177365,00;177470,00;2030268906,00;57211
WINV26;28/08/2026;15:10:00;177440,00;177475,00;177335,00;177375,00;2474700141,00;69749
WINV26;28/08/2026;15:05:00;177415,00;177500,00;177355,00;177445,00;2855082724,00;80458
WINV26;28/08/2026;15:00:00;177325,00;177515,00;177295,00;177415,00;3825493788,00;107811
WINV26;28/08/2026;14:55:00;177265,00;177385,00;177225,00;177325,00;2488496986,00;70180
WINV26;28/08/2026;14:50:00;177330,00;177365,00;177245,00;177260,00;2026127674,00;57134
WINV26;28/08/2026;14:45:00;177220,00;177370,00;177185,00;177330,00;2931402608,00;82670
WINV26;28/08/2026;14:40:00;177175,00;177295,00;177155,00;177220,00;2187552953,00;61719
WINV26;28/08/2026;14:35:00;177200,00;177320,00;177160,00;177180,00;2650398952,00;74767
WINV26;28/08/2026;14:30:00;177220,00;177255,00;177110,00;177205,00;2882664667,00;81351
WINV26;28/08/2026;14:25:00;177180,00;177320,00;177150,00;177220,00;2560219055,00;72223
WINV26;28/08/2026;14:20:00;177200,00;177270,00;177130,00;177180,00;2284858624,00;64472
WINV26;28/08/2026;14:15:00;177210,00;177340,00;177145,00;177205,00;4193087299,00;118294
WINV26;28/08/2026;14:10:00;177095,00;177240,00;177060,00;177210,00;2309934506,00;65199
WINV26;28/08/2026;14:05:00;177125,00;177195,00;177070,00;177095,00;2698577437,00;76178
WINV26;28/08/2026;14:00:00;177135,00;177200,00;177010,00;177125,00;3538020469,00;99888
WINV26;28/08/2026;13:55:00;177220,00;177230,00;177095,00;177135,00;2548325759,00;71928
WINV26;28/08/2026;13:50:00;177175,00;177270,00;177090,00;177220,00;3042119170,00;85846
WINV26;28/08/2026;13:45:00;176930,00;177250,00;176895,00;177175,00;5344893875,00;150889
WINV26;28/08/2026;13:40:00;177185,00;177240,00;176870,00;176935,00;4481688165,00;126589
WINV26;28/08/2026;13:35:00;176985,00;177295,00;176970,00;177185,00;6190245702,00;174727
WINV26;28/08/2026;13:30:00;176755,00;177120,00;176745,00;176985,00;7583979055,00;214294
WINV26;28/08/2026;13:25:00;176585,00;176765,00;176565,00;176755,00;3812984552,00;107907
WINV26;28/08/2026;13:20:00;176555,00;176640,00;176455,00;176585,00;3130410137,00;88651
WINV26;28/08/2026;13:15:00;176495,00;176595,00;176460,00;176555,00;2937192652,00;83190
WINV26;28/08/2026;13:10:00;176535,00;176570,00;176425,00;176500,00;2785061708,00;78903
WINV26;28/08/2026;13:05:00;176495,00;176575,00;176425,00;176535,00;3196352678,00;90539
WINV26;28/08/2026;13:00:00;176690,00;176745,00;176450,00;176495,00;5017919266,00;142051
WINV26;28/08/2026;12:55:00;176745,00;176800,00;176650,00;176690,00;2774019689,00;78486
WINV26;28/08/2026;12:50:00;176660,00;176835,00;176620,00;176745,00;4112936913,00;116356
WINV26;28/08/2026;12:45:00;176640,00;176740,00;176580,00;176660,00;3317921370,00;93910
WINV26;28/08/2026;12:40:00;176740,00;176740,00;176535,00;176635,00;5117407758,00;144862
WINV26;28/08/2026;12:35:00;176995,00;177080,00;176710,00;176740,00;5201268046,00;147023
WINV26;28/08/2026;12:30:00;177175,00;177185,00;176900,00;176995,00;4962055477,00;140178
WINV26;28/08/2026;12:25:00;177080,00;177205,00;177050,00;177170,00;3808468825,00;107506
WINV26;28/08/2026;12:20:00;177020,00;177130,00;177005,00;177080,00;2552177028,00;72067
WINV26;28/08/2026;12:15:00;176950,00;177250,00;176905,00;177025,00;6486109011,00;183125
WINV26;28/08/2026;12:10:00;176995,00;177060,00;176905,00;176955,00;3664679557,00;103536
WINV26;28/08/2026;12:05:00;177125,00;177140,00;176945,00;177000,00;4649055710,00;131312
WINV26;28/08/2026;12:00:00;177190,00;177270,00;177070,00;177125,00;3981475986,00;112374
WINV26;28/08/2026;11:55:00;177135,00;177290,00;177110,00;177195,00;5629129088,00;158828
WINV26;28/08/2026;11:50:00;177210,00;177280,00;177025,00;177135,00;4876884223,00;137630
WINV26;28/08/2026;11:45:00;177470,00;177490,00;177150,00;177210,00;5312079162,00;149825
WINV26;28/08/2026;11:40:00;177340,00;177575,00;177320,00;177475,00;4514708920,00;127219
WINV26;28/08/2026;11:35:00;177605,00;177635,00;177310,00;177340,00;5483470358,00;154464
WINV26;28/08/2026;11:30:00;177400,00;177640,00;177330,00;177610,00;7274257159,00;204895
WINV26;28/08/2026;11:25:00;177365,00;177565,00;177130,00;177405,00;8360020128,00;235658
WINV26;28/08/2026;11:20:00;177165,00;177525,00;177130,00;177370,00;1,103351699E10;311158
WINV26;28/08/2026;11:15:00;177535,00;177770,00;177145,00;177165,00;1,283582368E10;361604
WINV26;28/08/2026;11:10:00;177745,00;177855,00;177450,00;177535,00;7878890217,00;221777
WINV26;28/08/2026;11:05:00;177850,00;177935,00;177585,00;177745,00;8136283140,00;228891
WINV26;28/08/2026;11:00:00;177675,00;178175,00;177450,00;177855,00;1,105643657E10;310644
WINV26;28/08/2026;10:55:00;177810,00;178265,00;177590,00;177665,00;7710537502,00;216625
WINV26;28/08/2026;10:50:00;177850,00;178070,00;177685,00;177805,00;9293468055,00;261228
WINV26;28/08/2026;10:45:00;177775,00;177940,00;177735,00;177850,00;6571050428,00;184750
WINV26;28/08/2026;10:40:00;177960,00;178025,00;177680,00;177780,00;8632297958,00;242689
WINV26;28/08/2026;10:35:00;178085,00;178300,00;177855,00;177955,00;1,040879987E10;292240
WINV26;28/08/2026;10:30:00;178165,00;178410,00;177875,00;178080,00;1,570959122E10;440963
WINV26;28/08/2026;10:25:00;178390,00;178395,00;178160,00;178165,00;7473962481,00;209633
WINV26;28/08/2026;10:20:00;178590,00;178700,00;178295,00;178390,00;1,037916596E10;290678
WINV26;28/08/2026;10:15:00;179110,00;179115,00;178375,00;178585,00;1,385258969E10;387679
WINV26;28/08/2026;10:10:00;178490,00;179115,00;178430,00;179115,00;1,461460568E10;408824
WINV26;28/08/2026;10:05:00;178510,00;178780,00;178415,00;178490,00;1,338822505E10;374863
WINV26;28/08/2026;10:00:00;178125,00;178635,00;178045,00;178515,00;1,381785944E10;387308
WINV26;28/08/2026;09:55:00;178045,00;178240,00;177970,00;178125,00;6076661996,00;170618
WINV26;28/08/2026;09:50:00;178445,00;178515,00;177910,00;178045,00;1,122892726E10;315135
WINV26;28/08/2026;09:45:00;178470,00;178500,00;178320,00;178440,00;5191069529,00;145488
WINV26;28/08/2026;09:40:00;178480,00;178560,00;178340,00;178475,00;7278285732,00;203943
WINV26;28/08/2026;09:35:00;178995,00;179010,00;178385,00;178480,00;9726859359,00;272136
WINV26;28/08/2026;09:30:00;178995,00;179150,00;178935,00;178990,00;4953920916,00;138366
WINV26;28/08/2026;09:25:00;179175,00;179210,00;178955,00;178995,00;7458577050,00;208241
WINV26;28/08/2026;09:20:00;178890,00;179220,00;178870,00;179180,00;9071027727,00;253289
WINV26;28/08/2026;09:15:00;178605,00;178965,00;178535,00;178895,00;7254452919,00;202880
WINV26;28/08/2026;09:10:00;178910,00;178930,00;178470,00;178605,00;9787293300,00;273880
WINV26;28/08/2026;09:05:00;178050,00;179060,00;177965,00;178910,00;1,458204808E10;408101
WINV26;28/08/2026;09:00:00;177645,00;178245,00;177400,00;178050,00;1,063929722E10;298963
WINV26;27/08/2026;18:20:00;177755,00;177790,00;177705,00;177725,00;1115929322,00;31394
WINV26;27/08/2026;18:15:00;177735,00;177795,00;177705,00;177755,00;750071899,00;21100
WINV26;27/08/2026;18:10:00;177830,00;177850,00;177710,00;177735,00;807841957,00;22720
WINV26;27/08/2026;18:05:00;177740,00;177860,00;177680,00;177830,00;1078994731,00;30349
WINV26;27/08/2026;18:00:00;177860,00;177870,00;177715,00;177740,00;1074146394,00;30212
WINV26;27/08/2026;17:55:00;177810,00;177895,00;177780,00;177865,00;1361648783,00;38283
WINV26;27/08/2026;17:50:00;177730,00;177825,00;177690,00;177815,00;1050386294,00;29546
WINV26;27/08/2026;17:45:00;177770,00;177780,00;177715,00;177735,00;606290636,00;17055
WINV26;27/08/2026;17:40:00;177755,00;177780,00;177740,00;177770,00;394220552,00;11088
WINV26;27/08/2026;17:35:00;177755,00;177785,00;177725,00;177750,00;605493965,00;17032
WINV26;27/08/2026;17:30:00;177765,00;177770,00;177700,00;177755,00;753930172,00;21209
WINV26;27/08/2026;17:25:00;177760,00;177790,00;177680,00;177765,00;1522740171,00;42836
WINV26;27/08/2026;17:20:00;177785,00;177840,00;177740,00;177755,00;1270027548,00;35718
WINV26;27/08/2026;17:15:00;177710,00;177790,00;177665,00;177785,00;1547908344,00;43546
WINV26;27/08/2026;17:10:00;177830,00;177835,00;177635,00;177710,00;3222178390,00;90646
WINV26;27/08/2026;17:05:00;177880,00;177955,00;177775,00;177830,00;2837445277,00;79768
WINV26;27/08/2026;17:00:00;178000,00;178025,00;177825,00;177880,00;3283799500,00;92286
WINV26;27/08/2026;16:55:00;178035,00;178095,00;177965,00;178005,00;2409506802,00;67670
WINV26;27/08/2026;16:50:00;177995,00;178090,00;177910,00;178035,00;3472111273,00;97538
WINV26;27/08/2026;16:45:00;178045,00;178100,00;177975,00;177990,00;2047451867,00;57498
WINV26;27/08/2026;16:40:00;178190,00;178210,00;178025,00;178040,00;2693743873,00;75629
WINV26;27/08/2026;16:35:00;178170,00;178280,00;178135,00;178185,00;3082424660,00;86486
WINV26;27/08/2026;16:30:00;178035,00;178220,00;178030,00;178165,00;3162608293,00;88766
WINV26;27/08/2026;16:25:00;177970,00;178050,00;177890,00;178035,00;2499813491,00;70230
WINV26;27/08/2026;16:20:00;177970,00;178020,00;177910,00;177970,00;2525925530,00;70968
WINV26;27/08/2026;16:15:00;178050,00;178080,00;177930,00;177975,00;2853269535,00;80150
WINV26;27/08/2026;16:10:00;178095,00;178195,00;178040,00;178045,00;2242498506,00;62948
WINV26;27/08/2026;16:05:00;178015,00;178145,00;177995,00;178095,00;2370794036,00;66574
WINV26;27/08/2026;16:00:00;178035,00;178150,00;177995,00;178015,00;3368413654,00;94576
WINV26;27/08/2026;15:55:00;177890,00;178100,00;177880,00;178035,00;3902422985,00;109625
WINV26;27/08/2026;15:50:00;177975,00;178005,00;177860,00;177895,00;3430440134,00;96399
WINV26;27/08/2026;15:45:00;178095,00;178120,00;177965,00;177970,00;3588471774,00;100776
WINV26;27/08/2026;15:40:00;178145,00;178180,00;178030,00;178095,00;2951199334,00;82849
WINV26;27/08/2026;15:35:00;178140,00;178245,00;178120,00;178145,00;3012051414,00;84520
WINV26;27/08/2026;15:30:00;178110,00;178190,00;178085,00;178140,00;2684455184,00;75345
WINV26;27/08/2026;15:25:00;178170,00;178180,00;178050,00;178110,00;2863501840,00;80393
WINV26;27/08/2026;15:20:00;178160,00;178220,00;178130,00;178170,00;1938399773,00;54396
WINV26;27/08/2026;15:15:00;178085,00;178260,00;178070,00;178160,00;4472833467,00;125526
WINV26;27/08/2026;15:10:00;178145,00;178175,00;178020,00;178085,00;3130992537,00;87900
WINV26;27/08/2026;15:05:00;177905,00;178205,00;177895,00;178145,00;5288536621,00;148484
WINV26;27/08/2026;15:00:00;177975,00;177985,00;177710,00;177900,00;6041998070,00;169870
WINV26;27/08/2026;14:55:00;177940,00;178040,00;177910,00;177970,00;2577228091,00;72403
WINV26;27/08/2026;14:50:00;178060,00;178140,00;177880,00;177940,00;4782355460,00;134349
WINV26;27/08/2026;14:45:00;177985,00;178070,00;177910,00;178060,00;3263726578,00;91682
WINV26;27/08/2026;14:40:00;178040,00;178080,00;177955,00;177985,00;2649840415,00;74424
WINV26;27/08/2026;14:35:00;178115,00;178120,00;177995,00;178035,00;2702439340,00;75890
WINV26;27/08/2026;14:30:00;177965,00;178185,00;177965,00;178115,00;4256120068,00;119501
WINV26;27/08/2026;14:25:00;178015,00;178105,00;177935,00;177965,00;3829906973,00;107560
WINV26;27/08/2026;14:20:00;178060,00;178110,00;177870,00;178015,00;4637508674,00;130283
WINV26;27/08/2026;14:15:00;178165,00;178195,00;177985,00;178055,00;4520563870,00;126923
WINV26;27/08/2026;14:10:00;178030,00;178235,00;177990,00;178165,00;5343235825,00;149974
WINV26;27/08/2026;14:05:00;177865,00;178055,00;177845,00;178025,00;4509601417,00;126705
WINV26;27/08/2026;14:00:00;177815,00;177965,00;177780,00;177865,00;4916491014,00;138194
WINV26;27/08/2026;13:55:00;177815,00;177880,00;177755,00;177815,00;2406159384,00;67661
WINV26;27/08/2026;13:50:00;177700,00;177900,00;177665,00;177810,00;3169894471,00;89140
WINV26;27/08/2026;13:45:00;177850,00;177880,00;177665,00;177705,00;4276102706,00;120291
WINV26;27/08/2026;13:40:00;177785,00;177890,00;177745,00;177850,00;3739050603,00;105134
WINV26;27/08/2026;13:35:00;177660,00;177825,00;177635,00;177780,00;3056998402,00;86002
WINV26;27/08/2026;13:30:00;177620,00;177735,00;177595,00;177660,00;2916712132,00;82085
WINV26;27/08/2026;13:25:00;177675,00;177705,00;177575,00;177620,00;2303201803,00;64822
WINV26;27/08/2026;13:20:00;177690,00;177775,00;177610,00;177680,00;3337033865,00;93898
WINV26;27/08/2026;13:15:00;177655,00;177745,00;177630,00;177690,00;2983255120,00;83946
WINV26;27/08/2026;13:10:00;177480,00;177700,00;177450,00;177655,00;4027133223,00;113380
WINV26;27/08/2026;13:05:00;177520,00;177570,00;177450,00;177480,00;2363338792,00;66570
WINV26;27/08/2026;13:00:00;177540,00;177625,00;177480,00;177520,00;3224682477,00;90813
WINV26;27/08/2026;12:55:00;177460,00;177595,00;177445,00;177545,00;2892552901,00;81467
WINV26;27/08/2026;12:50:00;177445,00;177570,00;177415,00;177460,00;3480437562,00;98043
WINV26;27/08/2026;12:45:00;177585,00;177585,00;177330,00;177445,00;6376601471,00;179688
WINV26;27/08/2026;12:40:00;177485,00;177685,00;177465,00;177585,00;4579298222,00;128920
WINV26;27/08/2026;12:35:00;177400,00;177585,00;177345,00;177485,00;4223261220,00;118994
WINV26;27/08/2026;12:30:00;177240,00;177415,00;177235,00;177400,00;3990503401,00;112522
WINV26;27/08/2026;12:25:00;177240,00;177315,00;177205,00;177240,00;3327659871,00;93869
WINV26;27/08/2026;12:20:00;177100,00;177240,00;177050,00;177240,00;3714741097,00;104850
WINV26;27/08/2026;12:15:00;177025,00;177230,00;177015,00;177100,00;4560194983,00;128719
WINV26;27/08/2026;12:10:00;176920,00;177115,00;176905,00;177025,00;5076437232,00;143378
WINV26;27/08/2026;12:05:00;176875,00;176980,00;176690,00;176920,00;5813478105,00;164378
WINV26;27/08/2026;12:00:00;176950,00;177135,00;176785,00;176870,00;7820771915,00;220983
WINV26;27/08/2026;11:55:00;177420,00;177440,00;176910,00;176950,00;8571822281,00;241988
WINV26;27/08/2026;11:50:00;177395,00;177575,00;177260,00;177415,00;8202273661,00;231124
WINV26;27/08/2026;11:45:00;177100,00;177535,00;177090,00;177395,00;9576272323,00;269973
WINV26;27/08/2026;11:40:00;176870,00;177210,00;176860,00;177095,00;6607183422,00;186613
WINV26;27/08/2026;11:35:00;176575,00;176930,00;176540,00;176865,00;7367656115,00;208393
WINV26;27/08/2026;11:30:00;176515,00;176730,00;176395,00;176575,00;7839247362,00;221975
WINV26;27/08/2026;11:25:00;176660,00;176665,00;176220,00;176520,00;9535428417,00;270231
WINV26;27/08/2026;11:20:00;176790,00;176900,00;176610,00;176665,00;5571429597,00;157590
WINV26;27/08/2026;11:15:00;176740,00;176890,00;176650,00;176790,00;5985910257,00;169318
WINV26;27/08/2026;11:10:00;176945,00;177060,00;176625,00;176740,00;8137588041,00;230147
WINV26;27/08/2026;11:05:00;176905,00;177140,00;176600,00;176950,00;1,10379297E10;312012
WINV26;27/08/2026;11:00:00;176430,00;176995,00;176390,00;176905,00;9101606544,00;257527
WINV26;27/08/2026;10:55:00;176750,00;176820,00;176365,00;176430,00;6954413986,00;196975
WINV26;27/08/2026;10:50:00;176655,00;176850,00;176410,00;176755,00;9047776613,00;256118
WINV26;27/08/2026;10:45:00;176565,00;176900,00;176500,00;176655,00;1,207578346E10;341766
WINV26;27/08/2026;10:40:00;176815,00;176845,00;176505,00;176565,00;1,028159594E10;291018
WINV26;27/08/2026;10:35:00;176955,00;177305,00;176760,00;176810,00;1,605256015E10;453270
WINV26;27/08/2026;10:30:00;176845,00;177110,00;176470,00;176960,00;1,803945882E10;510202
WINV26;27/08/2026;10:25:00;176825,00;177135,00;176660,00;176845,00;1,20651298E10;340989
WINV26;27/08/2026;10:20:00;176655,00;177000,00;176600,00;176820,00;1,089655304E10;308117
WINV26;27/08/2026;10:15:00;176820,00;177075,00;176620,00;176655,00;1,235505138E10;349302
WINV26;27/08/2026;10:10:00;176525,00;176990,00;176490,00;176825,00;1,296801893E10;366817
WINV26;27/08/2026;10:05:00;176260,00;176570,00;176190,00;176525,00;9421163184,00;267093
WINV26;27/08/2026;10:00:00;176845,00;176855,00;176105,00;176260,00;1,542306238E10;437204
WINV26;27/08/2026;09:55:00;176765,00;176900,00;176625,00;176845,00;6040141578,00;170856
WINV26;27/08/2026;09:50:00;176995,00;177005,00;176655,00;176765,00;6475369996,00;183156
WINV26;27/08/2026;09:45:00;177045,00;177120,00;176940,00;176995,00;5306869254,00;149885
WINV26;27/08/2026;09:40:00;177160,00;177240,00;177030,00;177050,00;4323552014,00;122031
WINV26;27/08/2026;09:35:00;177075,00;177260,00;177045,00;177160,00;5936493478,00;167554
WINV26;27/08/2026;09:30:00;176915,00;177240,00;176880,00;177075,00;8784048780,00;248097
WINV26;27/08/2026;09:25:00;177220,00;177265,00;176745,00;176910,00;7563344186,00;213696
WINV26;27/08/2026;09:20:00;177295,00;177345,00;177030,00;177215,00;7099343724,00;200331
WINV26;27/08/2026;09:15:00;177445,00;177505,00;177065,00;177295,00;9649836112,00;272204
WINV26;27/08/2026;09:10:00;177215,00;177570,00;177105,00;177445,00;8539369133,00;240786
WINV26;27/08/2026;09:05:00;177355,00;177460,00;176690,00;177215,00;1,560165115E10;440720
WINV26;27/08/2026;09:00:00;177670,00;177925,00;177270,00;177355,00;1,1502309E10;323883
WINV26;26/08/2026;18:20:00;177905,00;177945,00;177845,00;177900,00;1098507127,00;30875
WINV26;26/08/2026;18:15:00;177865,00;177945,00;177835,00;177900,00;794297322,00;22325
WINV26;26/08/2026;18:10:00;177795,00;177925,00;177785,00;177860,00;1194605108,00;33580
WINV26;26/08/2026;18:05:00;177830,00;177865,00;177760,00;177795,00;824698760,00;23191
WINV26;26/08/2026;18:00:00;177780,00;177875,00;177680,00;177835,00;1486438741,00;41801
WINV26;26/08/2026;17:55:00;177700,00;177800,00;177685,00;177780,00;935148721,00;26305
WINV26;26/08/2026;17:50:00;177685,00;177720,00;177645,00;177695,00;745551937,00;20979
WINV26;26/08/2026;17:45:00;177710,00;177735,00;177650,00;177690,00;1015792368,00;28583
WINV26;26/08/2026;17:40:00;177720,00;177810,00;177660,00;177715,00;1895199507,00;53314
WINV26;26/08/2026;17:35:00;177555,00;177750,00;177550,00;177720,00;2052052985,00;57749
WINV26;26/08/2026;17:30:00;177630,00;177645,00;177505,00;177560,00;1463057871,00;41198
WINV26;26/08/2026;17:25:00;177590,00;177655,00;177580,00;177630,00;1161690654,00;32701
WINV26;26/08/2026;17:20:00;177575,00;177625,00;177530,00;177590,00;1635950034,00;46062
WINV26;26/08/2026;17:15:00;177535,00;177590,00;177425,00;177570,00;2714997118,00;76477
WINV26;26/08/2026;17:10:00;177575,00;177585,00;177525,00;177530,00;1168770470,00;32913
WINV26;26/08/2026;17:05:00;177370,00;177660,00;177360,00;177570,00;3932313162,00;110746
WINV26;26/08/2026;17:00:00;177310,00;177430,00;177295,00;177365,00;3115699888,00;87834
WINV26;26/08/2026;16:55:00;177235,00;177340,00;177215,00;177310,00;2960421464,00;83492
WINV26;26/08/2026;16:50:00;177425,00;177430,00;177165,00;177235,00;4623979588,00;130424
WINV26;26/08/2026;16:45:00;177395,00;177465,00;177375,00;177425,00;1958322409,00;55190
WINV26;26/08/2026;16:40:00;177460,00;177495,00;177360,00;177395,00;2355359167,00;66377
WINV26;26/08/2026;16:35:00;177495,00;177525,00;177420,00;177460,00;2796292069,00;78782
WINV26;26/08/2026;16:30:00;177520,00;177600,00;177470,00;177500,00;2207776845,00;62183
WINV26;26/08/2026;16:25:00;177565,00;177625,00;177500,00;177525,00;2442538438,00;68780
WINV26;26/08/2026;16:20:00;177530,00;177575,00;177470,00;177565,00;2346637381,00;66094
WINV26;26/08/2026;16:15:00;177630,00;177630,00;177465,00;177535,00;3463428603,00;97542
WINV26;26/08/2026;16:10:00;177630,00;177685,00;177565,00;177630,00;2597333789,00;73114
WINV26;26/08/2026;16:05:00;177550,00;177690,00;177530,00;177630,00;3117565175,00;87763
WINV26;26/08/2026;16:00:00;177395,00;177645,00;177390,00;177545,00;6104377190,00;171925
WINV26;26/08/2026;15:55:00;177390,00;177410,00;177230,00;177400,00;4291196439,00;121003
WINV26;26/08/2026;15:50:00;177370,00;177460,00;177310,00;177395,00;3322394915,00;93652
WINV26;26/08/2026;15:45:00;177280,00;177410,00;177215,00;177370,00;3794168417,00;106985
WINV26;26/08/2026;15:40:00;177130,00;177320,00;177125,00;177280,00;4435560003,00;125133
WINV26;26/08/2026;15:35:00;177030,00;177150,00;177020,00;177135,00;3843348691,00;108515
WINV26;26/08/2026;15:30:00;177350,00;177355,00;176910,00;177025,00;8992304362,00;253892
WINV26;26/08/2026;15:25:00;177425,00;177430,00;177285,00;177355,00;3384744186,00;95419
WINV26;26/08/2026;15:20:00;177500,00;177595,00;177355,00;177430,00;5272058807,00;148545
WINV26;26/08/2026;15:15:00;177575,00;177600,00;177490,00;177500,00;2506836985,00;70597
WINV26;26/08/2026;15:10:00;177645,00;177650,00;177535,00;177580,00;2476530814,00;69730
WINV26;26/08/2026;15:05:00;177825,00;177835,00;177595,00;177645,00;3790784165,00;106681
WINV26;26/08/2026;15:00:00;177760,00;177835,00;177695,00;177825,00;2946092926,00;82860
WINV26;26/08/2026;14:55:00;177735,00;177785,00;177650,00;177760,00;3030592160,00;85267
WINV26;26/08/2026;14:50:00;177740,00;177765,00;177700,00;177735,00;1509835935,00;42474
WINV26;26/08/2026;14:45:00;177730,00;177770,00;177650,00;177735,00;2305007437,00;64853
WINV26;26/08/2026;14:40:00;177785,00;177850,00;177680,00;177735,00;3125155384,00;87904
WINV26;26/08/2026;14:35:00;177765,00;177815,00;177670,00;177785,00;2820576138,00;79336
WINV26;26/08/2026;14:30:00;177905,00;177920,00;177680,00;177765,00;4593702307,00;129207
WINV26;26/08/2026;14:25:00;177905,00;177935,00;177865,00;177905,00;1718342536,00;48295
WINV26;26/08/2026;14:20:00;177840,00;178040,00;177795,00;177900,00;4464910434,00;125471
WINV26;26/08/2026;14:15:00;177825,00;177905,00;177810,00;177835,00;2190761360,00;61586
WINV26;26/08/2026;14:10:00;177830,00;177895,00;177745,00;177820,00;3603222714,00;101321
WINV26;26/08/2026;14:05:00;177935,00;177955,00;177805,00;177825,00;3492718832,00;98168
WINV26;26/08/2026;14:00:00;177690,00;177975,00;177670,00;177940,00;5012043319,00;140936
WINV26;26/08/2026;13:55:00;177500,00;177705,00;177490,00;177685,00;3439677204,00;96818
WINV26;26/08/2026;13:50:00;177585,00;177620,00;177490,00;177500,00;3095147292,00;87160
WINV26;26/08/2026;13:45:00;177730,00;177735,00;177435,00;177580,00;6475048167,00;182312
WINV26;26/08/2026;13:40:00;177980,00;178000,00;177665,00;177730,00;5452881172,00;153323
WINV26;26/08/2026;13:35:00;177955,00;178060,00;177875,00;177980,00;3465281908,00;97357
WINV26;26/08/2026;13:30:00;178045,00;178100,00;177905,00;177960,00;3978975569,00;111754
WINV26;26/08/2026;13:25:00;178030,00;178160,00;178025,00;178045,00;3669889777,00;103036
WINV26;26/08/2026;13:20:00;177835,00;178095,00;177830,00;178030,00;6061308007,00;170284
WINV26;26/08/2026;13:15:00;177850,00;177895,00;177745,00;177840,00;2799844852,00;78730
WINV26;26/08/2026;13:10:00;177865,00;177910,00;177770,00;177850,00;2612052269,00;73441
WINV26;26/08/2026;13:05:00;177765,00;177895,00;177740,00;177870,00;2756104890,00;77499
WINV26;26/08/2026;13:00:00;177810,00;177835,00;177710,00;177765,00;2714639807,00;76349
WINV26;26/08/2026;12:55:00;177650,00;177850,00;177625,00;177810,00;4516796407,00;127042
WINV26;26/08/2026;12:50:00;177870,00;177870,00;177550,00;177645,00;7679377507,00;216084
WINV26;26/08/2026;12:45:00;178015,00;178015,00;177860,00;177865,00;2782000692,00;78168
WINV26;26/08/2026;12:40:00;177965,00;178100,00;177930,00;178010,00;4042369860,00;113536
WINV26;26/08/2026;12:35:00;177905,00;177995,00;177805,00;177965,00;3419766469,00;96115
WINV26;26/08/2026;12:30:00;177880,00;177940,00;177820,00;177900,00;3143926976,00;88373
WINV26;26/08/2026;12:25:00;178005,00;178085,00;177865,00;177880,00;3711573610,00;104285
WINV26;26/08/2026;12:20:00;178020,00;178085,00;177930,00;178005,00;3138189001,00;88146
WINV26;26/08/2026;12:15:00;177980,00;178030,00;177890,00;178025,00;2952182002,00;82950
WINV26;26/08/2026;12:10:00;178000,00;178005,00;177915,00;177985,00;2818859781,00;79200
WINV26;26/08/2026;12:05:00;178050,00;178095,00;177890,00;177995,00;3877921749,00;108934
WINV26;26/08/2026;12:00:00;177985,00;178135,00;177930,00;178050,00;3849125395,00;108104
WINV26;26/08/2026;11:55:00;177945,00;178065,00;177900,00;177980,00;4538850250,00;127510
WINV26;26/08/2026;11:50:00;177835,00;178090,00;177810,00;177945,00;6188890571,00;173896
WINV26;26/08/2026;11:45:00;177975,00;178010,00;177825,00;177835,00;5592394698,00;157175
WINV26;26/08/2026;11:40:00;178160,00;178195,00;177945,00;177975,00;6132960586,00;172194
WINV26;26/08/2026;11:35:00;178250,00;178350,00;178070,00;178165,00;7549645894,00;211834
WINV26;26/08/2026;11:30:00;177775,00;178280,00;177765,00;178250,00;8823827145,00;247783
WINV26;26/08/2026;11:25:00;178115,00;178115,00;177710,00;177780,00;7197354162,00;202274
WINV26;26/08/2026;11:20:00;178495,00;178510,00;177960,00;178110,00;1,074395675E10;301474
WINV26;26/08/2026;11:15:00;178750,00;178775,00;178430,00;178495,00;6912618160,00;193548
WINV26;26/08/2026;11:10:00;178815,00;178975,00;178645,00;178755,00;8155324575,00;228080
WINV26;26/08/2026;11:05:00;178935,00;179080,00;178515,00;178820,00;1,100510136E10;307747
WINV26;26/08/2026;11:00:00;178670,00;179065,00;178645,00;178935,00;1,065685071E10;297865
WINV26;26/08/2026;10:55:00;178875,00;178990,00;178570,00;178670,00;8556425148,00;239297
WINV26;26/08/2026;10:50:00;178760,00;178970,00;178665,00;178880,00;9394466120,00;262679
WINV26;26/08/2026;10:45:00;178205,00;178775,00;178185,00;178760,00;1,041255987E10;291588
WINV26;26/08/2026;10:40:00;178355,00;178475,00;178045,00;178210,00;1,216105546E10;341058
WINV26;26/08/2026;10:35:00;178110,00;178405,00;177840,00;178360,00;1,326229582E10;372400
WINV26;26/08/2026;10:30:00;178865,00;179025,00;178050,00;178115,00;1,945636444E10;545162
WINV26;26/08/2026;10:25:00;179005,00;179135,00;178750,00;178870,00;1,537580451E10;429599
WINV26;26/08/2026;10:20:00;178550,00;179030,00;178480,00;179000,00;1,341475981E10;375164
WINV26;26/08/2026;10:15:00;178410,00;178665,00;178180,00;178545,00;1,651432423E10;462649
WINV26;26/08/2026;10:10:00;177640,00;178425,00;177635,00;178415,00;1,462761928E10;410859
WINV26;26/08/2026;10:05:00;177520,00;177715,00;177440,00;177640,00;7809575373,00;219916
WINV26;26/08/2026;10:00:00;177430,00;177730,00;177190,00;177520,00;1,668268818E10;470181
WINV26;26/08/2026;09:55:00;177750,00;177765,00;177410,00;177430,00;6668919332,00;187737
WINV26;26/08/2026;09:50:00;177765,00;177850,00;177600,00;177750,00;8215964605,00;231149
WINV26;26/08/2026;09:45:00;177465,00;177790,00;177405,00;177765,00;8105906429,00;228223
WINV26;26/08/2026;09:40:00;177680,00;177710,00;177240,00;177465,00;1,068845595E10;301231
WINV26;26/08/2026;09:35:00;177845,00;177935,00;177575,00;177685,00;8902478337,00;250484
WINV26;26/08/2026;09:30:00;178335,00;178410,00;177695,00;177845,00;1,28663578E10;361507
WINV26;26/08/2026;09:25:00;178555,00;178600,00;178230,00;178330,00;5550316659,00;155573
WINV26;26/08/2026;09:20:00;178545,00;178720,00;178410,00;178550,00;8135657943,00;227792
WINV26;26/08/2026;09:15:00;178765,00;178800,00;178360,00;178550,00;1,024477992E10;286888
WINV26;26/08/2026;09:10:00;178790,00;178900,00;178660,00;178770,00;6924852844,00;193675
WINV26;26/08/2026;09:05:00;178605,00;179050,00;178570,00;178790,00;1,197820745E10;334853
WINV26;26/08/2026;09:00:00;178005,00;178630,00;177565,00;178605,00;1,276553823E10;358217
WINV26;25/08/2026;18:20:00;177625,00;177625,00;177465,00;177465,00;1387388356,00;39083
WINV26;25/08/2026;18:15:00;177660,00;177695,00;177530,00;177625,00;1406640149,00;39600
WINV26;25/08/2026;18:10:00;177715,00;177775,00;177600,00;177665,00;1519610268,00;42760
WINV26;25/08/2026;18:05:00;177640,00;177760,00;177610,00;177715,00;1110942094,00;31260
WINV26;25/08/2026;18:00:00;177575,00;177690,00;177560,00;177635,00;1142204839,00;32150
WINV26;25/08/2026;17:55:00;177625,00;177650,00;177555,00;177575,00;910687750,00;25638
WINV26;25/08/2026;17:50:00;177585,00;177690,00;177570,00;177620,00;1024728382,00;28844
WINV26;25/08/2026;17:45:00;177655,00;177690,00;177545,00;177585,00;1858749884,00;52327
WINV26;25/08/2026;17:40:00;177650,00;177715,00;177620,00;177660,00;1287662899,00;36239
WINV26;25/08/2026;17:35:00;177535,00;177725,00;177525,00;177650,00;2017874299,00;56801
WINV26;25/08/2026;17:30:00;177390,00;177585,00;177385,00;177530,00;2177772800,00;61344
WINV26;25/08/2026;17:25:00;177390,00;177465,00;177330,00;177390,00;2038488934,00;57456
WINV26;25/08/2026;17:20:00;177420,00;177435,00;177370,00;177395,00;1245347925,00;35100
WINV26;25/08/2026;17:15:00;177350,00;177425,00;177325,00;177420,00;1917971181,00;54064
WINV26;25/08/2026;17:10:00;177550,00;177580,00;177310,00;177350,00;3317772760,00;93504
WINV26;25/08/2026;17:05:00;177450,00;177640,00;177430,00;177555,00;2935549805,00;82668
WINV26;25/08/2026;17:00:00;177635,00;177715,00;177380,00;177450,00;4819049839,00;135741
WINV26;25/08/2026;16:55:00;177680,00;177700,00;177580,00;177635,00;3527957317,00;99300
WINV26;25/08/2026;16:50:00;177430,00;177770,00;177420,00;177685,00;6414002007,00;180590
WINV26;25/08/2026;16:45:00;177395,00;177480,00;177275,00;177430,00;4398914748,00;124002
WINV26;25/08/2026;16:40:00;177425,00;177450,00;177355,00;177395,00;2327641679,00;65606
WINV26;25/08/2026;16:35:00;177305,00;177450,00;177300,00;177420,00;4030193238,00;113605
WINV26;25/08/2026;16:30:00;177390,00;177485,00;177205,00;177305,00;6014959464,00;169578
WINV26;25/08/2026;16:25:00;177200,00;177460,00;177185,00;177385,00;5372139719,00;151465
WINV26;25/08/2026;16:20:00;177155,00;177245,00;177020,00;177205,00;5801838528,00;163755
WINV26;25/08/2026;16:15:00;177080,00;177190,00;177065,00;177155,00;3756737593,00;106045
WINV26;25/08/2026;16:10:00;176760,00;177135,00;176735,00;177080,00;7216744483,00;203906
WINV26;25/08/2026;16:05:00;176675,00;176800,00;176660,00;176755,00;3859595958,00;109186
WINV26;25/08/2026;16:00:00;176600,00;176705,00;176575,00;176675,00;3492138098,00;98839
WINV26;25/08/2026;15:55:00;176610,00;176700,00;176515,00;176600,00;4589674301,00;129945
WINV26;25/08/2026;15:50:00;176495,00;176645,00;176435,00;176610,00;3895306702,00;110339
WINV26;25/08/2026;15:45:00;176290,00;176560,00;176290,00;176495,00;6971167921,00;197539
WINV26;25/08/2026;15:40:00;176210,00;176325,00;176145,00;176295,00;3860364747,00;109519
WINV26;25/08/2026;15:35:00;176310,00;176390,00;176170,00;176205,00;4323889284,00;122635
WINV26;25/08/2026;15:30:00;176415,00;176435,00;176270,00;176315,00;3630021360,00;102926
WINV26;25/08/2026;15:25:00;176410,00;176565,00;176350,00;176415,00;5268264028,00;149286
WINV26;25/08/2026;15:20:00;176410,00;176435,00;176320,00;176410,00;3655796284,00;103636
WINV26;25/08/2026;15:15:00;176550,00;176570,00;176375,00;176410,00;4342888068,00;123047
WINV26;25/08/2026;15:10:00;176540,00;176610,00;176465,00;176545,00;3395607219,00;96170
WINV26;25/08/2026;15:05:00;176520,00;176680,00;176490,00;176535,00;4457919549,00;126232
WINV26;25/08/2026;15:00:00;176640,00;176780,00;176435,00;176520,00;6477647939,00;183368
WINV26;25/08/2026;14:55:00;176640,00;176760,00;176600,00;176640,00;4740068204,00;134150
WINV26;25/08/2026;14:50:00;176440,00;176680,00;176415,00;176640,00;5371076442,00;152100
WINV26;25/08/2026;14:45:00;176515,00;176650,00;176425,00;176435,00;6327173697,00;179199
WINV26;25/08/2026;14:40:00;176370,00;176555,00;176325,00;176510,00;5577566134,00;158061
WINV26;25/08/2026;14:35:00;176285,00;176420,00;176245,00;176365,00;4147879370,00;117616
WINV26;25/08/2026;14:30:00;176065,00;176320,00;176045,00;176280,00;6900869635,00;195813
WINV26;25/08/2026;14:25:00;176095,00;176100,00;176030,00;176060,00;1682170094,00;47771
WINV26;25/08/2026;14:20:00;176030,00;176130,00;175970,00;176095,00;3593313049,00;102060
WINV26;25/08/2026;14:15:00;176030,00;176080,00;175985,00;176030,00;2769651645,00;78671
WINV26;25/08/2026;14:10:00;176130,00;176150,00;176015,00;176030,00;2553589140,00;72509
WINV26;25/08/2026;14:05:00;176230,00;176230,00;176040,00;176125,00;5695772764,00;161706
WINV26;25/08/2026;14:00:00;176280,00;176340,00;176200,00;176230,00;3052142163,00;86575
WINV26;25/08/2026;13:55:00;176205,00;176325,00;176180,00;176285,00;2773904222,00;78694
WINV26;25/08/2026;13:50:00;176220,00;176305,00;176180,00;176210,00;2706741246,00;76791
WINV26;25/08/2026;13:45:00;176260,00;176380,00;176175,00;176220,00;4613064235,00;130850
WINV26;25/08/2026;13:40:00;176260,00;176360,00;176210,00;176255,00;3072153335,00;87135
WINV26;25/08/2026;13:35:00;176285,00;176365,00;176240,00;176260,00;2955996130,00;83833
WINV26;25/08/2026;13:30:00;176195,00;176330,00;176170,00;176280,00;3808940145,00;108055
WINV26;25/08/2026;13:25:00;176175,00;176245,00;176115,00;176200,00;3253930015,00;92345
WINV26;25/08/2026;13:20:00;176090,00;176220,00;176015,00;176170,00;3165776519,00;89886
WINV26;25/08/2026;13:15:00;176055,00;176160,00;176015,00;176095,00;2532069781,00;71904
WINV26;25/08/2026;13:10:00;175875,00;176140,00;175835,00;176055,00;5210477548,00;148011
WINV26;25/08/2026;13:05:00;176010,00;176040,00;175805,00;175880,00;5162229616,00;146739
WINV26;25/08/2026;13:00:00;176220,00;176395,00;175950,00;176010,00;7764246471,00;220348
WINV26;25/08/2026;12:55:00;175965,00;176360,00;175960,00;176220,00;1,009763943E10;286525
WINV26;25/08/2026;12:50:00;175690,00;176020,00;175675,00;175965,00;7796433568,00;221651
WINV26;25/08/2026;12:45:00;175650,00;175740,00;175625,00;175685,00;3045281528,00;86673
WINV26;25/08/2026;12:40:00;175700,00;175780,00;175580,00;175650,00;5887392256,00;167554
WINV26;25/08/2026;12:35:00;175440,00;175750,00;175400,00;175700,00;6785576316,00;193245
WINV26;25/08/2026;12:30:00;175325,00;175535,00;175325,00;175440,00;5155453995,00;146931
WINV26;25/08/2026;12:25:00;175200,00;175500,00;175150,00;175330,00;7000034826,00;199609
WINV26;25/08/2026;12:20:00;175020,00;175430,00;175000,00;175195,00;9116800110,00;260093
WINV26;25/08/2026;12:15:00;174890,00;175050,00;174800,00;175020,00;4550223304,00;130061
WINV26;25/08/2026;12:10:00;174760,00;175020,00;174745,00;174890,00;6190461176,00;176971
WINV26;25/08/2026;12:05:00;174820,00;174875,00;174670,00;174765,00;5200707124,00;148785
WINV26;25/08/2026;12:00:00;174470,00;174890,00;174430,00;174820,00;8549386774,00;244628
WINV26;25/08/2026;11:55:00;174425,00;174515,00;174360,00;174470,00;3258993537,00;93418
WINV26;25/08/2026;11:50:00;174545,00;174600,00;174310,00;174420,00;5653258659,00;162048
WINV26;25/08/2026;11:45:00;174635,00;174775,00;174490,00;174545,00;6505492123,00;186254
WINV26;25/08/2026;11:40:00;174605,00;174715,00;174295,00;174635,00;8910415208,00;255338
WINV26;25/08/2026;11:35:00;174510,00;174680,00;174415,00;174605,00;5553980263,00;159107
WINV26;25/08/2026;11:30:00;174580,00;174645,00;174365,00;174505,00;8959734054,00;256755
WINV26;25/08/2026;11:25:00;174565,00;174725,00;174545,00;174580,00;4649381863,00;133108
WINV26;25/08/2026;11:20:00;174530,00;174795,00;174500,00;174570,00;5697606620,00;163125
WINV26;25/08/2026;11:15:00;174595,00;174775,00;174485,00;174530,00;6946249432,00;198878
WINV26;25/08/2026;11:10:00;174605,00;174695,00;174445,00;174595,00;6166273671,00;176617
WINV26;25/08/2026;11:05:00;174370,00;174825,00;174350,00;174605,00;1,057847182E10;302928
WINV26;25/08/2026;11:00:00;174195,00;174510,00;174060,00;174370,00;9560127303,00;274221
WINV26;25/08/2026;10:55:00;173970,00;174260,00;173930,00;174195,00;6377035724,00;183112
WINV26;25/08/2026;10:50:00;174075,00;174150,00;173920,00;173965,00;8403858233,00;241434
WINV26;25/08/2026;10:45:00;173985,00;174385,00;173875,00;174075,00;1,300987932E10;373557
WINV26;25/08/2026;10:40:00;174255,00;174295,00;173880,00;173985,00;1,422718565E10;408622
WINV26;25/08/2026;10:35:00;174400,00;174630,00;174235,00;174255,00;1,259955892E10;361125
WINV26;25/08/2026;10:30:00;175040,00;175095,00;174115,00;174400,00;2,102887926E10;602612
WINV26;25/08/2026;10:25:00;174785,00;175290,00;174745,00;175040,00;1,345798454E10;384442
WINV26;25/08/2026;10:20:00;174700,00;175025,00;174605,00;174790,00;1,301860552E10;372408
WINV26;25/08/2026;10:15:00;174705,00;174795,00;174285,00;174705,00;1,195454096E10;342450
WINV26;25/08/2026;10:10:00;174725,00;174950,00;174550,00;174710,00;1,273088814E10;364248
WINV26;25/08/2026;10:05:00;174625,00;174880,00;174420,00;174725,00;1,477688654E10;423002
WINV26;25/08/2026;10:00:00;174260,00;174685,00;174200,00;174625,00;1,436275826E10;411741
WINV26;25/08/2026;09:55:00;174235,00;174360,00;174170,00;174260,00;6631580132,00;190267
WINV26;25/08/2026;09:50:00;174390,00;174460,00;174210,00;174235,00;7053497512,00;202317
WINV26;25/08/2026;09:45:00;174615,00;174735,00;174335,00;174385,00;7625022760,00;218463
WINV26;25/08/2026;09:40:00;174385,00;174710,00;174360,00;174615,00;7908222592,00;226497
WINV26;25/08/2026;09:35:00;174565,00;174570,00;174325,00;174390,00;6447574782,00;184813
WINV26;25/08/2026;09:30:00;174435,00;174845,00;174325,00;174565,00;1,048135172E10;300106
WINV26;25/08/2026;09:25:00;174495,00;174545,00;174370,00;174435,00;6319039795,00;181112
WINV26;25/08/2026;09:20:00;174765,00;174775,00;174465,00;174495,00;6393065785,00;183070
WINV26;25/08/2026;09:15:00;174770,00;174845,00;174645,00;174765,00;4239501768,00;121316
WINV26;25/08/2026;09:10:00;174845,00;174885,00;174550,00;174770,00;6986322503,00;199938
WINV26;25/08/2026;09:05:00;174805,00;175065,00;174455,00;174840,00;1,062690578E10;304032
WINV26;25/08/2026;09:00:00;174565,00;175380,00;174275,00;174805,00;1,655376122E10;473685
WINV26;24/08/2026;18:20:00;174720,00;174720,00;174625,00;174715,00;1178463892,00;33729
WINV26;24/08/2026;18:15:00;174800,00;174835,00;174675,00;174720,00;902683429,00;25827
WINV26;24/08/2026;18:10:00;174825,00;174830,00;174740,00;174800,00;751692472,00;21503
WINV26;24/08/2026;18:05:00;174860,00;174865,00;174785,00;174830,00;473997660,00;13557
WINV26;24/08/2026;18:00:00;174860,00;174880,00;174760,00;174860,00;853396233,00;24408
WINV26;24/08/2026;17:55:00;174730,00;174895,00;174730,00;174860,00;1115281358,00;31897
WINV26;24/08/2026;17:50:00;174820,00;174825,00;174725,00;174735,00;1123893239,00;32154
WINV26;24/08/2026;17:45:00;174855,00;174875,00;174805,00;174825,00;573407458,00;16399
WINV26;24/08/2026;17:40:00;174850,00;174890,00;174820,00;174865,00;947670214,00;27099
WINV26;24/08/2026;17:35:00;174715,00;174895,00;174715,00;174855,00;1932320458,00;55265
WINV26;24/08/2026;17:30:00;174740,00;174750,00;174690,00;174715,00;692427007,00;19815
WINV26;24/08/2026;17:25:00;174725,00;174750,00;174675,00;174740,00;895484216,00;25627
WINV26;24/08/2026;17:20:00;174680,00;174740,00;174675,00;174725,00;1204194460,00;34464
WINV26;24/08/2026;17:15:00;174755,00;174785,00;174655,00;174675,00;1412267626,00;40415
WINV26;24/08/2026;17:10:00;174755,00;174770,00;174675,00;174755,00;1405732146,00;40227
WINV26;24/08/2026;17:05:00;174800,00;174830,00;174715,00;174750,00;1794480839,00;51338
WINV26;24/08/2026;17:00:00;174650,00;174830,00;174615,00;174800,00;3086765154,00;88338
WINV26;24/08/2026;16:55:00;174775,00;174835,00;174605,00;174645,00;4021941994,00;115100
WINV26;24/08/2026;16:50:00;174795,00;174805,00;174705,00;174775,00;2425921271,00;69409
WINV26;24/08/2026;16:45:00;174875,00;174930,00;174740,00;174800,00;2641586703,00;75546
WINV26;24/08/2026;16:40:00;174785,00;174955,00;174775,00;174875,00;3459057098,00;98894
WINV26;24/08/2026;16:35:00;174865,00;174900,00;174770,00;174785,00;1967294624,00;56259
WINV26;24/08/2026;16:30:00;174965,00;174975,00;174825,00;174870,00;2655350146,00;75920
WINV26;24/08/2026;16:25:00;175020,00;175050,00;174920,00;174970,00;2043036656,00;58383
WINV26;24/08/2026;16:20:00;175020,00;175035,00;174920,00;175020,00;2959229189,00;84562
WINV26;24/08/2026;16:15:00;175040,00;175125,00;174980,00;175015,00;2677584049,00;76480
WINV26;24/08/2026;16:10:00;174985,00;175070,00;174885,00;175040,00;3614790741,00;103285
WINV26;24/08/2026;16:05:00;174985,00;175050,00;174950,00;174985,00;1945138674,00;55577
WINV26;24/08/2026;16:00:00;174915,00;175075,00;174910,00;174990,00;3534431047,00;100973
WINV26;24/08/2026;15:55:00;174900,00;174960,00;174865,00;174920,00;2607921489,00;74548
WINV26;24/08/2026;15:50:00;174865,00;174940,00;174795,00;174905,00;2766920511,00;79113
WINV26;24/08/2026;15:45:00;174895,00;174915,00;174800,00;174865,00;2785789458,00;79657
WINV26;24/08/2026;15:40:00;174815,00;174920,00;174750,00;174900,00;2835950878,00;81099
WINV26;24/08/2026;15:35:00;174705,00;174860,00;174700,00;174820,00;3376322938,00;96575
WINV26;24/08/2026;15:30:00;175030,00;175090,00;174665,00;174700,00;6063116451,00;173391
WINV26;24/08/2026;15:25:00;174905,00;175080,00;174870,00;175030,00;3119417954,00;89133
WINV26;24/08/2026;15:20:00;175145,00;175170,00;174875,00;174905,00;3798411553,00;108501
WINV26;24/08/2026;15:15:00;174990,00;175360,00;174985,00;175145,00;7191058307,00;205234
WINV26;24/08/2026;15:10:00;174990,00;175025,00;174930,00;174985,00;1747922117,00;49948
WINV26;24/08/2026;15:05:00;174990,00;175125,00;174890,00;174995,00;4644443561,00;132695
WINV26;24/08/2026;15:00:00;174945,00;175020,00;174880,00;174995,00;3149458589,00;90006
WINV26;24/08/2026;14:55:00;174870,00;174985,00;174820,00;174940,00;2601094952,00;74351
WINV26;24/08/2026;14:50:00;174725,00;174925,00;174675,00;174870,00;3490522538,00;99836
WINV26;24/08/2026;14:45:00;174930,00;174950,00;174675,00;174725,00;3928316924,00;112372
WINV26;24/08/2026;14:40:00;174900,00;175030,00;174880,00;174930,00;2573313482,00;73544
WINV26;24/08/2026;14:35:00;174860,00;174965,00;174845,00;174905,00;2762163664,00;78962
WINV26;24/08/2026;14:30:00;174930,00;175030,00;174815,00;174865,00;3706922469,00;105965
WINV26;24/08/2026;14:25:00;174955,00;175065,00;174890,00;174930,00;3191383796,00;91199
WINV26;24/08/2026;14:20:00;175150,00;175165,00;174875,00;174960,00;5448054205,00;155663
WINV26;24/08/2026;14:15:00;175225,00;175285,00;175130,00;175150,00;3949259368,00;112704
WINV26;24/08/2026;14:10:00;175050,00;175275,00;175010,00;175230,00;4134966846,00;118063
WINV26;24/08/2026;14:05:00;174920,00;175165,00;174800,00;175045,00;7287838219,00;208252
WINV26;24/08/2026;14:00:00;174940,00;174980,00;174870,00;174920,00;2454429768,00;70153
WINV26;24/08/2026;13:55:00;174985,00;175025,00;174900,00;174940,00;3126899904,00;89364
WINV26;24/08/2026;13:50:00;175045,00;175080,00;174955,00;174990,00;2380085903,00;67991
WINV26;24/08/2026;13:45:00;175230,00;175235,00;175005,00;175045,00;4651233475,00;132830
WINV26;24/08/2026;13:40:00;175365,00;175390,00;175200,00;175230,00;4031063315,00;114990
WINV26;24/08/2026;13:35:00;175440,00;175510,00;175355,00;175365,00;2487183475,00;70888
WINV26;24/08/2026;13:30:00;175435,00;175660,00;175400,00;175435,00;4535070511,00;129187
WINV26;24/08/2026;13:25:00;175370,00;175490,00;175335,00;175430,00;2820920294,00;80404
WINV26;24/08/2026;13:20:00;175490,00;175535,00;175320,00;175375,00;3869853923,00;110311
WINV26;24/08/2026;13:15:00;175590,00;175600,00;175455,00;175495,00;2799948620,00;79755
WINV26;24/08/2026;13:10:00;175570,00;175590,00;175430,00;175585,00;3182074470,00;90653
WINV26;24/08/2026;13:05:00;175595,00;175635,00;175500,00;175570,00;2164100665,00;61633
WINV26;24/08/2026;13:00:00;175620,00;175725,00;175535,00;175595,00;3547926447,00;101005
WINV26;24/08/2026;12:55:00;175530,00;175695,00;175485,00;175625,00;3927732063,00;111842
WINV26;24/08/2026;12:50:00;175680,00;175730,00;175505,00;175530,00;4076154896,00;116040
WINV26;24/08/2026;12:45:00;175400,00;175740,00;175375,00;175680,00;5438628110,00;154887
WINV26;24/08/2026;12:40:00;175425,00;175485,00;175355,00;175395,00;3364640285,00;95905
WINV26;24/08/2026;12:35:00;175620,00;175660,00;175380,00;175425,00;4932500531,00;140522
WINV26;24/08/2026;12:30:00;175985,00;176015,00;175590,00;175620,00;5935740884,00;168841
WINV26;24/08/2026;12:25:00;175845,00;176065,00;175830,00;175985,00;7856416387,00;223262
WINV26;24/08/2026;12:20:00;175655,00;175850,00;175500,00;175845,00;6085246872,00;173215
WINV26;24/08/2026;12:15:00;175485,00;175675,00;175415,00;175655,00;7326902595,00;208706
WINV26;24/08/2026;12:10:00;175130,00;175540,00;175055,00;175490,00;6258945238,00;178522
WINV26;24/08/2026;12:05:00;175065,00;175260,00;175055,00;175130,00;4761928967,00;135928
WINV26;24/08/2026;12:00:00;175195,00;175280,00;175020,00;175065,00;6395133895,00;182543
WINV26;24/08/2026;11:55:00;175290,00;175435,00;175165,00;175190,00;6249782420,00;178272
WINV26;24/08/2026;11:50:00;174930,00;175325,00;174790,00;175290,00;7538053481,00;215348
WINV26;24/08/2026;11:45:00;174840,00;175040,00;174770,00;174930,00;5668627913,00;162049
WINV26;24/08/2026;11:40:00;174830,00;175000,00;174635,00;174840,00;8190049378,00;234272
WINV26;24/08/2026;11:35:00;174730,00;174945,00;174650,00;174835,00;6760650491,00;193384
WINV26;24/08/2026;11:30:00;174375,00;174820,00;174255,00;174730,00;9468861005,00;271172
WINV26;24/08/2026;11:25:00;174405,00;174575,00;174300,00;174380,00;7602911608,00;217913
WINV26;24/08/2026;11:20:00;174155,00;174425,00;174000,00;174400,00;8445435315,00;242431
WINV26;24/08/2026;11:15:00;174325,00;174440,00;174030,00;174150,00;7396289517,00;212247
WINV26;24/08/2026;11:10:00;174250,00;174480,00;174180,00;174325,00;7582634045,00;217502
WINV26;24/08/2026;11:05:00;174270,00;174395,00;174145,00;174250,00;7762584853,00;222729
WINV26;24/08/2026;11:00:00;174820,00;175110,00;174210,00;174270,00;1,697293682E10;485727
WINV26;24/08/2026;10:55:00;174355,00;174985,00;174355,00;174820,00;1,459688299E10;417648
WINV26;24/08/2026;10:50:00;173520,00;174515,00;173410,00;174350,00;1,558205585E10;447862
WINV26;24/08/2026;10:45:00;173525,00;173885,00;173060,00;173520,00;1,678010048E10;483566
WINV26;24/08/2026;10:40:00;173560,00;173875,00;173280,00;173525,00;1,696339501E10;488594
WINV26;24/08/2026;10:35:00;173125,00;173635,00;173000,00;173565,00;1,489254108E10;429733
WINV26;24/08/2026;10:30:00;172080,00;173285,00;172075,00;173125,00;2,742124453E10;793646
WINV26;24/08/2026;10:25:00;172290,00;172430,00;172000,00;172085,00;1,053644327E10;305971
WINV26;24/08/2026;10:20:00;172440,00;172525,00;172245,00;172290,00;9287397629,00;269393
WINV26;24/08/2026;10:15:00;172260,00;172675,00;172250,00;172440,00;1,220777533E10;353820
WINV26;24/08/2026;10:10:00;172415,00;172540,00;172180,00;172255,00;9041997230,00;262305
WINV26;24/08/2026;10:05:00;172380,00;172600,00;172260,00;172420,00;8211385272,00;238105
WINV26;24/08/2026;10:00:00;172420,00;172635,00;172065,00;172385,00;1,642521377E10;476529
WINV26;24/08/2026;09:55:00;172425,00;172495,00;172350,00;172425,00;2990483513,00;86721
WINV26;24/08/2026;09:50:00;172320,00;172550,00;172220,00;172425,00;6274815663,00;182021
WINV26;24/08/2026;09:45:00;172370,00;172425,00;172305,00;172320,00;2800333189,00;81237
WINV26;24/08/2026;09:40:00;172505,00;172515,00;172285,00;172370,00;5066517848,00;146953
WINV26;24/08/2026;09:35:00;172540,00;172610,00;172415,00;172500,00;4122769645,00;119494
WINV26;24/08/2026;09:30:00;172665,00;172690,00;172270,00;172540,00;1,058122029E10;306760
WINV26;24/08/2026;09:25:00;172430,00;172800,00;172420,00;172665,00;8927364047,00;258586
WINV26;24/08/2026;09:20:00;172400,00;172475,00;172250,00;172435,00;6016713249,00;174529
WINV26;24/08/2026;09:15:00;172400,00;172425,00;172215,00;172400,00;7482473547,00;217120
WINV26;24/08/2026;09:10:00;172495,00;172745,00;172355,00;172400,00;9051650139,00;262340
WINV26;24/08/2026;09:05:00;172915,00;173050,00;172415,00;172500,00;9124896891,00;264203
WINV26;24/08/2026;09:00:00;173480,00;173595,00;172750,00;172910,00;1,88116289E10;543305
WINV26;21/08/2026;18:20:00;174105,00;174110,00;174035,00;174035,00;1078988491,00;30997
WINV26;21/08/2026;18:15:00;174205,00;174225,00;174070,00;174095,00;851978658,00;24463
WINV26;21/08/2026;18:10:00;174140,00;174245,00;174120,00;174215,00;807300897,00;23172
WINV26;21/08/2026;18:05:00;174130,00;174215,00;174110,00;174145,00;549429299,00;15774
WINV26;21/08/2026;18:00:00;174090,00;174180,00;174070,00;174125,00;676179132,00;19415
WINV26;21/08/2026;17:55:00;174190,00;174210,00;174065,00;174090,00;984401391,00;28265
WINV26;21/08/2026;17:50:00;174150,00;174230,00;174095,00;174195,00;1229465520,00;35296
WINV26;21/08/2026;17:45:00;174130,00;174165,00;174040,00;174145,00;1226196391,00;35216
WINV26;21/08/2026;17:40:00;174285,00;174285,00;174060,00;174130,00;2323496497,00;66708
WINV26;21/08/2026;17:35:00;174235,00;174320,00;174225,00;174290,00;927507619,00;26609
WINV26;21/08/2026;17:30:00;174165,00;174270,00;174125,00;174235,00;1223950649,00;35127
WINV26;21/08/2026;17:25:00;174165,00;174200,00;174100,00;174165,00;1163287507,00;33397
WINV26;21/08/2026;17:20:00;174085,00;174170,00;174065,00;174160,00;1270677457,00;36487
WINV26;21/08/2026;17:15:00;173930,00;174220,00;173895,00;174085,00;3566453234,00;102446
WINV26;21/08/2026;17:10:00;173960,00;173965,00;173855,00;173930,00;1629241598,00;46842
WINV26;21/08/2026;17:05:00;173935,00;173990,00;173895,00;173955,00;1493927276,00;42940
WINV26;21/08/2026;17:00:00;173870,00;173995,00;173775,00;173930,00;3422401344,00;98405
WINV26;21/08/2026;16:55:00;173790,00;173900,00;173655,00;173865,00;4276407774,00;123033
WINV26;21/08/2026;16:50:00;173965,00;174035,00;173765,00;173790,00;3610700912,00;103820
WINV26;21/08/2026;16:45:00;173885,00;174035,00;173875,00;173970,00;3115010023,00;89529
WINV26;21/08/2026;16:40:00;173855,00;173925,00;173825,00;173885,00;2197863852,00;63205
WINV26;21/08/2026;16:35:00;173730,00;173925,00;173715,00;173855,00;3153023218,00;90695
WINV26;21/08/2026;16:30:00;173840,00;173840,00;173625,00;173730,00;4118549347,00;118533
WINV26;21/08/2026;16:25:00;173960,00;173980,00;173755,00;173835,00;3579925198,00;102965
WINV26;21/08/2026;16:20:00;174040,00;174040,00;173930,00;173960,00;1528394799,00;43923
WINV26;21/08/2026;16:15:00;174030,00;174065,00;173930,00;174040,00;2283123068,00;65605
WINV26;21/08/2026;16:10:00;174020,00;174090,00;174000,00;174025,00;1886634160,00;54200
WINV26;21/08/2026;16:05:00;174005,00;174040,00;173925,00;174020,00;2242340648,00;64439
WINV26;21/08/2026;16:00:00;174000,00;174150,00;173990,00;174005,00;3481602301,00;100017
WINV26;21/08/2026;15:55:00;174000,00;174025,00;173915,00;174000,00;2023298353,00;58150
WINV26;21/08/2026;15:50:00;173970,00;174015,00;173875,00;174000,00;2599580536,00;74719
WINV26;21/08/2026;15:45:00;174040,00;174095,00;173940,00;173970,00;2214060613,00;63613
WINV26;21/08/2026;15:40:00;173945,00;174100,00;173925,00;174040,00;2671540939,00;76762
WINV26;21/08/2026;15:35:00;174270,00;174315,00;173910,00;173940,00;4705721101,00;135132
WINV26;21/08/2026;15:30:00;174305,00;174400,00;174220,00;174270,00;3466225074,00;99433
WINV26;21/08/2026;15:25:00;174250,00;174420,00;174250,00;174305,00;3193901628,00;91596
WINV26;21/08/2026;15:20:00;174285,00;174320,00;174190,00;174255,00;2331073339,00;66889
WINV26;21/08/2026;15:15:00;174270,00;174320,00;174220,00;174285,00;1872784175,00;53731
WINV26;21/08/2026;15:10:00;174080,00;174350,00;174060,00;174270,00;5069648185,00;145478
WINV26;21/08/2026;15:05:00;174070,00;174125,00;174010,00;174080,00;2891496638,00;83056
WINV26;21/08/2026;15:00:00;173830,00;174225,00;173825,00;174075,00;5827351172,00;167418
WINV26;21/08/2026;14:55:00;173735,00;173875,00;173700,00;173830,00;2915555314,00;83880
WINV26;21/08/2026;14:50:00;173820,00;173835,00;173680,00;173735,00;3266594937,00;93995
WINV26;21/08/2026;14:45:00;173845,00;173890,00;173800,00;173820,00;1795506042,00;51646
WINV26;21/08/2026;14:40:00;173860,00;173910,00;173800,00;173850,00;2251530386,00;64754
WINV26;21/08/2026;14:35:00;173825,00;174025,00;173800,00;173865,00;3396187684,00;97641
WINV26;21/08/2026;14:30:00;173795,00;173905,00;173750,00;173820,00;2136552015,00;61458
WINV26;21/08/2026;14:25:00;173820,00;173935,00;173785,00;173795,00;2403094126,00;69109
WINV26;21/08/2026;14:20:00;173835,00;173905,00;173740,00;173825,00;2441430003,00;70230
WINV26;21/08/2026;14:15:00;173915,00;173965,00;173780,00;173840,00;3179655873,00;91440
WINV26;21/08/2026;14:10:00;174050,00;174055,00;173800,00;173920,00;3828972651,00;110094
WINV26;21/08/2026;14:05:00;174030,00;174065,00;173950,00;174050,00;2201753477,00;63263
WINV26;21/08/2026;14:00:00;174045,00;174100,00;173965,00;174030,00;2677222308,00;76917
WINV26;21/08/2026;13:55:00;174120,00;174155,00;174025,00;174045,00;2339647610,00;67198
WINV26;21/08/2026;13:50:00;174150,00;174290,00;174105,00;174115,00;2599887979,00;74633
WINV26;21/08/2026;13:45:00;174095,00;174270,00;174035,00;174150,00;3366645227,00;96660
WINV26;21/08/2026;13:40:00;174155,00;174345,00;174045,00;174100,00;5232143979,00;150174
WINV26;21/08/2026;13:35:00;173885,00;174220,00;173880,00;174155,00;5073425912,00;145725
WINV26;21/08/2026;13:30:00;173885,00;173980,00;173825,00;173885,00;2880231944,00;82811
WINV26;21/08/2026;13:25:00;174050,00;174085,00;173810,00;173885,00;4689325065,00;134812
WINV26;21/08/2026;13:20:00;174210,00;174425,00;174035,00;174045,00;6193922009,00;177776
WINV26;21/08/2026;13:15:00;174375,00;174405,00;174190,00;174215,00;4969922903,00;142576
WINV26;21/08/2026;13:10:00;174500,00;174550,00;174375,00;174375,00;2830213369,00;81112
WINV26;21/08/2026;13:05:00;174580,00;174615,00;174410,00;174500,00;3807018060,00;109074
WINV26;21/08/2026;13:00:00;174490,00;174655,00;174410,00;174575,00;4384397681,00;125596
WINV26;21/08/2026;12:55:00;174590,00;174620,00;174415,00;174495,00;3909388311,00;112002
WINV26;21/08/2026;12:50:00;174785,00;174825,00;174520,00;174590,00;5683972182,00;162701
WINV26;21/08/2026;12:45:00;174925,00;174965,00;174755,00;174790,00;3762583627,00;107589
WINV26;21/08/2026;12:40:00;174805,00;174980,00;174755,00;174935,00;4530481414,00;129547
WINV26;21/08/2026;12:35:00;174370,00;175010,00;174365,00;174810,00;1,055693445E10;302050
WINV26;21/08/2026;12:30:00;174335,00;174560,00;174310,00;174365,00;7528079211,00;215769
WINV26;21/08/2026;12:25:00;174130,00;174390,00;174130,00;174335,00;4658580505,00;133647
WINV26;21/08/2026;12:20:00;173870,00;174160,00;173805,00;174125,00;4560917207,00;131044
WINV26;21/08/2026;12:15:00;173830,00;173920,00;173790,00;173860,00;2980498772,00;85721
WINV26;21/08/2026;12:10:00;173925,00;174045,00;173800,00;173830,00;3597801438,00;103430
WINV26;21/08/2026;12:05:00;174050,00;174170,00;173900,00;173925,00;4708891129,00;135296
WINV26;21/08/2026;12:00:00;173780,00;174130,00;173730,00;174045,00;7634759262,00;219475
WINV26;21/08/2026;11:55:00;173975,00;174040,00;173760,00;173775,00;5025656277,00;144481
WINV26;21/08/2026;11:50:00;174105,00;174275,00;173880,00;173975,00;6621609905,00;190180
WINV26;21/08/2026;11:45:00;174065,00;174255,00;173900,00;174105,00;7384331713,00;212106
WINV26;21/08/2026;11:40:00;173865,00;174080,00;173855,00;174060,00;4674022994,00;134333
WINV26;21/08/2026;11:35:00;174115,00;174180,00;173805,00;173875,00;1,051809871E10;302265
WINV26;21/08/2026;11:30:00;174160,00;174440,00;174090,00;174115,00;9160224701,00;262837
WINV26;21/08/2026;11:25:00;173910,00;174365,00;173905,00;174160,00;9639041896,00;276709
WINV26;21/08/2026;11:20:00;173890,00;174180,00;173805,00;173905,00;1,068506187E10;307048
WINV26;21/08/2026;11:15:00;173520,00;173945,00;173505,00;173895,00;8405005458,00;241849
WINV26;21/08/2026;11:10:00;173345,00;173730,00;173345,00;173520,00;8588897822,00;247441
WINV26;21/08/2026;11:05:00;173245,00;173430,00;173160,00;173350,00;6048494184,00;174533
WINV26;21/08/2026;11:00:00;173600,00;173640,00;173130,00;173230,00;1,039793836E10;299916
WINV26;21/08/2026;10:55:00;173395,00;173730,00;173370,00;173600,00;7368978461,00;212298
WINV26;21/08/2026;10:50:00;173235,00;173610,00;172940,00;173395,00;1,281300132E10;369672
WINV26;21/08/2026;10:45:00;173580,00;173600,00;172860,00;173235,00;1,482838866E10;428213
WINV26;21/08/2026;10:40:00;173225,00;173720,00;173105,00;173580,00;1,57470924E10;454010
WINV26;21/08/2026;10:35:00;172285,00;173345,00;172265,00;173225,00;1,871461223E10;541579
WINV26;21/08/2026;10:30:00;171945,00;172390,00;171935,00;172290,00;1,515959042E10;440108
WINV26;21/08/2026;10:25:00;171800,00;171965,00;171500,00;171940,00;1,11182553E10;323787
WINV26;21/08/2026;10:20:00;171455,00;171820,00;171380,00;171805,00;8641687602,00;251865
WINV26;21/08/2026;10:15:00;171635,00;171940,00;171370,00;171455,00;1,171733355E10;341321
WINV26;21/08/2026;10:10:00;171385,00;171820,00;171370,00;171635,00;9992924552,00;291100
WINV26;21/08/2026;10:05:00;171815,00;171855,00;171305,00;171390,00;1,123057058E10;327217
WINV26;21/08/2026;10:00:00;172025,00;172030,00;171690,00;171820,00;1,145580744E10;333259
WINV26;21/08/2026;09:55:00;171805,00;172070,00;171735,00;172025,00;4987114108,00;145050
WINV26;21/08/2026;09:50:00;171705,00;171870,00;171655,00;171800,00;4005368388,00;116598
WINV26;21/08/2026;09:45:00;171855,00;171860,00;171645,00;171700,00;4274588387,00;124448
WINV26;21/08/2026;09:40:00;171530,00;171915,00;171485,00;171855,00;6883881494,00;200432
WINV26;21/08/2026;09:35:00;171760,00;171825,00;171465,00;171530,00;7684096321,00;223829
WINV26;21/08/2026;09:30:00;171390,00;171790,00;171320,00;171765,00;8074019994,00;235278
WINV26;21/08/2026;09:25:00;171265,00;171540,00;171205,00;171385,00;6752143551,00;196997
WINV26;21/08/2026;09:20:00;171070,00;171435,00;171025,00;171265,00;8091363738,00;236204
WINV26;21/08/2026;09:15:00;171120,00;171250,00;171030,00;171070,00;6642602570,00;194079
WINV26;21/08/2026;09:10:00;171575,00;171615,00;171075,00;171115,00;8880414081,00;259195
WINV26;21/08/2026;09:05:00;171620,00;171865,00;171540,00;171580,00;7208340728,00;209936
WINV26;21/08/2026;09:00:00;172250,00;172500,00;171380,00;171620,00;1,885860103E10;548797
WINV26;20/08/2026;18:20:00;170960,00;171020,00;170940,00;170990,00;1008853855,00;29501
WINV26;20/08/2026;18:15:00;170885,00;170970,00;170860,00;170960,00;794232862,00;23234
WINV26;20/08/2026;18:10:00;170885,00;170915,00;170820,00;170885,00;733148593,00;21453
WINV26;20/08/2026;18:05:00;170815,00;170920,00;170790,00;170885,00;1237853243,00;36221
WINV26;20/08/2026;18:00:00;170770,00;170855,00;170710,00;170815,00;1265830375,00;37059
WINV26;20/08/2026;17:55:00;170730,00;170800,00;170675,00;170770,00;945959490,00;27699
WINV26;20/08/2026;17:50:00;170780,00;170785,00;170660,00;170735,00;1317081340,00;38575
WINV26;20/08/2026;17:45:00;170795,00;170820,00;170770,00;170780,00;541694438,00;15858
WINV26;20/08/2026;17:40:00;170810,00;170860,00;170755,00;170795,00;1319077582,00;38613
WINV26;20/08/2026;17:35:00;170770,00;170855,00;170760,00;170805,00;910289334,00;26645
WINV26;20/08/2026;17:30:00;170675,00;170800,00;170670,00;170765,00;1578853640,00;46236
WINV26;20/08/2026;17:25:00;170645,00;170695,00;170615,00;170680,00;1162687122,00;34065
WINV26;20/08/2026;17:20:00;170770,00;170775,00;170605,00;170645,00;2021407738,00;59218
WINV26;20/08/2026;17:15:00;170890,00;170910,00;170725,00;170775,00;2199364636,00;64385
WINV26;20/08/2026;17:10:00;170830,00;170925,00;170810,00;170890,00;1499541626,00;43877
WINV26;20/08/2026;17:05:00;170880,00;170920,00;170810,00;170830,00;1673173431,00;48963
WINV26;20/08/2026;17:00:00;170745,00;170885,00;170735,00;170875,00;2392404508,00;70023
WINV26;20/08/2026;16:55:00;170740,00;170785,00;170650,00;170745,00;2837450686,00;83107
WINV26;20/08/2026;16:50:00;170805,00;170820,00;170715,00;170735,00;1827754997,00;53518
WINV26;20/08/2026;16:45:00;170740,00;170825,00;170690,00;170805,00;2092659610,00;61275
WINV26;20/08/2026;16:40:00;170795,00;170835,00;170710,00;170740,00;2261859158,00;66226
WINV26;20/08/2026;16:35:00;170740,00;170840,00;170725,00;170795,00;2008971857,00;58814
WINV26;20/08/2026;16:30:00;170825,00;170935,00;170705,00;170745,00;4222235141,00;123575
WINV26;20/08/2026;16:25:00;170700,00;170890,00;170695,00;170825,00;4402189372,00;128870
WINV26;20/08/2026;16:20:00;170600,00;170715,00;170550,00;170695,00;3182289026,00;93251
WINV26;20/08/2026;16:15:00;170555,00;170625,00;170475,00;170600,00;2952124761,00;86542
WINV26;20/08/2026;16:10:00;170490,00;170560,00;170480,00;170560,00;1631707736,00;47845
WINV26;20/08/2026;16:05:00;170520,00;170535,00;170385,00;170495,00;3117992884,00;91457
WINV26;20/08/2026;16:00:00;170525,00;170540,00;170425,00;170520,00;4121044923,00;120864
WINV26;20/08/2026;15:55:00;170670,00;170725,00;170505,00;170520,00;3045626710,00;89240
WINV26;20/08/2026;15:50:00;170740,00;170800,00;170640,00;170670,00;2869380440,00;84036
WINV26;20/08/2026;15:45:00;170735,00;170765,00;170625,00;170735,00;2304713988,00;67507
WINV26;20/08/2026;15:40:00;170740,00;170765,00;170690,00;170740,00;1580933316,00;46299
WINV26;20/08/2026;15:35:00;170715,00;170780,00;170680,00;170740,00;2949612903,00;86379
WINV26;20/08/2026;15:30:00;170655,00;170720,00;170580,00;170710,00;3606002333,00;105655
WINV26;20/08/2026;15:25:00;170715,00;170730,00;170630,00;170655,00;2337338982,00;68471
WINV26;20/08/2026;15:20:00;170645,00;170725,00;170620,00;170710,00;3395715560,00;99480
WINV26;20/08/2026;15:15:00;170480,00;170675,00;170460,00;170650,00;4107423600,00;120400
WINV26;20/08/2026;15:10:00;170485,00;170510,00;170395,00;170480,00;2386892420,00;70015
WINV26;20/08/2026;15:05:00;170435,00;170510,00;170415,00;170480,00;2702641153,00;79274
WINV26;20/08/2026;15:00:00;170515,00;170575,00;170390,00;170435,00;4270538895,00;125246
WINV26;20/08/2026;14:55:00;170545,00;170565,00;170465,00;170510,00;2720162728,00;79765
WINV26;20/08/2026;14:50:00;170525,00;170585,00;170460,00;170545,00;2721714155,00;79800
WINV26;20/08/2026;14:45:00;170455,00;170565,00;170410,00;170530,00;4767306912,00;139811
WINV26;20/08/2026;14:40:00;170395,00;170460,00;170355,00;170450,00;2525226867,00;74094
WINV26;20/08/2026;14:35:00;170360,00;170405,00;170245,00;170395,00;3387252242,00;99431
WINV26;20/08/2026;14:30:00;170340,00;170480,00;170335,00;170360,00;3498957998,00;102662
WINV26;20/08/2026;14:25:00;170305,00;170400,00;170255,00;170340,00;2485784823,00;72963
WINV26;20/08/2026;14:20:00;170295,00;170330,00;170240,00;170310,00;2520047248,00;73994
WINV26;20/08/2026;14:15:00;170410,00;170470,00;170230,00;170290,00;4549884192,00;133543
WINV26;20/08/2026;14:10:00;170565,00;170575,00;170385,00;170415,00;2841991973,00;83360
WINV26;20/08/2026;14:05:00;170515,00;170595,00;170485,00;170560,00;2291672382,00;67189
WINV26;20/08/2026;14:00:00;170485,00;170600,00;170430,00;170515,00;3616303906,00;106044
WINV26;20/08/2026;13:55:00;170775,00;170780,00;170455,00;170485,00;6746982031,00;197799
WINV26;20/08/2026;13:50:00;170920,00;170940,00;170730,00;170780,00;3764129705,00;110181
WINV26;20/08/2026;13:45:00;171055,00;171065,00;170875,00;170920,00;3260243825,00;95349
WINV26;20/08/2026;13:40:00;171025,00;171165,00;170975,00;171060,00;3225784806,00;94276
WINV26;20/08/2026;13:35:00;171035,00;171150,00;170985,00;171025,00;3995306457,00;116775
WINV26;20/08/2026;13:30:00;171010,00;171050,00;170860,00;171040,00;4628090750,00;135352
WINV26;20/08/2026;13:25:00;171155,00;171155,00;170990,00;171015,00;3337555469,00;97546
WINV26;20/08/2026;13:20:00;171180,00;171200,00;171090,00;171155,00;2828002760,00;82621
WINV26;20/08/2026;13:15:00;171230,00;171260,00;171155,00;171175,00;2381151463,00;69542
WINV26;20/08/2026;13:10:00;171340,00;171340,00;171180,00;171235,00;3370801866,00;98420
WINV26;20/08/2026;13:05:00;171395,00;171410,00;171285,00;171340,00;2894662293,00;84467
WINV26;20/08/2026;13:00:00;171360,00;171555,00;171335,00;171395,00;4925709862,00;143650
WINV26;20/08/2026;12:55:00;171340,00;171375,00;171230,00;171360,00;3369915528,00;98365
WINV26;20/08/2026;12:50:00;171425,00;171460,00;171285,00;171345,00;2902928175,00;84694
WINV26;20/08/2026;12:45:00;171400,00;171555,00;171270,00;171425,00;4938746900,00;144061
WINV26;20/08/2026;12:40:00;171510,00;171570,00;171320,00;171400,00;5275796384,00;153863
WINV26;20/08/2026;12:35:00;171940,00;171955,00;171480,00;171505,00;6321611194,00;184066
WINV26;20/08/2026;12:30:00;172035,00;172085,00;171860,00;171945,00;4033181167,00;117276
WINV26;20/08/2026;12:25:00;171975,00;172190,00;171965,00;172030,00;3975205666,00;115518
WINV26;20/08/2026;12:20:00;172255,00;172305,00;171890,00;171980,00;7047447263,00;204781
WINV26;20/08/2026;12:15:00;172315,00;172470,00;172180,00;172255,00;5994521845,00;173938
WINV26;20/08/2026;12:10:00;172270,00;172470,00;172240,00;172310,00;5790988828,00;167999
WINV26;20/08/2026;12:05:00;172615,00;172680,00;172165,00;172270,00;8274878736,00;240041
WINV26;20/08/2026;12:00:00;172225,00;172770,00;172115,00;172620,00;1,238729996E10;359127
WINV26;20/08/2026;11:55:00;172065,00;172295,00;172065,00;172230,00;5872834983,00;170529
WINV26;20/08/2026;11:50:00;171815,00;172195,00;171800,00;172065,00;8101960285,00;235504
WINV26;20/08/2026;11:45:00;171865,00;171950,00;171560,00;171815,00;8531711096,00;248372
WINV26;20/08/2026;11:40:00;171405,00;171970,00;171370,00;171865,00;1,032617453E10;300717
WINV26;20/08/2026;11:35:00;171310,00;171470,00;171235,00;171405,00;5552713088,00;162027
WINV26;20/08/2026;11:30:00;171140,00;171380,00;170975,00;171305,00;7649800798,00;223411
WINV26;20/08/2026;11:25:00;171155,00;171405,00;171085,00;171145,00;8333657673,00;243346
WINV26;20/08/2026;11:20:00;170930,00;171210,00;170830,00;171155,00;7291396841,00;213162
WINV26;20/08/2026;11:15:00;170995,00;171225,00;170905,00;170930,00;6928441524,00;202518
WINV26;20/08/2026;11:10:00;170860,00;171210,00;170850,00;170995,00;7922499988,00;231556
WINV26;20/08/2026;11:05:00;171015,00;171065,00;170855,00;170860,00;6012502861,00;175851
WINV26;20/08/2026;11:00:00;170810,00;171315,00;170740,00;171015,00;1,082253556E10;316358
WINV26;20/08/2026;10:55:00;170830,00;171050,00;170695,00;170805,00;1,089101261E10;318667
WINV26;20/08/2026;10:50:00;170760,00;170995,00;170660,00;170835,00;9927228256,00;290572
WINV26;20/08/2026;10:45:00;171185,00;171265,00;170720,00;170760,00;1,180099733E10;345051
WINV26;20/08/2026;10:40:00;171080,00;171285,00;170880,00;171185,00;1,159155223E10;338741
WINV26;20/08/2026;10:35:00;170725,00;171240,00;170695,00;171080,00;1,676822413E10;490431
WINV26;20/08/2026;10:30:00;170415,00;170800,00;170230,00;170720,00;1,916733758E10;562068
WINV26;20/08/2026;10:25:00;170165,00;170425,00;170155,00;170410,00;8902375061,00;261430
WINV26;20/08/2026;10:20:00;169920,00;170225,00;169840,00;170170,00;8713087142,00;256155
WINV26;20/08/2026;10:15:00;169875,00;170160,00;169780,00;169920,00;1,169561579E10;344068
WINV26;20/08/2026;10:10:00;170210,00;170260,00;169795,00;169880,00;1,313479858E10;386182
WINV26;20/08/2026;10:05:00;170060,00;170315,00;170015,00;170205,00;9949187206,00;292339
WINV26;20/08/2026;10:00:00;170070,00;170220,00;169715,00;170060,00;1,482400774E10;436020
WINV26;20/08/2026;09:55:00;169860,00;170095,00;169845,00;170065,00;6153243662,00;180988
WINV26;20/08/2026;09:50:00;169825,00;169965,00;169765,00;169855,00;7303934688,00;214984
WINV26;20/08/2026;09:45:00;169555,00;169850,00;169520,00;169825,00;5001609748,00;147389
WINV26;20/08/2026;09:40:00;169470,00;169620,00;169310,00;169560,00;6410067452,00;189119
WINV26;20/08/2026;09:35:00;169550,00;169560,00;169330,00;169470,00;6524145753,00;192513
WINV26;20/08/2026;09:30:00;169760,00;169830,00;169420,00;169550,00;8340314253,00;245857
WINV26;20/08/2026;09:25:00;169735,00;169850,00;169640,00;169770,00;6204104220,00;182737
WINV26;20/08/2026;09:20:00;169735,00;169800,00;169505,00;169735,00;7052689289,00;207832
WINV26;20/08/2026;09:15:00;169535,00;169790,00;169455,00;169735,00;7071516275,00;208428
WINV26;20/08/2026;09:10:00;169595,00;169645,00;169375,00;169530,00;6905948487,00;203717
WINV26;20/08/2026;09:05:00;169610,00;169740,00;169420,00;169590,00;8718992762,00;257084
WINV26;20/08/2026;09:00:00;170650,00;170650,00;169475,00;169605,00;1,870458728E10;550234
WINV26;19/08/2026;18:20:00;171070,00;171165,00;171035,00;171035,00;1281150234,00;37448
WINV26;19/08/2026;18:15:00;170980,00;171100,00;170970,00;171065,00;891514746,00;26060
WINV26;19/08/2026;18:10:00;171025,00;171030,00;170950,00;170970,00;650212419,00;19014
WINV26;19/08/2026;18:05:00;171055,00;171090,00;170960,00;171030,00;1187278214,00;34710
WINV26;19/08/2026;18:00:00;170925,00;171090,00;170905,00;171055,00;1570570458,00;45923
WINV26;19/08/2026;17:55:00;170915,00;170975,00;170855,00;170920,00;1090324313,00;31896
WINV26;19/08/2026;17:50:00;170960,00;170980,00;170895,00;170920,00;680184807,00;19896
WINV26;19/08/2026;17:45:00;170915,00;170970,00;170885,00;170960,00;1189370075,00;34791
WINV26;19/08/2026;17:40:00;170875,00;170980,00;170865,00;170910,00;1373984672,00;40193
WINV26;19/08/2026;17:35:00;170970,00;170975,00;170855,00;170875,00;1334408788,00;39039
WINV26;19/08/2026;17:30:00;170895,00;171000,00;170880,00;170965,00;1369794030,00;40062
WINV26;19/08/2026;17:25:00;170840,00;170910,00;170825,00;170900,00;1111318849,00;32519
WINV26;19/08/2026;17:20:00;170820,00;170850,00;170805,00;170845,00;612493289,00;17927
WINV26;19/08/2026;17:15:00;170980,00;170985,00;170765,00;170820,00;2729061017,00;79862
WINV26;19/08/2026;17:10:00;170905,00;171020,00;170905,00;170980,00;1877171207,00;54896
WINV26;19/08/2026;17:05:00;170870,00;170945,00;170850,00;170905,00;1278993339,00;37418
WINV26;19/08/2026;17:00:00;170840,00;170920,00;170800,00;170870,00;1863750531,00;54539
WINV26;19/08/2026;16:55:00;170870,00;170945,00;170795,00;170845,00;3298313986,00;96517
WINV26;19/08/2026;16:50:00;170800,00;170870,00;170740,00;170870,00;1932983511,00;56583
WINV26;19/08/2026;16:45:00;170795,00;170825,00;170720,00;170800,00;2718066409,00;79582
WINV26;19/08/2026;16:40:00;170805,00;170865,00;170790,00;170800,00;1473890405,00;43140
WINV26;19/08/2026;16:35:00;170865,00;170900,00;170765,00;170810,00;2474185582,00;72418
WINV26;19/08/2026;16:30:00;170900,00;170915,00;170750,00;170870,00;3000257615,00;87818
WINV26;19/08/2026;16:25:00;170775,00;170910,00;170735,00;170905,00;3632394116,00;106314
WINV26;19/08/2026;16:20:00;170745,00;170815,00;170680,00;170775,00;3701926150,00;108403
WINV26;19/08/2026;16:15:00;170550,00;170760,00;170540,00;170745,00;3499423797,00;102524
WINV26;19/08/2026;16:10:00;170635,00;170680,00;170460,00;170550,00;3784576396,00;110954
WINV26;19/08/2026;16:05:00;170655,00;170695,00;170585,00;170635,00;1978163284,00;57960
WINV26;19/08/2026;16:00:00;170700,00;170725,00;170570,00;170655,00;3773205042,00;110549
WINV26;19/08/2026;15:55:00;170890,00;170895,00;170700,00;170700,00;3812656826,00;111621
WINV26;19/08/2026;15:50:00;170975,00;171010,00;170875,00;170890,00;2414772533,00;70632
WINV26;19/08/2026;15:45:00;171050,00;171095,00;170935,00;170975,00;3188340709,00;93224
WINV26;19/08/2026;15:40:00;170820,00;171150,00;170810,00;171060,00;5889260395,00;172194
WINV26;19/08/2026;15:35:00;170825,00;170855,00;170705,00;170825,00;2695288901,00;78911
WINV26;19/08/2026;15:30:00;170665,00;170875,00;170650,00;170830,00;4690489025,00;137324
WINV26;19/08/2026;15:25:00;170810,00;170860,00;170600,00;170665,00;4314957153,00;126379
WINV26;19/08/2026;15:20:00;170870,00;170895,00;170765,00;170810,00;2586189371,00;75691
WINV26;19/08/2026;15:15:00;170980,00;171035,00;170855,00;170870,00;2543438392,00;74389
WINV26;19/08/2026;15:10:00;170930,00;171015,00;170900,00;170985,00;1795809531,00;52520
WINV26;19/08/2026;15:05:00;170920,00;171030,00;170900,00;170935,00;2827410904,00;82692
WINV26;19/08/2026;15:00:00;170870,00;170965,00;170820,00;170920,00;3089602445,00;90398
WINV26;19/08/2026;14:55:00;170865,00;170980,00;170805,00;170875,00;2478908646,00;72529
WINV26;19/08/2026;14:50:00;170905,00;170985,00;170850,00;170865,00;2595697456,00;75935
WINV26;19/08/2026;14:45:00;171000,00;171075,00;170900,00;170905,00;3151565599,00;92163
WINV26;19/08/2026;14:40:00;170785,00;171020,00;170750,00;170995,00;3780405767,00;110590
WINV26;19/08/2026;14:35:00;170775,00;170860,00;170765,00;170790,00;2535505542,00;74220
WINV26;19/08/2026;14:30:00;170875,00;170895,00;170710,00;170775,00;3851686807,00;112771
WINV26;19/08/2026;14:25:00;170920,00;170925,00;170825,00;170870,00;1689387779,00;49435
WINV26;19/08/2026;14:20:00;171000,00;171045,00;170885,00;170915,00;2426769658,00;70981
WINV26;19/08/2026;14:15:00;170925,00;171000,00;170810,00;171000,00;3512781625,00;102779
WINV26;19/08/2026;14:10:00;170880,00;170975,00;170865,00;170920,00;2834570379,00;82921
WINV26;19/08/2026;14:05:00;171120,00;171155,00;170865,00;170880,00;4700233116,00;137435
WINV26;19/08/2026;14:00:00;171035,00;171230,00;171000,00;171120,00;4573059780,00;133606
WINV26;19/08/2026;13:55:00;170885,00;171170,00;170855,00;171035,00;5588285752,00;163371
WINV26;19/08/2026;13:50:00;170915,00;170945,00;170845,00;170890,00;1872733885,00;54793
WINV26;19/08/2026;13:45:00;170935,00;170970,00;170825,00;170915,00;3187494265,00;93261
WINV26;19/08/2026;13:40:00;170850,00;170960,00;170785,00;170930,00;3162448022,00;92543
WINV26;19/08/2026;13:35:00;170880,00;170945,00;170820,00;170845,00;3102123371,00;90767
WINV26;19/08/2026;13:30:00;170995,00;171015,00;170850,00;170880,00;3576550105,00;104620
WINV26;19/08/2026;13:25:00;171125,00;171135,00;170940,00;171000,00;3678474821,00;107537
WINV26;19/08/2026;13:20:00;171115,00;171220,00;171060,00;171130,00;2764528768,00;80770
WINV26;19/08/2026;13:15:00;171270,00;171325,00;171090,00;171110,00;3378624655,00;98674
WINV26;19/08/2026;13:10:00;171260,00;171370,00;171195,00;171265,00;4047099820,00;118131
WINV26;19/08/2026;13:05:00;171100,00;171320,00;171030,00;171260,00;4483696361,00;130977
WINV26;19/08/2026;13:00:00;171220,00;171265,00;171070,00;171095,00;4311566121,00;125948
WINV26;19/08/2026;12:55:00;171310,00;171360,00;171130,00;171225,00;4092381829,00;119489
WINV26;19/08/2026;12:50:00;171345,00;171445,00;171235,00;171315,00;3911528670,00;114150
WINV26;19/08/2026;12:45:00;171505,00;171515,00;171320,00;171340,00;4471179562,00;130430
WINV26;19/08/2026;12:40:00;171515,00;171575,00;171440,00;171505,00;3429253829,00;99977
WINV26;19/08/2026;12:35:00;171525,00;171655,00;171480,00;171515,00;3473960036,00;101243
WINV26;19/08/2026;12:30:00;171645,00;171750,00;171495,00;171530,00;4669218322,00;136029
WINV26;19/08/2026;12:25:00;171770,00;171805,00;171595,00;171640,00;4112586104,00;119759
WINV26;19/08/2026;12:20:00;171860,00;171885,00;171700,00;171775,00;5277245765,00;153586
WINV26;19/08/2026;12:15:00;172085,00;172125,00;171845,00;171860,00;4647253018,00;135111
WINV26;19/08/2026;12:10:00;172400,00;172410,00;172045,00;172080,00;5520392075,00;160295
WINV26;19/08/2026;12:05:00;172500,00;172515,00;172310,00;172405,00;3027379859,00;87801
WINV26;19/08/2026;12:00:00;172580,00;172620,00;172340,00;172495,00;5843246427,00;169425
WINV26;19/08/2026;11:55:00;172475,00;172805,00;172390,00;172575,00;7916827135,00;229339
WINV26;19/08/2026;11:50:00;172510,00;172540,00;172265,00;172480,00;7439536049,00;215777
WINV26;19/08/2026;11:45:00;172885,00;172905,00;172500,00;172505,00;7020037618,00;203245
WINV26;19/08/2026;11:40:00;173045,00;173085,00;172810,00;172880,00;4840032586,00;139944
WINV26;19/08/2026;11:35:00;173165,00;173245,00;173005,00;173040,00;4525712463,00;130719
WINV26;19/08/2026;11:30:00;173035,00;173270,00;172930,00;173170,00;6477765540,00;187121
WINV26;19/08/2026;11:25:00;172975,00;173130,00;172740,00;173040,00;8028734379,00;232150
WINV26;19/08/2026;11:20:00;173120,00;173150,00;172875,00;172975,00;5185568199,00;149873
WINV26;19/08/2026;11:15:00;172995,00;173245,00;172965,00;173125,00;6327341163,00;182735
WINV26;19/08/2026;11:10:00;172960,00;173160,00;172790,00;172995,00;7314343377,00;211437
WINV26;19/08/2026;11:05:00;173090,00;173300,00;172945,00;172955,00;8386374621,00;242186
WINV26;19/08/2026;11:00:00;173295,00;173370,00;172865,00;173085,00;1,039832711E10;300394
WINV26;19/08/2026;10:55:00;173100,00;173530,00;173075,00;173300,00;9844685703,00;283933
WINV26;19/08/2026;10:50:00;173225,00;173255,00;172710,00;173100,00;1,236014281E10;357277
WINV26;19/08/2026;10:45:00;172895,00;173285,00;172890,00;173230,00;1,155195284E10;333641
WINV26;19/08/2026;10:40:00;172545,00;172920,00;172460,00;172900,00;1,052565462E10;304801
WINV26;19/08/2026;10:35:00;172335,00;172645,00;172160,00;172545,00;1,213099949E10;351819
WINV26;19/08/2026;10:30:00;172295,00;172370,00;171935,00;172340,00;1,472458009E10;427662
WINV26;19/08/2026;10:25:00;171935,00;172480,00;171785,00;172295,00;1,113110609E10;323161
WINV26;19/08/2026;10:20:00;172090,00;172250,00;171780,00;171935,00;1,06129115E10;308457
WINV26;19/08/2026;10:15:00;171670,00;172115,00;171535,00;172090,00;1,096724811E10;319123
WINV26;19/08/2026;10:10:00;172140,00;172345,00;171655,00;171670,00;1,196158061E10;347764
WINV26;19/08/2026;10:05:00;171910,00;172290,00;171850,00;172140,00;1,120962711E10;325700
WINV26;19/08/2026;10:00:00;171575,00;172100,00;171470,00;171915,00;1,269891948E10;369775
WINV26;19/08/2026;09:55:00;171340,00;171725,00;171170,00;171570,00;6926781930,00;202067
WINV26;19/08/2026;09:50:00;171415,00;171495,00;171165,00;171340,00;7641569979,00;223012
WINV26;19/08/2026;09:45:00;171460,00;171650,00;171315,00;171415,00;5951555881,00;173527
WINV26;19/08/2026;09:40:00;171585,00;171970,00;171350,00;171460,00;1,309026783E10;381325
WINV26;19/08/2026;09:35:00;170995,00;171685,00;170955,00;171590,00;1,142239261E10;333292
WINV26;19/08/2026;09:30:00;170650,00;171120,00;170375,00;170995,00;1,341280629E10;392789
WINV26;19/08/2026;09:25:00;170515,00;170745,00;170485,00;170650,00;6985783238,00;204734
WINV26;19/08/2026;09:20:00;170390,00;170600,00;170225,00;170515,00;8685390103,00;254875
WINV26;19/08/2026;09:15:00;170475,00;170640,00;170305,00;170395,00;6598279225,00;193514
WINV26;19/08/2026;09:10:00;170470,00;170675,00;170345,00;170480,00;1,054053187E10;309101
WINV26;19/08/2026;09:05:00;169740,00;170550,00;169395,00;170475,00;1,589105047E10;467302
WINV26;19/08/2026;09:00:00;169635,00;169775,00;168680,00;169740,00;1,655397407E10;488943
WINV26;18/08/2026;18:20:00;169535,00;169640,00;169495,00;169640,00;984476338,00;29022
WINV26;18/08/2026;18:15:00;169590,00;169615,00;169435,00;169535,00;1154681547,00;34058
WINV26;18/08/2026;18:10:00;169555,00;169620,00;169480,00;169590,00;1386080811,00;40872
WINV26;18/08/2026;18:05:00;169455,00;169605,00;169395,00;169550,00;1635117435,00;48230
WINV26;18/08/2026;18:00:00;169435,00;169485,00;169325,00;169465,00;1573750729,00;46447
WINV26;18/08/2026;17:55:00;169310,00;169460,00;169295,00;169430,00;1519951678,00;44869
WINV26;18/08/2026;17:50:00;169290,00;169340,00;169245,00;169310,00;1310879222,00;38716
WINV26;18/08/2026;17:45:00;169270,00;169320,00;169265,00;169290,00;788477634,00;23287
WINV26;18/08/2026;17:40:00;169275,00;169315,00;169265,00;169270,00;450402655,00;13303
WINV26;18/08/2026;17:35:00;169290,00;169290,00;169255,00;169280,00;410788612,00;12134
WINV26;18/08/2026;17:30:00;169295,00;169300,00;169245,00;169295,00;768837069,00;22710
WINV26;18/08/2026;17:25:00;169245,00;169325,00;169205,00;169290,00;1361749002,00;40224
WINV26;18/08/2026;17:20:00;169345,00;169360,00;169225,00;169240,00;1353674117,00;39984
WINV26;18/08/2026;17:15:00;169200,00;169360,00;169200,00;169340,00;1981022039,00;58507
WINV26;18/08/2026;17:10:00;169385,00;169390,00;169170,00;169205,00;2751651513,00;81289
WINV26;18/08/2026;17:05:00;169375,00;169395,00;169335,00;169385,00;1053752507,00;31109
WINV26;18/08/2026;17:00:00;169375,00;169475,00;169330,00;169380,00;2093224624,00;61777
WINV26;18/08/2026;16:55:00;169395,00;169430,00;169300,00;169375,00;3054282646,00;90169
WINV26;18/08/2026;16:50:00;169460,00;169480,00;169375,00;169390,00;2334762478,00;68903
WINV26;18/08/2026;16:45:00;169470,00;169530,00;169440,00;169460,00;2073645242,00;61174
WINV26;18/08/2026;16:40:00;169440,00;169480,00;169395,00;169465,00;1881223599,00;55513
WINV26;18/08/2026;16:35:00;169365,00;169490,00;169355,00;169440,00;2152384690,00;63523
WINV26;18/08/2026;16:30:00;169375,00;169430,00;169310,00;169370,00;2356521550,00;69567
WINV26;18/08/2026;16:25:00;169330,00;169465,00;169325,00;169375,00;2732648727,00;80660
WINV26;18/08/2026;16:20:00;169325,00;169365,00;169240,00;169335,00;2889690240,00;85339
WINV26;18/08/2026;16:15:00;169330,00;169375,00;169265,00;169320,00;1971880516,00;58231
WINV26;18/08/2026;16:10:00;169330,00;169435,00;169270,00;169330,00;3982344030,00;117574
WINV26;18/08/2026;16:05:00;169385,00;169390,00;169240,00;169325,00;4316346757,00;127468
WINV26;18/08/2026;16:00:00;169415,00;169425,00;169320,00;169385,00;2681497970,00;79154
WINV26;18/08/2026;15:55:00;169365,00;169470,00;169345,00;169415,00;3125975046,00;92263
WINV26;18/08/2026;15:50:00;169570,00;169585,00;169310,00;169365,00;6310949761,00;186262
WINV26;18/08/2026;15:45:00;169655,00;169660,00;169530,00;169570,00;3398888142,00;100214
WINV26;18/08/2026;15:40:00;169780,00;169780,00;169590,00;169655,00;4047548876,00;119273
WINV26;18/08/2026;15:35:00;169930,00;169940,00;169765,00;169775,00;3804401364,00;112002
WINV26;18/08/2026;15:30:00;169995,00;170035,00;169930,00;169935,00;2305405099,00;67812
WINV26;18/08/2026;15:25:00;170080,00;170090,00;169915,00;169995,00;3519903649,00;103516
WINV26;18/08/2026;15:20:00;170110,00;170165,00;170030,00;170080,00;3938005719,00;115755
WINV26;18/08/2026;15:15:00;170130,00;170295,00;170090,00;170110,00;5788500002,00;170065
WINV26;18/08/2026;15:10:00;169940,00;170160,00;169930,00;170135,00;3495171591,00;102771
WINV26;18/08/2026;15:05:00;169845,00;170015,00;169785,00;169940,00;4164261206,00;122541
WINV26;18/08/2026;15:00:00;169840,00;169935,00;169805,00;169845,00;2886543638,00;84964
WINV26;18/08/2026;14:55:00;169850,00;169975,00;169840,00;169840,00;2743957363,00;80752
WINV26;18/08/2026;14:50:00;169890,00;169930,00;169840,00;169850,00;1501923831,00;44203
WINV26;18/08/2026;14:45:00;169945,00;169965,00;169860,00;169890,00;1733210516,00;51004
WINV26;18/08/2026;14:40:00;169880,00;169990,00;169865,00;169950,00;2396539764,00;70518
WINV26;18/08/2026;14:35:00;170000,00;170100,00;169825,00;169880,00;5097977916,00;149981
WINV26;18/08/2026;14:30:00;169930,00;170085,00;169920,00;170000,00;3535583638,00;103983
WINV26;18/08/2026;14:25:00;169955,00;169995,00;169820,00;169935,00;4276920079,00;125856
WINV26;18/08/2026;14:20:00;169910,00;170035,00;169870,00;169950,00;3705242067,00;108996
WINV26;18/08/2026;14:15:00;169955,00;169955,00;169870,00;169905,00;2776280596,00;81699
WINV26;18/08/2026;14:10:00;169955,00;170060,00;169900,00;169950,00;5080805826,00;149451
WINV26;18/08/2026;14:05:00;169870,00;169980,00;169805,00;169955,00;3836796846,00;112927
WINV26;18/08/2026;14:00:00;169820,00;169910,00;169765,00;169865,00;4007305273,00;117979
WINV26;18/08/2026;13:55:00;169665,00;169845,00;169640,00;169825,00;4499428344,00;132528
WINV26;18/08/2026;13:50:00;169535,00;169700,00;169480,00;169660,00;3686760440,00;108686
WINV26;18/08/2026;13:45:00;169550,00;169595,00;169435,00;169535,00;4623024226,00;136366
WINV26;18/08/2026;13:40:00;169535,00;169565,00;169490,00;169555,00;3069813613,00;90539
WINV26;18/08/2026;13:35:00;169660,00;169665,00;169525,00;169535,00;2757385569,00;81298
WINV26;18/08/2026;13:30:00;169675,00;169690,00;169605,00;169660,00;2028427634,00;59784
WINV26;18/08/2026;13:25:00;169655,00;169720,00;169645,00;169675,00;2189506426,00;64516
WINV26;18/08/2026;13:20:00;169690,00;169705,00;169600,00;169660,00;2600823253,00;76655
WINV26;18/08/2026;13:15:00;169715,00;169735,00;169635,00;169690,00;2935619003,00;86503
WINV26;18/08/2026;13:10:00;169750,00;169760,00;169655,00;169715,00;3296974821,00;97140
WINV26;18/08/2026;13:05:00;169785,00;169790,00;169730,00;169750,00;1739526956,00;51237
WINV26;18/08/2026;13:00:00;169840,00;169875,00;169760,00;169785,00;2670877902,00;78644
WINV26;18/08/2026;12:55:00;169905,00;169945,00;169785,00;169840,00;2585540472,00;76106
WINV26;18/08/2026;12:50:00;169855,00;169920,00;169825,00;169910,00;2213410031,00;65150
WINV26;18/08/2026;12:45:00;169780,00;169920,00;169775,00;169850,00;2818531938,00;82969
WINV26;18/08/2026;12:40:00;169765,00;169850,00;169725,00;169775,00;3131376392,00;92216
WINV26;18/08/2026;12:35:00;169940,00;169945,00;169760,00;169770,00;3598914165,00;105949
WINV26;18/08/2026;12:30:00;169950,00;169990,00;169915,00;169945,00;1941137792,00;57109
WINV26;18/08/2026;12:25:00;169915,00;170010,00;169905,00;169955,00;2398520400,00;70561
WINV26;18/08/2026;12:20:00;169945,00;170030,00;169900,00;169915,00;3202531393,00;94212
WINV26;18/08/2026;12:15:00;169895,00;170025,00;169785,00;169950,00;5870624929,00;172757
WINV26;18/08/2026;12:10:00;170005,00;170055,00;169845,00;169890,00;5241708125,00;154199
WINV26;18/08/2026;12:05:00;169845,00;170155,00;169820,00;170005,00;7064308429,00;207736
WINV26;18/08/2026;12:00:00;169735,00;170000,00;169725,00;169840,00;7410228361,00;218112
WINV26;18/08/2026;11:55:00;169815,00;169850,00;169705,00;169735,00;5693481196,00;167672
WINV26;18/08/2026;11:50:00;170145,00;170160,00;169805,00;169810,00;7641837334,00;224796
WINV26;18/08/2026;11:45:00;170120,00;170200,00;170040,00;170145,00;4576704159,00;134506
WINV26;18/08/2026;11:40:00;170170,00;170260,00;170065,00;170115,00;6104152336,00;179364
WINV26;18/08/2026;11:35:00;170305,00;170340,00;170130,00;170170,00;7231128413,00;212385
WINV26;18/08/2026;11:30:00;170330,00;170600,00;170300,00;170305,00;8511890845,00;249706
WINV26;18/08/2026;11:25:00;170620,00;170625,00;170280,00;170335,00;6637486348,00;194773
WINV26;18/08/2026;11:20:00;170635,00;170695,00;170550,00;170620,00;5516645100,00;161674
WINV26;18/08/2026;11:15:00;170970,00;170975,00;170500,00;170635,00;1,094471519E10;320606
WINV26;18/08/2026;11:10:00;171040,00;171155,00;170905,00;170970,00;7334836669,00;214471
WINV26;18/08/2026;11:05:00;171175,00;171200,00;171025,00;171040,00;5472873329,00;159935
WINV26;18/08/2026;11:00:00;171355,00;171500,00;171075,00;171175,00;9715799085,00;283649
WINV26;18/08/2026;10:55:00;171180,00;171435,00;171135,00;171360,00;8578675661,00;250428
WINV26;18/08/2026;10:50:00;171295,00;171400,00;170990,00;171180,00;1,131339437E10;330464
WINV26;18/08/2026;10:45:00;171180,00;171300,00;171080,00;171300,00;8495296555,00;248125
WINV26;18/08/2026;10:40:00;170820,00;171280,00;170675,00;171180,00;1,353132785E10;395738
WINV26;18/08/2026;10:35:00;170640,00;170975,00;170600,00;170825,00;1,201587619E10;351791
WINV26;18/08/2026;10:30:00;170395,00;170950,00;170180,00;170635,00;2,029607561E10;594668
WINV26;18/08/2026;10:25:00;170120,00;170440,00;169950,00;170390,00;1,003676527E10;294823
WINV26;18/08/2026;10:20:00;170115,00;170170,00;169825,00;170120,00;1,089517803E10;320493
WINV26;18/08/2026;10:15:00;170245,00;170300,00;170045,00;170120,00;1,077086639E10;316454
WINV26;18/08/2026;10:10:00;170055,00;170335,00;169980,00;170245,00;1,245323248E10;365895
WINV26;18/08/2026;10:05:00;169820,00;170130,00;169680,00;170055,00;1,045558305E10;307677
WINV26;18/08/2026;10:00:00;170160,00;170180,00;169630,00;169825,00;1,489788525E10;438513
WINV26;18/08/2026;09:55:00;170060,00;170180,00;170005,00;170165,00;5524359946,00;162391
WINV26;18/08/2026;09:50:00;169960,00;170075,00;169910,00;170055,00;5337596849,00;156981
WINV26;18/08/2026;09:45:00;169815,00;170005,00;169795,00;169965,00;4528884159,00;133277
WINV26;18/08/2026;09:40:00;169845,00;169860,00;169705,00;169815,00;4027456054,00;118610
WINV26;18/08/2026;09:35:00;169820,00;169945,00;169780,00;169840,00;4407221254,00;129730
WINV26;18/08/2026;09:30:00;169840,00;169915,00;169700,00;169825,00;5028506939,00;148082
WINV26;18/08/2026;09:25:00;169835,00;169960,00;169745,00;169845,00;4898432343,00;144207
WINV26;18/08/2026;09:20:00;169965,00;170070,00;169770,00;169830,00;5754229736,00;169348
WINV26;18/08/2026;09:15:00;169720,00;170095,00;169680,00;169960,00;7802968973,00;229584
WINV26;18/08/2026;09:10:00;169790,00;169835,00;169570,00;169720,00;8335265480,00;245571
WINV26;18/08/2026;09:05:00;169690,00;170115,00;169685,00;169790,00;1,095566472E10;322372
WINV26;18/08/2026;09:00:00;169640,00;169720,00;168555,00;169690,00;1,239769214E10;366155
WINV26;17/08/2026;18:20:00;170155,00;170190,00;169975,00;169975,00;1016116601,00;29879
WINV26;17/08/2026;18:15:00;170100,00;170180,00;170025,00;170160,00;1065235177,00;31311
WINV26;17/08/2026;18:10:00;169940,00;170130,00;169910,00;170100,00;1582136805,00;46529
WINV26;17/08/2026;18:05:00;169920,00;169975,00;169860,00;169940,00;1282592013,00;37740
WINV26;17/08/2026;18:00:00;169855,00;169955,00;169845,00;169920,00;1004129076,00;29549
WINV26;17/08/2026;17:55:00;169800,00;169885,00;169795,00;169850,00;1173619818,00;34548
WINV26;17/08/2026;17:50:00;169780,00;169810,00;169745,00;169800,00;448296493,00;13202
WINV26;17/08/2026;17:45:00;169795,00;169830,00;169750,00;169775,00;763111976,00;22473
WINV26;17/08/2026;17:40:00;169760,00;169810,00;169730,00;169790,00;882297852,00;25985
WINV26;17/08/2026;17:35:00;169795,00;169840,00;169750,00;169760,00;1439019367,00;42372
WINV26;17/08/2026;17:30:00;169780,00;169800,00;169740,00;169795,00;980726105,00;28885
WINV26;17/08/2026;17:25:00;169745,00;169790,00;169715,00;169780,00;1051702201,00;30976
WINV26;17/08/2026;17:20:00;169815,00;169815,00;169720,00;169745,00;1250466507,00;36832
WINV26;17/08/2026;17:15:00;169720,00;169845,00;169675,00;169815,00;2233581104,00;65783
WINV26;17/08/2026;17:10:00;169740,00;169810,00;169700,00;169715,00;2443303379,00;71964
WINV26;17/08/2026;17:05:00;169935,00;169940,00;169700,00;169740,00;2940664070,00;86582
WINV26;17/08/2026;17:00:00;170040,00;170040,00;169850,00;169930,00;4030940102,00;118612
WINV26;17/08/2026;16:55:00;170040,00;170090,00;169980,00;170040,00;2894918644,00;85128
WINV26;17/08/2026;16:50:00;170125,00;170145,00;170010,00;170035,00;2968505448,00;87277
WINV26;17/08/2026;16:45:00;170160,00;170235,00;170110,00;170130,00;2792239739,00;82046
WINV26;17/08/2026;16:40:00;170000,00;170220,00;169990,00;170160,00;3839787739,00;112860
WINV26;17/08/2026;16:35:00;169910,00;170045,00;169900,00;170000,00;2768901223,00;81445
WINV26;17/08/2026;16:30:00;169890,00;169915,00;169810,00;169910,00;2354020623,00;69289
WINV26;17/08/2026;16:25:00;169860,00;169965,00;169855,00;169885,00;1979042717,00;58234
WINV26;17/08/2026;16:20:00;169925,00;169930,00;169850,00;169860,00;1490530719,00;43869
WINV26;17/08/2026;16:15:00;169900,00;169935,00;169890,00;169925,00;1020316623,00;30024
WINV26;17/08/2026;16:10:00;169950,00;169965,00;169865,00;169900,00;2341331073,00;68897
WINV26;17/08/2026;16:05:00;169895,00;169995,00;169875,00;169950,00;1815411133,00;53410
WINV26;17/08/2026;16:00:00;169925,00;170015,00;169865,00;169890,00;3290102619,00;96800
WINV26;17/08/2026;15:55:00;169940,00;169945,00;169835,00;169920,00;2683010947,00;78964
WINV26;17/08/2026;15:50:00;170005,00;170010,00;169920,00;169945,00;1744621592,00;51327
WINV26;17/08/2026;15:45:00;169920,00;170040,00;169885,00;170005,00;2400562791,00;70622
WINV26;17/08/2026;15:40:00;169880,00;169960,00;169825,00;169920,00;2374023827,00;69865
WINV26;17/08/2026;15:35:00;169880,00;169950,00;169845,00;169880,00;2206217941,00;64931
WINV26;17/08/2026;15:30:00;169820,00;169920,00;169755,00;169875,00;3065229457,00;90245
WINV26;17/08/2026;15:25:00;169845,00;169855,00;169725,00;169820,00;2983632915,00;87865
WINV26;17/08/2026;15:20:00;169800,00;169860,00;169760,00;169845,00;2218958282,00;65334
WINV26;17/08/2026;15:15:00;169715,00;169910,00;169675,00;169800,00;4422881397,00;130231
WINV26;17/08/2026;15:10:00;169595,00;169725,00;169540,00;169720,00;3876749060,00;114258
WINV26;17/08/2026;15:05:00;169770,00;169770,00;169575,00;169600,00;4111647763,00;121184
WINV26;17/08/2026;15:00:00;169780,00;169825,00;169730,00;169765,00;3059592299,00;90104
WINV26;17/08/2026;14:55:00;169860,00;169935,00;169760,00;169775,00;3684501971,00;108462
WINV26;17/08/2026;14:50:00;169795,00;169895,00;169790,00;169860,00;2248327529,00;66186
WINV26;17/08/2026;14:45:00;169815,00;169875,00;169785,00;169795,00;2400918897,00;70687
WINV26;17/08/2026;14:40:00;169730,00;169835,00;169715,00;169815,00;2534428566,00;74640
WINV26;17/08/2026;14:35:00;169815,00;169840,00;169715,00;169725,00;3937220860,00;115948
WINV26;17/08/2026;14:30:00;169905,00;169945,00;169785,00;169815,00;3609533859,00;106251
WINV26;17/08/2026;14:25:00;169965,00;170035,00;169885,00;169905,00;3982967303,00;117176
WINV26;17/08/2026;14:20:00;170000,00;170110,00;169940,00;169970,00;4356429021,00;128117
WINV26;17/08/2026;14:15:00;169890,00;170040,00;169875,00;170000,00;3704355453,00;108971
WINV26;17/08/2026;14:10:00;169830,00;169935,00;169795,00;169890,00;4168230296,00;122693
WINV26;17/08/2026;14:05:00;169635,00;169850,00;169565,00;169835,00;5137871733,00;151415
WINV26;17/08/2026;14:00:00;169710,00;169845,00;169630,00;169635,00;4110289129,00;121072
WINV26;17/08/2026;13:55:00;169730,00;169795,00;169645,00;169705,00;3941290465,00;116110
WINV26;17/08/2026;13:50:00;169635,00;169760,00;169570,00;169730,00;3407450681,00;100416
WINV26;17/08/2026;13:45:00;169690,00;169705,00;169560,00;169640,00;3668954359,00;108145
WINV26;17/08/2026;13:40:00;169825,00;169825,00;169640,00;169690,00;3376213876,00;99469
WINV26;17/08/2026;13:35:00;169860,00;169865,00;169760,00;169820,00;2689256440,00;79184
WINV26;17/08/2026;13:30:00;169980,00;169985,00;169840,00;169860,00;2443513275,00;71913
WINV26;17/08/2026;13:25:00;169900,00;170020,00;169890,00;169975,00;2867214995,00;84350
WINV26;17/08/2026;13:20:00;170030,00;170035,00;169795,00;169895,00;4150827431,00;122161
WINV26;17/08/2026;13:15:00;169925,00;170045,00;169920,00;170035,00;2329004254,00;68505
WINV26;17/08/2026;13:10:00;169905,00;170080,00;169890,00;169930,00;3789689018,00;111466
WINV26;17/08/2026;13:05:00;169815,00;169915,00;169815,00;169905,00;1911042688,00;56253
WINV26;17/08/2026;13:00:00;169840,00;169935,00;169785,00;169815,00;3041676339,00;89537
WINV26;17/08/2026;12:55:00;169850,00;169855,00;169780,00;169840,00;2027237615,00;59688
WINV26;17/08/2026;12:50:00;169850,00;169890,00;169750,00;169850,00;3455470286,00;101737
WINV26;17/08/2026;12:45:00;170040,00;170095,00;169800,00;169850,00;5203870727,00;153111
WINV26;17/08/2026;12:40:00;170075,00;170080,00;169945,00;170040,00;2319714249,00;68228
WINV26;17/08/2026;12:35:00;170055,00;170155,00;169965,00;170075,00;3674175410,00;108027
WINV26;17/08/2026;12:30:00;170055,00;170130,00;169955,00;170055,00;3637069441,00;106950
WINV26;17/08/2026;12:25:00;169730,00;170130,00;169695,00;170050,00;7065045776,00;207818
WINV26;17/08/2026;12:20:00;169755,00;169810,00;169680,00;169730,00;3770111110,00;111052
WINV26;17/08/2026;12:15:00;169935,00;170035,00;169720,00;169755,00;5267092382,00;155024
WINV26;17/08/2026;12:10:00;169770,00;169955,00;169740,00;169940,00;4899947160,00;144246
WINV26;17/08/2026;12:05:00;169720,00;169800,00;169575,00;169765,00;3998809934,00;117839
WINV26;17/08/2026;12:00:00;169640,00;169750,00;169560,00;169720,00;3452699811,00;101749
WINV26;17/08/2026;11:55:00;169675,00;169745,00;169575,00;169645,00;3669511007,00;108144
WINV26;17/08/2026;11:50:00;169775,00;169850,00;169565,00;169675,00;4779435383,00;140829
WINV26;17/08/2026;11:45:00;169660,00;169820,00;169590,00;169775,00;4550846765,00;134090
WINV26;17/08/2026;11:40:00;169585,00;169900,00;169545,00;169660,00;7487768540,00;220602
WINV26;17/08/2026;11:35:00;169890,00;169915,00;169525,00;169590,00;7299601615,00;215064
WINV26;17/08/2026;11:30:00;170315,00;170365,00;169870,00;169890,00;7922148136,00;232892
WINV26;17/08/2026;11:25:00;170270,00;170375,00;170185,00;170315,00;5004458991,00;146936
WINV26;17/08/2026;11:20:00;170225,00;170465,00;170130,00;170275,00;9303069373,00;273158
WINV26;17/08/2026;11:15:00;170170,00;170280,00;169855,00;170230,00;1,013329944E10;297944
WINV26;17/08/2026;11:10:00;170075,00;170195,00;169925,00;170165,00;6734182673,00;198007
WINV26;17/08/2026;11:05:00;170250,00;170355,00;170010,00;170075,00;6830091896,00;200654
WINV26;17/08/2026;11:00:00;169730,00;170395,00;169705,00;170255,00;1,360223762E10;399786
WINV26;17/08/2026;10:55:00;169800,00;169895,00;169690,00;169730,00;4946851148,00;145682
WINV26;17/08/2026;10:50:00;169685,00;169870,00;169660,00;169795,00;6309564316,00;185824
WINV26;17/08/2026;10:45:00;169665,00;169960,00;169580,00;169690,00;9642839024,00;283969
WINV26;17/08/2026;10:40:00;169915,00;169925,00;169565,00;169660,00;1,083125462E10;319113
WINV26;17/08/2026;10:35:00;169965,00;170075,00;169755,00;169915,00;1,23369675E10;363033
WINV26;17/08/2026;10:30:00;170820,00;170895,00;169905,00;169965,00;1,887604809E10;554079
WINV26;17/08/2026;10:25:00;171095,00;171170,00;170665,00;170820,00;9267431778,00;271135
WINV26;17/08/2026;10:20:00;170800,00;171170,00;170775,00;171090,00;1,039139909E10;303850
WINV26;17/08/2026;10:15:00;170305,00;170910,00;170245,00;170800,00;1,606606676E10;470945
WINV26;17/08/2026;10:10:00;170390,00;170445,00;169950,00;170310,00;1,328812748E10;390284
WINV26;17/08/2026;10:05:00;169910,00;170410,00;169805,00;170385,00;1,240926294E10;364862
WINV26;17/08/2026;10:00:00;169660,00;170040,00;169515,00;169915,00;1,224963589E10;360693
WINV26;17/08/2026;09:55:00;169620,00;169740,00;169580,00;169655,00;3492301053,00;102925
WINV26;17/08/2026;09:50:00;169685,00;169725,00;169575,00;169625,00;3841854510,00;113232
WINV26;17/08/2026;09:45:00;169640,00;169795,00;169610,00;169680,00;5104369653,00;150407
WINV26;17/08/2026;09:40:00;169480,00;169710,00;169475,00;169635,00;6250934861,00;184256
WINV26;17/08/2026;09:35:00;169535,00;169595,00;169385,00;169480,00;6425238018,00;189557
WINV26;17/08/2026;09:30:00;169585,00;169660,00;169400,00;169530,00;8333816679,00;245815
WINV26;17/08/2026;09:25:00;169715,00;169730,00;169530,00;169590,00;6173493408,00;181962
WINV26;17/08/2026;09:20:00;169670,00;169875,00;169655,00;169715,00;5223450883,00;153838
WINV26;17/08/2026;09:15:00;169665,00;169740,00;169560,00;169665,00;4343625887,00;128008
WINV26;17/08/2026;09:10:00;169865,00;169880,00;169610,00;169660,00;6466661018,00;190477
WINV26;17/08/2026;09:05:00;170130,00;170425,00;169840,00;169870,00;1,021568384E10;300249
WINV26;17/08/2026;09:00:00;170245,00;171160,00;170115,00;170130,00;1,29243679E10;378948
WINV26;14/08/2026;18:20:00;170005,00;170015,00;169875,00;169975,00;1128403221,00;33194
WINV26;14/08/2026;18:15:00;170245,00;170245,00;169960,00;170010,00;1133628057,00;33330
WINV26;14/08/2026;18:10:00;170230,00;170265,00;170140,00;170240,00;834421090,00;24513
WINV26;14/08/2026;18:05:00;170080,00;170280,00;170075,00;170230,00;1806859161,00;53083
WINV26;14/08/2026;18:00:00;170020,00;170130,00;169830,00;170080,00;1986030508,00;58423
WINV26;14/08/2026;17:55:00;169995,00;170090,00;169980,00;170020,00;1164952659,00;34256
WINV26;14/08/2026;17:50:00;169965,00;170015,00;169930,00;169995,00;849931892,00;25002
WINV26;14/08/2026;17:45:00;170030,00;170040,00;169925,00;169970,00;1124253540,00;33071
WINV26;14/08/2026;17:40:00;169925,00;170040,00;169915,00;170030,00;1185006113,00;34856
WINV26;14/08/2026;17:35:00;170055,00;170060,00;169905,00;169920,00;1219832968,00;35880
WINV26;14/08/2026;17:30:00;169855,00;170095,00;169830,00;170055,00;2851530674,00;83863
WINV26;14/08/2026;17:25:00;169865,00;169950,00;169810,00;169860,00;1649063213,00;48536
WINV26;14/08/2026;17:20:00;169905,00;169905,00;169835,00;169860,00;844121651,00;24847
WINV26;14/08/2026;17:15:00;169785,00;169940,00;169785,00;169905,00;1724320676,00;50761
WINV26;14/08/2026;17:10:00;169910,00;169955,00;169755,00;169790,00;2798163164,00;82374
WINV26;14/08/2026;17:05:00;170045,00;170170,00;169900,00;169915,00;3951770036,00;116222
WINV26;14/08/2026;17:00:00;169810,00;170090,00;169760,00;170045,00;5304410590,00;156094
WINV26;14/08/2026;16:55:00;170030,00;170035,00;169705,00;169810,00;5614892806,00;165287
WINV26;14/08/2026;16:50:00;169800,00;170180,00;169780,00;170035,00;7877244777,00;231717
WINV26;14/08/2026;16:45:00;169520,00;169885,00;169425,00;169795,00;5920270384,00;174511
WINV26;14/08/2026;16:40:00;169410,00;169635,00;169250,00;169525,00;7037956539,00;207692
WINV26;14/08/2026;16:35:00;169565,00;169600,00;169370,00;169415,00;3711026089,00;109506
WINV26;14/08/2026;16:30:00;169405,00;169665,00;169385,00;169570,00;6385861407,00;188325
WINV26;14/08/2026;16:25:00;169090,00;169480,00;169080,00;169400,00;7045518139,00;208068
WINV26;14/08/2026;16:20:00;168925,00;169105,00;168915,00;169090,00;3364114269,00;99517
WINV26;14/08/2026;16:15:00;168855,00;168950,00;168750,00;168930,00;4064420436,00;120362
WINV26;14/08/2026;16:10:00;168845,00;168980,00;168845,00;168860,00;4239772772,00;125500
WINV26;14/08/2026;16:05:00;168745,00;168860,00;168740,00;168845,00;2438780397,00;72240
WINV26;14/08/2026;16:00:00;168850,00;168880,00;168695,00;168745,00;3963820288,00;117432
WINV26;14/08/2026;15:55:00;168850,00;168910,00;168835,00;168845,00;2496764456,00;73924
WINV26;14/08/2026;15:50:00;168770,00;168925,00;168740,00;168850,00;5155799931,00;152681
WINV26;14/08/2026;15:45:00;168490,00;168775,00;168435,00;168765,00;6085544014,00;180470
WINV26;14/08/2026;15:40:00;168600,00;168610,00;168460,00;168485,00;2829498734,00;83944
WINV26;14/08/2026;15:35:00;168535,00;168635,00;168500,00;168600,00;2963960388,00;87910
WINV26;14/08/2026;15:30:00;168540,00;168575,00;168495,00;168535,00;2788329478,00;82722
WINV26;14/08/2026;15:25:00;168445,00;168555,00;168415,00;168545,00;3108815990,00;92262
WINV26;14/08/2026;15:20:00;168435,00;168470,00;168330,00;168445,00;2908883869,00;86368
WINV26;14/08/2026;15:15:00;168360,00;168500,00;168320,00;168430,00;5678249403,00;168594
WINV26;14/08/2026;15:10:00;168330,00;168390,00;168295,00;168360,00;2946190689,00;87503
WINV26;14/08/2026;15:05:00;168195,00;168340,00;168160,00;168330,00;4369512240,00;129837
WINV26;14/08/2026;15:00:00;168100,00;168195,00;168065,00;168195,00;2762870653,00;82161
WINV26;14/08/2026;14:55:00;168075,00;168150,00;168050,00;168100,00;2358035013,00;70139
WINV26;14/08/2026;14:50:00;168045,00;168100,00;168005,00;168075,00;2300888602,00;68456
WINV26;14/08/2026;14:45:00;168065,00;168085,00;167975,00;168045,00;2716340292,00;80830
WINV26;14/08/2026;14:40:00;168075,00;168135,00;168050,00;168065,00;1863466723,00;55430
WINV26;14/08/2026;14:35:00;168125,00;168260,00;168050,00;168075,00;3929684961,00;116845
WINV26;14/08/2026;14:30:00;168155,00;168190,00;168080,00;168125,00;2805405786,00;83429
WINV26;14/08/2026;14:25:00;168185,00;168190,00;168105,00;168150,00;2773074702,00;82461
WINV26;14/08/2026;14:20:00;168255,00;168315,00;168175,00;168190,00;2257006856,00;67072
WINV26;14/08/2026;14:15:00;168250,00;168275,00;168205,00;168255,00;1594002526,00;47372
WINV26;14/08/2026;14:10:00;168235,00;168285,00;168160,00;168255,00;2709072133,00;80516
WINV26;14/08/2026;14:05:00;168245,00;168300,00;168180,00;168235,00;2127336476,00;63226
WINV26;14/08/2026;14:00:00;168350,00;168375,00;168210,00;168245,00;3891763169,00;115640
WINV26;14/08/2026;13:55:00;168465,00;168465,00;168245,00;168350,00;5043942240,00;149826
WINV26;14/08/2026;13:50:00;168655,00;168655,00;168450,00;168460,00;3224851585,00;95675
WINV26;14/08/2026;13:45:00;168695,00;168740,00;168615,00;168655,00;2442614821,00;72406
WINV26;14/08/2026;13:40:00;168690,00;168780,00;168635,00;168690,00;2818705566,00;83539
WINV26;14/08/2026;13:35:00;168665,00;168750,00;168645,00;168690,00;2158844342,00;63987
WINV26;14/08/2026;13:30:00;168560,00;168730,00;168480,00;168665,00;3956955798,00;117318
WINV26;14/08/2026;13:25:00;168530,00;168580,00;168470,00;168555,00;1614820950,00;47911
WINV26;14/08/2026;13:20:00;168630,00;168645,00;168430,00;168525,00;3677372414,00;109111
WINV26;14/08/2026;13:15:00;168510,00;168700,00;168490,00;168630,00;2780547588,00;82454
WINV26;14/08/2026;13:10:00;168610,00;168635,00;168490,00;168510,00;2942805112,00;87291
WINV26;14/08/2026;13:05:00;168555,00;168625,00;168505,00;168615,00;2097450354,00;62219
WINV26;14/08/2026;13:00:00;168695,00;168705,00;168525,00;168555,00;3303845489,00;97979
WINV26;14/08/2026;12:55:00;168720,00;168775,00;168655,00;168695,00;2391702548,00;70880
WINV26;14/08/2026;12:50:00;168695,00;168790,00;168655,00;168720,00;2403644855,00;71232
WINV26;14/08/2026;12:45:00;168765,00;168780,00;168690,00;168695,00;2788524397,00;82635
WINV26;14/08/2026;12:40:00;168830,00;168860,00;168720,00;168770,00;3382491821,00;100200
WINV26;14/08/2026;12:35:00;168740,00;168895,00;168695,00;168825,00;2979791227,00;88257
WINV26;14/08/2026;12:30:00;168730,00;168785,00;168610,00;168735,00;3643066024,00;107981
WINV26;14/08/2026;12:25:00;168725,00;168750,00;168630,00;168725,00;3747729252,00;111083
WINV26;14/08/2026;12:20:00;168710,00;168865,00;168635,00;168730,00;4568173259,00;135345
WINV26;14/08/2026;12:15:00;168670,00;168715,00;168625,00;168715,00;2768321790,00;82063
WINV26;14/08/2026;12:10:00;168770,00;168795,00;168640,00;168670,00;3810984328,00;112942
WINV26;14/08/2026;12:05:00;168725,00;168805,00;168565,00;168770,00;5163963357,00;153058
WINV26;14/08/2026;12:00:00;168505,00;168805,00;168405,00;168730,00;6042850434,00;179204
WINV26;14/08/2026;11:55:00;168700,00;168740,00;168470,00;168505,00;5017131220,00;148816
WINV26;14/08/2026;11:50:00;168735,00;168810,00;168655,00;168695,00;3680244605,00;109045
WINV26;14/08/2026;11:45:00;168775,00;168795,00;168555,00;168735,00;4992060030,00;148004
WINV26;14/08/2026;11:40:00;168760,00;168840,00;168680,00;168780,00;3971709103,00;117676
WINV26;14/08/2026;11:35:00;168745,00;168785,00;168580,00;168760,00;4911223528,00;145576
WINV26;14/08/2026;11:30:00;168780,00;168950,00;168635,00;168750,00;7492027449,00;221951
WINV26;14/08/2026;11:25:00;168645,00;168830,00;168610,00;168775,00;5315803354,00;157516
WINV26;14/08/2026;11:20:00;168390,00;168745,00;168365,00;168645,00;7551992383,00;223963
WINV26;14/08/2026;11:15:00;168585,00;168640,00;168310,00;168390,00;8009045420,00;237751
WINV26;14/08/2026;11:10:00;168885,00;169075,00;168530,00;168585,00;1,004423113E10;297517
WINV26;14/08/2026;11:05:00;168945,00;168980,00;168640,00;168885,00;9708095898,00;287599
WINV26;14/08/2026;11:00:00;169235,00;169365,00;168880,00;168950,00;9919297000,00;293324
WINV26;14/08/2026;10:55:00;169220,00;169290,00;169120,00;169235,00;4666798206,00;137887
WINV26;14/08/2026;10:50:00;169320,00;169640,00;169135,00;169220,00;1,137784891E10;335772
WINV26;14/08/2026;10:45:00;169130,00;169425,00;169075,00;169325,00;9359797213,00;276455
WINV26;14/08/2026;10:40:00;169145,00;169230,00;168800,00;169135,00;1,349064496E10;399144
WINV26;14/08/2026;10:35:00;168920,00;169285,00;168875,00;169140,00;1,262875379E10;373514
WINV26;14/08/2026;10:30:00;169525,00;169530,00;168840,00;168925,00;1,892425142E10;559476
WINV26;14/08/2026;10:25:00;169770,00;169850,00;169450,00;169530,00;8131198876,00;239618
WINV26;14/08/2026;10:20:00;169740,00;169800,00;169620,00;169770,00;5855359620,00;172523
WINV26;14/08/2026;10:15:00;169750,00;169855,00;169525,00;169745,00;1,175028475E10;346251
WINV26;14/08/2026;10:10:00;169955,00;170100,00;169565,00;169755,00;1,271017244E10;374261
WINV26;14/08/2026;10:05:00;169560,00;170055,00;169495,00;169960,00;1,2868441E10;378919
WINV26;14/08/2026;10:00:00;169430,00;169680,00;169205,00;169560,00;1,466374522E10;432700
WINV26;14/08/2026;09:55:00;169485,00;169580,00;169400,00;169425,00;3941426756,00;116282
WINV26;14/08/2026;09:50:00;169475,00;169550,00;169340,00;169485,00;6507959704,00;192017
WINV26;14/08/2026;09:45:00;169055,00;169500,00;169035,00;169475,00;1,05353407E10;311225
WINV26;14/08/2026;09:40:00;169380,00;169385,00;169045,00;169055,00;8785695871,00;259647
WINV26;14/08/2026;09:35:00;169725,00;169735,00;169345,00;169380,00;8838700414,00;260690
WINV26;14/08/2026;09:30:00;169755,00;169985,00;169670,00;169725,00;8603170075,00;253337
WINV26;14/08/2026;09:25:00;170280,00;170290,00;169745,00;169755,00;7666116172,00;225551
WINV26;14/08/2026;09:20:00;170210,00;170390,00;170130,00;170285,00;5948773494,00;174704
WINV26;14/08/2026;09:15:00;169985,00;170270,00;169950,00;170210,00;6123579957,00;179977
WINV26;14/08/2026;09:10:00;170005,00;170140,00;169940,00;169990,00;5965427378,00;175415
WINV26;14/08/2026;09:05:00;170400,00;170455,00;169900,00;170005,00;8716465272,00;256289
WINV26;14/08/2026;09:00:00;171100,00;171240,00;170035,00;170400,00;1,394856974E10;409219
WINV26;13/08/2026;18:20:00;170805,00;170870,00;170740,00;170775,00;1188053351,00;34782
WINV26;13/08/2026;18:15:00;170815,00;170970,00;170725,00;170805,00;1616821619,00;47316
WINV26;13/08/2026;18:10:00;170655,00;170900,00;170600,00;170815,00;2286369786,00;66939
WINV26;13/08/2026;18:05:00;170535,00;170680,00;170515,00;170650,00;1752205343,00;51352
WINV26;13/08/2026;18:00:00;170410,00;170545,00;170355,00;170530,00;1401456896,00;41109
WINV26;13/08/2026;17:55:00;170350,00;170440,00;170310,00;170405,00;1425139412,00;41824
WINV26;13/08/2026;17:50:00;170250,00;170370,00;170210,00;170350,00;2011933284,00;59073
WINV26;13/08/2026;17:45:00;170270,00;170280,00;170225,00;170250,00;550830190,00;16177
WINV26;13/08/2026;17:40:00;170280,00;170295,00;170235,00;170265,00;967188146,00;28403
WINV26;13/08/2026;17:35:00;170175,00;170295,00;170165,00;170285,00;1146005872,00;33661
WINV26;13/08/2026;17:30:00;170180,00;170215,00;170165,00;170175,00;717047842,00;21066
WINV26;13/08/2026;17:25:00;170240,00;170275,00;170170,00;170185,00;1181470334,00;34704
WINV26;13/08/2026;17:20:00;170200,00;170250,00;170195,00;170240,00;786744417,00;23109
WINV26;13/08/2026;17:15:00;170330,00;170340,00;170185,00;170205,00;2045358499,00;60070
WINV26;13/08/2026;17:10:00;170290,00;170370,00;170285,00;170335,00;948828662,00;27852
WINV26;13/08/2026;17:05:00;170385,00;170400,00;170290,00;170290,00;1773746831,00;52063
WINV26;13/08/2026;17:00:00;170160,00;170400,00;170135,00;170380,00;3713576001,00;109028
WINV26;13/08/2026;16:55:00;170210,00;170215,00;170100,00;170165,00;3472223296,00;102030
WINV26;13/08/2026;16:50:00;170310,00;170325,00;170210,00;170210,00;2088190229,00;61321
WINV26;13/08/2026;16:45:00;170325,00;170345,00;170265,00;170310,00;1957476033,00;57470
WINV26;13/08/2026;16:40:00;170235,00;170350,00;170235,00;170325,00;2647316638,00;77725
WINV26;13/08/2026;16:35:00;170260,00;170265,00;170195,00;170240,00;1609174309,00;47266
WINV26;13/08/2026;16:30:00;170270,00;170285,00;170205,00;170255,00;2194310668,00;64445
WINV26;13/08/2026;16:25:00;170240,00;170335,00;170195,00;170270,00;2680307834,00;78713
WINV26;13/08/2026;16:20:00;170200,00;170305,00;170200,00;170240,00;2704497859,00;79426
WINV26;13/08/2026;16:15:00;170080,00;170250,00;170045,00;170200,00;4146662438,00;121856
WINV26;13/08/2026;16:10:00;170140,00;170150,00;170065,00;170075,00;1989635225,00;58485
WINV26;13/08/2026;16:05:00;170135,00;170195,00;170100,00;170140,00;2450803546,00;72019
WINV26;13/08/2026;16:00:00;170200,00;170210,00;170115,00;170140,00;2499991721,00;73462
WINV26;13/08/2026;15:55:00;170375,00;170395,00;170165,00;170200,00;4132090939,00;121351
WINV26;13/08/2026;15:50:00;170370,00;170430,00;170335,00;170375,00;2020527269,00;59296
WINV26;13/08/2026;15:45:00;170365,00;170395,00;170310,00;170370,00;2083164059,00;61143
WINV26;13/08/2026;15:40:00;170410,00;170420,00;170280,00;170370,00;4168374834,00;122353
WINV26;13/08/2026;15:35:00;170490,00;170515,00;170395,00;170410,00;2746821370,00;80583
WINV26;13/08/2026;15:30:00;170485,00;170585,00;170455,00;170495,00;3245224950,00;95157
WINV26;13/08/2026;15:25:00;170540,00;170545,00;170450,00;170490,00;2452849733,00;71934
WINV26;13/08/2026;15:20:00;170640,00;170645,00;170505,00;170540,00;2846123363,00;83433
WINV26;13/08/2026;15:15:00;170655,00;170670,00;170560,00;170645,00;2569912480,00;75312
WINV26;13/08/2026;15:10:00;170490,00;170685,00;170445,00;170655,00;4054524625,00;118822
WINV26;13/08/2026;15:05:00;170400,00;170530,00;170395,00;170485,00;3006750832,00;88189
WINV26;13/08/2026;15:00:00;170495,00;170625,00;170380,00;170400,00;5093313471,00;149354
WINV26;13/08/2026;14:55:00;170415,00;170520,00;170345,00;170495,00;3473584082,00;101919
WINV26;13/08/2026;14:50:00;170480,00;170525,00;170340,00;170415,00;4346001701,00;127510
WINV26;13/08/2026;14:45:00;170600,00;170700,00;170470,00;170485,00;4719278432,00;138319
WINV26;13/08/2026;14:40:00;170515,00;170635,00;170455,00;170600,00;3971638315,00;116449
WINV26;13/08/2026;14:35:00;170575,00;170615,00;170460,00;170515,00;3733359834,00;109469
WINV26;13/08/2026;14:30:00;170570,00;170590,00;170510,00;170570,00;2358379451,00;69140
WINV26;13/08/2026;14:25:00;170545,00;170605,00;170520,00;170565,00;2143436457,00;62834
WINV26;13/08/2026;14:20:00;170485,00;170620,00;170470,00;170545,00;3758338670,00;110184
WINV26;13/08/2026;14:15:00;170445,00;170535,00;170365,00;170485,00;3636130280,00;106670
WINV26;13/08/2026;14:10:00;170405,00;170510,00;170385,00;170450,00;2668641898,00;78286
WINV26;13/08/2026;14:05:00;170325,00;170450,00;170305,00;170400,00;3460649197,00;101561
WINV26;13/08/2026;14:00:00;170455,00;170550,00;170270,00;170330,00;6702957121,00;196674
WINV26;13/08/2026;13:55:00;170215,00;170460,00;170190,00;170455,00;4035962432,00;118490
WINV26;13/08/2026;13:50:00;170195,00;170265,00;170150,00;170220,00;2098920868,00;61659
WINV26;13/08/2026;13:45:00;170145,00;170235,00;170080,00;170195,00;3714953211,00;109158
WINV26;13/08/2026;13:40:00;170135,00;170265,00;170125,00;170140,00;4111420790,00;120786
WINV26;13/08/2026;13:35:00;170050,00;170170,00;170000,00;170135,00;3789268018,00;111397
WINV26;13/08/2026;13:30:00;169915,00;170075,00;169830,00;170055,00;4624313650,00;136037
WINV26;13/08/2026;13:25:00;169865,00;169950,00;169825,00;169915,00;2993367202,00;88097
WINV26;13/08/2026;13:20:00;169875,00;169895,00;169730,00;169865,00;3672499345,00;108134
WINV26;13/08/2026;13:15:00;169880,00;169970,00;169835,00;169880,00;3889945320,00;114481
WINV26;13/08/2026;13:10:00;169670,00;169885,00;169580,00;169875,00;4307708216,00;126914
WINV26;13/08/2026;13:05:00;169655,00;169810,00;169575,00;169675,00;5526450826,00;162841
WINV26;13/08/2026;13:00:00;169765,00;169775,00;169450,00;169650,00;6709012004,00;197811
WINV26;13/08/2026;12:55:00;169805,00;169845,00;169725,00;169770,00;3005365572,00;88505
WINV26;13/08/2026;12:50:00;169970,00;170025,00;169780,00;169810,00;4242313511,00;124859
WINV26;13/08/2026;12:45:00;169935,00;169980,00;169870,00;169970,00;2771246053,00;81545
WINV26;13/08/2026;12:40:00;169945,00;170055,00;169915,00;169935,00;3725465274,00;109581
WINV26;13/08/2026;12:35:00;169890,00;170000,00;169885,00;169945,00;2495138184,00;73409
WINV26;13/08/2026;12:30:00;169980,00;170010,00;169825,00;169895,00;4140443437,00;121841
WINV26;13/08/2026;12:25:00;169865,00;170035,00;169825,00;169980,00;5142562953,00;151293
WINV26;13/08/2026;12:20:00;169945,00;169995,00;169820,00;169865,00;4417696456,00;130014
WINV26;13/08/2026;12:15:00;170105,00;170120,00;169875,00;169945,00;5372584578,00;158039
WINV26;13/08/2026;12:10:00;170210,00;170230,00;170040,00;170105,00;4399449105,00;129304
WINV26;13/08/2026;12:05:00;170310,00;170335,00;170085,00;170210,00;5998680630,00;176240
WINV26;13/08/2026;12:00:00;170370,00;170385,00;170285,00;170305,00;3762097750,00;110432
WINV26;13/08/2026;11:55:00;170495,00;170550,00;170360,00;170375,00;5270170801,00;154599
WINV26;13/08/2026;11:50:00;170320,00;170570,00;170240,00;170500,00;6628924819,00;194500
WINV26;13/08/2026;11:45:00;170510,00;170530,00;170300,00;170320,00;7280771988,00;213618
WINV26;13/08/2026;11:40:00;170625,00;170675,00;170460,00;170505,00;4247162199,00;124500
WINV26;13/08/2026;11:35:00;170715,00;170790,00;170595,00;170625,00;4752399006,00;139214
WINV26;13/08/2026;11:30:00;170645,00;170765,00;170500,00;170710,00;6575849267,00;192674
WINV26;13/08/2026;11:25:00;170710,00;170785,00;170550,00;170645,00;6582484087,00;192838
WINV26;13/08/2026;11:20:00;170675,00;170740,00;170475,00;170715,00;8662315189,00;253900
WINV26;13/08/2026;11:15:00;170845,00;170930,00;170580,00;170680,00;7469156545,00;218735
WINV26;13/08/2026;11:10:00;170830,00;170920,00;170760,00;170840,00;5340064334,00;156293
WINV26;13/08/2026;11:05:00;170940,00;171070,00;170780,00;170835,00;7107907682,00;207907
WINV26;13/08/2026;11:00:00;170785,00;170985,00;170680,00;170940,00;9200274986,00;269291
WINV26;13/08/2026;10:55:00;171125,00;171140,00;170750,00;170785,00;9831906469,00;287552
WINV26;13/08/2026;10:50:00;171400,00;171495,00;171100,00;171120,00;8432181894,00;246139
WINV26;13/08/2026;10:45:00;171715,00;171790,00;171365,00;171400,00;9562790562,00;278703
WINV26;13/08/2026;10:40:00;171755,00;171865,00;171615,00;171710,00;1,047696412E10;305010
WINV26;13/08/2026;10:35:00;171290,00;171790,00;171285,00;171750,00;1,127041116E10;328493
WINV26;13/08/2026;10:30:00;171120,00;171610,00;170950,00;171295,00;1,784056827E10;520818
WINV26;13/08/2026;10:25:00;171040,00;171195,00;170920,00;171115,00;1,055605411E10;308506
WINV26;13/08/2026;10:20:00;170820,00;171165,00;170795,00;171035,00;1,136332612E10;332270
WINV26;13/08/2026;10:15:00;170815,00;170945,00;170540,00;170820,00;1,081944144E10;316806
WINV26;13/08/2026;10:10:00;170755,00;170890,00;170565,00;170820,00;9619904516,00;281748
WINV26;13/08/2026;10:05:00;170425,00;170870,00;170215,00;170755,00;1,300696464E10;381396
WINV26;13/08/2026;10:00:00;170210,00;170515,00;170070,00;170440,00;1,221196244E10;358572
WINV26;13/08/2026;09:55:00;170055,00;170295,00;169990,00;170205,00;5667049615,00;166556
WINV26;13/08/2026;09:50:00;169970,00;170100,00;169895,00;170055,00;4629931444,00;136180
WINV26;13/08/2026;09:45:00;170115,00;170135,00;169910,00;169965,00;6326207764,00;186066
WINV26;13/08/2026;09:40:00;170090,00;170200,00;170040,00;170115,00;4364557068,00;128272
WINV26;13/08/2026;09:35:00;169945,00;170245,00;169940,00;170095,00;8042579980,00;236388
WINV26;13/08/2026;09:30:00;169700,00;169985,00;169635,00;169945,00;8037157056,00;236660
WINV26;13/08/2026;09:25:00;169500,00;169845,00;169460,00;169705,00;5349514503,00;157646
WINV26;13/08/2026;09:20:00;169490,00;169650,00;169415,00;169500,00;7198700817,00;212309
WINV26;13/08/2026;09:15:00;169760,00;169805,00;169370,00;169490,00;1,046982499E10;308685
WINV26;13/08/2026;09:10:00;169750,00;170010,00;169615,00;169760,00;9832965552,00;289493
WINV26;13/08/2026;09:05:00;169805,00;169880,00;169555,00;169755,00;9833514894,00;289730
WINV26;13/08/2026;09:00:00;170665,00;170810,00;169640,00;169795,00;1,127943471E10;331342
WINV26;12/08/2026;18:20:00;170415,00;170430,00;170270,00;170430,00;843428395,00;24747
WINV26;12/08/2026;18:15:00;170310,00;170435,00;170290,00;170415,00;1164366580,00;34171
WINV26;12/08/2026;18:10:00;170330,00;170365,00;170225,00;170310,00;963700842,00;28296
WINV26;12/08/2026;18:05:00;170330,00;170375,00;170300,00;170325,00;463503273,00;13606
WINV26;12/08/2026;18:00:00;170340,00;170420,00;170280,00;170335,00;967888202,00;28409
WINV26;12/08/2026;17:55:00;170330,00;170390,00;170270,00;170345,00;1377362726,00;40432
WINV26;12/08/2026;17:50:00;170470,00;170475,00;170305,00;170325,00;1816923795,00;53326
WINV26;12/08/2026;17:45:00;170455,00;170520,00;170435,00;170470,00;1078813050,00;31642
WINV26;12/08/2026;17:40:00;170585,00;170595,00;170430,00;170450,00;1700295093,00;49861
WINV26;12/08/2026;17:35:00;170610,00;170630,00;170565,00;170590,00;919594685,00;26952
WINV26;12/08/2026;17:30:00;170575,00;170700,00;170530,00;170610,00;2292405595,00;67180
WINV26;12/08/2026;17:25:00;170620,00;170650,00;170570,00;170575,00;1586590125,00;46499
WINV26;12/08/2026;17:20:00;170725,00;170790,00;170595,00;170625,00;2285578049,00;66954
WINV26;12/08/2026;17:15:00;170765,00;170770,00;170685,00;170720,00;1138298774,00;33336
WINV26;12/08/2026;17:10:00;170920,00;170930,00;170715,00;170765,00;3110050413,00;91051
WINV26;12/08/2026;17:05:00;170840,00;171010,00;170835,00;170915,00;3368078584,00;98517
WINV26;12/08/2026;17:00:00;170835,00;170870,00;170765,00;170835,00;2277284686,00;66658
WINV26;12/08/2026;16:55:00;170920,00;170955,00;170805,00;170840,00;2475413436,00;72429
WINV26;12/08/2026;16:50:00;171015,00;171020,00;170825,00;170915,00;3604518133,00;105445
WINV26;12/08/2026;16:45:00;171135,00;171140,00;170990,00;171015,00;2131889073,00;62319
WINV26;12/08/2026;16:40:00;171165,00;171170,00;171055,00;171140,00;2623437360,00;76664
WINV26;12/08/2026;16:35:00;171180,00;171195,00;171105,00;171165,00;2090495180,00;61071
WINV26;12/08/2026;16:30:00;171225,00;171230,00;171120,00;171185,00;2717389032,00;79378
WINV26;12/08/2026;16:25:00;171255,00;171280,00;171190,00;171230,00;2537030520,00;74081
WINV26;12/08/2026;16:20:00;171320,00;171360,00;171225,00;171255,00;2450706010,00;71542
WINV26;12/08/2026;16:15:00;171295,00;171390,00;171255,00;171320,00;2098632669,00;61249
WINV26;12/08/2026;16:10:00;171310,00;171375,00;171250,00;171290,00;3067105336,00;89524
WINV26;12/08/2026;16:05:00;171210,00;171420,00;171205,00;171310,00;4053775835,00;118316
WINV26;12/08/2026;16:00:00;171070,00;171230,00;171050,00;171210,00;3022841265,00;88300
WINV26;12/08/2026;15:55:00;170995,00;171110,00;170975,00;171070,00;2320098583,00;67819
WINV26;12/08/2026;15:50:00;171055,00;171085,00;170970,00;170995,00;1712398270,00;50062
WINV26;12/08/2026;15:45:00;171010,00;171125,00;170975,00;171055,00;3712664024,00;108525
WINV26;12/08/2026;15:40:00;170875,00;171020,00;170820,00;171015,00;2758390956,00;80700
WINV26;12/08/2026;15:35:00;171035,00;171035,00;170810,00;170875,00;3987488124,00;116653
WINV26;12/08/2026;15:30:00;171160,00;171160,00;170940,00;171035,00;4320612893,00;126314
WINV26;12/08/2026;15:25:00;171185,00;171200,00;171120,00;171160,00;1563615817,00;45678
WINV26;12/08/2026;15:20:00;171160,00;171225,00;171125,00;171190,00;1720273339,00;50246
WINV26;12/08/2026;15:15:00;171180,00;171185,00;171095,00;171160,00;2356540630,00;68849
WINV26;12/08/2026;15:10:00;171290,00;171310,00;171140,00;171180,00;3327310555,00;97157
WINV26;12/08/2026;15:05:00;171340,00;171400,00;171275,00;171295,00;2682281725,00;78276
WINV26;12/08/2026;15:00:00;171485,00;171490,00;171300,00;171340,00;2799769335,00;81686
WINV26;12/08/2026;14:55:00;171450,00;171520,00;171415,00;171485,00;1980657518,00;57755
WINV26;12/08/2026;14:50:00;171435,00;171545,00;171405,00;171450,00;3016817941,00;87966
WINV26;12/08/2026;14:45:00;171255,00;171440,00;171250,00;171430,00;3164711198,00;92332
WINV26;12/08/2026;14:40:00;171255,00;171290,00;171180,00;171260,00;1803684800,00;52664
WINV26;12/08/2026;14:35:00;171270,00;171345,00;171235,00;171255,00;1935878656,00;56512
WINV26;12/08/2026;14:30:00;171360,00;171365,00;171165,00;171270,00;4252279976,00;124150
WINV26;12/08/2026;14:25:00;171430,00;171475,00;171335,00;171365,00;2064767800,00;60232
WINV26;12/08/2026;14:20:00;171390,00;171515,00;171350,00;171435,00;2599207436,00;75808
WINV26;12/08/2026;14:15:00;171535,00;171545,00;171355,00;171390,00;2815717069,00;82108
WINV26;12/08/2026;14:10:00;171335,00;171665,00;171330,00;171535,00;5819884956,00;169643
WINV26;12/08/2026;14:05:00;171325,00;171390,00;171275,00;171340,00;2346508118,00;68478
WINV26;12/08/2026;14:00:00;171450,00;171460,00;171295,00;171325,00;2830186703,00;82570
WINV26;12/08/2026;13:55:00;171520,00;171520,00;171390,00;171455,00;3077787558,00;89754
WINV26;12/08/2026;13:50:00;171270,00;171555,00;171235,00;171515,00;3874719011,00;113059
WINV26;12/08/2026;13:45:00;171425,00;171485,00;171255,00;171270,00;3324103838,00;96984
WINV26;12/08/2026;13:40:00;171435,00;171475,00;171350,00;171425,00;2454202792,00;71594
WINV26;12/08/2026;13:35:00;171445,00;171490,00;171370,00;171435,00;1655930058,00;48298
WINV26;12/08/2026;13:30:00;171440,00;171540,00;171360,00;171445,00;3109693782,00;90689
WINV26;12/08/2026;13:25:00;171545,00;171550,00;171435,00;171440,00;1857245350,00;54153
WINV26;12/08/2026;13:20:00;171425,00;171640,00;171420,00;171545,00;4129115741,00;120350
WINV26;12/08/2026;13:15:00;171285,00;171425,00;171265,00;171425,00;2347524466,00;68500
WINV26;12/08/2026;13:10:00;171230,00;171345,00;171210,00;171285,00;2218662652,00;64766
WINV26;12/08/2026;13:05:00;171260,00;171290,00;171115,00;171235,00;2550138866,00;74471
WINV26;12/08/2026;13:00:00;171110,00;171340,00;171110,00;171265,00;3610157482,00;105405
WINV26;12/08/2026;12:55:00;171040,00;171145,00;171030,00;171110,00;1994197290,00;58280
WINV26;12/08/2026;12:50:00;171105,00;171115,00;171000,00;171040,00;1814728070,00;53048
WINV26;12/08/2026;12:45:00;171160,00;171190,00;171040,00;171110,00;2300182545,00;67214
WINV26;12/08/2026;12:40:00;171165,00;171175,00;171080,00;171155,00;1576972508,00;46076
WINV26;12/08/2026;12:35:00;171180,00;171225,00;171065,00;171165,00;2782086272,00;81279
WINV26;12/08/2026;12:30:00;171420,00;171420,00;171135,00;171180,00;3970467507,00;115928
WINV26;12/08/2026;12:25:00;171325,00;171440,00;171290,00;171415,00;2517953098,00;73460
WINV26;12/08/2026;12:20:00;171365,00;171465,00;171255,00;171330,00;3898651179,00;113753
WINV26;12/08/2026;12:15:00;171090,00;171440,00;171090,00;171360,00;4396373649,00;128301
WINV26;12/08/2026;12:10:00;171070,00;171205,00;170995,00;171095,00;4100921770,00;119846
WINV26;12/08/2026;12:05:00;171220,00;171295,00;171050,00;171070,00;4031783582,00;117770
WINV26;12/08/2026;12:00:00;171260,00;171265,00;171090,00;171220,00;4436381833,00;129580
WINV26;12/08/2026;11:55:00;170990,00;171345,00;170970,00;171260,00;6135856717,00;179195
WINV26;12/08/2026;11:50:00;171200,00;171290,00;170860,00;170985,00;9167507792,00;267987
WINV26;12/08/2026;11:45:00;171250,00;171415,00;171150,00;171205,00;5875975704,00;171568
WINV26;12/08/2026;11:40:00;171360,00;171400,00;171210,00;171255,00;4556651875,00;133012
WINV26;12/08/2026;11:35:00;171450,00;171480,00;171280,00;171360,00;6319367062,00;184355
WINV26;12/08/2026;11:30:00;171500,00;171800,00;171405,00;171455,00;1,108033427E10;322851
WINV26;12/08/2026;11:25:00;171570,00;171755,00;171365,00;171500,00;1,037495826E10;302391
WINV26;12/08/2026;11:20:00;171430,00;171720,00;171305,00;171570,00;9873654336,00;287793
WINV26;12/08/2026;11:15:00;171125,00;171445,00;170900,00;171430,00;8470864456,00;247403
WINV26;12/08/2026;11:10:00;171350,00;171460,00;170985,00;171125,00;7458393990,00;217865
WINV26;12/08/2026;11:05:00;171325,00;171510,00;171250,00;171355,00;9464573422,00;276141
WINV26;12/08/2026;11:00:00;171000,00;171375,00;170940,00;171325,00;6171926337,00;180345
WINV26;12/08/2026;10:55:00;170980,00;171150,00;170865,00;171000,00;6344489596,00;185521
WINV26;12/08/2026;10:50:00;171050,00;171235,00;170805,00;170980,00;8555685527,00;250160
WINV26;12/08/2026;10:45:00;171120,00;171305,00;170825,00;171045,00;1,15820932E10;338533
WINV26;12/08/2026;10:40:00;171055,00;171430,00;170930,00;171115,00;1,357573725E10;396599
WINV26;12/08/2026;10:35:00;171595,00;171875,00;170950,00;171055,00;1,412649362E10;412215
WINV26;12/08/2026;10:30:00;171025,00;171815,00;170715,00;171595,00;2,038793467E10;595255
WINV26;12/08/2026;10:25:00;170710,00;171225,00;170615,00;171030,00;1,203256018E10;351861
WINV26;12/08/2026;10:20:00;170825,00;170920,00;170545,00;170710,00;1,141746529E10;334394
WINV26;12/08/2026;10:15:00;171170,00;171305,00;170735,00;170825,00;1,285170661E10;375719
WINV26;12/08/2026;10:10:00;171445,00;171485,00;171110,00;171175,00;1,02256006E10;298525
WINV26;12/08/2026;10:05:00;171730,00;171760,00;171270,00;171450,00;9830769210,00;286615
WINV26;12/08/2026;10:00:00;171855,00;172045,00;171550,00;171730,00;1,215492703E10;353734
WINV26;12/08/2026;09:55:00;171725,00;171895,00;171680,00;171855,00;4472840414,00;130187
WINV26;12/08/2026;09:50:00;171820,00;171925,00;171665,00;171730,00;5782081892,00;168313
WINV26;12/08/2026;09:45:00;171475,00;171900,00;171365,00;171825,00;6808666252,00;198318
WINV26;12/08/2026;09:40:00;171515,00;171585,00;171400,00;171480,00;3605753269,00;105121
WINV26;12/08/2026;09:35:00;171450,00;171590,00;171330,00;171520,00;4422700693,00;128993
WINV26;12/08/2026;09:30:00;171530,00;171630,00;171045,00;171445,00;8378163672,00;244450
WINV26;12/08/2026;09:25:00;171395,00;171665,00;171315,00;171525,00;5581933935,00;162713
WINV26;12/08/2026;09:20:00;171505,00;171595,00;171305,00;171395,00;4547455458,00;132629
WINV26;12/08/2026;09:15:00;171655,00;171725,00;171425,00;171505,00;5345858926,00;155799
WINV26;12/08/2026;09:10:00;171430,00;171695,00;171240,00;171655,00;6186179341,00;180406
WINV26;12/08/2026;09:05:00;171460,00;171660,00;171185,00;171430,00;7681144968,00;224028
WINV26;12/08/2026;09:00:00;172260,00;172260,00;171180,00;171455,00;1,402822238E10;408586
WINV26;11/08/2026;18:20:00;171595,00;171750,00;171550,00;171750,00;87511983,00;2549
WINV26;11/08/2026;18:15:00;171510,00;171590,00;171275,00;171585,00;129787715,00;3785
WINV26;11/08/2026;18:10:00;171500,00;171515,00;171470,00;171505,00;85608214,00;2496
WINV26;11/08/2026;18:05:00;171480,00;171550,00;171470,00;171500,00;50697580,00;1478
WINV26;11/08/2026;18:00:00;171475,00;171525,00;171450,00;171475,00;16153687,00;471
WINV26;11/08/2026;17:55:00;171475,00;171500,00;171450,00;171480,00;36009198,00;1050
WINV26;11/08/2026;17:50:00;171515,00;171535,00;171450,00;171480,00;49149894,00;1433
WINV26;11/08/2026;17:45:00;171445,00;171545,00;171430,00;171505,00;89898717,00;2621
WINV26;11/08/2026;17:40:00;171470,00;171470,00;171410,00;171445,00;72654645,00;2119
WINV26;11/08/2026;17:35:00;171460,00;171500,00;171435,00;171465,00;45164829,00;1317
WINV26;11/08/2026;17:30:00;171450,00;171475,00;171415,00;171460,00;52874832,00;1542
WINV26;11/08/2026;17:25:00;171445,00;171465,00;171410,00;171450,00;160773696,00;4689
WINV26;11/08/2026;17:20:00;171455,00;171520,00;171430,00;171455,00;95578814,00;2787
WINV26;11/08/2026;17:15:00;171420,00;171500,00;171410,00;171450,00;144164047,00;4204
WINV26;11/08/2026;17:10:00;171485,00;171560,00;171390,00;171420,00;213420037,00;6223
WINV26;11/08/2026;17:05:00;171445,00;171545,00;171410,00;171485,00;161983900,00;4723
WINV26;11/08/2026;17:00:00;171315,00;171475,00;171310,00;171445,00;247628609,00;7223
WINV26;11/08/2026;16:55:00;171245,00;171375,00;171230,00;171310,00;209090422,00;6103
WINV26;11/08/2026;16:50:00;171305,00;171325,00;171205,00;171245,00;160268166,00;4679
WINV26;11/08/2026;16:45:00;171195,00;171345,00;171190,00;171300,00;196130939,00;5725
WINV26;11/08/2026;16:40:00;171155,00;171230,00;171150,00;171190,00;148008339,00;4323
WINV26;11/08/2026;16:35:00;171320,00;171325,00;171120,00;171150,00;177403387,00;5181
WINV26;11/08/2026;16:30:00;171295,00;171435,00;171270,00;171325,00;151388215,00;4417
WINV26;11/08/2026;16:25:00;171360,00;171405,00;171270,00;171295,00;130490994,00;3808
WINV26;11/08/2026;16:20:00;171275,00;171400,00;171210,00;171365,00;228100020,00;6658
WINV26;11/08/2026;16:15:00;171400,00;171455,00;171270,00;171275,00;149642144,00;4366
WINV26;11/08/2026;16:10:00;171600,00;171600,00;171395,00;171405,00;205196333,00;5983
WINV26;11/08/2026;16:05:00;171485,00;171675,00;171460,00;171600,00;234671324,00;6839
WINV26;11/08/2026;16:00:00;171180,00;171540,00;171140,00;171480,00;345256753,00;10074
WINV26;11/08/2026;15:55:00;171130,00;171220,00;171085,00;171180,00;94133645,00;2750
WINV26;11/08/2026;15:50:00;171080,00;171185,00;171075,00;171125,00;106919564,00;3124
WINV26;11/08/2026;15:45:00;171150,00;171200,00;171075,00;171080,00;165049085,00;4822
WINV26;11/08/2026;15:40:00;171315,00;171315,00;171140,00;171145,00;130536671,00;3812
WINV26;11/08/2026;15:35:00;171335,00;171380,00;171285,00;171310,00;133126082,00;3885
WINV26;11/08/2026;15:30:00;171210,00;171405,00;171200,00;171330,00;274227955,00;8004
WINV26;11/08/2026;15:25:00;171190,00;171275,00;171060,00;171210,00;272976761,00;7973
WINV26;11/08/2026;15:20:00;171120,00;171210,00;171000,00;171195,00;334513038,00;9776
WINV26;11/08/2026;15:15:00;171185,00;171190,00;171055,00;171135,00;232159760,00;6784
WINV26;11/08/2026;15:10:00;171205,00;171275,00;171115,00;171190,00;246432619,00;7197
WINV26;11/08/2026;15:05:00;171230,00;171265,00;171170,00;171215,00;157116699,00;4588
WINV26;11/08/2026;15:00:00;171415,00;171530,00;171220,00;171225,00;431701582,00;12595
WINV26;11/08/2026;14:55:00;171535,00;171535,00;171380,00;171415,00;215872209,00;6296
WINV26;11/08/2026;14:50:00;171605,00;171670,00;171520,00;171530,00;113669823,00;3312
WINV26;11/08/2026;14:45:00;171505,00;171660,00;171450,00;171610,00;176930212,00;5156
WINV26;11/08/2026;14:40:00;171485,00;171575,00;171465,00;171510,00;149739916,00;4365
WINV26;11/08/2026;14:35:00;171425,00;171510,00;171405,00;171485,00;182773535,00;5330
WINV26;11/08/2026;14:30:00;171530,00;171530,00;171410,00;171425,00;103352140,00;3014
WINV26;11/08/2026;14:25:00;171475,00;171555,00;171385,00;171530,00;138451226,00;4037
WINV26;11/08/2026;14:20:00;171605,00;171605,00;171460,00;171485,00;230600196,00;6721
WINV26;11/08/2026;14:15:00;171500,00;171645,00;171415,00;171605,00;357144750,00;10410
WINV26;11/08/2026;14:10:00;171675,00;171730,00;171500,00;171500,00;361874546,00;10543
WINV26;11/08/2026;14:05:00;171830,00;171895,00;171625,00;171670,00;293931959,00;8557
WINV26;11/08/2026;14:00:00;171795,00;171865,00;171710,00;171830,00;190352118,00;5540
WINV26;11/08/2026;13:55:00;171995,00;172030,00;171800,00;171800,00;206343588,00;6002
WINV26;11/08/2026;13:50:00;172145,00;172145,00;171990,00;172000,00;225406081,00;6551
WINV26;11/08/2026;13:45:00;172240,00;172245,00;172150,00;172150,00;76760679,00;2229
WINV26;11/08/2026;13:40:00;172215,00;172315,00;172190,00;172240,00;138766113,00;4028
WINV26;11/08/2026;13:35:00;172200,00;172250,00;172145,00;172215,00;128327759,00;3726
WINV26;11/08/2026;13:30:00;172240,00;172265,00;172170,00;172200,00;147350438,00;4278
WINV26;11/08/2026;13:25:00;172335,00;172335,00;172130,00;172235,00;239536724,00;6954
WINV26;11/08/2026;13:20:00;172420,00;172440,00;172310,00;172335,00;135133969,00;3920
WINV26;11/08/2026;13:15:00;172595,00;172620,00;172395,00;172415,00;216674327,00;6280
WINV26;11/08/2026;13:10:00;172490,00;172660,00;172455,00;172600,00;283617272,00;8219
WINV26;11/08/2026;13:05:00;172270,00;172520,00;172235,00;172500,00;377654944,00;10952
WINV26;11/08/2026;13:00:00;172350,00;172385,00;172220,00;172265,00;255067017,00;7401
WINV26;11/08/2026;12:55:00;172335,00;172370,00;172280,00;172345,00;161506954,00;4686
WINV26;11/08/2026;12:50:00;172515,00;172535,00;172245,00;172325,00;256902450,00;7451
WINV26;11/08/2026;12:45:00;172430,00;172575,00;172380,00;172520,00;330930105,00;9592
WINV26;11/08/2026;12:40:00;172425,00;172500,00;172330,00;172425,00;257484061,00;7467
WINV26;11/08/2026;12:35:00;172685,00;172730,00;172400,00;172430,00;422012062,00;12226
WINV26;11/08/2026;12:30:00;172860,00;172905,00;172650,00;172690,00;323201810,00;9352
WINV26;11/08/2026;12:25:00;173030,00;173050,00;172810,00;172865,00;215358175,00;6227
WINV26;11/08/2026;12:20:00;173045,00;173165,00;172990,00;173015,00;231993452,00;6702
WINV26;11/08/2026;12:15:00;173045,00;173100,00;172940,00;173040,00;243855109,00;7047
WINV26;11/08/2026;12:10:00;173180,00;173195,00;172980,00;173040,00;250529383,00;7238
WINV26;11/08/2026;12:05:00;173505,00;173510,00;173115,00;173190,00;417097649,00;12036
WINV26;11/08/2026;12:00:00;173730,00;173850,00;173500,00;173505,00;330328992,00;9511
WINV26;11/08/2026;11:55:00;173635,00;173785,00;173570,00;173735,00;226521701,00;6522
WINV26;11/08/2026;11:50:00;173785,00;173805,00;173610,00;173645,00;274403879,00;7899
WINV26;11/08/2026;11:45:00;173965,00;173975,00;173715,00;173785,00;227122284,00;6533
WINV26;11/08/2026;11:40:00;173930,00;174000,00;173890,00;173950,00;177833792,00;5112
WINV26;11/08/2026;11:35:00;174180,00;174235,00;173930,00;173930,00;188245459,00;5407
WINV26;11/08/2026;11:30:00;174190,00;174270,00;174095,00;174180,00;168817430,00;4846
WINV26;11/08/2026;11:25:00;174235,00;174285,00;174110,00;174195,00;152738053,00;4384
WINV26;11/08/2026;11:20:00;174215,00;174300,00;174080,00;174240,00;233525461,00;6703
WINV26;11/08/2026;11:15:00;174520,00;174520,00;174135,00;174215,00;230475840,00;6611
WINV26;11/08/2026;11:10:00;174700,00;174840,00;174485,00;174520,00;274212408,00;7851
WINV26;11/08/2026;11:05:00;174735,00;174800,00;174610,00;174695,00;179651302,00;5142
WINV26;11/08/2026;11:00:00;174880,00;174940,00;174635,00;174730,00;292921020,00;8381
WINV26;11/08/2026;10:55:00;174825,00;175030,00;174770,00;174885,00;267366987,00;7644
WINV26;11/08/2026;10:50:00;175255,00;175255,00;174780,00;174820,00;323601927,00;9246
WINV26;11/08/2026;10:45:00;175360,00;175575,00;175195,00;175250,00;338581056,00;9652
WINV26;11/08/2026;10:40:00;175315,00;175530,00;175165,00;175355,00;324862253,00;9263
WINV26;11/08/2026;10:35:00;175015,00;175380,00;175000,00;175310,00;307118317,00;8762
WINV26;11/08/2026;10:30:00;175195,00;175235,00;174850,00;175015,00;931777152,00;26616
WINV26;11/08/2026;10:25:00;175415,00;175420,00;175080,00;175210,00;237457582,00;6776
WINV26;11/08/2026;10:20:00;175465,00;175495,00;175205,00;175425,00;360810302,00;10289
WINV26;11/08/2026;10:15:00;175640,00;175655,00;175350,00;175465,00;239028507,00;6811
WINV26;11/08/2026;10:10:00;175725,00;175800,00;175600,00;175645,00;180429625,00;5135
WINV26;11/08/2026;10:05:00;175735,00;175825,00;175625,00;175730,00;268987326,00;7654
WINV26;11/08/2026;10:00:00;175525,00;175800,00;175445,00;175725,00;441293402,00;12564
WINV26;11/08/2026;09:55:00;175455,00;175530,00;175375,00;175520,00;115477205,00;3291
WINV26;11/08/2026;09:50:00;175510,00;175625,00;175420,00;175450,00;163703833,00;4663
WINV26;11/08/2026;09:45:00;175465,00;175520,00;175455,00;175500,00;55628318,00;1585
WINV26;11/08/2026;09:40:00;175340,00;175560,00;175335,00;175460,00;133701653,00;3810
WINV26;11/08/2026;09:35:00;175430,00;175450,00;175315,00;175345,00;150867258,00;4301
WINV26;11/08/2026;09:30:00;175515,00;175705,00;175405,00;175430,00;181790537,00;5177
WINV26;11/08/2026;09:25:00;175405,00;175535,00;175310,00;175515,00;129183343,00;3682
WINV26;11/08/2026;09:20:00;175515,00;175600,00;175340,00;175410,00;251368303,00;7163
WINV26;11/08/2026;09:15:00;175550,00;175565,00;175410,00;175520,00;142779962,00;4068
WINV26;11/08/2026;09:10:00;175725,00;175785,00;175445,00;175565,00;162180263,00;4617
WINV26;11/08/2026;09:05:00;175365,00;176020,00;175300,00;175730,00;493243069,00;14039
WINV26;11/08/2026;09:00:00;175800,00;176200,00;175065,00;175355,00;306920376,00;8747
WINV26;10/08/2026;18:20:00;175860,00;175910,00;175725,00;175910,00;39217717,00;1115
WINV26;10/08/2026;18:15:00;175845,00;175900,00;175800,00;175895,00;9530637,00;271
WINV26;10/08/2026;18:10:00;175855,00;175895,00;175815,00;175845,00;10796298,00;307
WINV26;10/08/2026;18:05:00;175900,00;175905,00;175830,00;175850,00;2673297,00;76
WINV26;10/08/2026;18:00:00;175800,00;175925,00;175760,00;175875,00;3728308,00;106
WINV26;10/08/2026;17:55:00;175825,00;175845,00;175795,00;175845,00;22468747,00;639
WINV26;10/08/2026;17:50:00;175875,00;175895,00;175805,00;175810,00;10656025,00;303
WINV26;10/08/2026;17:45:00;175865,00;175905,00;175855,00;175875,00;9426847,00;268
WINV26;10/08/2026;17:40:00;175845,00;175885,00;175840,00;175865,00;13506551,00;384
WINV26;10/08/2026;17:35:00;175820,00;175855,00;175810,00;175850,00;9249063,00;263
WINV26;10/08/2026;17:30:00;175925,00;175935,00;175810,00;175825,00;17270327,00;491
WINV26;10/08/2026;17:25:00;175905,00;175935,00;175895,00;175930,00;5136682,00;146
WINV26;10/08/2026;17:20:00;175945,00;175955,00;175885,00;175915,00;18681624,00;531
WINV26;10/08/2026;17:15:00;176000,00;176000,00;175935,00;175945,00;89683297,00;2548
WINV26;10/08/2026;17:10:00;175990,00;176045,00;175970,00;175995,00;80642797,00;2291
WINV26;10/08/2026;17:05:00;175930,00;176040,00;175860,00;176000,00;52108660,00;1481
WINV26;10/08/2026;17:00:00;175945,00;175965,00;175890,00;175930,00;40499746,00;1151
WINV26;10/08/2026;16:55:00;176040,00;176050,00;175925,00;175945,00;34172675,00;971
WINV26;10/08/2026;16:50:00;176020,00;176060,00;175950,00;176050,00;37451399,00;1064
WINV26;10/08/2026;16:45:00;176125,00;176150,00;176005,00;176020,00;33596096,00;954
WINV26;10/08/2026;16:40:00;176080,00;176320,00;176070,00;176130,00;70617578,00;2004
WINV26;10/08/2026;16:35:00;176095,00;176120,00;176065,00;176075,00;37682777,00;1070
WINV26;10/08/2026;16:30:00;176115,00;176145,00;176035,00;176100,00;24123491,00;685
WINV26;10/08/2026;16:25:00;176190,00;176195,00;176100,00;176120,00;25963484,00;737
WINV26;10/08/2026;16:20:00;176125,00;176205,00;176105,00;176190,00;36955548,00;1049
WINV26;10/08/2026;16:15:00;176035,00;176180,00;176030,00;176125,00;53892209,00;1530
WINV26;10/08/2026;16:10:00;175900,00;176040,00;175900,00;176040,00;29460277,00;837
WINV26;10/08/2026;16:05:00;175845,00;175925,00;175830,00;175890,00;55754406,00;1585
WINV26;10/08/2026;16:00:00;176035,00;176050,00;175830,00;175840,00;77029708,00;2189
WINV26;10/08/2026;15:55:00;176050,00;176080,00;175985,00;176040,00;35908749,00;1020
WINV26;10/08/2026;15:50:00;175945,00;176065,00;175925,00;176065,00;44555672,00;1266
WINV26;10/08/2026;15:45:00;176015,00;176030,00;175945,00;175960,00;7320629,00;208
WINV26;10/08/2026;15:40:00;175950,00;176025,00;175950,00;176005,00;12002637,00;341
WINV26;10/08/2026;15:35:00;175935,00;176045,00;175915,00;175930,00;15766944,00;448
WINV26;10/08/2026;15:30:00;175960,00;176020,00;175910,00;175950,00;37094012,00;1054
WINV26;10/08/2026;15:25:00;176010,00;176045,00;175930,00;175980,00;26467280,00;752
WINV26;10/08/2026;15:20:00;176030,00;176060,00;175965,00;176015,00;20523365,00;583
WINV26;10/08/2026;15:15:00;176055,00;176085,00;175985,00;176010,00;36509725,00;1037
WINV26;10/08/2026;15:10:00;176100,00;176155,00;176040,00;176070,00;32857302,00;933
WINV26;10/08/2026;15:05:00;176075,00;176160,00;176040,00;176100,00;61108003,00;1735
WINV26;10/08/2026;15:00:00;176030,00;176110,00;175950,00;176085,00;23623889,00;671
WINV26;10/08/2026;14:55:00;175855,00;176115,00;175850,00;176025,00;50658932,00;1439
WINV26;10/08/2026;14:50:00;175835,00;175915,00;175825,00;175845,00;28773935,00;818
WINV26;10/08/2026;14:45:00;175840,00;175865,00;175785,00;175840,00;31437826,00;894
WINV26;10/08/2026;14:40:00;175835,00;175905,00;175795,00;175860,00;23916743,00;680
WINV26;10/08/2026;14:35:00;175870,00;175945,00;175800,00;175820,00;30672718,00;872
WINV26;10/08/2026;14:30:00;175780,00;175995,00;175780,00;175865,00;66667454,00;1895
WINV26;10/08/2026;14:25:00;175815,00;175815,00;175700,00;175780,00;40775526,00;1160
WINV26;10/08/2026;14:20:00;175835,00;175860,00;175760,00;175805,00;40963899,00;1165
WINV26;10/08/2026;14:15:00;175810,00;175855,00;175755,00;175830,00;75914641,00;2159
WINV26;10/08/2026;14:10:00;175805,00;175850,00;175655,00;175805,00;85523182,00;2433
WINV26;10/08/2026;14:05:00;175915,00;175940,00;175790,00;175810,00;57643207,00;1639
WINV26;10/08/2026;14:00:00;176040,00;176060,00;175905,00;175910,00;40050323,00;1138
WINV26;10/08/2026;13:55:00;176040,00;176110,00;176015,00;176040,00;27711468,00;787
WINV26;10/08/2026;13:50:00;176085,00;176130,00;176025,00;176045,00;82477079,00;2342
WINV26;10/08/2026;13:45:00;175800,00;176100,00;175790,00;176090,00;89547243,00;2546
WINV26;10/08/2026;13:40:00;175900,00;175905,00;175770,00;175805,00;24160644,00;687
WINV26;10/08/2026;13:35:00;175875,00;175955,00;175855,00;175900,00;32155933,00;914
WINV26;10/08/2026;13:30:00;175895,00;175915,00;175735,00;175870,00;61333060,00;1744
WINV26;10/08/2026;13:25:00;175880,00;175900,00;175780,00;175895,00;29753559,00;846
WINV26;10/08/2026;13:20:00;175990,00;176035,00;175840,00;175880,00;46417741,00;1319
WINV26;10/08/2026;13:15:00;175865,00;176005,00;175815,00;176000,00;60202558,00;1711
WINV26;10/08/2026;13:10:00;175920,00;175935,00;175845,00;175865,00;21105778,00;600
WINV26;10/08/2026;13:05:00;175755,00;175950,00;175715,00;175915,00;52266405,00;1486
WINV26;10/08/2026;13:00:00;175815,00;175835,00;175740,00;175760,00;36389696,00;1035
WINV26;10/08/2026;12:55:00;175915,00;175930,00;175815,00;175815,00;19203622,00;546
WINV26;10/08/2026;12:50:00;175915,00;175940,00;175850,00;175905,00;37113100,00;1055
WINV26;10/08/2026;12:45:00;175865,00;175920,00;175805,00;175900,00;28278296,00;804
WINV26;10/08/2026;12:40:00;175900,00;175930,00;175790,00;175870,00;53218333,00;1513
WINV26;10/08/2026;12:35:00;175890,00;175960,00;175860,00;175905,00;24099279,00;685
WINV26;10/08/2026;12:30:00;176230,00;176230,00;175865,00;175895,00;76877419,00;2184
WINV26;10/08/2026;12:25:00;176020,00;176375,00;176020,00;176215,00;107730382,00;3056
WINV26;10/08/2026;12:20:00;176025,00;176150,00;176005,00;176005,00;62195378,00;1766
WINV26;10/08/2026;12:15:00;176000,00;176055,00;175900,00;176030,00;54591053,00;1551
WINV26;10/08/2026;12:10:00;175845,00;176010,00;175735,00;176000,00;117933467,00;3353
WINV26;10/08/2026;12:05:00;175920,00;176005,00;175775,00;175835,00;22935488,00;652
WINV26;10/08/2026;12:00:00;175985,00;176025,00;175855,00;175915,00;23084670,00;656
WINV26;10/08/2026;11:55:00;175880,00;176100,00;175780,00;175980,00;73769874,00;2096
WINV26;10/08/2026;11:50:00;176140,00;176170,00;175860,00;175895,00;119293656,00;3389
WINV26;10/08/2026;11:45:00;176000,00;176260,00;175965,00;176135,00;131502521,00;3733
WINV26;10/08/2026;11:40:00;175865,00;176025,00;175760,00;176010,00;90734435,00;2579
WINV26;10/08/2026;11:35:00;175775,00;175950,00;175775,00;175830,00;68935431,00;1960
WINV26;10/08/2026;11:30:00;175495,00;175815,00;175400,00;175790,00;83687149,00;2382
WINV26;10/08/2026;11:25:00;175515,00;175585,00;175430,00;175500,00;47563478,00;1355
WINV26;10/08/2026;11:20:00;175560,00;175645,00;175390,00;175505,00;98862235,00;2816
WINV26;10/08/2026;11:15:00;175680,00;175760,00;175435,00;175565,00;103959462,00;2960
WINV26;10/08/2026;11:10:00;175425,00;175715,00;175400,00;175680,00;93181722,00;2653
WINV26;10/08/2026;11:05:00;175275,00;175560,00;175225,00;175435,00;90421084,00;2578
WINV26;10/08/2026;11:00:00;175490,00;175580,00;175215,00;175275,00;107185130,00;3056
WINV26;10/08/2026;10:55:00;175995,00;175995,00;175355,00;175485,00;137334415,00;3910
WINV26;10/08/2026;10:50:00;175995,00;176100,00;175850,00;175990,00;139746235,00;3971
WINV26;10/08/2026;10:45:00;176195,00;176210,00;175970,00;175990,00;87221310,00;2477
WINV26;10/08/2026;10:40:00;176445,00;176595,00;176170,00;176185,00;117950783,00;3345
WINV26;10/08/2026;10:35:00;176325,00;176615,00;176225,00;176445,00;86842723,00;2461
WINV26;10/08/2026;10:30:00;176330,00;176375,00;175980,00;176320,00;185212743,00;5257
WINV26;10/08/2026;10:25:00;176390,00;176440,00;176275,00;176360,00;31889294,00;904
WINV26;10/08/2026;10:20:00;176335,00;176695,00;176300,00;176405,00;102789520,00;2911
WINV26;10/08/2026;10:15:00;176335,00;176455,00;176270,00;176345,00;51496372,00;1460
WINV26;10/08/2026;10:10:00;176325,00;176455,00;176240,00;176330,00;59782111,00;1695
WINV26;10/08/2026;10:05:00;176270,00;176520,00;176160,00;176320,00;98842604,00;2802
WINV26;10/08/2026;10:00:00;176470,00;176470,00;176145,00;176290,00;132876773,00;3769
WINV26;10/08/2026;09:55:00;176475,00;176605,00;176415,00;176455,00;73392726,00;2079
WINV26;10/08/2026;09:50:00;176465,00;176525,00;176445,00;176485,00;41368451,00;1172
WINV26;10/08/2026;09:45:00;176555,00;176625,00;176430,00;176475,00;40603295,00;1150
WINV26;10/08/2026;09:40:00;176580,00;176620,00;176500,00;176550,00;32875739,00;931
WINV26;10/08/2026;09:35:00;176560,00;176730,00;176460,00;176575,00;92771726,00;2627
WINV26;10/08/2026;09:30:00;176510,00;176770,00;176505,00;176570,00;78521795,00;2223
WINV26;10/08/2026;09:25:00;176460,00;176525,00;176365,00;176480,00;57203064,00;1621
WINV26;10/08/2026;09:20:00;176285,00;176685,00;176275,00;176450,00;174029722,00;4930
WINV26;10/08/2026;09:15:00;176570,00;176610,00;176245,00;176275,00;146610603,00;4154
WINV26;10/08/2026;09:10:00;176755,00;176755,00;176545,00;176585,00;98828965,00;2798
WINV26;10/08/2026;09:05:00;176910,00;177140,00;176670,00;176745,00;205978523,00;5821
WINV26;10/08/2026;09:00:00;176595,00;177260,00;176325,00;176905,00;197175754,00;5575
WINV26;07/08/2026;18:20:00;176060,00;176195,00;176050,00;176195,00;20676819,00;587
WINV26;07/08/2026;18:15:00;176035,00;176075,00;175980,00;176035,00;3766862,00;107
WINV26;07/08/2026;18:10:00;175980,00;176015,00;175950,00;176005,00;9856254,00;280
WINV26;07/08/2026;18:05:00;176075,00;176080,00;175890,00;175980,00;44840484,00;1274
WINV26;07/08/2026;18:00:00;176085,00;176085,00;176015,00;176055,00;4154434,00;118
WINV26;07/08/2026;17:55:00;176030,00;176110,00;176020,00;176080,00;5564175,00;158
WINV26;07/08/2026;17:50:00;176015,00;176100,00;176005,00;176040,00;9963639,00;283
WINV26;07/08/2026;17:45:00;175960,00;176040,00;175950,00;176025,00;1618966,00;46
WINV26;07/08/2026;17:40:00;176025,00;176035,00;175955,00;175955,00;39952385,00;1135
WINV26;07/08/2026;17:35:00;176005,00;176045,00;176000,00;176005,00;19078945,00;542
WINV26;07/08/2026;17:30:00;175980,00;176020,00;175945,00;176000,00;14184174,00;403
WINV26;07/08/2026;17:25:00;176020,00;176035,00;175980,00;175990,00;9152529,00;260
WINV26;07/08/2026;17:20:00;176090,00;176090,00;175990,00;176015,00;18728780,00;532
WINV26;07/08/2026;17:15:00;176105,00;176155,00;176055,00;176090,00;11728591,00;333
WINV26;07/08/2026;17:10:00;176085,00;176115,00;176050,00;176105,00;18206880,00;517
WINV26;07/08/2026;17:05:00;176160,00;176200,00;176075,00;176085,00;23073764,00;655
WINV26;07/08/2026;17:00:00;176230,00;176245,00;176120,00;176170,00;24592622,00;698
WINV26;07/08/2026;16:55:00;176270,00;176275,00;176210,00;176225,00;12407484,00;352
WINV26;07/08/2026;16:50:00;176275,00;176325,00;176215,00;176260,00;10963515,00;311
WINV26;07/08/2026;16:45:00;176245,00;176305,00;176195,00;176260,00;46604274,00;1322
WINV26;07/08/2026;16:40:00;176290,00;176310,00;176240,00;176245,00;11458142,00;325
WINV26;07/08/2026;16:35:00;176350,00;176350,00;176260,00;176285,00;19429346,00;551
WINV26;07/08/2026;16:30:00;176130,00;176390,00;176130,00;176350,00;39247411,00;1113
WINV26;07/08/2026;16:25:00;176175,00;176180,00;176045,00;176135,00;5071844,00;144
WINV26;07/08/2026;16:20:00;176210,00;176270,00;176140,00;176160,00;17728022,00;503
WINV26;07/08/2026;16:15:00;176120,00;176250,00;176100,00;176190,00;13635026,00;387
WINV26;07/08/2026;16:10:00;176190,00;176190,00;176130,00;176130,00;9265445,00;263
WINV26;07/08/2026;16:05:00;176100,00;176225,00;176100,00;176190,00;36395876,00;1033
WINV26;07/08/2026;16:00:00;175985,00;176130,00;175955,00;176090,00;40000748,00;1136
WINV26;07/08/2026;15:55:00;175980,00;175985,00;175855,00;175975,00;13054152,00;371
WINV26;07/08/2026;15:50:00;176165,00;176210,00;175895,00;175985,00;55489857,00;1576
WINV26;07/08/2026;15:45:00;176210,00;176250,00;176070,00;176170,00;23922285,00;679
WINV26;07/08/2026;15:40:00;176345,00;176345,00;176200,00;176205,00;9729764,00;276
WINV26;07/08/2026;15:35:00;176335,00;176370,00;176230,00;176345,00;25072612,00;711
WINV26;07/08/2026;15:30:00;176355,00;176400,00;176325,00;176345,00;23314983,00;661
WINV26;07/08/2026;15:25:00;176325,00;176420,00;176285,00;176340,00;41442870,00;1175
WINV26;07/08/2026;15:20:00;176265,00;176330,00;176235,00;176320,00;26656538,00;756
WINV26;07/08/2026;15:15:00;176270,00;176290,00;176200,00;176265,00;23158434,00;657
WINV26;07/08/2026;15:10:00;176355,00;176365,00;176260,00;176285,00;29619305,00;840
WINV26;07/08/2026;15:05:00;176330,00;176380,00;176325,00;176350,00;5079053,00;144
WINV26;07/08/2026;15:00:00;176430,00;176430,00;176320,00;176335,00;18729078,00;531
WINV26;07/08/2026;14:55:00;176445,00;176450,00;176350,00;176425,00;7303145,00;207
WINV26;07/08/2026;14:50:00;176375,00;176450,00;176355,00;176450,00;15415919,00;437
WINV26;07/08/2026;14:45:00;176400,00;176400,00;176350,00;176355,00;3915641,00;111
WINV26;07/08/2026;14:40:00;176350,00;176460,00;176340,00;176380,00;30975440,00;878
WINV26;07/08/2026;14:35:00;176320,00;176365,00;176240,00;176350,00;35443153,00;1005
WINV26;07/08/2026;14:30:00;176425,00;176465,00;176300,00;176315,00;11467594,00;325
WINV26;07/08/2026;14:25:00;176365,00;176435,00;176350,00;176425,00;9949284,00;282
WINV26;07/08/2026;14:20:00;176420,00;176420,00;176360,00;176365,00;3456987,00;98
WINV26;07/08/2026;14:15:00;176390,00;176430,00;176340,00;176395,00;2892762,00;82
WINV26;07/08/2026;14:10:00;176420,00;176450,00;176355,00;176410,00;23953745,00;679
WINV26;07/08/2026;14:05:00;176355,00;176430,00;176355,00;176405,00;19649855,00;557
WINV26;07/08/2026;14:00:00;176415,00;176495,00;176325,00;176345,00;36025218,00;1021
WINV26;07/08/2026;13:55:00;176360,00;176425,00;176340,00;176400,00;7655780,00;217
WINV26;07/08/2026;13:50:00;176350,00;176400,00;176320,00;176365,00;3421607,00;97
WINV26;07/08/2026;13:45:00;176330,00;176410,00;176300,00;176355,00;7018496,00;199
WINV26;07/08/2026;13:40:00;176395,00;176460,00;176305,00;176340,00;12204851,00;346
WINV26;07/08/2026;13:35:00;176275,00;176400,00;176220,00;176395,00;37102561,00;1052
WINV26;07/08/2026;13:30:00;176475,00;176475,00;176190,00;176270,00;58366968,00;1655
WINV26;07/08/2026;13:25:00;176505,00;176540,00;176425,00;176475,00;29683152,00;841
WINV26;07/08/2026;13:20:00;176730,00;176770,00;176490,00;176510,00;45897801,00;1300
WINV26;07/08/2026;13:15:00;176675,00;176740,00;176620,00;176725,00;21837739,00;618
WINV26;07/08/2026;13:10:00;176585,00;176725,00;176570,00;176670,00;22119831,00;626
WINV26;07/08/2026;13:05:00;176690,00;176690,00;176570,00;176580,00;5369243,00;152
WINV26;07/08/2026;13:00:00;176580,00;176715,00;176550,00;176680,00;9184175,00;260
WINV26;07/08/2026;12:55:00;176565,00;176660,00;176505,00;176575,00;12078851,00;342
WINV26;07/08/2026;12:50:00;176665,00;176670,00;176560,00;176565,00;12504573,00;354
WINV26;07/08/2026;12:45:00;176855,00;176910,00;176625,00;176680,00;15588772,00;441
WINV26;07/08/2026;12:40:00;176855,00;176905,00;176760,00;176865,00;10292476,00;291
WINV26;07/08/2026;12:35:00;176860,00;176945,00;176825,00;176850,00;16555272,00;468
WINV26;07/08/2026;12:30:00;176885,00;176900,00;176735,00;176815,00;29698951,00;840
WINV26;07/08/2026;12:25:00;176800,00;176940,00;176770,00;176885,00;9338867,00;264
WINV26;07/08/2026;12:20:00;176650,00;176820,00;176640,00;176800,00;59658430,00;1688
WINV26;07/08/2026;12:15:00;176630,00;176720,00;176420,00;176645,00;23345246,00;661
WINV26;07/08/2026;12:10:00;176405,00;176640,00;176305,00;176635,00;56769940,00;1609
WINV26;07/08/2026;12:05:00;176705,00;176710,00;176365,00;176400,00;214012346,00;6062
WINV26;07/08/2026;12:00:00;176835,00;176920,00;176705,00;176720,00;11243779,00;318
WINV26;07/08/2026;11:55:00;177000,00;177000,00;176765,00;176830,00;14081535,00;398
WINV26;07/08/2026;11:50:00;177000,00;177035,00;176835,00;176990,00;24098033,00;681
WINV26;07/08/2026;11:45:00;177155,00;177190,00;176995,00;177020,00;23940259,00;676
WINV26;07/08/2026;11:40:00;177290,00;177315,00;177120,00;177155,00;35980607,00;1015
WINV26;07/08/2026;11:35:00;177395,00;177460,00;177235,00;177290,00;35570151,00;1003
WINV26;07/08/2026;11:30:00;177410,00;177450,00;177220,00;177405,00;22768947,00;642
WINV26;07/08/2026;11:25:00;177570,00;177580,00;177395,00;177425,00;26371201,00;743
WINV26;07/08/2026;11:20:00;177730,00;177755,00;177465,00;177555,00;80656250,00;2271
WINV26;07/08/2026;11:15:00;177755,00;177850,00;177710,00;177740,00;32712399,00;920
WINV26;07/08/2026;11:10:00;177715,00;177910,00;177650,00;177770,00;50936944,00;1433
WINV26;07/08/2026;11:05:00;177990,00;178010,00;177685,00;177735,00;57125568,00;1606
WINV26;07/08/2026;11:00:00;178460,00;178485,00;177950,00;177980,00;62997589,00;1768
WINV26;07/08/2026;10:55:00;178555,00;178570,00;178370,00;178450,00;36971712,00;1036
WINV26;07/08/2026;10:50:00;178755,00;178780,00;178470,00;178550,00;55733369,00;1560
WINV26;07/08/2026;10:45:00;178895,00;178975,00;178675,00;178730,00;97471684,00;2726
WINV26;07/08/2026;10:40:00;178970,00;179075,00;178820,00;178910,00;33461669,00;935
WINV26;07/08/2026;10:35:00;179155,00;179225,00;178775,00;178985,00;63130886,00;1764
WINV26;07/08/2026;10:30:00;179525,00;179530,00;178935,00;179185,00;85027688,00;2373
WINV26;07/08/2026;10:25:00;179650,00;179660,00;179470,00;179520,00;32676823,00;910
WINV26;07/08/2026;10:20:00;179565,00;179940,00;179565,00;179640,00;48005075,00;1335
WINV26;07/08/2026;10:15:00;179595,00;179705,00;179530,00;179580,00;26293330,00;732
WINV26;07/08/2026;10:10:00;179615,00;179650,00;179450,00;179630,00;34473800,00;960
WINV26;07/08/2026;10:05:00;179845,00;179945,00;179455,00;179640,00;48060509,00;1337
WINV26;07/08/2026;10:00:00;179820,00;179965,00;179655,00;179845,00;38660034,00;1075
WINV26;07/08/2026;09:55:00;179935,00;180065,00;179800,00;179800,00;13064428,00;363
WINV26;07/08/2026;09:50:00;179800,00;179950,00;179735,00;179920,00;26403009,00;734
WINV26;07/08/2026;09:45:00;179765,00;179885,00;179710,00;179815,00;19777896,00;550
WINV26;07/08/2026;09:40:00;179675,00;179845,00;179615,00;179770,00;27754050,00;772
WINV26;07/08/2026;09:35:00;179645,00;179755,00;179475,00;179710,00;37499377,00;1044
WINV26;07/08/2026;09:30:00;179115,00;179805,00;178945,00;179630,00;59633810,00;1661
WINV26;07/08/2026;09:25:00;179180,00;179290,00;179035,00;179085,00;31745674,00;886
WINV26;07/08/2026;09:20:00;179220,00;179325,00;179100,00;179185,00;37960789,00;1059
WINV26;07/08/2026;09:15:00;179505,00;179505,00;179165,00;179220,00;73280911,00;2043
WINV26;07/08/2026;09:10:00;179555,00;179615,00;179460,00;179495,00;46427865,00;1293
WINV26;07/08/2026;09:05:00;179925,00;179940,00;179495,00;179545,00;124710655,00;3470
WINV26;07/08/2026;09:00:00;180070,00;180485,00;179685,00;179935,00;176352375,00;4898
WINV26;06/08/2026;18:20:00;179400,00;179455,00;179395,00;179450,00;5490603,00;153
WINV26;06/08/2026;18:15:00;179305,00;179400,00;179285,00;179400,00;5990833,00;167
WINV26;06/08/2026;18:10:00;179320,00;179330,00;179285,00;179315,00;1757203,00;49
WINV26;06/08/2026;18:05:00;179300,00;179355,00;179280,00;179340,00;2331105,00;65
WINV26;06/08/2026;18:00:00;179315,00;179365,00;179275,00;179330,00;1219481,00;34
WINV26;06/08/2026;17:55:00;179320,00;179355,00;179310,00;179340,00;4877671,00;136
WINV26;06/08/2026;17:50:00;179300,00;179375,00;179270,00;179345,00;3443165,00;96
WINV26;06/08/2026;17:45:00;179305,00;179335,00;179275,00;179290,00;2761315,00;77
WINV26;06/08/2026;17:40:00;179250,00;179345,00;179250,00;179315,00;30590567,00;853
WINV26;06/08/2026;17:35:00;179220,00;179285,00;179215,00;179235,00;2150897,00;60
WINV26;06/08/2026;17:30:00;179310,00;179315,00;179225,00;179225,00;19716007,00;550
WINV26;06/08/2026;17:25:00;179275,00;179330,00;179250,00;179330,00;4374722,00;122
WINV26;06/08/2026;17:20:00;179355,00;179355,00;179250,00;179250,00;6598191,00;184
WINV26;06/08/2026;17:15:00;179435,00;179440,00;179350,00;179365,00;9328656,00;260
WINV26;06/08/2026;17:10:00;179565,00;179565,00;179400,00;179475,00;14069086,00;392
WINV26;06/08/2026;17:05:00;179575,00;179600,00;179525,00;179540,00;1400592,00;39
WINV26;06/08/2026;17:00:00;179595,00;179595,00;179515,00;179585,00;13503173,00;376
WINV26;06/08/2026;16:55:00;179610,00;179645,00;179595,00;179595,00;3951482,00;110
WINV26;06/08/2026;16:50:00;179515,00;179665,00;179450,00;179615,00;15263191,00;425
WINV26;06/08/2026;16:45:00;179530,00;179555,00;179460,00;179520,00;12457982,00;347
WINV26;06/08/2026;16:40:00;179650,00;179650,00;179505,00;179525,00;7290527,00;203
WINV26;06/08/2026;16:35:00;179690,00;179720,00;179620,00;179660,00;6791224,00;189
WINV26;06/08/2026;16:30:00;179725,00;179800,00;179650,00;179685,00;8159299,00;227
WINV26;06/08/2026;16:25:00;179810,00;179815,00;179685,00;179720,00;16034700,00;446
WINV26;06/08/2026;16:20:00;179955,00;179955,00;179795,00;179810,00;11330945,00;315
WINV26;06/08/2026;16:15:00;179940,00;179965,00;179910,00;179950,00;6261382,00;174
WINV26;06/08/2026;16:10:00;180055,00;180055,00;179920,00;179920,00;7450522,00;207
WINV26;06/08/2026;16:05:00;180035,00;180100,00;180005,00;180060,00;3961182,00;110
WINV26;06/08/2026;16:00:00;180005,00;180060,00;179900,00;180045,00;11230258,00;312
WINV26;06/08/2026;15:55:00;180060,00;180080,00;180000,00;180000,00;3204472,00;89
WINV26;06/08/2026;15:50:00;180105,00;180140,00;180035,00;180050,00;3817784,00;106
WINV26;06/08/2026;15:45:00;180135,00;180165,00;180120,00;180120,00;3458754,00;96
WINV26;06/08/2026;15:40:00;180190,00;180190,00;180085,00;180130,00;4286904,00;119
WINV26;06/08/2026;15:35:00;180060,00;180190,00;180035,00;180180,00;7168572,00;199
WINV26;06/08/2026;15:30:00;180080,00;180125,00;180015,00;180050,00;6662211,00;185
WINV26;06/08/2026;15:25:00;180000,00;180075,00;179990,00;180065,00;5005175,00;139
WINV26;06/08/2026;15:20:00;180025,00;180055,00;179995,00;180030,00;3276438,00;91
WINV26;06/08/2026;15:15:00;179970,00;180050,00;179915,00;180025,00;16593302,00;461
WINV26;06/08/2026;15:10:00;180015,00;180075,00;179940,00;179980,00;7632669,00;212
WINV26;06/08/2026;15:05:00;180010,00;180050,00;179935,00;180005,00;12672512,00;352
WINV26;06/08/2026;15:00:00;180155,00;180155,00;180020,00;180020,00;12642069,00;351
WINV26;06/08/2026;14:55:00;180150,00;180220,00;180115,00;180155,00;11603881,00;322
WINV26;06/08/2026;14:50:00;180115,00;180210,00;180095,00;180145,00;9512007,00;264
WINV26;06/08/2026;14:45:00;180060,00;180140,00;180055,00;180105,00;13615386,00;378
WINV26;06/08/2026;14:40:00;180075,00;180115,00;180020,00;180060,00;12819948,00;356
WINV26;06/08/2026;14:35:00;179930,00;180085,00;179920,00;180070,00;25776043,00;716
WINV26;06/08/2026;14:30:00;179910,00;179940,00;179875,00;179930,00;15040442,00;418
WINV26;06/08/2026;14:25:00;179940,00;179975,00;179845,00;179900,00;23099617,00;642
WINV26;06/08/2026;14:20:00;179865,00;179950,00;179850,00;179935,00;13349354,00;371
WINV26;06/08/2026;14:15:00;179945,00;179955,00;179835,00;179865,00;12915645,00;359
WINV26;06/08/2026;14:10:00;179865,00;179950,00;179865,00;179940,00;24217027,00;673
WINV26;06/08/2026;14:05:00;179915,00;179925,00;179825,00;179855,00;31010855,00;862
WINV26;06/08/2026;14:00:00;179950,00;179980,00;179900,00;179905,00;11732151,00;326
WINV26;06/08/2026;13:55:00;179970,00;179995,00;179935,00;179955,00;9790078,00;272
WINV26;06/08/2026;13:50:00;179935,00;179970,00;179870,00;179955,00;15616918,00;434
WINV26;06/08/2026;13:45:00;180015,00;180030,00;179920,00;179945,00;16737189,00;465
WINV26;06/08/2026;13:40:00;180065,00;180065,00;179980,00;180015,00;6984734,00;194
WINV26;06/08/2026;13:35:00;180130,00;180160,00;180010,00;180070,00;14768123,00;410
WINV26;06/08/2026;13:30:00;180010,00;180180,00;180010,00;180115,00;23160307,00;643
WINV26;06/08/2026;13:25:00;179985,00;180050,00;179960,00;180025,00;17893148,00;497
WINV26;06/08/2026;13:20:00;180000,00;180070,00;179950,00;179975,00;8135601,00;226
WINV26;06/08/2026;13:15:00;180005,00;180065,00;179965,00;180065,00;6012833,00;167
WINV26;06/08/2026;13:10:00;180160,00;180175,00;179955,00;180000,00;22291187,00;619
WINV26;06/08/2026;13:05:00;180245,00;180270,00;180125,00;180175,00;16433506,00;456
WINV26;06/08/2026;13:00:00;180265,00;180335,00;180190,00;180245,00;22678119,00;629
WINV26;06/08/2026;12:55:00;180315,00;180370,00;180210,00;180260,00;12763032,00;354
WINV26;06/08/2026;12:50:00;180380,00;180565,00;180300,00;180300,00;12340061,00;342
WINV26;06/08/2026;12:45:00;180350,00;180430,00;180340,00;180375,00;5411579,00;150
WINV26;06/08/2026;12:40:00;180445,00;180445,00;180295,00;180325,00;20745555,00;575
WINV26;06/08/2026;12:35:00;180500,00;180535,00;180450,00;180470,00;3970832,00;110
WINV26;06/08/2026;12:30:00;180710,00;180720,00;180505,00;180505,00;3322834,00;92
WINV26;06/08/2026;12:25:00;180725,00;180730,00;180635,00;180670,00;2746442,00;76
WINV26;06/08/2026;12:20:00;180735,00;180750,00;180540,00;180750,00;4986402,00;138
WINV26;06/08/2026;12:15:00;180700,00;180735,00;180535,00;180720,00;19073430,00;528
WINV26;06/08/2026;12:10:00;180835,00;180880,00;180650,00;180700,00;6687085,00;185
WINV26;06/08/2026;12:05:00;181020,00;181080,00;180810,00;180815,00;6116077,00;169
WINV26;06/08/2026;12:00:00;180870,00;181010,00;180780,00;180980,00;7379921,00;204
WINV26;06/08/2026;11:55:00;181190,00;181215,00;180835,00;180835,00;10354609,00;286
WINV26;06/08/2026;11:50:00;181115,00;181265,00;181115,00;181195,00;4856187,00;134
WINV26;06/08/2026;11:45:00;181090,00;181225,00;181030,00;181125,00;7644801,00;211
WINV26;06/08/2026;11:40:00;180915,00;181180,00;180905,00;181095,00;5685289,00;157
WINV26;06/08/2026;11:35:00;180875,00;181090,00;180800,00;180915,00;32788888,00;906
WINV26;06/08/2026;11:30:00;180610,00;180890,00;180530,00;180890,00;17425400,00;482
WINV26;06/08/2026;11:25:00;180610,00;180640,00;180490,00;180605,00;5669976,00;157
WINV26;06/08/2026;11:20:00;180470,00;180635,00;180370,00;180630,00;11695570,00;324
WINV26;06/08/2026;11:15:00;180460,00;180540,00;180360,00;180470,00;12992306,00;360
WINV26;06/08/2026;11:10:00;180495,00;180650,00;180450,00;180475,00;9062709,00;251
WINV26;06/08/2026;11:05:00;180625,00;180800,00;180425,00;180470,00;9068428,00;251
WINV26;06/08/2026;11:00:00;180685,00;180715,00;180425,00;180605,00;26252374,00;727
WINV26;06/08/2026;10:55:00;180685,00;180815,00;180500,00;180700,00;14956015,00;414
WINV26;06/08/2026;10:50:00;180765,00;180990,00;180660,00;180725,00;21520714,00;595
WINV26;06/08/2026;10:45:00;180685,00;180800,00;180520,00;180750,00;18749358,00;519
WINV26;06/08/2026;10:40:00;180905,00;181080,00;180685,00;180685,00;18192870,00;503
WINV26;06/08/2026;10:35:00;180920,00;181180,00;180650,00;180910,00;42517809,00;1175
WINV26;06/08/2026;10:30:00;181215,00;181235,00;180750,00;180935,00;62406782,00;1724
WINV26;06/08/2026;10:25:00;181440,00;181475,00;181045,00;181275,00;29826154,00;823
WINV26;06/08/2026;10:20:00;181310,00;181580,00;181280,00;181425,00;17491704,00;482
WINV26;06/08/2026;10:15:00;181000,00;181400,00;180890,00;181375,00;31534119,00;870
WINV26;06/08/2026;10:10:00;180790,00;181120,00;180785,00;180865,00;16789873,00;464
WINV26;06/08/2026;10:05:00;180480,00;180865,00;180470,00;180820,00;34977615,00;968
WINV26;06/08/2026;10:00:00;180700,00;180750,00;180285,00;180520,00;56518069,00;1566
WINV26;06/08/2026;09:55:00;180630,00;180730,00;180535,00;180690,00;5129947,00;142
WINV26;06/08/2026;09:50:00;180515,00;180625,00;180500,00;180605,00;2491426,00;69
WINV26;06/08/2026;09:45:00;180535,00;180700,00;180455,00;180545,00;10763925,00;298
WINV26;06/08/2026;09:40:00;180555,00;180630,00;180490,00;180535,00;5019824,00;139
WINV26;06/08/2026;09:35:00;180585,00;180585,00;180400,00;180520,00;5090602,00;141
WINV26;06/08/2026;09:30:00;180545,00;180665,00;180195,00;180555,00;27762740,00;769
WINV26;06/08/2026;09:25:00;180505,00;180830,00;180420,00;180580,00;38152294,00;1056
WINV26;06/08/2026;09:20:00;180420,00;180585,00;180340,00;180495,00;50029119,00;1386
WINV26;06/08/2026;09:15:00;180785,00;180835,00;180375,00;180450,00;30471751,00;844
WINV26;06/08/2026;09:10:00;180725,00;180920,00;180560,00;180910,00;13192394,00;365
WINV26;06/08/2026;09:05:00;181150,00;181310,00;180590,00;180860,00;51330508,00;1419
WINV26;06/08/2026;09:00:00;182170,00;182400,00;181170,00;181260,00;81431345,00;2242
WINV26;05/08/2026;18:20:00;181900,00;181945,00;181865,00;181945,00;16771673,00;461
WINV26;05/08/2026;18:15:00;181780,00;181900,00;181780,00;181895,00;15969844,00;439
WINV26;05/08/2026;18:10:00;181840,00;181840,00;181790,00;181790,00;2363690,00;65
WINV26;05/08/2026;18:05:00;181825,00;181840,00;181820,00;181820,00;581865,00;16
WINV26;05/08/2026;18:00:00;181865,00;181880,00;181815,00;181825,00;9601817,00;264
WINV26;05/08/2026;17:55:00;181870,00;181895,00;181870,00;181875,00;1855262,00;51
WINV26;05/08/2026;17:50:00;181890,00;181900,00;181865,00;181865,00;291016,00;8
WINV26;05/08/2026;17:45:00;181870,00;181880,00;181845,00;181880,00;2437001,00;67
WINV26;05/08/2026;17:40:00;181895,00;181895,00;181855,00;181870,00;581969,00;16
WINV26;05/08/2026;17:30:00;181900,00;181940,00;181900,00;181900,00;2510365,00;69
WINV26;05/08/2026;17:25:00;181885,00;181900,00;181845,00;181880,00;1163979,00;32
WINV26;05/08/2026;17:20:00;181925,00;181925,00;181825,00;181875,00;2546045,00;70
WINV26;05/08/2026;17:15:00;182030,00;182030,00;181900,00;181900,00;1892237,00;52
WINV26;05/08/2026;17:10:00;181975,00;182055,00;181965,00;182030,00;20748016,00;570
WINV26;05/08/2026;17:05:00;181905,00;181990,00;181875,00;181960,00;6586633,00;181
WINV26;05/08/2026;17:00:00;181780,00;181960,00;181780,00;181930,00;3019521,00;83
WINV26;05/08/2026;16:55:00;181935,00;181950,00;181790,00;181790,00;5491115,00;151
WINV26;05/08/2026;16:50:00;181870,00;181915,00;181820,00;181915,00;1964235,00;54
WINV26;05/08/2026;16:45:00;181920,00;181920,00;181830,00;181880,00;4692337,00;129
WINV26;05/08/2026;16:40:00;181960,00;182020,00;181920,00;181930,00;11644653,00;320
WINV26;05/08/2026;16:35:00;182005,00;182040,00;181980,00;181980,00;509619,00;14
WINV26;05/08/2026;16:30:00;182110,00;182110,00;181965,00;182020,00;8082547,00;222
WINV26;05/08/2026;16:25:00;182170,00;182220,00;182110,00;182110,00;1748836,00;48
WINV26;05/08/2026;16:20:00;182200,00;182210,00;182125,00;182170,00;1092947,00;30
WINV26;05/08/2026;16:15:00;182125,00;182240,00;182125,00;182180,00;4591279,00;126
WINV26;05/08/2026;16:10:00;182125,00;182170,00;182065,00;182130,00;2149016,00;59
WINV26;05/08/2026;16:05:00;182155,00;182195,00;182100,00;182140,00;2987327,00;82
WINV26;05/08/2026;16:00:00;182205,00;182235,00;182005,00;182165,00;11618569,00;319
WINV26;05/08/2026;15:55:00;182300,00;182370,00;182205,00;182220,00;5139905,00;141
WINV26;05/08/2026;15:50:00;182420,00;182445,00;182300,00;182300,00;2006228,00;55
WINV26;05/08/2026;15:45:00;182385,00;182415,00;182350,00;182400,00;875447,00;24
WINV26;05/08/2026;15:40:00;182350,00;182370,00;182295,00;182310,00;2771445,00;76
WINV26;05/08/2026;15:35:00;182340,00;182390,00;182300,00;182300,00;583493,00;16
WINV26;05/08/2026;15:30:00;182500,00;182500,00;182310,00;182325,00;3939933,00;108
WINV26;05/08/2026;15:25:00;182550,00;182560,00;182495,00;182540,00;2080992,00;57
WINV26;05/08/2026;15:20:00;182465,00;182540,00;182465,00;182540,00;2117231,00;58
WINV26;05/08/2026;15:15:00;182470,00;182510,00;182440,00;182480,00;1496237,00;41
WINV26;05/08/2026;15:10:00;182425,00;182520,00;182425,00;182470,00;2992856,00;82
WINV26;05/08/2026;15:05:00;182450,00;182470,00;182385,00;182385,00;693288,00;19
WINV26;05/08/2026;15:00:00;182335,00;182430,00;182300,00;182430,00;1932875,00;53
WINV26;05/08/2026;14:55:00;182480,00;182480,00;182350,00;182350,00;2992297,00;82
WINV26;05/08/2026;14:50:00;182440,00;182530,00;182435,00;182500,00;2043856,00;56
WINV26;05/08/2026;14:45:00;182545,00;182575,00;182400,00;182435,00;3101569,00;85
WINV26;05/08/2026;14:40:00;182550,00;182585,00;182460,00;182530,00;3577912,00;98
WINV26;05/08/2026;14:35:00;182470,00;182565,00;182435,00;182505,00;8577772,00;235
WINV26;05/08/2026;14:30:00;182305,00;182470,00;182295,00;182445,00;7404922,00;203
WINV26;05/08/2026;14:25:00;182220,00;182335,00;182145,00;182315,00;4337590,00;119
WINV26;05/08/2026;14:20:00;182235,00;182325,00;182150,00;182180,00;21170773,00;581
WINV26;05/08/2026;14:15:00;182495,00;182500,00;182220,00;182260,00;6526399,00;179
WINV26;05/08/2026;14:10:00;182410,00;182520,00;182400,00;182440,00;5436860,00;149
WINV26;05/08/2026;14:05:00;182510,00;182575,00;182430,00;182430,00;2445232,00;67
WINV26;05/08/2026;14:00:00;182490,00;182585,00;182440,00;182475,00;6788304,00;186
WINV26;05/08/2026;13:55:00;182620,00;182620,00;182380,00;182480,00;5984303,00;164
WINV26;05/08/2026;13:50:00;182590,00;182650,00;182560,00;182625,00;1205259,00;33
WINV26;05/08/2026;13:45:00;182595,00;182610,00;182540,00;182575,00;2008432,00;55
WINV26;05/08/2026;13:40:00;182620,00;182645,00;182575,00;182580,00;1935555,00;53
WINV26;05/08/2026;13:35:00;182620,00;182655,00;182580,00;182615,00;5113347,00;140
WINV26;05/08/2026;13:30:00;182640,00;182685,00;182595,00;182630,00;5843879,00;160
WINV26;05/08/2026;13:25:00;182595,00;182710,00;182595,00;182670,00;803708,00;22
WINV26;05/08/2026;13:20:00;182650,00;182735,00;182630,00;182630,00;1680506,00;46
WINV26;05/08/2026;13:15:00;182560,00;182625,00;182510,00;182560,00;949358,00;26
WINV26;05/08/2026;13:10:00;182510,00;182635,00;182490,00;182570,00;8288700,00;227
WINV26;05/08/2026;13:05:00;182570,00;182650,00;182520,00;182555,00;3322996,00;91
WINV26;05/08/2026;13:00:00;182710,00;182780,00;182570,00;182585,00;4127773,00;113
WINV26;05/08/2026;12:55:00;182730,00;182760,00;182655,00;182735,00;8696475,00;238
WINV26;05/08/2026;12:50:00;182620,00;182770,00;182610,00;182770,00;6467233,00;177
WINV26;05/08/2026;12:45:00;182580,00;182585,00;182485,00;182560,00;16429706,00;450
WINV26;05/08/2026;12:40:00;182805,00;182825,00;182600,00;182600,00;28278082,00;774
WINV26;05/08/2026;12:35:00;182790,00;182870,00;182750,00;182830,00;4460849,00;122
WINV26;05/08/2026;12:30:00;182980,00;183020,00;182800,00;182805,00;1719264,00;47
WINV26;05/08/2026;12:25:00;182970,00;183000,00;182900,00;182945,00;1536843,00;42
WINV26;05/08/2026;12:20:00;183040,00;183145,00;182995,00;183025,00;1318218,00;36
WINV26;05/08/2026;12:15:00;183110,00;183110,00;182905,00;183030,00;4464447,00;122
WINV26;05/08/2026;12:10:00;183165,00;183210,00;183075,00;183125,00;402928,00;11
WINV26;05/08/2026;12:05:00;183160,00;183230,00;183065,00;183065,00;1135693,00;31
WINV26;05/08/2026;12:00:00;182955,00;183250,00;182950,00;183160,00;4979824,00;136
WINV26;05/08/2026;11:55:00;182965,00;183090,00;182860,00;183020,00;2086003,00;57
WINV26;05/08/2026;11:50:00;183265,00;183340,00;182880,00;183040,00;3222061,00;88
WINV26;05/08/2026;11:45:00;183140,00;183315,00;183100,00;183250,00;2601970,00;71
WINV26;05/08/2026;11:40:00;183140,00;183200,00;183025,00;183070,00;2453885,00;67
WINV26;05/08/2026;11:35:00;183010,00;183340,00;183010,00;183190,00;25396484,00;693
WINV26;05/08/2026;11:30:00;182935,00;183110,00;182860,00;182980,00;6879701,00;188
WINV26;05/08/2026;11:25:00;183510,00;183510,00;182885,00;182910,00;31576615,00;862
WINV26;05/08/2026;11:20:00;184050,00;184090,00;183520,00;183530,00;12237731,00;333
WINV26;05/08/2026;11:15:00;184125,00;184125,00;183840,00;184050,00;20089794,00;546
WINV26;05/08/2026;11:10:00;184235,00;184460,00;184170,00;184170,00;21087812,00;572
WINV26;05/08/2026;11:05:00;183845,00;184220,00;183845,00;184180,00;35163567,00;955
WINV26;05/08/2026;11:00:00;183525,00;183840,00;183310,00;183810,00;24747179,00;674
WINV26;05/08/2026;10:55:00;183490,00;183700,00;183475,00;183545,00;5507423,00;150
WINV26;05/08/2026;10:50:00;183170,00;183540,00;183015,00;183490,00;11839165,00;323
WINV26;05/08/2026;10:45:00;183300,00;183300,00;183070,00;183175,00;9011377,00;246
WINV26;05/08/2026;10:40:00;183605,00;183720,00;183315,00;183315,00;6349098,00;173
WINV26;05/08/2026;10:35:00;183175,00;183750,00;183145,00;183700,00;15958603,00;435
WINV26;05/08/2026;10:30:00;183415,00;183740,00;183130,00;183200,00;12433830,00;339
WINV26;05/08/2026;10:25:00;183785,00;183885,00;183425,00;183425,00;14723910,00;401
WINV26;05/08/2026;10:20:00;183475,00;183780,00;183475,00;183675,00;12122915,00;330
WINV26;05/08/2026;10:15:00;183240,00;183595,00;183165,00;183490,00;9170558,00;250
WINV26;05/08/2026;10:10:00;182940,00;183365,00;182915,00;183265,00;7549323,00;206
WINV26;05/08/2026;10:05:00;182995,00;183120,00;182755,00;182940,00;6585060,00;180
WINV26;05/08/2026;10:00:00;183345,00;183365,00;182900,00;183050,00;67346491,00;1839
WINV26;05/08/2026;09:55:00;183470,00;183565,00;183350,00;183405,00;11411683,00;311
WINV26;05/08/2026;09:50:00;183370,00;183505,00;183345,00;183455,00;10713009,00;292
WINV26;05/08/2026;09:45:00;183230,00;183405,00;183230,00;183360,00;11696498,00;319
WINV26;05/08/2026;09:40:00;183295,00;183295,00;183100,00;183250,00;842765,00;23
WINV26;05/08/2026;09:35:00;183225,00;183315,00;183180,00;183225,00;10626853,00;290
WINV26;05/08/2026;09:30:00;183250,00;183380,00;182970,00;183230,00;8755450,00;239
WINV26;05/08/2026;09:25:00;183230,00;183250,00;182990,00;183250,00;2564023,00;70
WINV26;05/08/2026;09:20:00;183075,00;183265,00;182900,00;183265,00;10655283,00;291
WINV26;05/08/2026;09:15:00;182855,00;183135,00;182795,00;183100,00;14015594,00;383
WINV26;05/08/2026;09:10:00;182760,00;182900,00;182610,00;182795,00;7347518,00;201
WINV26;05/08/2026;09:05:00;183000,00;183050,00;182480,00;182740,00;33618475,00;920
WINV26;05/08/2026;09:00:00;182530,00;183175,00;182455,00;182975,00;58456469,00;1599
WINV26;04/08/2026;18:20:00;182060,00;182095,00;181955,00;181955,00;10741367,00;295
WINV26;04/08/2026;18:15:00;182020,00;182050,00;182005,00;182050,00;1529055,00;42
WINV26;04/08/2026;18:10:00;182010,00;182040,00;182005,00;182015,00;1164899,00;32
WINV26;04/08/2026;18:05:00;182035,00;182075,00;182000,00;182035,00;1128706,00;31
WINV26;04/08/2026;18:00:00;182065,00;182070,00;182025,00;182040,00;218460,00;6
WINV26;04/08/2026;17:55:00;182035,00;182080,00;182015,00;182075,00;1674890,00;46
WINV26;04/08/2026;17:50:00;182015,00;182035,00;181980,00;182035,00;655194,00;18
WINV26;04/08/2026;17:45:00;181995,00;182030,00;181970,00;182030,00;946436,00;26
WINV26;04/08/2026;17:40:00;181970,00;182035,00;181970,00;181990,00;2111132,00;58
WINV26;04/08/2026;17:35:00;182000,00;182065,00;182000,00;182025,00;1747424,00;48
WINV26;04/08/2026;17:30:00;182080,00;182080,00;182025,00;182035,00;22282141,00;612
WINV26;04/08/2026;17:25:00;182040,00;182080,00;182040,00;182055,00;1602082,00;44
WINV26;04/08/2026;17:20:00;182050,00;182075,00;181965,00;182000,00;8045352,00;221
WINV26;04/08/2026;17:15:00;182035,00;182075,00;182000,00;182035,00;10048503,00;276
WINV26;04/08/2026;17:10:00;182135,00;182135,00;182030,00;182065,00;35430831,00;973
WINV26;04/08/2026;17:05:00;182160,00;182235,00;182135,00;182150,00;18036268,00;495
WINV26;04/08/2026;17:00:00;181980,00;182230,00;181935,00;182160,00;19523051,00;536
WINV26;04/08/2026;16:55:00;182015,00;182050,00;181935,00;181985,00;8918526,00;245
WINV26;04/08/2026;16:50:00;182100,00;182100,00;182005,00;182030,00;10886578,00;299
WINV26;04/08/2026;16:45:00;182080,00;182100,00;182050,00;182085,00;400589,00;11
WINV26;04/08/2026;16:40:00;182095,00;182125,00;182060,00;182125,00;2913640,00;80
WINV26;04/08/2026;16:35:00;182055,00;182090,00;182025,00;182070,00;2403099,00;66
WINV26;04/08/2026;16:30:00;182180,00;182180,00;182025,00;182035,00;3131708,00;86
WINV26;04/08/2026;16:25:00;182125,00;182175,00;182025,00;182175,00;2585465,00;71
WINV26;04/08/2026;16:20:00;182175,00;182185,00;182110,00;182115,00;1602853,00;44
WINV26;04/08/2026;16:15:00;182050,00;182160,00;182050,00;182160,00;2148759,00;59
WINV26;04/08/2026;16:10:00;182160,00;182160,00;182035,00;182035,00;655420,00;18
WINV26;04/08/2026;16:05:00;182205,00;182205,00;182030,00;182170,00;1638857,00;45
WINV26;04/08/2026;16:00:00;182175,00;182190,00;182105,00;182155,00;3533704,00;97
WINV26;04/08/2026;15:55:00;182205,00;182260,00;182090,00;182120,00;22557776,00;619
WINV26;04/08/2026;15:50:00;182020,00;182220,00;182020,00;182160,00;27318939,00;750
WINV26;04/08/2026;15:45:00;182100,00;182110,00;182010,00;182025,00;17004744,00;467
WINV26;04/08/2026;15:40:00;182010,00;182085,00;181975,00;182035,00;29126964,00;800
WINV26;04/08/2026;15:35:00;182065,00;182070,00;181940,00;182015,00;39280857,00;1079
WINV26;04/08/2026;15:30:00;181950,00;182150,00;181950,00;182040,00;55460987,00;1523
WINV26;04/08/2026;15:25:00;181900,00;181945,00;181810,00;181915,00;13531111,00;372
WINV26;04/08/2026;15:20:00;181815,00;181915,00;181775,00;181900,00;11021087,00;303
WINV26;04/08/2026;15:15:00;182050,00;182065,00;181820,00;181890,00;43311410,00;1190
WINV26;04/08/2026;15:10:00;181990,00;182165,00;181880,00;182035,00;74178325,00;2037
WINV26;04/08/2026;15:05:00;181925,00;182030,00;181900,00;181990,00;40326023,00;1108
WINV26;04/08/2026;15:00:00;182210,00;182210,00;181880,00;181890,00;91558656,00;2515
WINV26;04/08/2026;14:55:00;182250,00;182345,00;182170,00;182250,00;33100826,00;908
WINV26;04/08/2026;14:50:00;182660,00;182670,00;182215,00;182245,00;49943071,00;1369
WINV26;04/08/2026;14:45:00;182630,00;182735,00;182630,00;182630,00;1096000,00;30
WINV26;04/08/2026;14:40:00;182680,00;182695,00;182640,00;182665,00;2265304,00;62
WINV26;04/08/2026;14:35:00;182630,00;182725,00;182625,00;182645,00;6723299,00;184
WINV26;04/08/2026;14:30:00;182585,00;182650,00;182575,00;182580,00;7633145,00;209
WINV26;04/08/2026;14:25:00;182635,00;182655,00;182555,00;182610,00;3652101,00;100
WINV26;04/08/2026;14:20:00;182695,00;182695,00;182650,00;182650,00;4347323,00;119
WINV26;04/08/2026;14:15:00;182650,00;182710,00;182590,00;182690,00;1461345,00;40
WINV26;04/08/2026;14:10:00;182595,00;182670,00;182580,00;182670,00;3505956,00;96
WINV26;04/08/2026;14:05:00;182695,00;182735,00;182625,00;182625,00;7709701,00;211
WINV26;04/08/2026;14:00:00;182600,00;182690,00;182525,00;182690,00;5552303,00;152
WINV26;04/08/2026;13:55:00;182665,00;182665,00;182555,00;182625,00;949516,00;26
WINV26;04/08/2026;13:50:00;182565,00;182705,00;182535,00;182690,00;5077247,00;139
WINV26;04/08/2026;13:45:00;182445,00;182550,00;182410,00;182550,00;29700661,00;814
WINV26;04/08/2026;13:40:00;182335,00;182465,00;182290,00;182465,00;40305443,00;1105
WINV26;04/08/2026;13:35:00;182135,00;182360,00;182135,00;182360,00;3827882,00;105
WINV26;04/08/2026;13:30:00;182400,00;182430,00;182075,00;182165,00;78521411,00;2154
WINV26;04/08/2026;13:25:00;182690,00;182690,00;182400,00;182400,00;16686163,00;457
WINV26;04/08/2026;13:20:00;182580,00;182710,00;182580,00;182695,00;33574194,00;919
WINV26;04/08/2026;13:15:00;182540,00;182625,00;182540,00;182590,00;34140939,00;935
WINV26;04/08/2026;13:10:00;182710,00;182740,00;182515,00;182545,00;31786556,00;870
WINV26;04/08/2026;13:05:00;182750,00;182750,00;182735,00;182735,00;730953,00;20
WINV26;04/08/2026;13:00:00;182760,00;182790,00;182700,00;182765,00;1059945,00;29
WINV26;04/08/2026;12:55:00;182840,00;182840,00;182745,00;182750,00;4313298,00;118
WINV26;04/08/2026;12:50:00;182780,00;182840,00;182750,00;182805,00;12430233,00;340
WINV26;04/08/2026;12:45:00;182695,00;182775,00;182695,00;182775,00;2850701,00;78
WINV26;04/08/2026;12:40:00;182685,00;182795,00;182685,00;182700,00;22548315,00;617
WINV26;04/08/2026;12:35:00;182770,00;182855,00;182695,00;182775,00;27708618,00;758
WINV26;04/08/2026;12:30:00;182860,00;182890,00;182705,00;182710,00;4351302,00;119
WINV26;04/08/2026;12:25:00;182760,00;182845,00;182735,00;182840,00;28295845,00;774
WINV26;04/08/2026;12:20:00;182840,00;182860,00;182660,00;182720,00;32927563,00;901
WINV26;04/08/2026;12:15:00;182900,00;182955,00;182810,00;182810,00;8670886,00;237
WINV26;04/08/2026;12:10:00;183085,00;183085,00;182850,00;182915,00;27256328,00;745
WINV26;04/08/2026;12:05:00;183275,00;183275,00;183095,00;183125,00;7803347,00;213
WINV26;04/08/2026;12:00:00;183060,00;183275,00;183020,00;183270,00;11979240,00;327
WINV26;04/08/2026;11:55:00;183080,00;183120,00;183005,00;183080,00;4686831,00;128
WINV26;04/08/2026;11:50:00;183045,00;183080,00;182955,00;183080,00;2342779,00;64
WINV26;04/08/2026;11:45:00;183060,00;183100,00;182965,00;183070,00;8419894,00;230
WINV26;04/08/2026;11:40:00;182955,00;183060,00;182880,00;183050,00;24664740,00;674
WINV26;04/08/2026;11:35:00;182810,00;183025,00;182810,00;182950,00;30513922,00;834
WINV26;04/08/2026;11:30:00;182770,00;182890,00;182770,00;182850,00;32837185,00;898
WINV26;04/08/2026;11:25:00;182810,00;182815,00;182675,00;182750,00;23503119,00;643
WINV26;04/08/2026;11:20:00;182740,00;182830,00;182650,00;182785,00;3472425,00;95
WINV26;04/08/2026;11:15:00;182800,00;182855,00;182715,00;182760,00;16087142,00;440
WINV26;04/08/2026;11:10:00;182740,00;182875,00;182695,00;182860,00;3326781,00;91
WINV26;04/08/2026;11:05:00;182915,00;182950,00;182705,00;182750,00;24241428,00;663
WINV26;04/08/2026;11:00:00;182740,00;182975,00;182575,00;182945,00;49023139,00;1341
WINV26;04/08/2026;10:55:00;182930,00;182930,00;182555,00;182720,00;36569676,00;1001
WINV26;04/08/2026;10:50:00;183040,00;183040,00;182785,00;182975,00;30697186,00;839
WINV26;04/08/2026;10:45:00;183175,00;183230,00;182900,00;183010,00;6590348,00;180
WINV26;04/08/2026;10:40:00;183400,00;183575,00;183130,00;183255,00;23075670,00;629
WINV26;04/08/2026;10:35:00;183245,00;183400,00;183095,00;183400,00;36422295,00;994
WINV26;04/08/2026;10:30:00;183650,00;183840,00;183205,00;183230,00;39845882,00;1085
WINV26;04/08/2026;10:25:00;184105,00;184105,00;183600,00;183600,00;11440922,00;311
WINV26;04/08/2026;10:20:00;184345,00;184445,00;184085,00;184085,00;39462921,00;1071
WINV26;04/08/2026;10:15:00;184960,00;185040,00;184310,00;184350,00;24233925,00;657
WINV26;04/08/2026;10:10:00;184700,00;185115,00;184655,00;184875,00;21048197,00;569
WINV26;04/08/2026;10:05:00;184750,00;184875,00;184670,00;184720,00;4619689,00;125
WINV26;04/08/2026;10:00:00;184400,00;185670,00;184250,00;184745,00;72368728,00;1954
WINV26;04/08/2026;09:55:00;184695,00;184725,00;184400,00;184425,00;6789714,00;184
WINV26;04/08/2026;09:50:00;184725,00;184810,00;184595,00;184665,00;4284860,00;116
WINV26;04/08/2026;09:45:00;184650,00;184700,00;184565,00;184690,00;2843771,00;77
WINV26;04/08/2026;09:40:00;184500,00;184650,00;184425,00;184560,00;3026393,00;82
WINV26;04/08/2026;09:35:00;184455,00;184560,00;184430,00;184555,00;4612888,00;125
WINV26;04/08/2026;09:30:00;184260,00;184510,00;184170,00;184460,00;6269197,00;170
WINV26;04/08/2026;09:25:00;184220,00;184360,00;183880,00;184285,00;7439655,00;202
WINV26;04/08/2026;09:20:00;184345,00;184345,00;184140,00;184180,00;4200170,00;114
WINV26;04/08/2026;09:15:00;184025,00;184390,00;184025,00;184300,00;12560803,00;341
WINV26;04/08/2026;09:10:00;183835,00;184100,00;183750,00;184000,00;3973351,00;108
WINV26;04/08/2026;09:05:00;183465,00;184100,00;183465,00;183845,00;37001645,00;1007
WINV26;04/08/2026;09:00:00;183025,00;183430,00;182450,00;183330,00;21296948,00;582
WINV26;03/08/2026;18:20:00;182450,00;182480,00;182315,00;182400,00;4779171,00;131
WINV26;03/08/2026;18:15:00;182425,00;182475,00;182380,00;182450,00;1568876,00;43
WINV26;03/08/2026;18:10:00;182460,00;182460,00;182425,00;182425,00;656776,00;18
WINV26;03/08/2026;18:05:00;182415,00;182460,00;182415,00;182460,00;1240527,00;34
WINV26;03/08/2026;18:00:00;182280,00;182450,00;182260,00;182425,00;1203638,00;33
WINV26;03/08/2026;17:55:00;182385,00;182390,00;182250,00;182300,00;3464180,00;95
WINV26;03/08/2026;17:50:00;182480,00;182480,00;182340,00;182375,00;839015,00;23
WINV26;03/08/2026;17:45:00;182490,00;182490,00;182435,00;182445,00;437885,00;12
WINV26;03/08/2026;17:40:00;182400,00;182510,00;182375,00;182500,00;1860997,00;51
WINV26;03/08/2026;17:35:00;182380,00;182425,00;182360,00;182425,00;1677988,00;46
WINV26;03/08/2026;17:30:00;182355,00;182410,00;182355,00;182370,00;2115510,00;58
WINV26;03/08/2026;17:25:00;182330,00;182350,00;182325,00;182340,00;911715,00;25
WINV26;03/08/2026;17:20:00;182370,00;182370,00;182295,00;182295,00;802208,00;22
WINV26;03/08/2026;17:15:00;182320,00;182370,00;182320,00;182370,00;619978,00;17
WINV26;03/08/2026;17:10:00;182205,00;182295,00;182205,00;182290,00;1385272,00;38
WINV26;03/08/2026;17:05:00;182395,00;182420,00;182245,00;182275,00;5397374,00;148
WINV26;03/08/2026;17:00:00;182225,00;182380,00;182205,00;182380,00;5649572,00;155
WINV26;03/08/2026;16:55:00;182340,00;182340,00;182255,00;182255,00;1385194,00;38
WINV26;03/08/2026;16:50:00;182340,00;182380,00;182300,00;182330,00;2479789,00;68
WINV26;03/08/2026;16:45:00;182220,00;182350,00;182180,00;182330,00;3718182,00;102
WINV26;03/08/2026;16:40:00;182340,00;182340,00;182205,00;182210,00;2697593,00;74
WINV26;03/08/2026;16:35:00;182370,00;182390,00;182275,00;182325,00;5652469,00;155
WINV26;03/08/2026;16:30:00;182200,00;182390,00;182165,00;182375,00;7437354,00;204
WINV26;03/08/2026;16:25:00;182165,00;182220,00;182150,00;182190,00;2003996,00;55
WINV26;03/08/2026;16:20:00;182200,00;182300,00;182155,00;182155,00;7909120,00;217
WINV26;03/08/2026;16:15:00;182110,00;182195,00;182110,00;182175,00;6666980,00;183
WINV26;03/08/2026;16:10:00;182050,00;182100,00;182040,00;182090,00;3058948,00;84
WINV26;03/08/2026;16:05:00;181950,00;182035,00;181950,00;182035,00;3567080,00;98
WINV26;03/08/2026;16:00:00;181810,00;181925,00;181810,00;181925,00;4511410,00;124
WINV26;03/08/2026;15:55:00;181840,00;181890,00;181830,00;181830,00;1054796,00;29
WINV26;03/08/2026;15:50:00;181840,00;181865,00;181805,00;181810,00;800070,00;22
WINV26;03/08/2026;15:45:00;181855,00;181855,00;181810,00;181835,00;800091,00;22
WINV26;03/08/2026;15:40:00;181910,00;181910,00;181790,00;181845,00;8727607,00;240
WINV26;03/08/2026;15:35:00;181895,00;181925,00;181885,00;181920,00;873161,00;24
WINV26;03/08/2026;15:30:00;181950,00;181950,00;181860,00;181870,00;1309794,00;36
WINV26;03/08/2026;15:25:00;181990,00;182060,00;181985,00;181985,00;1310528,00;36
WINV26;03/08/2026;15:20:00;181935,00;181980,00;181930,00;181980,00;436706,00;12
WINV26;03/08/2026;15:15:00;181955,00;182010,00;181955,00;182005,00;3130371,00;86
WINV26;03/08/2026;15:10:00;181900,00;181995,00;181875,00;181960,00;1855754,00;51
WINV26;03/08/2026;15:05:00;181900,00;181900,00;181840,00;181855,00;654754,00;18
WINV26;03/08/2026;15:00:00;181770,00;181900,00;181770,00;181900,00;1236767,00;34
WINV26;03/08/2026;14:55:00;181860,00;181895,00;181770,00;181770,00;1273029,00;35
WINV26;03/08/2026;14:50:00;181965,00;181980,00;181810,00;181810,00;8842316,00;243
WINV26;03/08/2026;14:45:00;181885,00;181985,00;181870,00;181940,00;11354480,00;312
WINV26;03/08/2026;14:40:00;181735,00;181890,00;181710,00;181885,00;2327036,00;64
WINV26;03/08/2026;14:35:00;181800,00;181820,00;181735,00;181735,00;4071936,00;112
WINV26;03/08/2026;14:30:00;181840,00;181850,00;181750,00;181785,00;1527095,00;42
WINV26;03/08/2026;14:25:00;181800,00;181840,00;181800,00;181840,00;727288,00;20
WINV26;03/08/2026;14:20:00;181815,00;181815,00;181700,00;181800,00;1599580,00;44
WINV26;03/08/2026;14:15:00;181910,00;181915,00;181830,00;181845,00;1127555,00;31
WINV26;03/08/2026;14:10:00;181725,00;181905,00;181725,00;181880,00;3745376,00;103
WINV26;03/08/2026;14:05:00;181650,00;181720,00;181630,00;181720,00;2688680,00;74
WINV26;03/08/2026;14:00:00;181580,00;181630,00;181550,00;181575,00;435809,00;12
WINV26;03/08/2026;13:55:00;181575,00;181610,00;181575,00;181610,00;508451,00;14
WINV26;03/08/2026;13:50:00;181515,00;181550,00;181485,00;181550,00;5917408,00;163
WINV26;03/08/2026;13:45:00;181575,00;181585,00;181535,00;181565,00;1125724,00;31
WINV26;03/08/2026;13:40:00;181670,00;181670,00;181610,00;181610,00;181648,00;5
WINV26;03/08/2026;13:35:00;181595,00;181695,00;181580,00;181690,00;1017146,00;28
WINV26;03/08/2026;13:25:00;181665,00;181665,00;181590,00;181600,00;581208,00;16
WINV26;03/08/2026;13:20:00;181700,00;181725,00;181655,00;181680,00;1017480,00;28
WINV26;03/08/2026;13:15:00;181575,00;181695,00;181560,00;181695,00;1089820,00;30
WINV26;03/08/2026;13:10:00;181660,00;181685,00;181575,00;181660,00;617534,00;17
WINV26;03/08/2026;13:05:00;181540,00;181565,00;181540,00;181565,00;217861,00;6
WINV26;03/08/2026;13:00:00;181625,00;181625,00;181555,00;181555,00;508465,00;14
WINV26;03/08/2026;12:55:00;181705,00;181705,00;181610,00;181630,00;944559,00;26
WINV26;03/08/2026;12:50:00;181670,00;181710,00;181640,00;181700,00;43673627,00;1202
WINV26;03/08/2026;12:45:00;181605,00;181710,00;181605,00;181705,00;49205374,00;1354
WINV26;03/08/2026;12:40:00;181650,00;181665,00;181580,00;181580,00;544827,00;15
WINV26;03/08/2026;12:35:00;181510,00;181630,00;181460,00;181630,00;653597,00;18
WINV26;03/08/2026;12:30:00;181630,00;181630,00;181470,00;181490,00;798729,00;22
WINV26;03/08/2026;12:25:00;181750,00;181780,00;181550,00;181630,00;4394960,00;121
WINV26;03/08/2026;12:20:00;181750,00;181750,00;181630,00;181640,00;544948,00;15
WINV26;03/08/2026;12:15:00;181625,00;181735,00;181600,00;181735,00;1562482,00;43
WINV26;03/08/2026;12:10:00;181545,00;181655,00;181545,00;181610,00;1670817,00;46
WINV26;03/08/2026;12:05:00;181625,00;181625,00;181430,00;181580,00;943871,00;26
WINV26;03/08/2026;12:00:00;181555,00;181625,00;181485,00;181625,00;326848,00;9
WINV26;03/08/2026;11:55:00;181620,00;181675,00;181580,00;181615,00;472224,00;13
WINV26;03/08/2026;11:50:00;181610,00;181680,00;181475,00;181640,00;1489287,00;41
WINV26;03/08/2026;11:45:00;181400,00;181590,00;181400,00;181590,00;834905,00;23
WINV26;03/08/2026;11:40:00;181570,00;181625,00;181380,00;181435,00;2904292,00;80
WINV26;03/08/2026;11:35:00;181720,00;181885,00;181560,00;181560,00;5561698,00;153
WINV26;03/08/2026;11:30:00;181575,00;181715,00;181495,00;181715,00;11295891,00;311
WINV26;03/08/2026;11:25:00;181390,00;181555,00;181390,00;181550,00;4864302,00;134
WINV26;03/08/2026;11:20:00;181280,00;181510,00;181280,00;181470,00;2322031,00;64
WINV26;03/08/2026;11:15:00;181380,00;181400,00;181260,00;181270,00;2030813,00;56
WINV26;03/08/2026;11:10:00;181270,00;181440,00;181220,00;181425,00;2103754,00;58
WINV26;03/08/2026;11:05:00;181200,00;181300,00;181145,00;181240,00;13193235,00;364
WINV26;03/08/2026;11:00:00;181380,00;181445,00;181160,00;181245,00;14795645,00;408
WINV26;03/08/2026;10:55:00;181335,00;181475,00;181250,00;181430,00;14980904,00;413
WINV26;03/08/2026;10:50:00;181460,00;181625,00;181255,00;181300,00;3954418,00;109
WINV26;03/08/2026;10:45:00;181430,00;181760,00;181350,00;181500,00;17636337,00;486
WINV26;03/08/2026;10:40:00;181420,00;181695,00;181410,00;181505,00;9441751,00;260
WINV26;03/08/2026;10:35:00;181765,00;181820,00;181370,00;181395,00;9662462,00;266
WINV26;03/08/2026;10:30:00;182000,00;182355,00;181725,00;181725,00;7285558,00;200
WINV26;03/08/2026;10:25:00;182085,00;182195,00;181945,00;182000,00;4406003,00;121
WINV26;03/08/2026;10:20:00;182135,00;182300,00;181995,00;182085,00;2294467,00;63
WINV26;03/08/2026;10:15:00;182515,00;182560,00;182060,00;182105,00;14182408,00;389
WINV26;03/08/2026;10:10:00;182890,00;182890,00;182580,00;182585,00;12605996,00;345
WINV26;03/08/2026;10:05:00;182990,00;183095,00;182870,00;182945,00;10574371,00;289
WINV26;03/08/2026;10:00:00;183195,00;183355,00;182860,00;183070,00;4392675,00;120
WINV26;03/08/2026;09:55:00;183075,00;183400,00;183055,00;183205,00;6706840,00;183
WINV26;03/08/2026;09:50:00;182955,00;183140,00;182925,00;183080,00;4722698,00;129
WINV26;03/08/2026;09:45:00;182845,00;183060,00;182830,00;182960,00;3659080,00;100
WINV26;03/08/2026;09:40:00;182880,00;182920,00;182680,00;182870,00;4021912,00;110
WINV26;03/08/2026;09:35:00;182790,00;183000,00;182730,00;182905,00;3767650,00;103
WINV26;03/08/2026;09:30:00;182620,00;182905,00;182590,00;182700,00;9173351,00;251
WINV26;03/08/2026;09:25:00;182565,00;182695,00;182500,00;182650,00;2775530,00;76
WINV26;03/08/2026;09:20:00;182585,00;182645,00;182435,00;182545,00;4891601,00;134
WINV26;03/08/2026;09:15:00;182400,00;182690,00;182370,00;182560,00;9673215,00;265
WINV26;03/08/2026;09:10:00;182310,00;182450,00;182150,00;182390,00;9625148,00;264
WINV26;03/08/2026;09:05:00;182635,00;182650,00;182130,00;182340,00;66707056,00;1829
WINV26;03/08/2026;09:00:00;182810,00;183295,00;182700,00;182750,00;28003134,00;765
WINV26;31/07/2026;18:20:00;182385,00;182415,00;182265,00;182415,00;13894312,00;381
WINV26;31/07/2026;18:15:00;182365,00;182410,00;182340,00;182340,00;1459116,00;40
WINV26;31/07/2026;18:10:00;182330,00;182380,00;182280,00;182345,00;1531682,00;42
WINV26;31/07/2026;18:05:00;182320,00;182455,00;182320,00;182325,00;3319695,00;91
WINV26;31/07/2026;18:00:00;182265,00;182365,00;182265,00;182320,00;1312679,00;36
WINV26;31/07/2026;17:55:00;182355,00;182355,00;182190,00;182275,00;2515400,00;69
WINV26;31/07/2026;17:50:00;182445,00;182445,00;182280,00;182330,00;3355377,00;92
WINV26;31/07/2026;17:45:00;182520,00;182565,00;182440,00;182440,00;620513,00;17
WINV26;31/07/2026;17:40:00;182450,00;182490,00;182450,00;182460,00;1204330,00;33
WINV26;31/07/2026;17:35:00;182420,00;182475,00;182410,00;182440,00;474312,00;13
WINV26;31/07/2026;17:30:00;182490,00;182490,00;182380,00;182395,00;1313648,00;36
WINV26;31/07/2026;17:25:00;182500,00;182510,00;182500,00;182510,00;949030,00;26
WINV26;31/07/2026;17:20:00;182570,00;182595,00;182465,00;182490,00;14130005,00;387
WINV26;31/07/2026;17:15:00;182450,00;182590,00;182450,00;182575,00;3724107,00;102
WINV26;31/07/2026;17:10:00;182450,00;182475,00;182430,00;182455,00;985212,00;27
WINV26;31/07/2026;17:05:00;182455,00;182550,00;182450,00;182495,00;2372500,00;65
WINV26;31/07/2026;17:00:00;182765,00;182800,00;182440,00;182440,00;3068613,00;84
WINV26;31/07/2026;16:55:00;182635,00;182760,00;182635,00;182700,00;1717621,00;47
WINV26;31/07/2026;16:50:00;182695,00;182770,00;182615,00;182690,00;4786818,00;131
WINV26;31/07/2026;16:45:00;182595,00;182740,00;182580,00;182660,00;5407438,00;148
WINV26;31/07/2026;16:40:00;182350,00;182610,00;182350,00;182610,00;4782426,00;131
WINV26;31/07/2026;16:35:00;182445,00;182570,00;182345,00;182345,00;2919696,00;80
WINV26;31/07/2026;16:30:00;182605,00;182610,00;182455,00;182455,00;2190729,00;60
WINV26;31/07/2026;16:25:00;182695,00;182695,00;182510,00;182510,00;2045207,00;56
WINV26;31/07/2026;16:20:00;182735,00;182785,00;182700,00;182700,00;2302623,00;63
WINV26;31/07/2026;16:15:00;182965,00;182965,00;182750,00;182750,00;4863340,00;133
WINV26;31/07/2026;16:10:00;182985,00;182995,00;182925,00;182950,00;1939531,00;53
WINV26;31/07/2026;16:05:00;182990,00;183085,00;182990,00;183085,00;695527,00;19
WINV26;31/07/2026;16:00:00;183090,00;183200,00;182955,00;183055,00;8643427,00;236
WINV26;31/07/2026;15:55:00;183145,00;183160,00;183025,00;183085,00;6223710,00;170
WINV26;31/07/2026;15:50:00;183040,00;183160,00;183040,00;183160,00;10474210,00;286
WINV26;31/07/2026;15:45:00;183035,00;183090,00;182880,00;182970,00;2744719,00;75
WINV26;31/07/2026;15:40:00;183000,00;183095,00;182975,00;183075,00;2672753,00;73
WINV26;31/07/2026;15:35:00;182970,00;183050,00;182890,00;183050,00;4794364,00;131
WINV26;31/07/2026;15:30:00;182765,00;182990,00;182765,00;182930,00;4244064,00;116
WINV26;31/07/2026;15:25:00;182880,00;182880,00;182765,00;182830,00;2230374,00;61
WINV26;31/07/2026;15:20:00;182785,00;182940,00;182785,00;182880,00;4425365,00;121
WINV26;31/07/2026;15:15:00;182665,00;182740,00;182630,00;182740,00;2155502,00;59
WINV26;31/07/2026;15:10:00;182730,00;182825,00;182665,00;182720,00;8187143,00;224
WINV26;31/07/2026;15:05:00;182625,00;182730,00;182585,00;182730,00;2155435,00;59
WINV26;31/07/2026;15:00:00;182670,00;182750,00;182615,00;182635,00;4238424,00;116
WINV26;31/07/2026;14:55:00;182750,00;182780,00;182680,00;182740,00;1023233,00;28
WINV26;31/07/2026;14:50:00;182685,00;182725,00;182660,00;182675,00;5370928,00;147
WINV26;31/07/2026;14:45:00;182855,00;182930,00;182650,00;182650,00;27177261,00;743
WINV26;31/07/2026;14:40:00;182720,00;182880,00;182700,00;182815,00;8263410,00;226
WINV26;31/07/2026;14:35:00;182650,00;182770,00;182560,00;182635,00;7526635,00;206
WINV26;31/07/2026;14:30:00;182670,00;182750,00;182615,00;182650,00;6174344,00;169
WINV26;31/07/2026;14:25:00;182655,00;182665,00;182560,00;182650,00;4054069,00;111
WINV26;31/07/2026;14:20:00;182390,00;182645,00;182380,00;182645,00;4781570,00;131
WINV26;31/07/2026;14:15:00;182545,00;182675,00;182380,00;182435,00;6352560,00;174
WINV26;31/07/2026;14:10:00;182150,00;182545,00;182150,00;182545,00;7404736,00;203
WINV26;31/07/2026;14:05:00;182210,00;182245,00;182130,00;182240,00;4263030,00;117
WINV26;31/07/2026;14:00:00;182275,00;182345,00;182210,00;182210,00;2479267,00;68
WINV26;31/07/2026;13:55:00;182410,00;182410,00;182255,00;182345,00;2953397,00;81
WINV26;31/07/2026;13:50:00;182360,00;182455,00;182350,00;182415,00;1933378,00;53
WINV26;31/07/2026;13:45:00;182510,00;182510,00;182340,00;182340,00;7077056,00;194
WINV26;31/07/2026;13:40:00;182730,00;182800,00;182510,00;182510,00;3433668,00;94
WINV26;31/07/2026;13:35:00;182590,00;182770,00;182470,00;182670,00;3068478,00;84
WINV26;31/07/2026;13:30:00;182545,00;182625,00;182500,00;182565,00;5878829,00;161
WINV26;31/07/2026;13:25:00;182345,00;182500,00;182315,00;182445,00;1751099,00;48
WINV26;31/07/2026;13:20:00;182100,00;182300,00;182100,00;182285,00;4191842,00;115
WINV26;31/07/2026;13:15:00;182290,00;182310,00;181905,00;182030,00;4588067,00;126
WINV26;31/07/2026;13:10:00;182125,00;182205,00;182115,00;182150,00;765017,00;21
WINV26;31/07/2026;13:05:00;182155,00;182240,00;182100,00;182205,00;2805484,00;77
WINV26;31/07/2026;13:00:00;182265,00;182385,00;182070,00;182160,00;6704709,00;184
WINV26;31/07/2026;12:55:00;182770,00;182790,00;182310,00;182320,00;6059237,00;166
WINV26;31/07/2026;12:50:00;182590,00;182770,00;182235,00;182720,00;21862748,00;599
WINV26;31/07/2026;12:45:00;182455,00;182630,00;182355,00;182590,00;7812142,00;214
WINV26;31/07/2026;12:40:00;182000,00;182500,00;182000,00;182485,00;5359676,00;147
WINV26;31/07/2026;12:35:00;181430,00;182300,00;181430,00;182120,00;17318413,00;476
WINV26;31/07/2026;12:30:00;181220,00;181435,00;180835,00;181290,00;5217582,00;144
WINV26;30/07/2026;18:20:00;181410,00;181410,00;181260,00;181260,00;13926069,00;384
WINV26;30/07/2026;18:15:00;181525,00;181595,00;181400,00;181400,00;3267364,00;90
WINV26;30/07/2026;18:10:00;181630,00;181630,00;181470,00;181560,00;4139170,00;114
WINV26;30/07/2026;18:05:00;181670,00;181690,00;181615,00;181660,00;2361395,00;65
WINV26;30/07/2026;18:00:00;181700,00;181750,00;181675,00;181725,00;436138,00;12
WINV26;30/07/2026;17:55:00;181775,00;181780,00;181730,00;181730,00;3198897,00;88
WINV26;30/07/2026;17:50:00;181800,00;181800,00;181735,00;181735,00;8398350,00;231
WINV26;30/07/2026;17:45:00;181740,00;181800,00;181740,00;181760,00;2435618,00;67
WINV26;30/07/2026;17:40:00;181760,00;181760,00;181650,00;181725,00;7085450,00;195
WINV26;30/07/2026;17:35:00;181740,00;181790,00;181705,00;181745,00;3198551,00;88
WINV26;30/07/2026;17:30:00;181800,00;181840,00;181690,00;181840,00;4652999,00;128
WINV26;30/07/2026;17:25:00;181840,00;181870,00;181810,00;181810,00;618261,00;17
WINV26;30/07/2026;17:20:00;181840,00;181840,00;181790,00;181805,00;1745505,00;48
WINV26;30/07/2026;17:15:00;181760,00;181835,00;181730,00;181805,00;3381203,00;93
WINV26;30/07/2026;17:10:00;181755,00;181775,00;181720,00;181730,00;5016000,00;138
WINV26;30/07/2026;17:05:00;181635,00;181830,00;181610,00;181785,00;6578465,00;181
WINV26;30/07/2026;17:00:00;181575,00;181665,00;181575,00;181610,00;5194414,00;143
WINV26;30/07/2026;16:55:00;181490,00;181640,00;181465,00;181575,00;8606050,00;237
WINV26;30/07/2026;16:50:00;181500,00;181500,00;181380,00;181465,00;3846957,00;106
WINV26;30/07/2026;16:45:00;181500,00;181590,00;181470,00;181520,00;25269157,00;696
WINV26;30/07/2026;16:40:00;181365,00;181490,00;181350,00;181490,00;27107132,00;747
WINV26;30/07/2026;16:35:00;181320,00;181390,00;181320,00;181350,00;580304,00;16
WINV26;30/07/2026;16:30:00;181325,00;181405,00;181290,00;181370,00;3300621,00;91
WINV26;30/07/2026;16:25:00;181330,00;181560,00;181330,00;181360,00;13972685,00;385
WINV26;30/07/2026;16:20:00;181140,00;181320,00;181140,00;181320,00;17147138,00;473
WINV26;30/07/2026;16:15:00;180985,00;181180,00;180945,00;181165,00;12206318,00;337
WINV26;30/07/2026;16:10:00;181040,00;181055,00;180980,00;181000,00;4489670,00;124
WINV26;30/07/2026;16:05:00;180915,00;181020,00;180880,00;181010,00;12704669,00;351
WINV26;30/07/2026;16:00:00;180840,00;180930,00;180825,00;180885,00;3907209,00;108
WINV26;30/07/2026;15:55:00;180835,00;180870,00;180825,00;180825,00;1627652,00;45
WINV26;30/07/2026;15:50:00;180820,00;180900,00;180820,00;180835,00;15517525,00;429
WINV26;30/07/2026;15:45:00;180765,00;180855,00;180765,00;180830,00;33706882,00;932
WINV26;30/07/2026;15:40:00;180575,00;180780,00;180575,00;180780,00;4264838,00;118
WINV26;30/07/2026;15:35:00;180615,00;180630,00;180570,00;180570,00;614105,00;17
WINV26;30/07/2026;15:30:00;180505,00;180675,00;180505,00;180575,00;7982625,00;221
WINV26;30/07/2026;15:25:00;180470,00;180515,00;180470,00;180515,00;3393314,00;94
WINV26;30/07/2026;15:20:00;180455,00;180460,00;180440,00;180440,00;577430,00;16
WINV26;30/07/2026;15:15:00;180465,00;180465,00;180370,00;180370,00;1298881,00;36
WINV26;30/07/2026;15:10:00;180435,00;180455,00;180425,00;180455,00;2922899,00;81
WINV26;30/07/2026;15:05:00;180395,00;180470,00;180395,00;180455,00;2490361,00;69
WINV26;30/07/2026;15:00:00;180425,00;180450,00;180375,00;180385,00;2453423,00;68
WINV26;30/07/2026;14:55:00;180500,00;180530,00;180405,00;180405,00;7183335,00;199
WINV26;30/07/2026;14:50:00;180490,00;180520,00;180435,00;180485,00;2815120,00;78
WINV26;30/07/2026;14:45:00;180495,00;180530,00;180450,00;180450,00;1299481,00;36
WINV26;30/07/2026;14:40:00;180450,00;180500,00;180445,00;180480,00;938399,00;26
WINV26;30/07/2026;14:35:00;180415,00;180520,00;180400,00;180460,00;4908771,00;136
WINV26;30/07/2026;14:30:00;180475,00;180475,00;180360,00;180390,00;10896292,00;302
WINV26;30/07/2026;14:25:00;180490,00;180490,00;180390,00;180430,00;23238347,00;644
WINV26;30/07/2026;14:20:00;180650,00;180650,00;180490,00;180525,00;2274752,00;63
WINV26;30/07/2026;14:15:00;180620,00;180650,00;180620,00;180650,00;252889,00;7
WINV26;30/07/2026;14:10:00;180590,00;180680,00;180550,00;180635,00;4226109,00;117
WINV26;30/07/2026;14:05:00;180550,00;180625,00;180525,00;180525,00;2202903,00;61
WINV26;30/07/2026;14:00:00;180545,00;180635,00;180535,00;180590,00;2383642,00;66
WINV26;30/07/2026;13:55:00;180370,00;180555,00;180370,00;180510,00;11010334,00;305
WINV26;30/07/2026;13:50:00;180300,00;180355,00;180270,00;180355,00;432746,00;12
WINV26;30/07/2026;13:45:00;180300,00;180310,00;180230,00;180310,00;1406157,00;39
WINV26;30/07/2026;13:40:00;180435,00;180435,00;180280,00;180280,00;3210457,00;89
WINV26;30/07/2026;13:35:00;180380,00;180470,00;180375,00;180430,00;13207549,00;366
WINV26;30/07/2026;13:30:00;180305,00;180400,00;180300,00;180355,00;23012905,00;638
WINV26;30/07/2026;13:25:00;180285,00;180310,00;180250,00;180290,00;10419188,00;289
WINV26;30/07/2026;13:20:00;180225,00;180300,00;180190,00;180300,00;1838678,00;51
WINV26;30/07/2026;13:15:00;180240,00;180275,00;180205,00;180270,00;8470835,00;235
WINV26;30/07/2026;13:10:00;180245,00;180255,00;180200,00;180255,00;1225597,00;34
WINV26;30/07/2026;13:05:00;180180,00;180290,00;180180,00;180235,00;1730288,00;48
WINV26;30/07/2026;13:00:00;180160,00;180270,00;180150,00;180235,00;29341415,00;814
WINV26;30/07/2026;12:55:00;180120,00;180200,00;180120,00;180160,00;1729622,00;48
WINV26;30/07/2026;12:50:00;180080,00;180120,00;180080,00;180120,00;396242,00;11
WINV26;30/07/2026;12:45:00;180150,00;180150,00;180050,00;180100,00;684481,00;19
WINV26;30/07/2026;12:40:00;180100,00;180150,00;180065,00;180140,00;2413201,00;67
WINV26;30/07/2026;12:35:00;180050,00;180135,00;180010,00;180040,00;3817684,00;106
WINV26;30/07/2026;12:30:00;179850,00;180050,00;179800,00;180050,00;5399695,00;150
WINV26;30/07/2026;12:25:00;179885,00;179965,00;179875,00;179905,00;827611,00;23
WINV26;30/07/2026;12:20:00;179885,00;179950,00;179770,00;179770,00;2626147,00;73
WINV26;30/07/2026;12:15:00;179715,00;179870,00;179715,00;179870,00;3344335,00;93
WINV26;30/07/2026;12:10:00;179720,00;179785,00;179640,00;179685,00;1832744,00;51
WINV26;30/07/2026;12:05:00;179600,00;179745,00;179435,00;179745,00;1975227,00;55
WINV26;30/07/2026;12:00:00;179745,00;179745,00;179515,00;179580,00;4238809,00;118
WINV26;30/07/2026;11:55:00;179810,00;179815,00;179700,00;179785,00;1545803,00;43
WINV26;30/07/2026;11:50:00;179765,00;179850,00;179710,00;179825,00;1294321,00;36
WINV26;30/07/2026;11:45:00;179700,00;179830,00;179700,00;179815,00;1690170,00;47
WINV26;30/07/2026;11:40:00;179790,00;179795,00;179700,00;179700,00;1653460,00;46
WINV26;30/07/2026;11:35:00;179645,00;179900,00;179645,00;179790,00;18671416,00;519
WINV26;30/07/2026;11:30:00;179655,00;179800,00;179610,00;179620,00;2479808,00;69
WINV26;30/07/2026;11:25:00;179590,00;179740,00;179435,00;179650,00;5173174,00;144
WINV26;30/07/2026;11:20:00;179435,00;179725,00;179435,00;179610,00;10201218,00;284
WINV26;30/07/2026;11:15:00;179460,00;179460,00;179270,00;179305,00;3622580,00;101
WINV26;30/07/2026;11:10:00;179415,00;179550,00;179290,00;179435,00;4342267,00;121
WINV26;30/07/2026;11:05:00;179315,00;179650,00;179210,00;179430,00;8111945,00;226
WINV26;30/07/2026;11:00:00;179295,00;179435,00;179175,00;179405,00;3371015,00;94
WINV26;30/07/2026;10:55:00;179090,00;179320,00;179090,00;179305,00;7992110,00;223
WINV26;30/07/2026;10:50:00;179085,00;179200,00;178920,00;179085,00;3510374,00;98
WINV26;30/07/2026;10:45:00;178810,00;179155,00;178750,00;179120,00;3078701,00;86
WINV26;30/07/2026;10:40:00;178890,00;179040,00;178745,00;178945,00;3004771,00;84
WINV26;30/07/2026;10:35:00;179030,00;179045,00;178660,00;178950,00;4829569,00;135
WINV26;30/07/2026;10:30:00;179090,00;179350,00;178980,00;179045,00;6449415,00;180
WINV26;30/07/2026;10:25:00;179455,00;179455,00;179015,00;179115,00;10962732,00;306
WINV26;30/07/2026;10:20:00;179325,00;179550,00;179190,00;179475,00;9798249,00;273
WINV26;30/07/2026;10:15:00;179240,00;179375,00;179070,00;179350,00;4732148,00;132
WINV26;30/07/2026;10:10:00;178950,00;179250,00;178915,00;179250,00;2579957,00;72
WINV26;30/07/2026;10:05:00;179280,00;179400,00;178930,00;178960,00;9496012,00;265
WINV26;30/07/2026;10:00:00;178985,00;179275,00;178985,00;179160,00;3475487,00;97
WINV26;30/07/2026;09:55:00;178935,00;178965,00;178850,00;178905,00;644127,00;18
WINV26;30/07/2026;09:50:00;178885,00;179025,00;178760,00;178965,00;2611675,00;73
WINV26;30/07/2026;09:45:00;178985,00;178990,00;178845,00;178880,00;1717567,00;48
WINV26;30/07/2026;09:40:00;179015,00;179065,00;178980,00;179000,00;787688,00;22
WINV26;30/07/2026;09:35:00;179040,00;179105,00;178940,00;178995,00;1539695,00;43
WINV26;30/07/2026;09:30:00;179185,00;179440,00;178910,00;179065,00;8812422,00;246
WINV26;30/07/2026;09:25:00;179340,00;179345,00;179065,00;179165,00;3046172,00;85
WINV26;30/07/2026;09:20:00;179065,00;179340,00;178975,00;179265,00;6235875,00;174
WINV26;30/07/2026;09:15:00;179105,00;179270,00;179105,00;179190,00;3691486,00;103
WINV26;30/07/2026;09:10:00;179040,00;179110,00;178875,00;179090,00;1539366,00;43
WINV26;30/07/2026;09:05:00;178995,00;179200,00;178815,00;179035,00;6336851,00;177
WINV26;30/07/2026;09:00:00;178690,00;179330,00;178255,00;178945,00;123743221,00;3457
WINV26;29/07/2026;18:20:00;177805,00;177910,00;177785,00;177800,00;52822296,00;1485
WINV26;29/07/2026;18:15:00;177820,00;177825,00;177780,00;177800,00;1991340,00;56
WINV26;29/07/2026;18:10:00;177865,00;177870,00;177810,00;177820,00;6189000,00;174
WINV26;29/07/2026;18:05:00;177920,00;177950,00;177910,00;177935,00;9288135,00;261
WINV26;29/07/2026;18:00:00;177890,00;177940,00;177870,00;177915,00;39248130,00;1103
WINV26;29/07/2026;17:55:00;177925,00;177940,00;177900,00;177940,00;427039,00;12
WINV26;29/07/2026;17:50:00;177900,00;177940,00;177885,00;177885,00;249069,00;7
WINV26;29/07/2026;17:45:00;177990,00;178000,00;177875,00;177900,00;6796860,00;191
WINV26;29/07/2026;17:40:00;178000,00;178005,00;177975,00;177975,00;142391,00;4
WINV26;29/07/2026;17:35:00;178035,00;178045,00;177990,00;178005,00;2456878,00;69
WINV26;29/07/2026;17:30:00;178025,00;178045,00;177915,00;177995,00;5481947,00;154
WINV26;29/07/2026;17:25:00;178000,00;178070,00;177995,00;178065,00;3311656,00;93
WINV26;29/07/2026;17:20:00;178075,00;178080,00;177990,00;178015,00;4700393,00;132
WINV26;29/07/2026;17:15:00;178100,00;178100,00;177950,00;178020,00;7761335,00;218
WINV26;29/07/2026;17:10:00;178180,00;178320,00;178105,00;178105,00;26551016,00;745
WINV26;29/07/2026;17:05:00;178340,00;178385,00;178130,00;178140,00;3993290,00;112
WINV26;29/07/2026;17:00:00;178455,00;178520,00;178310,00;178310,00;7457088,00;209
WINV26;29/07/2026;16:55:00;178625,00;178625,00;178455,00;178505,00;20217278,00;566
WINV26;29/07/2026;16:50:00;178730,00;178730,00;178625,00;178625,00;3788309,00;106
WINV26;29/07/2026;16:45:00;178745,00;178795,00;178685,00;178750,00;12797161,00;358
WINV26;29/07/2026;16:40:00;178685,00;178875,00;178685,00;178720,00;5291646,00;148
WINV26;29/07/2026;16:35:00;178780,00;178920,00;178680,00;178680,00;10153531,00;284
WINV26;29/07/2026;16:30:00;178855,00;179100,00;178620,00;178770,00;16378695,00;458
WINV26;29/07/2026;16:25:00;178905,00;178920,00;178800,00;178830,00;29189536,00;816
WINV26;29/07/2026;16:20:00;179440,00;179440,00;178900,00;178900,00;29177878,00;814
WINV26;29/07/2026;16:15:00;179550,00;179645,00;179460,00;179460,00;1472133,00;41
WINV26;29/07/2026;16:10:00;179385,00;179560,00;179365,00;179435,00;7358624,00;205
WINV26;29/07/2026;16:05:00;179670,00;179670,00;179325,00;179325,00;5922386,00;165
WINV26;29/07/2026;16:00:00;179950,00;180170,00;179645,00;179680,00;26972135,00;749
WINV26;29/07/2026;15:55:00;179835,00;179925,00;179645,00;179925,00;11612911,00;323
WINV26;29/07/2026;15:50:00;179645,00;179870,00;179585,00;179850,00;10173594,00;283
WINV26;29/07/2026;15:45:00;179470,00;179700,00;179435,00;179680,00;7757897,00;216
WINV26;29/07/2026;15:40:00;179275,00;179525,00;179200,00;179475,00;15139669,00;422
WINV26;29/07/2026;15:35:00;178870,00;179250,00;178870,00;179250,00;6550651,00;183
WINV26;29/07/2026;15:30:00;179050,00;179170,00;178750,00;178950,00;6441397,00;180
WINV26;29/07/2026;15:25:00;178900,00;179045,00;178850,00;179045,00;5904209,00;165
WINV26;29/07/2026;15:20:00;179110,00;179110,00;178900,00;178900,00;12995620,00;363
WINV26;29/07/2026;15:15:00;179405,00;179405,00;179065,00;179085,00;7273762,00;203
WINV26;29/07/2026;15:10:00;179300,00;179460,00;179270,00;179300,00;8931216,00;249
WINV26;29/07/2026;15:05:00;179335,00;179420,00;179250,00;179310,00;12768544,00;356
WINV26;29/07/2026;15:00:00;178970,00;179570,00;178970,00;179335,00;95577764,00;2665
WINV26;29/07/2026;14:55:00;178830,00;178995,00;178815,00;178950,00;3471334,00;97
WINV26;29/07/2026;14:50:00;178900,00;178950,00;178845,00;178900,00;3649533,00;102
WINV26;29/07/2026;14:45:00;178960,00;178975,00;178910,00;178910,00;357909,00;10
WINV26;29/07/2026;14:40:00;178925,00;178995,00;178910,00;178960,00;5154484,00;144
WINV26;29/07/2026;14:35:00;178900,00;178975,00;178860,00;178950,00;7263972,00;203
WINV26;29/07/2026;14:30:00;179050,00;179050,00;178905,00;178910,00;27312867,00;763
WINV26;29/07/2026;14:25:00;179110,00;179130,00;179055,00;179075,00;20738624,00;579
WINV26;29/07/2026;14:20:00;179130,00;179215,00;179100,00;179120,00;23472044,00;655
WINV26;29/07/2026;14:15:00;179140,00;179140,00;179050,00;179085,00;1038645,00;29
WINV26;29/07/2026;14:10:00;179065,00;179140,00;179055,00;179140,00;15440243,00;431
WINV26;29/07/2026;14:05:00;179210,00;179210,00;179040,00;179085,00;34886016,00;974
WINV26;29/07/2026;14:00:00;179225,00;179225,00;179100,00;179225,00;37735188,00;1053
WINV26;29/07/2026;13:55:00;179275,00;179340,00;179215,00;179255,00;24310607,00;678
WINV26;29/07/2026;13:50:00;179225,00;179250,00;179175,00;179235,00;20537600,00;573
WINV26;29/07/2026;13:45:00;179285,00;179295,00;179240,00;179250,00;7422355,00;207
WINV26;29/07/2026;13:40:00;179250,00;179275,00;179205,00;179245,00;2796255,00;78
WINV26;29/07/2026;13:35:00;179250,00;179250,00;179200,00;179250,00;10754415,00;300
WINV26;29/07/2026;13:30:00;179320,00;179320,00;179255,00;179255,00;286856,00;8
WINV26;29/07/2026;13:25:00;179195,00;179330,00;179190,00;179315,00;11005546,00;307
WINV26;29/07/2026;13:20:00;179180,00;179260,00;179160,00;179175,00;3154048,00;88
WINV26;29/07/2026;13:15:00;179150,00;179195,00;179110,00;179170,00;4693666,00;131
WINV26;29/07/2026;13:10:00;179285,00;179285,00;179160,00;179160,00;14660661,00;409
WINV26;29/07/2026;13:05:00;179410,00;179440,00;179270,00;179335,00;20013243,00;558
WINV26;29/07/2026;13:00:00;179550,00;179575,00;179420,00;179420,00;1220559,00;34
WINV26;29/07/2026;12:55:00;179500,00;179550,00;179485,00;179550,00;3769376,00;105
WINV26;29/07/2026;12:50:00;179450,00;179450,00;179450,00;179450,00;502460,00;14
WINV26;29/07/2026;12:45:00;179575,00;179575,00;179480,00;179500,00;502592,00;14
WINV26;29/07/2026;12:40:00;179530,00;179535,00;179440,00;179490,00;2333340,00;65
WINV26;29/07/2026;12:35:00;179650,00;179730,00;179560,00;179560,00;1904157,00;53
WINV26;29/07/2026;12:30:00;179580,00;179630,00;179580,00;179630,00;3771230,00;105
WINV26;29/07/2026;12:25:00;179605,00;179605,00;179560,00;179560,00;179587,00;5
WINV26;29/07/2026;12:20:00;179635,00;179660,00;179595,00;179615,00;9090494,00;253
WINV26;29/07/2026;12:15:00;179645,00;179790,00;179640,00;179640,00;1581510,00;44
WINV26;29/07/2026;12:10:00;179705,00;179750,00;179660,00;179670,00;11645102,00;324
WINV26;29/07/2026;12:05:00;179600,00;179755,00;179600,00;179755,00;1365623,00;38
WINV26;29/07/2026;12:00:00;179560,00;179645,00;179500,00;179500,00;1544164,00;43
WINV26;29/07/2026;11:55:00;179560,00;179600,00;179445,00;179600,00;17016648,00;474
WINV26;29/07/2026;11:50:00;179550,00;179650,00;179530,00;179650,00;5063551,00;141
WINV26;29/07/2026;11:45:00;179500,00;179545,00;179410,00;179545,00;2476974,00;69
WINV26;29/07/2026;11:40:00;179615,00;179615,00;179350,00;179500,00;14537728,00;405
WINV26;29/07/2026;11:35:00;179710,00;179755,00;179605,00;179645,00;25916732,00;721
WINV26;29/07/2026;11:30:00;179810,00;179830,00;179725,00;179725,00;2552979,00;71
WINV26;29/07/2026;11:25:00;179930,00;180000,00;179895,00;179975,00;395899,00;11
WINV26;29/07/2026;11:20:00;179920,00;179980,00;179850,00;179850,00;2158906,00;60
WINV26;29/07/2026;11:15:00;179850,00;179960,00;179820,00;179920,00;3237582,00;90
WINV26;29/07/2026;11:10:00;179925,00;179950,00;179700,00;179790,00;13517686,00;376
WINV26;29/07/2026;11:05:00;179940,00;180025,00;179900,00;179935,00;3347316,00;93
WINV26;29/07/2026;11:00:00;179800,00;180130,00;179775,00;179950,00;16593660,00;461
WINV26;29/07/2026;10:55:00;179740,00;179750,00;179525,00;179695,00;5533248,00;154
WINV26;29/07/2026;10:50:00;179945,00;179945,00;179750,00;179750,00;10034185,00;279
WINV26;29/07/2026;10:45:00;180215,00;180250,00;179950,00;179970,00;7060036,00;196
WINV26;29/07/2026;10:40:00;180450,00;180450,00;180175,00;180175,00;7173716,00;199
WINV26;29/07/2026;10:35:00;180520,00;180520,00;180315,00;180470,00;7540251,00;209
WINV26;29/07/2026;10:30:00;180625,00;180950,00;180450,00;180490,00;12683304,00;351
WINV26;29/07/2026;10:25:00;180475,00;180670,00;180470,00;180510,00;3178113,00;88
WINV26;29/07/2026;10:20:00;180710,00;180710,00;180390,00;180390,00;8414212,00;233
WINV26;29/07/2026;10:15:00;180760,00;180900,00;180680,00;180765,00;1735447,00;48
WINV26;29/07/2026;10:10:00;181025,00;181120,00;180700,00;180755,00;32325383,00;894
WINV26;29/07/2026;10:05:00;181210,00;181270,00;180970,00;181055,00;5975690,00;165
WINV26;29/07/2026;10:00:00;181610,00;181635,00;181090,00;181280,00;9929996,00;274
WINV26;29/07/2026;09:55:00;181455,00;181590,00;181420,00;181590,00;6534199,00;180
WINV26;29/07/2026;09:50:00;181485,00;181490,00;181355,00;181405,00;4571878,00;126
WINV26;29/07/2026;09:45:00;181395,00;181500,00;181375,00;181495,00;3629135,00;100
WINV26;29/07/2026;09:40:00;181325,00;181455,00;181305,00;181440,00;3628017,00;100
WINV26;29/07/2026;09:35:00;181390,00;181400,00;181270,00;181350,00;4134866,00;114
WINV26;29/07/2026;09:30:00;181330,00;181365,00;181130,00;181360,00;3696899,00;102
WINV26;29/07/2026;09:25:00;181230,00;181475,00;181215,00;181385,00;5296072,00;146
WINV26;29/07/2026;09:20:00;181100,00;181335,00;181065,00;181290,00;3806145,00;105
WINV26;29/07/2026;09:15:00;181325,00;181330,00;181030,00;181265,00;5797546,00;160
WINV26;29/07/2026;09:10:00;181300,00;181480,00;181220,00;181445,00;2828996,00;78
WINV26;29/07/2026;09:05:00;181550,00;181575,00;181220,00;181220,00;4500701,00;124
WINV26;29/07/2026;09:00:00;181640,00;182205,00;181095,00;181515,00;79921210,00;2201
WINV26;28/07/2026;18:20:00;181445,00;181570,00;181300,00;181300,00;10019534,00;276
WINV26;28/07/2026;18:15:00;181505,00;181520,00;181445,00;181445,00;3920028,00;108
WINV26;28/07/2026;18:10:00;181520,00;181525,00;181410,00;181470,00;24717250,00;681
WINV26;28/07/2026;18:05:00;181510,00;181550,00;181485,00;181550,00;3121940,00;86
WINV26;28/07/2026;18:00:00;181435,00;181550,00;181435,00;181525,00;3194547,00;88
WINV26;28/07/2026;17:55:00;181405,00;181435,00;181380,00;181385,00;1632627,00;45
WINV26;28/07/2026;17:50:00;181570,00;181570,00;181420,00;181420,00;4791087,00;132
WINV26;28/07/2026;17:45:00;181635,00;181635,00;181585,00;181595,00;1380289,00;38
WINV26;28/07/2026;17:40:00;181595,00;181640,00;181575,00;181640,00;3305639,00;91
WINV26;28/07/2026;17:35:00;181500,00;181610,00;181500,00;181610,00;2287656,00;63
WINV26;28/07/2026;17:30:00;181440,00;181495,00;181440,00;181470,00;1560750,00;43
WINV26;28/07/2026;17:25:00;181400,00;181480,00;181400,00;181480,00;834597,00;23
WINV26;28/07/2026;17:20:00;181420,00;181460,00;181360,00;181460,00;2430845,00;67
WINV26;28/07/2026;17:15:00;181475,00;181475,00;181400,00;181420,00;1378915,00;38
WINV26;28/07/2026;17:10:00;181450,00;181505,00;181450,00;181485,00;2758627,00;76
WINV26;28/07/2026;17:05:00;181300,00;181475,00;181300,00;181445,00;25874134,00;713
WINV26;28/07/2026;17:00:00;181175,00;181305,00;181175,00;181250,00;2247824,00;62
WINV26;28/07/2026;16:55:00;181175,00;181230,00;181165,00;181175,00;6812860,00;188
WINV26;28/07/2026;16:50:00;181105,00;181150,00;181045,00;181130,00;2643937,00;73
WINV26;28/07/2026;16:45:00;181105,00;181190,00;181085,00;181165,00;3550991,00;98
WINV26;28/07/2026;16:40:00;181065,00;181110,00;181055,00;181080,00;760562,00;21
WINV26;28/07/2026;16:35:00;181205,00;181205,00;181045,00;181050,00;10103275,00;279
WINV26;28/07/2026;16:30:00;181200,00;181240,00;181200,00;181205,00;289935,00;8
WINV26;28/07/2026;16:25:00;181295,00;181300,00;181190,00;181190,00;1667296,00;46
WINV26;28/07/2026;16:20:00;181260,00;181335,00;181225,00;181330,00;580089,00;16
WINV26;28/07/2026;16:15:00;181085,00;181250,00;181085,00;181240,00;8588977,00;237
WINV26;28/07/2026;16:10:00;181130,00;181235,00;181115,00;181150,00;7499490,00;207
WINV26;28/07/2026;16:05:00;181125,00;181150,00;181120,00;181135,00;16628430,00;459
WINV26;28/07/2026;16:00:00;181070,00;181135,00;181065,00;181135,00;1050327,00;29
WINV26;28/07/2026;15:55:00;181010,00;181085,00;181000,00;181075,00;13828955,00;382
WINV26;28/07/2026;15:50:00;181140,00;181140,00;181030,00;181030,00;12240317,00;338
WINV26;28/07/2026;15:45:00;181200,00;181225,00;181140,00;181140,00;2282992,00;63
WINV26;28/07/2026;15:40:00;181145,00;181145,00;181140,00;181140,00;181142,00;5
WINV26;28/07/2026;15:35:00;181200,00;181210,00;181170,00;181190,00;1920670,00;53
WINV26;28/07/2026;15:30:00;181180,00;181315,00;181180,00;181230,00;6598566,00;182
WINV26;28/07/2026;15:25:00;181300,00;181300,00;181160,00;181160,00;39584136,00;1092
WINV26;28/07/2026;15:20:00;181270,00;181325,00;181245,00;181245,00;652546,00;18
WINV26;28/07/2026;15:15:00;181180,00;181275,00;181150,00;181240,00;2102186,00;58
WINV26;28/07/2026;15:10:00;181380,00;181380,00;181080,00;181130,00;41801658,00;1153
WINV26;28/07/2026;15:05:00;181400,00;181415,00;181400,00;181410,00;653065,00;18
WINV26;28/07/2026;15:00:00;181470,00;181470,00;181465,00;181470,00;145175,00;4
WINV26;28/07/2026;14:55:00;181420,00;181470,00;181340,00;181470,00;1813826,00;50
WINV26;28/07/2026;14:50:00;181445,00;181485,00;181390,00;181410,00;1850611,00;51
WINV26;28/07/2026;14:45:00;181405,00;181410,00;181330,00;181410,00;1958948,00;54
WINV26;28/07/2026;14:40:00;181400,00;181435,00;181355,00;181355,00;2104338,00;58
WINV26;28/07/2026;14:35:00;181700,00;181700,00;181400,00;181465,00;18831961,00;519
WINV26;28/07/2026;14:30:00;181615,00;181695,00;181550,00;181695,00;1888952,00;52
WINV26;28/07/2026;14:25:00;181655,00;181655,00;181595,00;181595,00;145302,00;4
WINV26;28/07/2026;14:20:00;181660,00;181815,00;181660,00;181700,00;1999336,00;55
WINV26;28/07/2026;14:15:00;181700,00;181730,00;181700,00;181700,00;799566,00;22
WINV26;28/07/2026;14:10:00;181775,00;181810,00;181775,00;181810,00;145427,00;4
WINV26;28/07/2026;14:05:00;181770,00;181790,00;181730,00;181730,00;399863,00;11
WINV26;28/07/2026;14:00:00;181750,00;181840,00;181750,00;181770,00;1308920,00;36
WINV26;28/07/2026;13:55:00;181700,00;181700,00;181670,00;181695,00;290683,00;8
WINV26;28/07/2026;13:50:00;181665,00;181720,00;181665,00;181715,00;1199167,00;33
WINV26;28/07/2026;13:45:00;181710,00;181710,00;181595,00;181595,00;871919,00;24
WINV26;28/07/2026;13:40:00;181765,00;181765,00;181760,00;181760,00;218113,00;6
WINV26;28/07/2026;13:35:00;181795,00;181890,00;181785,00;181785,00;2509296,00;69
WINV26;28/07/2026;13:30:00;181715,00;181755,00;181695,00;181715,00;436151,00;12
WINV26;28/07/2026;13:25:00;181705,00;181730,00;181695,00;181720,00;1380970,00;38
WINV26;28/07/2026;13:20:00;181755,00;181775,00;181655,00;181655,00;726926,00;20
WINV26;28/07/2026;13:15:00;181885,00;181905,00;181760,00;181760,00;2872869,00;79
WINV26;28/07/2026;13:10:00;181650,00;181875,00;181650,00;181875,00;3781402,00;104
WINV26;28/07/2026;13:05:00;181795,00;181800,00;181625,00;181625,00;2616595,00;72
WINV26;28/07/2026;13:00:00;181925,00;182045,00;181775,00;181795,00;4257637,00;117
WINV26;28/07/2026;12:55:00;181830,00;181955,00;181825,00;181955,00;4693102,00;129
WINV26;28/07/2026;12:50:00;181730,00;181880,00;181660,00;181865,00;4835184,00;133
WINV26;28/07/2026;12:45:00;181675,00;181735,00;181645,00;181695,00;2798010,00;77
WINV26;28/07/2026;12:40:00;181615,00;181625,00;181525,00;181625,00;1815725,00;50
WINV26;28/07/2026;12:35:00;181600,00;181600,00;181535,00;181600,00;1016748,00;28
WINV26;28/07/2026;12:30:00;181525,00;181670,00;181525,00;181630,00;5993002,00;165
WINV26;28/07/2026;12:25:00;181465,00;181590,00;181425,00;181500,00;3375283,00;93
WINV26;28/07/2026;12:20:00;181445,00;181505,00;181350,00;181505,00;4970871,00;137
WINV26;28/07/2026;12:15:00;181680,00;181710,00;181360,00;181410,00;6206507,00;171
WINV26;28/07/2026;12:10:00;181670,00;181850,00;181585,00;181655,00;9669116,00;266
WINV26;28/07/2026;12:05:00;181585,00;181690,00;181565,00;181690,00;1779887,00;49
WINV26;28/07/2026;12:00:00;181725,00;181810,00;181575,00;181605,00;2107730,00;58
WINV26;28/07/2026;11:55:00;181930,00;182010,00;181750,00;181750,00;2837194,00;78
WINV26;28/07/2026;11:50:00;182050,00;182090,00;181965,00;181965,00;6406397,00;176
WINV26;28/07/2026;11:45:00;181955,00;182095,00;181955,00;182095,00;5024859,00;138
WINV26;28/07/2026;11:40:00;181880,00;182020,00;181845,00;182000,00;3529795,00;97
WINV26;28/07/2026;11:35:00;181865,00;181960,00;181810,00;181900,00;5274983,00;145
WINV26;28/07/2026;11:30:00;182010,00;182030,00;181900,00;181940,00;1674281,00;46
WINV26;28/07/2026;11:25:00;181900,00;182010,00;181800,00;182010,00;4256594,00;117
WINV26;28/07/2026;11:20:00;181745,00;181890,00;181585,00;181890,00;7813522,00;215
WINV26;28/07/2026;11:15:00;182160,00;182290,00;181745,00;181780,00;7715866,00;212
WINV26;28/07/2026;11:10:00;182035,00;182335,00;182035,00;182165,00;17382125,00;477
WINV26;28/07/2026;11:05:00;181750,00;182090,00;181750,00;182065,00;47078563,00;1294
WINV26;28/07/2026;11:00:00;181485,00;181725,00;181430,00;181700,00;16416601,00;452
WINV26;28/07/2026;10:55:00;181280,00;181470,00;181280,00;181440,00;12184014,00;336
WINV26;28/07/2026;10:50:00;181500,00;181500,00;181225,00;181350,00;4243430,00;117
WINV26;28/07/2026;10:45:00;181515,00;181570,00;181275,00;181490,00;5043566,00;139
WINV26;28/07/2026;10:40:00;181640,00;181700,00;181310,00;181515,00;27297944,00;752
WINV26;28/07/2026;10:35:00;181990,00;182160,00;181600,00;181605,00;7238594,00;199
WINV26;28/07/2026;10:30:00;181700,00;182065,00;181460,00;181855,00;41365488,00;1137
WINV26;28/07/2026;10:25:00;182110,00;182195,00;181675,00;181715,00;29173347,00;802
WINV26;28/07/2026;10:20:00;182370,00;182585,00;182080,00;182160,00;12719921,00;349
WINV26;28/07/2026;10:15:00;182445,00;182505,00;182250,00;182345,00;4303285,00;118
WINV26;28/07/2026;10:10:00;183100,00;183175,00;182380,00;182445,00;21119926,00;578
WINV26;28/07/2026;10:05:00;183260,00;183355,00;183100,00;183155,00;12056707,00;329
WINV26;28/07/2026;10:00:00;182835,00;183260,00;182610,00;183260,00;12547277,00;343
WINV26;28/07/2026;09:55:00;182995,00;183015,00;182780,00;182875,00;7021609,00;192
WINV26;28/07/2026;09:50:00;182815,00;182995,00;182810,00;182920,00;4608791,00;126
WINV26;28/07/2026;09:45:00;182365,00;182885,00;182365,00;182805,00;6026669,00;165
WINV26;28/07/2026;09:40:00;182705,00;182775,00;182350,00;182385,00;17414663,00;477
WINV26;28/07/2026;09:35:00;182995,00;183100,00;182660,00;182665,00;9654687,00;264
WINV26;28/07/2026;09:30:00;183000,00;183085,00;182850,00;182970,00;9441332,00;258
WINV26;28/07/2026;09:25:00;182835,00;183240,00;182650,00;183025,00;25970878,00;710
WINV26;28/07/2026;09:20:00;182795,00;182860,00;182720,00;182815,00;9285900,00;254
WINV26;28/07/2026;09:15:00;182555,00;182835,00;182320,00;182830,00;45036951,00;1234
WINV26;28/07/2026;09:10:00;182215,00;182605,00;182205,00;182500,00;21085666,00;578
WINV26;28/07/2026;09:05:00;182140,00;182530,00;182030,00;182200,00;46490639,00;1276
WINV26;28/07/2026;09:00:00;180860,00;182270,00;180810,00;182090,00;59042748,00;1626
WINV26;27/07/2026;18:20:00;180505,00;180520,00;180390,00;180390,00;3283870,00;91
WINV26;27/07/2026;18:15:00;180490,00;180565,00;180445,00;180465,00;2346326,00;65
WINV26;27/07/2026;18:10:00;180460,00;180500,00;180425,00;180465,00;49811715,00;1380
WINV26;27/07/2026;18:05:00;180560,00;180560,00;180475,00;180475,00;1696692,00;47
WINV26;27/07/2026;17:55:00;180480,00;180505,00;180465,00;180500,00;721949,00;20
WINV26;27/07/2026;17:50:00;180485,00;180485,00;180485,00;180485,00;72194,00;2
WINV26;27/07/2026;17:45:00;180530,00;180570,00;180475,00;180475,00;1516259,00;42
WINV26;27/07/2026;17:40:00;180560,00;180560,00;180515,00;180545,00;361082,00;10
WINV26;27/07/2026;17:35:00;180485,00;180580,00;180465,00;180575,00;1769230,00;49
WINV26;27/07/2026;17:30:00;180390,00;180485,00;180390,00;180465,00;1443723,00;40
WINV26;27/07/2026;17:25:00;180395,00;180400,00;180395,00;180400,00;216479,00;6
WINV26;27/07/2026;17:20:00;180395,00;180400,00;180390,00;180390,00;108237,00;3
WINV26;27/07/2026;17:15:00;180400,00;180440,00;180380,00;180400,00;1082453,00;30
WINV26;27/07/2026;17:10:00;180290,00;180405,00;180290,00;180380,00;2272402,00;63
WINV26;27/07/2026;17:05:00;180165,00;180290,00;180165,00;180290,00;1802231,00;50
WINV26;27/07/2026;17:00:00;180290,00;180320,00;180130,00;180145,00;2162165,00;60
WINV26;27/07/2026;16:55:00;180315,00;180355,00;180280,00;180280,00;8186665,00;227
WINV26;27/07/2026;16:50:00;180265,00;180320,00;180250,00;180315,00;14748579,00;409
WINV26;27/07/2026;16:45:00;180255,00;180280,00;180180,00;180245,00;91975365,00;2552
WINV26;27/07/2026;16:40:00;180160,00;180320,00;180160,00;180295,00;3749214,00;104
WINV26;27/07/2026;16:35:00;180040,00;180170,00;180040,00;180170,00;2233471,00;62
WINV26;27/07/2026;16:30:00;180045,00;180115,00;180035,00;180065,00;5510440,00;153
WINV26;27/07/2026;16:25:00;179980,00;179995,00;179975,00;179985,00;575929,00;16
WINV26;27/07/2026;16:20:00;179960,00;180060,00;179940,00;180010,00;86379548,00;2399
WINV26;27/07/2026;16:15:00;179890,00;179935,00;179885,00;179935,00;719629,00;20
WINV26;27/07/2026;16:10:00;179920,00;179955,00;179870,00;179890,00;1007580,00;28
WINV26;27/07/2026;16:05:00;179805,00;179910,00;179750,00;179865,00;2913785,00;81
WINV26;27/07/2026;16:00:00;179870,00;179885,00;179805,00;179820,00;1402876,00;39
WINV26;27/07/2026;15:55:00;179740,00;179875,00;179740,00;179820,00;4531535,00;126
WINV26;27/07/2026;15:50:00;179615,00;179765,00;179610,00;179750,00;3198780,00;89
WINV26;27/07/2026;15:45:00;179555,00;179655,00;179555,00;179610,00;1149676,00;32
WINV26;27/07/2026;15:40:00;179490,00;179640,00;179490,00;179570,00;6538092,00;182
WINV26;27/07/2026;15:35:00;179535,00;179625,00;179465,00;179530,00;2190710,00;61
WINV26;27/07/2026;15:30:00;179620,00;179620,00;179535,00;179535,00;646498,00;18
WINV26;27/07/2026;15:25:00;179595,00;179675,00;179595,00;179675,00;2227397,00;62
WINV26;27/07/2026;15:20:00;179500,00;179570,00;179500,00;179570,00;430914,00;12
WINV26;27/07/2026;15:15:00;179565,00;179590,00;179565,00;179590,00;215503,00;6
WINV26;27/07/2026;15:10:00;179650,00;179660,00;179570,00;179660,00;754453,00;21
WINV26;27/07/2026;15:05:00;179685,00;179685,00;179625,00;179635,00;610823,00;17
WINV26;27/07/2026;15:00:00;179765,00;179765,00;179700,00;179720,00;1150264,00;32
WINV26;27/07/2026;14:55:00;179700,00;179785,00;179700,00;179730,00;970657,00;27
WINV26;27/07/2026;14:50:00;179570,00;179705,00;179570,00;179705,00;826503,00;23
WINV26;27/07/2026;14:45:00;179650,00;179670,00;179555,00;179555,00;1113754,00;31
WINV26;27/07/2026;14:35:00;179675,00;179720,00;179675,00;179720,00;826594,00;23
WINV26;27/07/2026;14:30:00;179600,00;179660,00;179600,00;179660,00;179640,00;5
WINV26;27/07/2026;14:25:00;179510,00;179655,00;179510,00;179655,00;1329173,00;37
WINV26;27/07/2026;14:20:00;179510,00;179600,00;179510,00;179600,00;1185135,00;33
WINV26;27/07/2026;14:15:00;179555,00;179555,00;179450,00;179485,00;1112945,00;31
WINV26;27/07/2026;14:10:00;179465,00;179560,00;179465,00;179560,00;1400215,00;39
WINV26;27/07/2026;14:05:00;179425,00;179470,00;179360,00;179470,00;1399500,00;39
WINV26;27/07/2026;14:00:00;179555,00;179555,00;179435,00;179435,00;1256624,00;35
WINV26;27/07/2026;13:55:00;179545,00;179550,00;179500,00;179540,00;574536,00;16
WINV26;27/07/2026;13:50:00;179670,00;179705,00;179550,00;179630,00;1365014,00;38
WINV26;27/07/2026;13:45:00;179795,00;179820,00;179755,00;179755,00;683272,00;19
WINV26;27/07/2026;13:40:00;179795,00;179795,00;179740,00;179740,00;107858,00;3
WINV26;27/07/2026;13:35:00;179740,00;179740,00;179740,00;179740,00;179740,00;5
WINV26;27/07/2026;13:30:00;179660,00;179840,00;179660,00;179770,00;1617794,00;45
WINV26;27/07/2026;13:25:00;179595,00;179800,00;179595,00;179645,00;13047185,00;363
WINV26;27/07/2026;13:20:00;179525,00;179525,00;179515,00;179515,00;107713,00;3
WINV26;27/07/2026;13:15:00;179540,00;179600,00;179540,00;179600,00;395108,00;11
WINV26;27/07/2026;13:10:00;179660,00;179695,00;179650,00;179650,00;646853,00;18
WINV26;27/07/2026;13:05:00;179660,00;179660,00;179660,00;179660,00;215592,00;6
WINV26;27/07/2026;13:00:00;179635,00;179635,00;179635,00;179635,00;431124,00;12
WINV26;27/07/2026;12:55:00;179615,00;179615,00;179570,00;179570,00;179604,00;5
WINV26;27/07/2026;12:50:00;179540,00;179675,00;179535,00;179675,00;1939430,00;54
WINV26;27/07/2026;12:45:00;179480,00;179550,00;179470,00;179495,00;1112881,00;31
WINV26;27/07/2026;12:40:00;179420,00;179465,00;179420,00;179465,00;287102,00;8
WINV26;27/07/2026;12:35:00;179500,00;179520,00;179310,00;179425,00;10369122,00;289
WINV26;27/07/2026;12:30:00;179600,00;179600,00;179500,00;179500,00;5817931,00;162
WINV26;27/07/2026;12:25:00;179740,00;179755,00;179685,00;179710,00;323505,00;9
WINV26;27/07/2026;12:20:00;179695,00;179740,00;179695,00;179740,00;862641,00;24
WINV26;27/07/2026;12:15:00;179695,00;179745,00;179585,00;179585,00;2300194,00;64
WINV26;27/07/2026;12:10:00;179705,00;179800,00;179560,00;179680,00;8949404,00;249
WINV26;27/07/2026;12:05:00;179870,00;179910,00;179730,00;179730,00;5286878,00;147
WINV26;27/07/2026;12:00:00;179985,00;180090,00;179890,00;179990,00;15697299,00;436
WINV26;27/07/2026;11:55:00;179630,00;179980,00;179630,00;179950,00;79842831,00;2221
WINV26;27/07/2026;11:50:00;179475,00;179645,00;179435,00;179620,00;4774622,00;133
WINV26;27/07/2026;11:45:00;179460,00;179570,00;179415,00;179520,00;22796429,00;635
WINV26;27/07/2026;11:40:00;179290,00;179500,00;179265,00;179365,00;74763749,00;2083
WINV26;27/07/2026;11:35:00;179115,00;179220,00;179090,00;179220,00;1038914,00;29
WINV26;27/07/2026;11:30:00;179050,00;179200,00;179035,00;179100,00;3654748,00;102
WINV26;27/07/2026;11:25:00;179220,00;179265,00;179150,00;179150,00;4480023,00;125
WINV26;27/07/2026;11:20:00;179105,00;179330,00;179040,00;179170,00;28335865,00;791
WINV26;27/07/2026;11:15:00;179190,00;179220,00;179070,00;179120,00;33250617,00;928
WINV26;27/07/2026;11:10:00;179145,00;179220,00;178985,00;179115,00;72645979,00;2028
WINV26;27/07/2026;11:05:00;179100,00;179125,00;178780,00;179110,00;111685513,00;3119
WINV26;27/07/2026;11:00:00;179220,00;179345,00;178925,00;179110,00;225952070,00;6308
WINV26;27/07/2026;10:55:00;179015,00;179280,00;179000,00;179280,00;3223785,00;90
WINV26;27/07/2026;10:50:00;179435,00;179440,00;179065,00;179070,00;2473766,00;69
WINV26;27/07/2026;10:45:00;179520,00;179595,00;179385,00;179415,00;3590595,00;100
WINV26;27/07/2026;10:40:00;179395,00;179650,00;179395,00;179475,00;4739725,00;132
WINV26;27/07/2026;10:35:00;179440,00;179440,00;179215,00;179260,00;2080354,00;58
WINV26;27/07/2026;10:30:00;179330,00;179480,00;179145,00;179365,00;6169883,00;172
WINV26;27/07/2026;10:25:00;179075,00;179365,00;179050,00;179315,00;5125262,00;143
WINV26;27/07/2026;10:20:00;179190,00;179270,00;179010,00;179010,00;3296978,00;92
WINV26;27/07/2026;10:15:00;179165,00;179180,00;179030,00;179180,00;1146302,00;32
WINV26;27/07/2026;10:10:00;179005,00;179240,00;178925,00;179090,00;4369676,00;122
WINV26;27/07/2026;10:05:00;179100,00;179150,00;178880,00;179000,00;3043475,00;85
WINV26;27/07/2026;10:00:00;179595,00;179605,00;179015,00;179015,00;7710304,00;215
WINV26;27/07/2026;09:55:00;179550,00;179580,00;179465,00;179530,00;1113053,00;31
WINV26;27/07/2026;09:50:00;179500,00;179660,00;179480,00;179610,00;9734617,00;271
WINV26;27/07/2026;09:45:00;179330,00;179585,00;179325,00;179565,00;5527681,00;154
WINV26;27/07/2026;09:40:00;179300,00;179340,00;179250,00;179320,00;1470307,00;41
WINV26;27/07/2026;09:35:00;179365,00;179385,00;179275,00;179275,00;932606,00;26
WINV26;27/07/2026;09:30:00;179435,00;179435,00;179285,00;179425,00;1793625,00;50
WINV26;27/07/2026;09:25:00;179420,00;179500,00;179400,00;179440,00;1148478,00;32
WINV26;27/07/2026;09:20:00;179460,00;179520,00;179405,00;179425,00;3050659,00;85
WINV26;27/07/2026;09:15:00;179440,00;179570,00;179440,00;179500,00;3482970,00;97
WINV26;27/07/2026;09:10:00;179240,00;179500,00;179220,00;179445,00;5202437,00;145
WINV26;27/07/2026;09:05:00;179705,00;179705,00;179200,00;179260,00;11879443,00;331
WINV26;27/07/2026;09:00:00;179215,00;179820,00;178875,00;179720,00;83871458,00;2336
WINV26;24/07/2026;18:20:00;178550,00;178590,00;178425,00;178425,00;9925525,00;278
WINV26;24/07/2026;18:15:00;178500,00;178550,00;178495,00;178550,00;3106505,00;87
WINV26;24/07/2026;18:10:00;178545,00;178555,00;178540,00;178550,00;1535468,00;43
WINV26;24/07/2026;18:05:00;178525,00;178545,00;178525,00;178525,00;392773,00;11
WINV26;24/07/2026;18:00:00;178625,00;178625,00;178500,00;178520,00;5677195,00;159
WINV26;24/07/2026;17:55:00;178600,00;178615,00;178595,00;178610,00;13609589,00;381
WINV26;24/07/2026;17:50:00;178575,00;178600,00;178570,00;178600,00;5036189,00;141
WINV26;24/07/2026;17:45:00;178650,00;178660,00;178600,00;178615,00;2036387,00;57
WINV26;24/07/2026;17:40:00;178640,00;178645,00;178610,00;178630,00;857484,00;24
WINV26;24/07/2026;17:35:00;178625,00;178640,00;178580,00;178640,00;3679206,00;103
WINV26;24/07/2026;17:30:00;178630,00;178670,00;178590,00;178590,00;53691238,00;1503
WINV26;24/07/2026;17:25:00;178650,00;178690,00;178650,00;178655,00;393046,00;11
WINV26;24/07/2026;17:20:00;178675,00;178720,00;178655,00;178655,00;821895,00;23
WINV26;24/07/2026;17:15:00;178680,00;178725,00;178680,00;178725,00;536101,00;15
WINV26;24/07/2026;17:10:00;178670,00;178685,00;178635,00;178635,00;285867,00;8
WINV26;24/07/2026;17:05:00;178750,00;178755,00;178660,00;178675,00;3252561,00;91
WINV26;24/07/2026;17:00:00;178750,00;178825,00;178750,00;178825,00;6329533,00;177
WINV26;24/07/2026;16:55:00;178835,00;178835,00;178685,00;178770,00;19803624,00;554
WINV26;24/07/2026;16:50:00;178920,00;178920,00;178810,00;178850,00;2611390,00;73
WINV26;24/07/2026;16:45:00;178985,00;178990,00;178840,00;178875,00;14168048,00;396
WINV26;24/07/2026;16:40:00;178990,00;179015,00;178970,00;178995,00;1897379,00;53
WINV26;24/07/2026;16:35:00;179010,00;179030,00;178985,00;178990,00;2183937,00;61
WINV26;24/07/2026;16:30:00;179005,00;179040,00;178995,00;179010,00;1360536,00;38
WINV26;24/07/2026;16:25:00;178995,00;179020,00;178965,00;179000,00;1754168,00;49
WINV26;24/07/2026;16:20:00;179045,00;179090,00;178985,00;178985,00;4296781,00;120
WINV26;24/07/2026;16:15:00;179070,00;179070,00;179010,00;179030,00;31261998,00;873
WINV26;24/07/2026;16:10:00;179125,00;179155,00;179030,00;179030,00;1361115,00;38
WINV26;24/07/2026;16:05:00;179140,00;179160,00;179085,00;179125,00;1218088,00;34
WINV26;24/07/2026;16:00:00;179135,00;179135,00;179035,00;179115,00;2972909,00;83
WINV26;24/07/2026;15:55:00;179090,00;179155,00;179080,00;179115,00;3045121,00;85
WINV26;24/07/2026;15:50:00;179095,00;179120,00;179075,00;179115,00;2077493,00;58
WINV26;24/07/2026;15:45:00;179060,00;179110,00;179060,00;179080,00;5229227,00;146
WINV26;24/07/2026;15:40:00;179080,00;179085,00;179040,00;179040,00;1898092,00;53
WINV26;24/07/2026;15:35:00;179040,00;179120,00;179010,00;179100,00;6841367,00;191
WINV26;24/07/2026;15:30:00;178985,00;179060,00;178985,00;179005,00;1933471,00;54
WINV26;24/07/2026;15:25:00;179025,00;179050,00;178980,00;179000,00;2255459,00;63
WINV26;24/07/2026;15:20:00;179010,00;179070,00;178995,00;179065,00;5621418,00;157
WINV26;24/07/2026;15:15:00;179115,00;179120,00;179010,00;179010,00;2292165,00;64
WINV26;24/07/2026;15:10:00;179080,00;179140,00;179080,00;179110,00;4119513,00;115
WINV26;24/07/2026;15:05:00;179120,00;179130,00;179055,00;179080,00;1361141,00;38
WINV26;24/07/2026;15:00:00;179060,00;179110,00;179050,00;179110,00;1253555,00;35
WINV26;24/07/2026;14:55:00;179020,00;179050,00;178980,00;179050,00;1002535,00;28
WINV26;24/07/2026;14:50:00;179180,00;179180,00;178980,00;178980,00;11387658,00;318
WINV26;24/07/2026;14:45:00;179170,00;179190,00;179140,00;179180,00;1146690,00;32
WINV26;24/07/2026;14:40:00;179150,00;179160,00;179080,00;179125,00;3260074,00;91
WINV26;24/07/2026;14:35:00;179195,00;179195,00;179125,00;179155,00;1039129,00;29
WINV26;24/07/2026;14:30:00;179220,00;179220,00;179100,00;179220,00;2543963,00;71
WINV26;24/07/2026;14:25:00;179130,00;179210,00;179115,00;179200,00;1505165,00;42
WINV26;24/07/2026;14:20:00;179100,00;179170,00;179100,00;179130,00;322449,00;9
WINV26;24/07/2026;14:15:00;179135,00;179135,00;179135,00;179135,00;35827,00;1
WINV26;24/07/2026;14:10:00;179105,00;179135,00;179080,00;179095,00;931346,00;26
WINV26;24/07/2026;14:05:00;179145,00;179175,00;179085,00;179125,00;2973371,00;83
WINV26;24/07/2026;14:00:00;179125,00;179200,00;179095,00;179135,00;824007,00;23
WINV26;24/07/2026;13:55:00;179125,00;179190,00;179120,00;179190,00;1325724,00;37
WINV26;24/07/2026;13:50:00;179135,00;179135,00;179030,00;179120,00;2650461,00;74
WINV26;24/07/2026;13:45:00;179230,00;179265,00;179115,00;179130,00;8135868,00;227
WINV26;24/07/2026;13:40:00;179320,00;179320,00;179240,00;179240,00;4804030,00;134
WINV26;24/07/2026;13:35:00;179510,00;179510,00;179255,00;179290,00;10869485,00;303
WINV26;24/07/2026;13:30:00;179625,00;179625,00;179490,00;179530,00;5386193,00;150
WINV26;24/07/2026;13:25:00;179590,00;179660,00;179590,00;179625,00;1113779,00;31
WINV26;24/07/2026;13:20:00;179650,00;179660,00;179525,00;179565,00;10271478,00;286
WINV26;24/07/2026;13:15:00;179710,00;179740,00;179560,00;179645,00;7149480,00;199
WINV26;24/07/2026;13:10:00;179695,00;179750,00;179655,00;179710,00;1545488,00;43
WINV26;24/07/2026;13:05:00;179720,00;179770,00;179690,00;179690,00;1330104,00;37
WINV26;24/07/2026;13:00:00;179800,00;179815,00;179715,00;179735,00;1402287,00;39
WINV26;24/07/2026;12:55:00;179705,00;179800,00;179705,00;179785,00;2372934,00;66
WINV26;24/07/2026;12:50:00;179755,00;179795,00;179670,00;179670,00;575156,00;16
WINV26;24/07/2026;12:45:00;179755,00;179805,00;179735,00;179755,00;1258406,00;35
WINV26;24/07/2026;12:40:00;179860,00;179895,00;179695,00;179775,00;6256935,00;174
WINV26;24/07/2026;12:35:00;179820,00;179860,00;179735,00;179860,00;2301530,00;64
WINV26;24/07/2026;12:30:00;179865,00;179885,00;179750,00;179840,00;2769194,00;77
WINV26;24/07/2026;12:25:00;180075,00;180075,00;179815,00;179885,00;1871338,00;52
WINV26;24/07/2026;12:20:00;179995,00;180090,00;179990,00;180015,00;1692456,00;47
WINV26;24/07/2026;12:15:00;179975,00;180170,00;179955,00;180020,00;14981752,00;416
WINV26;24/07/2026;12:10:00;179640,00;180005,00;179605,00;180005,00;10972571,00;305
WINV26;24/07/2026;12:05:00;179795,00;179795,00;179600,00;179705,00;22063165,00;614
WINV26;24/07/2026;12:00:00;180150,00;180165,00;179790,00;179810,00;19425252,00;540
WINV26;24/07/2026;11:55:00;180125,00;180190,00;180125,00;180160,00;900806,00;25
WINV26;24/07/2026;11:50:00;180035,00;180100,00;179980,00;180015,00;5078534,00;141
WINV26;24/07/2026;11:45:00;179945,00;180025,00;179845,00;180025,00;4821394,00;134
WINV26;24/07/2026;11:40:00;179920,00;179955,00;179870,00;179875,00;1043509,00;29
WINV26;24/07/2026;11:35:00;179985,00;180025,00;179900,00;180020,00;2195479,00;61
WINV26;24/07/2026;11:30:00;180300,00;180300,00;180000,00;180005,00;2052598,00;57
WINV26;24/07/2026;11:25:00;180165,00;180350,00;180165,00;180265,00;4255334,00;118
WINV26;24/07/2026;11:20:00;179915,00;180225,00;179910,00;180100,00;2918013,00;81
WINV26;24/07/2026;11:15:00;180035,00;180070,00;179885,00;179920,00;2375086,00;66
WINV26;24/07/2026;11:10:00;180065,00;180150,00;179970,00;180010,00;3241168,00;90
WINV26;24/07/2026;11:05:00;180145,00;180250,00;179955,00;180080,00;5438709,00;151
WINV26;24/07/2026;11:00:00;179925,00;180225,00;179905,00;180155,00;5981076,00;166
WINV26;24/07/2026;10:55:00;179705,00;179945,00;179705,00;179850,00;1726051,00;48
WINV26;24/07/2026;10:50:00;179780,00;179925,00;179680,00;179815,00;2516647,00;70
WINV26;24/07/2026;10:45:00;179645,00;180015,00;179645,00;179780,00;13094588,00;364
WINV26;24/07/2026;10:40:00;179580,00;179805,00;179475,00;179705,00;8660019,00;241
WINV26;24/07/2026;10:35:00;179730,00;179785,00;179510,00;179580,00;3485255,00;97
WINV26;24/07/2026;10:30:00;179895,00;180160,00;179600,00;179730,00;21073296,00;586
WINV26;24/07/2026;10:25:00;180100,00;180100,00;179875,00;179960,00;3023311,00;84
WINV26;24/07/2026;10:20:00;179860,00;180135,00;179860,00;180035,00;4391266,00;122
WINV26;24/07/2026;10:15:00;180090,00;180090,00;179735,00;179870,00;5647124,00;157
WINV26;24/07/2026;10:10:00;180010,00;180130,00;179800,00;180130,00;7233895,00;201
WINV26;24/07/2026;10:05:00;180005,00;180220,00;179955,00;180100,00;5078236,00;141
WINV26;24/07/2026;10:00:00;180070,00;180170,00;179780,00;180000,00;5435949,00;151
WINV26;24/07/2026;09:55:00;180145,00;180145,00;179930,00;180060,00;3024364,00;84
WINV26;24/07/2026;09:50:00;180195,00;180210,00;180050,00;180150,00;3350239,00;93
WINV26;24/07/2026;09:45:00;180145,00;180250,00;180090,00;180155,00;5693630,00;158
WINV26;24/07/2026;09:40:00;180195,00;180235,00;180010,00;180130,00;5295862,00;147
WINV26;24/07/2026;09:35:00;180120,00;180235,00;180100,00;180180,00;5513053,00;153
WINV26;24/07/2026;09:30:00;180180,00;180475,00;180135,00;180155,00;6706316,00;186
WINV26;24/07/2026;09:25:00;180235,00;180295,00;180125,00;180210,00;15820338,00;439
WINV26;24/07/2026;09:20:00;180385,00;180465,00;180285,00;180360,00;6312351,00;175
WINV26;24/07/2026;09:15:00;180320,00;180550,00;180260,00;180435,00;8551195,00;237
WINV26;24/07/2026;09:10:00;180585,00;180585,00;180200,00;180325,00;14825044,00;411
WINV26;24/07/2026;09:05:00;180810,00;180810,00;180300,00;180575,00;102275727,00;2833
WINV26;24/07/2026;09:00:00;181510,00;181870,00;180810,00;180810,00;68215523,00;1883
WINV26;23/07/2026;18:20:00;181635,00;181750,00;181560,00;181750,00;7991102,00;220
WINV26;23/07/2026;18:15:00;181635,00;181665,00;181590,00;181650,00;55137107,00;1518
WINV26;23/07/2026;18:10:00;181660,00;181680,00;181615,00;181630,00;2942277,00;81
WINV26;23/07/2026;18:05:00;181625,00;181655,00;181625,00;181655,00;1416847,00;39
WINV26;23/07/2026;18:00:00;181600,00;181610,00;181560,00;181610,00;1162259,00;32
WINV26;23/07/2026;17:55:00;181585,00;181595,00;181585,00;181595,00;145270,00;4
WINV26;23/07/2026;17:50:00;181535,00;181615,00;181535,00;181585,00;1271092,00;35
WINV26;23/07/2026;17:45:00;181565,00;181565,00;181525,00;181525,00;726132,00;20
WINV26;23/07/2026;17:40:00;181575,00;181580,00;181575,00;181580,00;181578,00;5
WINV26;23/07/2026;17:35:00;181565,00;181565,00;181545,00;181545,00;72622,00;2
WINV26;23/07/2026;17:30:00;181550,00;181555,00;181500,00;181500,00;254156,00;7
WINV26;23/07/2026;17:25:00;181515,00;181545,00;181515,00;181545,00;72612,00;2
WINV26;23/07/2026;17:20:00;181515,00;181545,00;181490,00;181545,00;290426,00;8
WINV26;23/07/2026;17:15:00;181485,00;181535,00;181480,00;181480,00;1778788,00;49
WINV26;23/07/2026;17:10:00;181570,00;181640,00;181510,00;181510,00;11695178,00;322
WINV26;23/07/2026;17:05:00;181620,00;181665,00;181555,00;181585,00;35701659,00;983
WINV26;23/07/2026;17:00:00;181530,00;181620,00;181530,00;181615,00;15034242,00;414
WINV26;23/07/2026;16:55:00;181505,00;181555,00;181485,00;181555,00;1815067,00;50
WINV26;23/07/2026;16:50:00;181515,00;181535,00;181440,00;181440,00;798422,00;22
WINV26;23/07/2026;16:45:00;181500,00;181500,00;181450,00;181460,00;544381,00;15
WINV26;23/07/2026;16:40:00;181545,00;181555,00;181445,00;181485,00;1669726,00;46
WINV26;23/07/2026;16:35:00;181635,00;181635,00;181510,00;181535,00;2033445,00;56
WINV26;23/07/2026;16:30:00;181650,00;181825,00;181565,00;181575,00;2144339,00;59
WINV26;23/07/2026;16:25:00;181555,00;181600,00;181535,00;181565,00;5991317,00;165
WINV26;23/07/2026;16:20:00;181450,00;181545,00;181420,00;181545,00;23295366,00;642
WINV26;23/07/2026;16:15:00;181730,00;181760,00;181480,00;181485,00;2107436,00;58
WINV26;23/07/2026;16:10:00;181725,00;181740,00;181720,00;181740,00;1163040,00;32
WINV26;23/07/2026;16:05:00;181785,00;181830,00;181725,00;181725,00;1818125,00;50
WINV26;23/07/2026;16:00:00;181725,00;181865,00;181725,00;181810,00;20222162,00;556
WINV26;23/07/2026;15:55:00;181625,00;181705,00;181625,00;181700,00;2398113,00;66
WINV26;23/07/2026;15:50:00;181680,00;181690,00;181665,00;181690,00;472342,00;13
WINV26;23/07/2026;15:45:00;181655,00;181740,00;181635,00;181675,00;4469370,00;123
WINV26;23/07/2026;15:40:00;181660,00;181660,00;181565,00;181620,00;20084457,00;553
WINV26;23/07/2026;15:35:00;181725,00;181750,00;181675,00;181690,00;6178346,00;170
WINV26;23/07/2026;15:30:00;181515,00;181760,00;181515,00;181760,00;13521039,00;372
WINV26;23/07/2026;15:25:00;181470,00;181565,00;181470,00;181525,00;1198055,00;33
WINV26;23/07/2026;15:20:00;181460,00;181530,00;181440,00;181510,00;653328,00;18
WINV26;23/07/2026;15:15:00;181330,00;181460,00;181330,00;181460,00;1124396,00;31
WINV26;23/07/2026;15:10:00;181360,00;181410,00;181345,00;181400,00;652912,00;18
WINV26;23/07/2026;15:05:00;181400,00;181475,00;181395,00;181395,00;507991,00;14
WINV26;23/07/2026;15:00:00;181440,00;181440,00;181440,00;181440,00;36288,00;1
WINV26;23/07/2026;14:55:00;181285,00;181355,00;181280,00;181330,00;2828464,00;78
WINV26;23/07/2026;14:50:00;181505,00;181520,00;181340,00;181340,00;1305984,00;36
WINV26;23/07/2026;14:45:00;181390,00;181500,00;181390,00;181500,00;1197654,00;33
WINV26;23/07/2026;14:40:00;181235,00;181340,00;181205,00;181340,00;2573714,00;71
WINV26;23/07/2026;14:35:00;181330,00;181330,00;181240,00;181245,00;12435963,00;343
WINV26;23/07/2026;14:30:00;181345,00;181440,00;181340,00;181345,00;253926,00;7
WINV26;23/07/2026;14:25:00;181350,00;181395,00;181320,00;181395,00;979388,00;27
WINV26;23/07/2026;14:20:00;181440,00;181485,00;181440,00;181480,00;1487923,00;41
WINV26;23/07/2026;14:15:00;181370,00;181455,00;181345,00;181435,00;979621,00;27
WINV26;23/07/2026;14:10:00;181465,00;181465,00;181250,00;181400,00;2575663,00;71
WINV26;23/07/2026;14:05:00;181490,00;181515,00;181365,00;181510,00;1088888,00;30
WINV26;23/07/2026;14:00:00;181580,00;181675,00;181580,00;181580,00;1053547,00;29
WINV26;23/07/2026;13:45:00;181510,00;181555,00;181510,00;181545,00;435719,00;12
WINV26;23/07/2026;13:40:00;181450,00;181450,00;181450,00;181450,00;108870,00;3
WINV26;23/07/2026;13:35:00;181510,00;181510,00;181430,00;181430,00;108878,00;3
WINV26;23/07/2026;13:30:00;181545,00;181545,00;181440,00;181440,00;435490,00;12
WINV26;23/07/2026;13:25:00;181540,00;181630,00;181540,00;181630,00;835383,00;23
WINV26;23/07/2026;13:15:00;181595,00;181690,00;181505,00;181620,00;5957546,00;164
WINV26;23/07/2026;13:10:00;181565,00;181565,00;181490,00;181495,00;435713,00;12
WINV26;23/07/2026;13:05:00;181510,00;181510,00;181510,00;181510,00;36302,00;1
WINV26;23/07/2026;13:00:00;181515,00;181515,00;181480,00;181485,00;145196,00;4
WINV26;23/07/2026;12:55:00;181505,00;181525,00;181450,00;181515,00;943807,00;26
WINV26;23/07/2026;12:50:00;181505,00;181565,00;181455,00;181540,00;11182738,00;308
WINV26;23/07/2026;12:45:00;181410,00;181425,00;181390,00;181425,00;870756,00;24
WINV26;23/07/2026;12:40:00;181630,00;181670,00;181450,00;181500,00;1779027,00;49
WINV26;23/07/2026;12:35:00;181675,00;181705,00;181455,00;181590,00;25054532,00;690
WINV26;23/07/2026;12:30:00;181335,00;181650,00;181310,00;181640,00;112842845,00;3107
WINV26;23/07/2026;12:25:00;181755,00;181770,00;181350,00;181350,00;16633371,00;458
WINV26;23/07/2026;12:20:00;182005,00;182005,00;181730,00;181780,00;160407149,00;4412
WINV26;23/07/2026;12:15:00;182090,00;182195,00;181940,00;182005,00;5570408,00;153
WINV26;23/07/2026;12:10:00;182155,00;182155,00;181910,00;182090,00;8082917,00;222
WINV26;23/07/2026;12:05:00;182395,00;182395,00;182185,00;182300,00;4375712,00;120
WINV26;23/07/2026;12:00:00;182305,00;182390,00;182225,00;182390,00;1968822,00;54
WINV26;23/07/2026;11:55:00;182180,00;182395,00;182180,00;182325,00;17863757,00;490
WINV26;23/07/2026;11:50:00;182100,00;182140,00;182000,00;182075,00;5970586,00;164
WINV26;23/07/2026;11:45:00;182315,00;182440,00;182120,00;182140,00;1677281,00;46
WINV26;23/07/2026;11:40:00;182465,00;182500,00;182355,00;182440,00;1605670,00;44
WINV26;23/07/2026;11:35:00;182320,00;182550,00;182295,00;182495,00;3794769,00;104
WINV26;23/07/2026;11:30:00;182500,00;182580,00;182265,00;182265,00;7479839,00;205
WINV26;23/07/2026;11:25:00;182260,00;182495,00;182260,00;182495,00;7294924,00;200
WINV26;23/07/2026;11:20:00;181985,00;182345,00;181985,00;182345,00;4919552,00;135
WINV26;23/07/2026;11:15:00;182250,00;182270,00;182005,00;182025,00;5756677,00;158
WINV26;23/07/2026;11:10:00;181900,00;182350,00;181870,00;182235,00;104730355,00;2873
WINV26;23/07/2026;11:05:00;182050,00;182050,00;181760,00;181890,00;25421803,00;699
WINV26;23/07/2026;11:00:00;182010,00;182145,00;181935,00;182035,00;9755810,00;268
WINV26;23/07/2026;10:55:00;182850,00;182880,00;182000,00;182000,00;10430375,00;286
WINV26;23/07/2026;10:50:00;182560,00;182865,00;182560,00;182790,00;61437759,00;1681
WINV26;23/07/2026;10:45:00;182200,00;182575,00;182160,00;182530,00;24229158,00;664
WINV26;23/07/2026;10:40:00;182010,00;182370,00;182000,00;182200,00;5066214,00;139
WINV26;23/07/2026;10:35:00;182315,00;182345,00;181850,00;181850,00;1055352,00;29
WINV26;23/07/2026;10:30:00;181975,00;182345,00;181790,00;182275,00;8342215,00;229
WINV26;23/07/2026;10:25:00;181355,00;181965,00;181315,00;181900,00;3413103,00;94
WINV26;23/07/2026;10:20:00;181365,00;181400,00;181190,00;181310,00;3589983,00;99
WINV26;23/07/2026;10:15:00;181505,00;181540,00;181225,00;181355,00;9906374,00;273
WINV26;23/07/2026;10:10:00;181715,00;181855,00;181375,00;181515,00;16452354,00;453
WINV26;23/07/2026;10:05:00;182015,00;182100,00;181715,00;181715,00;3819350,00;105
WINV26;23/07/2026;10:00:00;182080,00;182225,00;181700,00;182175,00;18696685,00;514
WINV26;23/07/2026;09:55:00;182025,00;182055,00;182010,00;182010,00;1419859,00;39
WINV26;23/07/2026;09:50:00;182150,00;182195,00;182010,00;182010,00;2731133,00;75
WINV26;23/07/2026;09:45:00;181985,00;182155,00;181985,00;182140,00;8774454,00;241
WINV26;23/07/2026;09:40:00;182255,00;182350,00;181910,00;181960,00;12021355,00;330
WINV26;23/07/2026;09:35:00;182365,00;182440,00;182240,00;182275,00;4704968,00;129
WINV26;23/07/2026;09:30:00;182200,00;182375,00;182180,00;182340,00;13784574,00;378
WINV26;23/07/2026;09:25:00;182095,00;182165,00;182095,00;182150,00;801411,00;22
WINV26;23/07/2026;09:20:00;181890,00;182180,00;181890,00;182095,00;2657315,00;73
WINV26;23/07/2026;09:15:00;182235,00;182235,00;181870,00;181965,00;12667784,00;348
WINV26;23/07/2026;09:10:00;182160,00;182255,00;182100,00;182205,00;12532280,00;344
WINV26;23/07/2026;09:05:00;182045,00;182515,00;181910,00;182215,00;64446113,00;1769
WINV26;23/07/2026;09:00:00;182190,00;182255,00;181545,00;182060,00;99422587,00;2734
WINV26;22/07/2026;18:20:00;182735,00;182735,00;182605,00;182605,00;10668808,00;292
WINV26;22/07/2026;18:15:00;182765,00;182850,00;182715,00;182750,00;2960810,00;81
WINV26;22/07/2026;18:10:00;182810,00;182810,00;182765,00;182765,00;2997975,00;82
WINV26;22/07/2026;18:05:00;182820,00;182845,00;182785,00;182825,00;36012646,00;985
WINV26;22/07/2026;18:00:00;182745,00;182900,00;182745,00;182850,00;19783466,00;541
WINV26;22/07/2026;17:55:00;182815,00;182815,00;182745,00;182810,00;913835,00;25
WINV26;22/07/2026;17:50:00;182750,00;182805,00;182750,00;182800,00;2522202,00;69
WINV26;22/07/2026;17:45:00;182790,00;182800,00;182715,00;182715,00;6797987,00;186
WINV26;22/07/2026;17:40:00;182800,00;182820,00;182770,00;182775,00;1864403,00;51
WINV26;22/07/2026;17:35:00;182870,00;182925,00;182870,00;182925,00;1097466,00;30
WINV26;22/07/2026;17:30:00;182865,00;182920,00;182865,00;182885,00;4938317,00;135
WINV26;22/07/2026;17:25:00;182915,00;182915,00;182865,00;182865,00;1646066,00;45
WINV26;22/07/2026;17:20:00;182885,00;182950,00;182865,00;182920,00;3695015,00;101
WINV26;22/07/2026;17:15:00;182805,00;182935,00;182745,00;182935,00;11222904,00;307
WINV26;22/07/2026;17:10:00;182670,00;182840,00;182670,00;182805,00;6834235,00;187
WINV26;22/07/2026;17:05:00;182680,00;182695,00;182680,00;182695,00;913445,00;25
WINV26;22/07/2026;17:00:00;182705,00;182750,00;182640,00;182650,00;2887025,00;79
WINV26;22/07/2026;16:55:00;182640,00;182740,00;182640,00;182705,00;6393956,00;175
WINV26;22/07/2026;16:50:00;182590,00;182640,00;182560,00;182560,00;474772,00;13
WINV26;22/07/2026;16:45:00;182535,00;182625,00;182535,00;182625,00;511272,00;14
WINV26;22/07/2026;16:40:00;182500,00;182545,00;182445,00;182520,00;802922,00;22
WINV26;22/07/2026;16:35:00;182565,00;182580,00;182515,00;182565,00;9968015,00;273
WINV26;22/07/2026;16:30:00;182585,00;182590,00;182540,00;182585,00;2848303,00;78
WINV26;22/07/2026;16:25:00;182525,00;182635,00;182525,00;182585,00;803424,00;22
WINV26;22/07/2026;16:20:00;182535,00;182535,00;182465,00;182510,00;1533007,00;42
WINV26;22/07/2026;16:15:00;182520,00;182595,00;182480,00;182555,00;1533380,00;42
WINV26;22/07/2026;16:10:00;182520,00;182590,00;182520,00;182560,00;146046,00;4
WINV26;22/07/2026;16:05:00;182595,00;182595,00;182595,00;182595,00;36519,00;1
WINV26;22/07/2026;16:00:00;182705,00;182710,00;182500,00;182555,00;4345480,00;119
WINV26;22/07/2026;15:55:00;182550,00;182735,00;182550,00;182705,00;1899987,00;52
WINV26;22/07/2026;15:50:00;182570,00;182655,00;182570,00;182610,00;8180803,00;224
WINV26;22/07/2026;15:45:00;182485,00;182555,00;182485,00;182555,00;401601,00;11
WINV26;22/07/2026;15:40:00;182515,00;182565,00;182470,00;182540,00;1679355,00;46
WINV26;22/07/2026;15:35:00;182350,00;182525,00;182345,00;182525,00;2116429,00;58
WINV26;22/07/2026;15:30:00;182410,00;182430,00;182410,00;182430,00;145934,00;4
WINV26;22/07/2026;15:25:00;182340,00;182510,00;182340,00;182460,00;7299232,00;200
WINV26;22/07/2026;15:20:00;182350,00;182445,00;182350,00;182425,00;7733382,00;212
WINV26;22/07/2026;15:15:00;182390,00;182460,00;182385,00;182415,00;766220,00;21
WINV26;22/07/2026;15:10:00;182320,00;182405,00;182320,00;182405,00;6819403,00;187
WINV26;22/07/2026;15:05:00;182470,00;182505,00;182310,00;182310,00;2080134,00;57
WINV26;22/07/2026;15:00:00;182440,00;182585,00;182385,00;182445,00;12557797,00;344
WINV26;22/07/2026;14:55:00;182365,00;182510,00;182365,00;182410,00;4159843,00;114
WINV26;22/07/2026;14:50:00;182380,00;182420,00;182360,00;182360,00;474199,00;13
WINV26;22/07/2026;14:45:00;182175,00;182410,00;182175,00;182360,00;8860766,00;243
WINV26;22/07/2026;14:40:00;182120,00;182230,00;182120,00;182210,00;3643707,00;100
WINV26;22/07/2026;14:35:00;182165,00;182185,00;182080,00;182080,00;2440417,00;67
WINV26;22/07/2026;14:30:00;181980,00;182255,00;181980,00;182155,00;13553700,00;372
WINV26;22/07/2026;14:25:00;181945,00;182045,00;181945,00;182030,00;4222469,00;116
WINV26;22/07/2026;14:20:00;181890,00;181975,00;181890,00;181900,00;2910756,00;80
WINV26;22/07/2026;14:15:00;181840,00;182010,00;181840,00;181865,00;13100882,00;360
WINV26;22/07/2026;14:10:00;181785,00;181910,00;181735,00;181840,00;5454705,00;150
WINV26;22/07/2026;14:05:00;181755,00;181855,00;181755,00;181790,00;12653751,00;348
WINV26;22/07/2026;14:00:00;181550,00;181750,00;181550,00;181750,00;4795418,00;132
WINV26;22/07/2026;13:55:00;181590,00;181605,00;181540,00;181540,00;1489036,00;41
WINV26;22/07/2026;13:50:00;181455,00;181580,00;181455,00;181575,00;798688,00;22
WINV26;22/07/2026;13:45:00;181510,00;181510,00;181400,00;181415,00;979885,00;27
WINV26;22/07/2026;13:40:00;181455,00;181550,00;181455,00;181550,00;1452010,00;40
WINV26;22/07/2026;13:35:00;181515,00;181515,00;181455,00;181455,00;108887,00;3
WINV26;22/07/2026;13:30:00;181295,00;181520,00;181295,00;181490,00;4354206,00;120
WINV26;22/07/2026;13:25:00;181250,00;181295,00;181215,00;181270,00;1232692,00;34
WINV26;22/07/2026;13:20:00;181170,00;181250,00;181170,00;181190,00;797324,00;22
WINV26;22/07/2026;13:15:00;181260,00;181295,00;181160,00;181160,00;1667693,00;46
WINV26;22/07/2026;13:10:00;181200,00;181235,00;181200,00;181235,00;471204,00;13
WINV26;22/07/2026;13:05:00;181275,00;181385,00;181275,00;181280,00;1088055,00;30
WINV26;22/07/2026;13:00:00;181250,00;181325,00;181230,00;181325,00;8013361,00;221
WINV26;22/07/2026;12:55:00;181105,00;181210,00;181080,00;181175,00;760758,00;21
WINV26;22/07/2026;12:50:00;181170,00;181240,00;181110,00;181110,00;1050608,00;29
WINV26;22/07/2026;12:45:00;181210,00;181225,00;181175,00;181220,00;181201,00;5
WINV26;22/07/2026;12:40:00;180980,00;181285,00;180970,00;181200,00;6195924,00;171
WINV26;22/07/2026;12:35:00;181140,00;181140,00;181015,00;181015,00;1122733,00;31
WINV26;22/07/2026;12:30:00;180705,00;181150,00;180705,00;180995,00;11697669,00;323
WINV26;22/07/2026;12:25:00;180860,00;180860,00;180760,00;180770,00;397758,00;11
WINV26;22/07/2026;12:20:00;180535,00;180820,00;180530,00;180820,00;5603503,00;155
WINV26;22/07/2026;12:15:00;180680,00;180680,00;180610,00;180610,00;469616,00;13
WINV26;22/07/2026;12:10:00;180765,00;180800,00;180675,00;180690,00;1518072,00;42
WINV26;22/07/2026;12:05:00;180600,00;180820,00;180600,00;180820,00;1554070,00;43
WINV26;22/07/2026;12:00:00;180505,00;180610,00;180455,00;180485,00;1732795,00;48
WINV26;22/07/2026;11:55:00;180400,00;180615,00;180400,00;180580,00;1516162,00;42
WINV26;22/07/2026;11:50:00;180410,00;180525,00;180365,00;180510,00;4004991,00;111
WINV26;22/07/2026;11:45:00;180600,00;180600,00;180315,00;180405,00;2526465,00;70
WINV26;22/07/2026;11:40:00;180560,00;180745,00;180500,00;180660,00;11561283,00;320
WINV26;22/07/2026;11:35:00;180650,00;180720,00;180545,00;180605,00;3143320,00;87
WINV26;22/07/2026;11:30:00;180840,00;180840,00;180620,00;180650,00;4228870,00;117
WINV26;22/07/2026;11:25:00;180930,00;180930,00;180840,00;180855,00;687345,00;19
WINV26;22/07/2026;11:20:00;181045,00;181115,00;180885,00;180950,00;1339191,00;37
WINV26;22/07/2026;11:15:00;180980,00;181285,00;180900,00;181210,00;7823016,00;216
WINV26;22/07/2026;11:10:00;181040,00;181045,00;180860,00;180950,00;7164873,00;198
WINV26;22/07/2026;11:05:00;181390,00;181390,00;180965,00;180995,00;39076008,00;1079
WINV26;22/07/2026;11:00:00;181570,00;181660,00;181360,00;181360,00;21809577,00;601
WINV26;22/07/2026;10:55:00;181500,00;181805,00;181500,00;181610,00;6902780,00;190
WINV26;22/07/2026;10:50:00;181680,00;181930,00;181500,00;181500,00;34396339,00;946
WINV26;22/07/2026;10:45:00;181405,00;181990,00;181405,00;181850,00;43875333,00;1207
WINV26;22/07/2026;10:40:00;180700,00;181645,00;180670,00;181385,00;109333606,00;3016
WINV26;22/07/2026;10:35:00;180435,00;180760,00;180425,00;180700,00;25119523,00;695
WINV26;22/07/2026;10:30:00;179990,00;180605,00;179990,00;180470,00;24092207,00;668
WINV26;22/07/2026;10:25:00;179895,00;179990,00;179790,00;179955,00;4317778,00;120
WINV26;22/07/2026;10:20:00;179625,00;179950,00;179485,00;179910,00;8954675,00;249
WINV26;22/07/2026;10:15:00;179700,00;179840,00;179455,00;179530,00;12041843,00;335
WINV26;22/07/2026;10:10:00;179345,00;179710,00;179300,00;179650,00;15944619,00;444
WINV26;22/07/2026;10:05:00;179540,00;179600,00;179325,00;179400,00;8576169,00;239
WINV26;22/07/2026;10:00:00;179480,00;179700,00;179375,00;179470,00;20110931,00;560
WINV26;22/07/2026;09:55:00;179175,00;179480,00;179000,00;179385,00;10068245,00;281
WINV26;22/07/2026;09:50:00;179015,00;179175,00;178910,00;179150,00;1467896,00;41
WINV26;22/07/2026;09:45:00;179115,00;179180,00;178970,00;179090,00;1110343,00;31
WINV26;22/07/2026;09:40:00;179215,00;179240,00;178860,00;179150,00;3043516,00;85
WINV26;22/07/2026;09:35:00;179200,00;179420,00;179155,00;179260,00;5343958,00;149
WINV26;22/07/2026;09:30:00;178950,00;179265,00;178950,00;179115,00;2687514,00;75
WINV26;22/07/2026;09:25:00;179045,00;179100,00;178935,00;179070,00;6980044,00;195
WINV26;22/07/2026;09:20:00;179005,00;179250,00;178995,00;179110,00;2973489,00;83
WINV26;22/07/2026;09:15:00;179205,00;179270,00;178965,00;179030,00;12216476,00;341
WINV26;22/07/2026;09:10:00;179065,00;179310,00;178970,00;179300,00;8563067,00;239
WINV26;22/07/2026;09:05:00;178795,00;179190,00;178690,00;179100,00;12132008,00;339
WINV26;22/07/2026;09:00:00;178000,00;178900,00;177965,00;178900,00;69371072,00;1943
WINV26;21/07/2026;18:20:00;178395,00;178450,00;178330,00;178450,00;9881299,00;277
WINV26;21/07/2026;18:15:00;178390,00;178400,00;178310,00;178400,00;61283402,00;1718
WINV26;21/07/2026;18:10:00;178380,00;178400,00;178380,00;178400,00;784909,00;22
WINV26;21/07/2026;18:00:00;178350,00;178410,00;178350,00;178410,00;1855272,00;52
WINV26;21/07/2026;17:55:00;178295,00;178345,00;178290,00;178345,00;2103980,00;59
WINV26;21/07/2026;17:50:00;178265,00;178290,00;178265,00;178290,00;285251,00;8
WINV26;21/07/2026;17:45:00;178210,00;178280,00;178210,00;178280,00;463387,00;13
WINV26;21/07/2026;17:40:00;178240,00;178245,00;178240,00;178245,00;106946,00;3
WINV26;21/07/2026;17:35:00;178260,00;178260,00;178210,00;178210,00;320848,00;9
WINV26;21/07/2026;17:30:00;178220,00;178275,00;178210,00;178220,00;11584378,00;325
WINV26;21/07/2026;17:25:00;178205,00;178220,00;178205,00;178220,00;1996038,00;56
WINV26;21/07/2026;17:20:00;178245,00;178265,00;178215,00;178260,00;285178,00;8
WINV26;21/07/2026;17:15:00;178320,00;178320,00;178265,00;178290,00;106975,00;3
WINV26;21/07/2026;17:10:00;178290,00;178290,00;178250,00;178275,00;178265,00;5
WINV26;21/07/2026;17:05:00;178300,00;178310,00;178265,00;178305,00;891523,00;25
WINV26;21/07/2026;17:00:00;178380,00;178380,00;178330,00;178355,00;463722,00;13
WINV26;21/07/2026;16:55:00;178395,00;178425,00;178320,00;178425,00;1034559,00;29
WINV26;21/07/2026;16:50:00;178450,00;178490,00;178445,00;178480,00;3961816,00;111
WINV26;21/07/2026;16:45:00;178455,00;178455,00;178435,00;178435,00;1284805,00;36
WINV26;21/07/2026;16:40:00;178440,00;178450,00;178370,00;178450,00;1248987,00;35
WINV26;21/07/2026;16:35:00;178440,00;178480,00;178420,00;178420,00;285516,00;8
WINV26;21/07/2026;16:30:00;178350,00;178420,00;178350,00;178420,00;214075,00;6
WINV26;21/07/2026;16:25:00;178465,00;178490,00;178420,00;178460,00;1713330,00;48
WINV26;21/07/2026;16:20:00;178400,00;178475,00;178390,00;178475,00;1248939,00;35
WINV26;21/07/2026;16:15:00;178415,00;178475,00;178410,00;178410,00;927984,00;26
WINV26;21/07/2026;16:10:00;178555,00;178555,00;178440,00;178465,00;1713671,00;48
WINV26;21/07/2026;16:05:00;178455,00;178550,00;178455,00;178545,00;1249685,00;35
WINV26;21/07/2026;16:00:00;178485,00;178515,00;178450,00;178450,00;1892101,00;53
WINV26;21/07/2026;15:55:00;178435,00;178435,00;178400,00;178400,00;71367,00;2
WINV26;21/07/2026;15:50:00;178430,00;178465,00;178410,00;178465,00;285521,00;8
WINV26;21/07/2026;15:45:00;178455,00;178490,00;178410,00;178450,00;785160,00;22
WINV26;21/07/2026;15:40:00;178405,00;178455,00;178405,00;178455,00;214122,00;6
WINV26;21/07/2026;15:35:00;178385,00;178430,00;178370,00;178415,00;642252,00;18
WINV26;21/07/2026;15:30:00;178420,00;178455,00;178370,00;178400,00;820797,00;23
WINV26;21/07/2026;15:25:00;178395,00;178420,00;178375,00;178375,00;1177425,00;33
WINV26;21/07/2026;15:20:00;178350,00;178385,00;178325,00;178385,00;214027,00;6
WINV26;21/07/2026;15:15:00;178325,00;178365,00;178325,00;178330,00;249687,00;7
WINV26;21/07/2026;15:10:00;178330,00;178365,00;178330,00;178345,00;820431,00;23
WINV26;21/07/2026;15:05:00;178305,00;178350,00;178245,00;178270,00;784394,00;22
WINV26;21/07/2026;15:00:00;178385,00;178405,00;178320,00;178380,00;3139429,00;88
WINV26;21/07/2026;14:55:00;178250,00;178400,00;178235,00;178390,00;2746287,00;77
WINV26;21/07/2026;14:50:00;178095,00;178235,00;178095,00;178170,00;1888834,00;53
WINV26;21/07/2026;14:45:00;178175,00;178175,00;178005,00;178030,00;1923549,00;54
WINV26;21/07/2026;14:40:00;178245,00;178325,00;178140,00;178175,00;6988344,00;196
WINV26;21/07/2026;14:35:00;178145,00;178230,00;178100,00;178175,00;8054272,00;226
WINV26;21/07/2026;14:30:00;178060,00;178125,00;178060,00;178125,00;1211047,00;34
WINV26;21/07/2026;14:25:00;177990,00;178030,00;177990,00;178025,00;890046,00;25
WINV26;21/07/2026;14:20:00;178000,00;178000,00;177970,00;177995,00;284782,00;8
WINV26;21/07/2026;14:15:00;178045,00;178045,00;178000,00;178010,00;213626,00;6
WINV26;21/07/2026;14:10:00;178070,00;178100,00;178070,00;178075,00;463039,00;13
WINV26;21/07/2026;14:05:00;178080,00;178080,00;178035,00;178035,00;498591,00;14
WINV26;21/07/2026;14:00:00;178075,00;178170,00;178075,00;178120,00;605692,00;17
WINV26;21/07/2026;13:55:00;178050,00;178075,00;178030,00;178045,00;712231,00;20
WINV26;21/07/2026;13:50:00;178045,00;178125,00;178035,00;178075,00;2991891,00;84
WINV26;21/07/2026;13:45:00;177915,00;178025,00;177915,00;178025,00;462804,00;13
WINV26;21/07/2026;13:40:00;177965,00;177965,00;177955,00;177955,00;711840,00;20
WINV26;21/07/2026;13:35:00;177925,00;177995,00;177925,00;177995,00;818650,00;23
WINV26;21/07/2026;13:30:00;177930,00;177930,00;177880,00;177880,00;177918,00;5
WINV26;21/07/2026;13:25:00;177950,00;177990,00;177905,00;177930,00;2598205,00;73
WINV26;21/07/2026;13:20:00;177790,00;177920,00;177790,00;177910,00;19775324,00;556
WINV26;21/07/2026;13:15:00;177765,00;177825,00;177765,00;177825,00;746791,00;21
WINV26;21/07/2026;13:10:00;177750,00;177750,00;177750,00;177750,00;35550,00;1
WINV26;21/07/2026;13:05:00;177800,00;177820,00;177705,00;177705,00;995474,00;28
WINV26;21/07/2026;13:00:00;177700,00;177795,00;177700,00;177795,00;853073,00;24
WINV26;21/07/2026;12:55:00;177755,00;177800,00;177665,00;177665,00;4301435,00;121
WINV26;21/07/2026;12:50:00;177695,00;177750,00;177675,00;177705,00;746431,00;21
WINV26;21/07/2026;12:45:00;177760,00;177760,00;177720,00;177720,00;319936,00;9
WINV26;21/07/2026;12:40:00;177795,00;177860,00;177765,00;177805,00;2098409,00;59
WINV26;21/07/2026;12:35:00;177775,00;177845,00;177735,00;177770,00;31293689,00;880
WINV26;21/07/2026;12:30:00;177675,00;177785,00;177675,00;177775,00;2381677,00;67
WINV26;21/07/2026;12:25:00;177570,00;177730,00;177570,00;177685,00;17769507,00;500
WINV26;21/07/2026;12:20:00;177500,00;177540,00;177440,00;177455,00;1277931,00;36
WINV26;21/07/2026;12:15:00;177400,00;177515,00;177395,00;177515,00;2306917,00;65
WINV26;21/07/2026;12:10:00;177355,00;177445,00;177325,00;177400,00;2447734,00;69
WINV26;21/07/2026;12:05:00;177295,00;177340,00;177290,00;177340,00;886581,00;25
WINV26;21/07/2026;12:00:00;177315,00;177365,00;177230,00;177275,00;20844926,00;588
WINV26;21/07/2026;11:55:00;177470,00;177470,00;177250,00;177315,00;4043283,00;114
WINV26;21/07/2026;11:50:00;177440,00;177450,00;177375,00;177440,00;2980558,00;84
WINV26;21/07/2026;11:45:00;177600,00;177605,00;177500,00;177545,00;5005871,00;141
WINV26;21/07/2026;11:40:00;177555,00;177615,00;177515,00;177600,00;5078912,00;143
WINV26;21/07/2026;11:35:00;177835,00;177835,00;177460,00;177530,00;200543162,00;5646
WINV26;21/07/2026;11:30:00;177845,00;178000,00;177845,00;177905,00;2597453,00;73
WINV26;21/07/2026;11:25:00;177835,00;177835,00;177750,00;177810,00;4587307,00;129
WINV26;21/07/2026;11:20:00;178105,00;178110,00;177875,00;177875,00;925592,00;26
WINV26;21/07/2026;11:15:00;178170,00;178330,00;178160,00;178180,00;8487184,00;238
WINV26;21/07/2026;11:10:00;178055,00;178250,00;177995,00;178250,00;534196,00;15
WINV26;21/07/2026;11:05:00;177975,00;178205,00;177950,00;178130,00;8301102,00;233
WINV26;21/07/2026;11:00:00;177690,00;178095,00;177690,00;178090,00;2882093,00;81
WINV26;21/07/2026;10:55:00;177855,00;177875,00;177780,00;177815,00;1102666,00;31
WINV26;21/07/2026;10:50:00;178170,00;178170,00;177745,00;177840,00;3950646,00;111
WINV26;21/07/2026;10:45:00;177780,00;178245,00;177780,00;178140,00;14493816,00;407
WINV26;21/07/2026;10:40:00;177880,00;177895,00;177620,00;177780,00;35229869,00;991
WINV26;21/07/2026;10:35:00;178325,00;178355,00;177855,00;177880,00;231103856,00;6486
WINV26;21/07/2026;10:30:00;178385,00;178825,00;178365,00;178390,00;17644674,00;494
WINV26;21/07/2026;10:25:00;178250,00;178500,00;178210,00;178345,00;23583090,00;661
WINV26;21/07/2026;10:20:00;178275,00;178365,00;178110,00;178245,00;113084479,00;3172
WINV26;21/07/2026;10:15:00;178560,00;178700,00;178290,00;178290,00;11283929,00;316
WINV26;21/07/2026;10:10:00;178495,00;178570,00;178495,00;178520,00;749744,00;21
WINV26;21/07/2026;10:05:00;178505,00;178555,00;178385,00;178465,00;2141888,00;60
WINV26;21/07/2026;10:00:00;178475,00;178550,00;178270,00;178550,00;3425734,00;96
WINV26;21/07/2026;09:55:00;178345,00;178420,00;178325,00;178420,00;499444,00;14
WINV26;21/07/2026;09:50:00;178485,00;178500,00;178320,00;178365,00;1677032,00;47
WINV26;21/07/2026;09:45:00;178565,00;178600,00;178435,00;178465,00;714271,00;20
WINV26;21/07/2026;09:40:00;178720,00;178755,00;178400,00;178495,00;6174745,00;173
WINV26;21/07/2026;09:35:00;178595,00;178705,00;178520,00;178695,00;9144599,00;256
WINV26;21/07/2026;09:30:00;178340,00;178600,00;178320,00;178600,00;5280544,00;148
WINV26;21/07/2026;09:25:00;178430,00;178450,00;178190,00;178390,00;49273919,00;1382
WINV26;21/07/2026;09:20:00;178470,00;178495,00;178265,00;178405,00;7385699,00;207
WINV26;21/07/2026;09:15:00;178795,00;178795,00;178410,00;178495,00;10389108,00;291
WINV26;21/07/2026;09:10:00;178750,00;179090,00;178745,00;178805,00;12132036,00;339
WINV26;21/07/2026;09:05:00;178520,00;178705,00;178315,00;178610,00;11781078,00;330
WINV26;21/07/2026;09:00:00;178990,00;179050,00;178355,00;178580,00;98249449,00;2749
WINV26;20/07/2026;18:20:00;178405,00;178405,00;178330,00;178330,00;4850844,00;136
WINV26;20/07/2026;18:15:00;178455,00;178480,00;178405,00;178405,00;1498949,00;42
WINV26;20/07/2026;18:10:00;178360,00;178405,00;178360,00;178405,00;570805,00;16
WINV26;20/07/2026;18:05:00;178405,00;178405,00;178285,00;178360,00;50684624,00;1421
WINV26;20/07/2026;18:00:00;178410,00;178420,00;178385,00;178420,00;677937,00;19
WINV26;20/07/2026;17:55:00;178480,00;178480,00;178445,00;178445,00;2891281,00;81
WINV26;20/07/2026;17:45:00;178450,00;178500,00;178450,00;178500,00;1499328,00;42
WINV26;20/07/2026;17:40:00;178420,00;178450,00;178420,00;178450,00;142742,00;4
WINV26;20/07/2026;17:35:00;178400,00;178435,00;178400,00;178435,00;1284519,00;36
WINV26;20/07/2026;17:30:00;178465,00;178500,00;178445,00;178445,00;428348,00;12
WINV26;20/07/2026;17:25:00;178405,00;178455,00;178400,00;178400,00;107052,00;3
WINV26;20/07/2026;17:20:00;178470,00;178470,00;178385,00;178385,00;713676,00;20
WINV26;20/07/2026;17:15:00;178435,00;178520,00;178435,00;178470,00;1392163,00;39
WINV26;20/07/2026;17:10:00;178430,00;178440,00;178390,00;178430,00;1677077,00;47
WINV26;20/07/2026;17:05:00;178600,00;178610,00;178420,00;178455,00;3605670,00;101
WINV26;20/07/2026;17:00:00;178775,00;178775,00;178615,00;178615,00;893255,00;25
WINV26;20/07/2026;16:55:00;178760,00;178780,00;178760,00;178770,00;607815,00;17
WINV26;20/07/2026;16:50:00;178865,00;178890,00;178780,00;178780,00;858382,00;24
WINV26;20/07/2026;16:45:00;178910,00;178955,00;178845,00;178890,00;3936120,00;110
WINV26;20/07/2026;16:40:00;178920,00;178950,00;178905,00;178930,00;357860,00;10
WINV26;20/07/2026;16:35:00;178955,00;178955,00;178900,00;178935,00;393633,00;11
WINV26;20/07/2026;16:30:00;178865,00;178915,00;178865,00;178915,00;465109,00;13
WINV26;20/07/2026;16:25:00;178785,00;178865,00;178705,00;178865,00;2431671,00;68
WINV26;20/07/2026;16:20:00;178770,00;178785,00;178660,00;178785,00;607593,00;17
WINV26;20/07/2026;16:15:00;178735,00;178765,00;178705,00;178765,00;500506,00;14
WINV26;20/07/2026;16:10:00;178855,00;178890,00;178755,00;178780,00;679491,00;19
WINV26;20/07/2026;16:05:00;178865,00;178890,00;178815,00;178890,00;536535,00;15
WINV26;20/07/2026;16:00:00;178865,00;178955,00;178855,00;178910,00;894417,00;25
WINV26;20/07/2026;15:55:00;178775,00;178805,00;178695,00;178805,00;286042,00;8
WINV26;20/07/2026;15:50:00;178825,00;178825,00;178800,00;178800,00;250349,00;7
WINV26;20/07/2026;15:45:00;178785,00;178820,00;178750,00;178790,00;822415,00;23
WINV26;20/07/2026;15:40:00;178880,00;178930,00;178810,00;178840,00;1180526,00;33
WINV26;20/07/2026;15:35:00;179040,00;179040,00;178950,00;178950,00;501231,00;14
WINV26;20/07/2026;15:30:00;178915,00;179020,00;178915,00;178940,00;1002349,00;28
WINV26;20/07/2026;15:25:00;178885,00;178915,00;178855,00;178915,00;715544,00;20
WINV26;20/07/2026;15:20:00;178920,00;178980,00;178895,00;178895,00;1359905,00;38
WINV26;20/07/2026;15:15:00;178990,00;178990,00;178905,00;178980,00;572678,00;16
WINV26;20/07/2026;15:10:00;179010,00;179090,00;178995,00;178995,00;1253223,00;35
WINV26;20/07/2026;15:05:00;178980,00;178980,00;178960,00;178960,00;107382,00;3
WINV26;20/07/2026;15:00:00;178935,00;179000,00;178935,00;179000,00;1217051,00;34
WINV26;20/07/2026;14:55:00;178835,00;178900,00;178830,00;178900,00;965868,00;27
WINV26;20/07/2026;14:50:00;178790,00;178855,00;178790,00;178835,00;1144505,00;32
WINV26;20/07/2026;14:40:00;178705,00;178710,00;178685,00;178690,00;571826,00;16
WINV26;20/07/2026;14:35:00;178745,00;178745,00;178590,00;178655,00;678820,00;19
WINV26;20/07/2026;14:30:00;178750,00;178790,00;178670,00;178750,00;1608656,00;45
WINV26;20/07/2026;14:25:00;178700,00;178730,00;178700,00;178730,00;142966,00;4
WINV26;20/07/2026;14:20:00;178680,00;178770,00;178680,00;178770,00;107226,00;3
WINV26;20/07/2026;14:15:00;178710,00;178735,00;178710,00;178735,00;71489,00;2
WINV26;20/07/2026;14:10:00;178750,00;178750,00;178700,00;178700,00;607710,00;17
WINV26;20/07/2026;14:05:00;178770,00;178805,00;178670,00;178670,00;2395710,00;67
WINV26;20/07/2026;14:00:00;178730,00;178755,00;178730,00;178750,00;607712,00;17
WINV26;20/07/2026;13:55:00;178755,00;178770,00;178660,00;178660,00;393175,00;11
WINV26;20/07/2026;13:50:00;179030,00;179030,00;178745,00;178745,00;1359246,00;38
WINV26;20/07/2026;13:45:00;179025,00;179045,00;179000,00;179045,00;429666,00;12
WINV26;20/07/2026;13:40:00;179060,00;179060,00;178825,00;178900,00;11094736,00;310
WINV26;20/07/2026;13:35:00;179100,00;179140,00;179100,00;179115,00;644828,00;18
WINV26;20/07/2026;13:30:00;179190,00;179205,00;179050,00;179090,00;1289763,00;36
WINV26;20/07/2026;13:25:00;179395,00;179395,00;179135,00;179135,00;1218805,00;34
WINV26;20/07/2026;13:20:00;179330,00;179410,00;179330,00;179395,00;502271,00;14
WINV26;20/07/2026;13:15:00;179350,00;179350,00;179330,00;179330,00;322804,00;9
WINV26;20/07/2026;13:10:00;179350,00;179365,00;179350,00;179365,00;251093,00;7
WINV26;20/07/2026;13:05:00;179355,00;179450,00;179335,00;179355,00;1004618,00;28
WINV26;20/07/2026;13:00:00;179185,00;179370,00;179185,00;179360,00;2654371,00;74
WINV26;20/07/2026;12:55:00;179270,00;179330,00;179215,00;179225,00;6885423,00;192
WINV26;20/07/2026;12:50:00;179125,00;179250,00;179125,00;179210,00;967605,00;27
WINV26;20/07/2026;12:45:00;179215,00;179215,00;179055,00;179125,00;322357,00;9
WINV26;20/07/2026;12:40:00;179175,00;179205,00;179100,00;179190,00;1648324,00;46
WINV26;20/07/2026;12:35:00;179045,00;179200,00;179035,00;179155,00;788070,00;22
WINV26;20/07/2026;12:30:00;179080,00;179125,00;179070,00;179070,00;429838,00;12
WINV26;20/07/2026;12:25:00;178895,00;179050,00;178890,00;179050,00;787523,00;22
WINV26;20/07/2026;12:20:00;178945,00;178980,00;178900,00;178900,00;787285,00;22
WINV26;20/07/2026;12:15:00;179010,00;179040,00;178990,00;179020,00;1002459,00;28
WINV26;20/07/2026;12:10:00;179210,00;179210,00;179055,00;179100,00;1647723,00;46
WINV26;20/07/2026;12:05:00;179185,00;179310,00;179170,00;179210,00;788582,00;22
WINV26;20/07/2026;12:00:00;179200,00;179325,00;179185,00;179325,00;573499,00;16
WINV26;20/07/2026;11:55:00;179310,00;179325,00;179190,00;179235,00;2939158,00;82
WINV26;20/07/2026;11:50:00;179400,00;179520,00;179390,00;179410,00;2225316,00;62
WINV26;20/07/2026;11:45:00;179280,00;179400,00;179190,00;179400,00;1255290,00;35
WINV26;20/07/2026;11:40:00;179220,00;179220,00;179010,00;179200,00;824179,00;23
WINV26;20/07/2026;11:35:00;179160,00;179250,00;179160,00;179220,00;394277,00;11
WINV26;20/07/2026;11:30:00;179000,00;179240,00;179000,00;179170,00;859992,00;24
WINV26;20/07/2026;11:25:00;179000,00;179000,00;179000,00;179000,00;35800,00;1
WINV26;20/07/2026;11:20:00;178950,00;178960,00;178940,00;178960,00;286328,00;8
WINV26;20/07/2026;11:15:00;178790,00;178895,00;178790,00;178845,00;393499,00;11
WINV26;20/07/2026;11:10:00;178845,00;178845,00;178710,00;178715,00;500479,00;14
WINV26;20/07/2026;11:05:00;178940,00;178940,00;178810,00;178810,00;286134,00;8
WINV26;20/07/2026;11:00:00;178990,00;179155,00;178900,00;178900,00;3187491,00;89
WINV26;20/07/2026;10:55:00;178785,00;178950,00;178780,00;178950,00;643796,00;18
WINV26;20/07/2026;10:50:00;178675,00;178920,00;178675,00;178920,00;6865591,00;192
WINV26;20/07/2026;10:45:00;178335,00;178650,00;178300,00;178650,00;9277605,00;260
WINV26;20/07/2026;10:40:00;178835,00;178835,00;178305,00;178360,00;7356474,00;206
WINV26;20/07/2026;10:35:00;178570,00;179110,00;178555,00;178760,00;4866089,00;136
WINV26;20/07/2026;10:30:00;178845,00;178875,00;178585,00;178585,00;3931752,00;110
WINV26;20/07/2026;10:25:00;178990,00;179025,00;178895,00;178915,00;1717809,00;48
WINV26;20/07/2026;10:20:00;179080,00;179210,00;179060,00;179090,00;788247,00;22
WINV26;20/07/2026;10:15:00;179170,00;179170,00;178870,00;178900,00;1825200,00;51
WINV26;20/07/2026;10:10:00;179225,00;179360,00;179160,00;179160,00;2043708,00;57
WINV26;20/07/2026;10:05:00;179245,00;179255,00;179055,00;179225,00;2831284,00;79
WINV26;20/07/2026;10:00:00;178970,00;179680,00;178970,00;179225,00;23284973,00;649
WINV26;20/07/2026;09:55:00;178940,00;179120,00;178940,00;178980,00;2220590,00;62
WINV26;20/07/2026;09:50:00;178835,00;179055,00;178825,00;179050,00;1431301,00;40
WINV26;20/07/2026;09:45:00;178845,00;178895,00;178760,00;178820,00;1180190,00;33
WINV26;20/07/2026;09:40:00;178810,00;178895,00;178805,00;178880,00;1073032,00;30
WINV26;20/07/2026;09:35:00;179010,00;179035,00;178805,00;178805,00;2290272,00;64
WINV26;20/07/2026;09:30:00;178955,00;179070,00;178935,00;178945,00;3365367,00;94
WINV26;20/07/2026;09:25:00;178530,00;178950,00;178530,00;178920,00;4935104,00;138
WINV26;20/07/2026;09:20:00;178825,00;178835,00;178545,00;178580,00;3681168,00;103
WINV26;20/07/2026;09:15:00;178870,00;178925,00;178800,00;178860,00;3218783,00;90
WINV26;20/07/2026;09:10:00;179195,00;179245,00;178815,00;178910,00;9632957,00;269
WINV26;20/07/2026;09:05:00;178890,00;179455,00;178810,00;179135,00;15240154,00;425
WINV26;20/07/2026;09:00:00;179300,00;179670,00;178500,00;178900,00;92924187,00;2598
WINV26;17/07/2026;18:20:00;178730,00;178850,00;178725,00;178775,00;4969959,00;139
WINV26;17/07/2026;18:15:00;178795,00;178795,00;178700,00;178700,00;2788238,00;78
WINV26;17/07/2026;18:10:00;178725,00;178750,00;178650,00;178705,00;19689077,00;551
WINV26;17/07/2026;18:05:00;178755,00;178760,00;178675,00;178675,00;21585207,00;604
WINV26;17/07/2026;18:00:00;178645,00;178755,00;178645,00;178695,00;3287630,00;92
WINV26;17/07/2026;17:55:00;178770,00;178770,00;178620,00;178690,00;4825241,00;135
WINV26;17/07/2026;17:50:00;178735,00;178830,00;178735,00;178830,00;2573870,00;72
WINV26;17/07/2026;17:45:00;178700,00;178725,00;178700,00;178720,00;1143765,00;32
WINV26;17/07/2026;17:40:00;178745,00;178750,00;178675,00;178675,00;321683,00;9
WINV26;17/07/2026;17:35:00;178860,00;178860,00;178710,00;178740,00;5291508,00;148
WINV26;17/07/2026;17:30:00;178900,00;178920,00;178900,00;178920,00;1180748,00;33
WINV26;17/07/2026;17:25:00;178950,00;178950,00;178950,00;178950,00;107370,00;3
WINV26;17/07/2026;17:20:00;178925,00;178985,00;178900,00;178900,00;536907,00;15
WINV26;17/07/2026;17:15:00;178930,00;178965,00;178895,00;178965,00;644151,00;18
WINV26;17/07/2026;17:10:00;178905,00;178905,00;178905,00;178905,00;357810,00;10
WINV26;17/07/2026;17:05:00;178980,00;178980,00;178955,00;178955,00;1073810,00;30
WINV26;17/07/2026;17:00:00;178960,00;179030,00;178910,00;179030,00;1539000,00;43
WINV26;17/07/2026;16:55:00;178980,00;179085,00;178950,00;179005,00;18081311,00;505
WINV26;17/07/2026;16:50:00;178910,00;179000,00;178875,00;178955,00;1395731,00;39
WINV26;17/07/2026;16:45:00;178940,00;178950,00;178860,00;178905,00;1825074,00;51
WINV26;17/07/2026;16:40:00;178750,00;178945,00;178750,00;178940,00;16633170,00;465
WINV26;17/07/2026;16:35:00;178750,00;178800,00;178750,00;178760,00;23094657,00;646
WINV26;17/07/2026;16:30:00;178795,00;178830,00;178700,00;178765,00;1680234,00;47
WINV26;17/07/2026;16:25:00;178530,00;178790,00;178530,00;178790,00;5181686,00;145
WINV26;17/07/2026;16:20:00;178540,00;178560,00;178520,00;178560,00;821284,00;23
WINV26;17/07/2026;16:15:00;178600,00;178600,00;178495,00;178575,00;9142287,00;256
WINV26;17/07/2026;16:10:00;178590,00;178640,00;178590,00;178600,00;20682102,00;579
WINV26;17/07/2026;16:05:00;178605,00;178635,00;178580,00;178600,00;1000221,00;28
WINV26;17/07/2026;16:00:00;178655,00;178700,00;178585,00;178600,00;1607511,00;45
WINV26;17/07/2026;15:55:00;178665,00;178665,00;178665,00;178665,00;35733,00;1
WINV26;17/07/2026;15:50:00;178600,00;178700,00;178600,00;178645,00;4859238,00;136
WINV26;17/07/2026;15:45:00;178660,00;178660,00;178625,00;178630,00;19506486,00;546
WINV26;17/07/2026;15:40:00;178630,00;178650,00;178610,00;178640,00;535882,00;15
WINV26;17/07/2026;15:35:00;178565,00;178660,00;178565,00;178630,00;2071949,00;58
WINV26;17/07/2026;15:30:00;178680,00;178710,00;178570,00;178595,00;2536352,00;71
WINV26;17/07/2026;15:25:00;178660,00;178690,00;178650,00;178675,00;786116,00;22
WINV26;17/07/2026;15:20:00;178725,00;178725,00;178635,00;178650,00;321622,00;9
WINV26;17/07/2026;15:15:00;178615,00;178745,00;178615,00;178655,00;1286592,00;36
WINV26;17/07/2026;15:10:00;178710,00;178730,00;178605,00;178640,00;1821998,00;51
WINV26;17/07/2026;15:05:00;178705,00;178730,00;178645,00;178700,00;1751082,00;49
WINV26;17/07/2026;15:00:00;178775,00;178775,00;178670,00;178700,00;3967281,00;111
WINV26;17/07/2026;14:55:00;178975,00;179020,00;178775,00;178775,00;16960692,00;474
WINV26;17/07/2026;14:50:00;179095,00;179095,00;179020,00;179070,00;1217621,00;34
WINV26;17/07/2026;14:45:00;179005,00;179065,00;179000,00;179065,00;3509108,00;98
WINV26;17/07/2026;14:40:00;179015,00;179015,00;178945,00;178960,00;1897285,00;53
WINV26;17/07/2026;14:35:00;179270,00;179270,00;179045,00;179045,00;1612295,00;45
WINV26;17/07/2026;14:30:00;179190,00;179250,00;179190,00;179240,00;4085984,00;114
WINV26;17/07/2026;14:25:00;179170,00;179170,00;179170,00;179170,00;179170,00;5
WINV26;17/07/2026;14:20:00;179185,00;179195,00;179180,00;179195,00;501728,00;14
WINV26;17/07/2026;14:15:00;179100,00;179185,00;179100,00;179110,00;1540504,00;43
WINV26;17/07/2026;14:10:00;179265,00;179270,00;179110,00;179110,00;1289825,00;36
WINV26;17/07/2026;14:05:00;179220,00;179255,00;179200,00;179255,00;1218796,00;34
WINV26;17/07/2026;14:00:00;179170,00;179235,00;179140,00;179140,00;1720124,00;48
WINV26;17/07/2026;13:55:00;179160,00;179185,00;179065,00;179115,00;1934517,00;54
WINV26;17/07/2026;13:50:00;179255,00;179255,00;179190,00;179190,00;1361977,00;38
WINV26;17/07/2026;13:45:00;179260,00;179280,00;179200,00;179280,00;501920,00;14
WINV26;17/07/2026;13:40:00;179040,00;179235,00;179040,00;179175,00;1863122,00;52
WINV26;17/07/2026;13:35:00;179165,00;179165,00;179030,00;179080,00;2435208,00;68
WINV26;17/07/2026;13:30:00;179250,00;179250,00;179100,00;179115,00;1397377,00;39
WINV26;17/07/2026;13:25:00;179245,00;179260,00;179160,00;179235,00;2365577,00;66
WINV26;17/07/2026;13:20:00;179350,00;179350,00;179230,00;179230,00;10222184,00;285
WINV26;17/07/2026;13:15:00;179455,00;179460,00;179350,00;179350,00;12770669,00;356
WINV26;17/07/2026;13:10:00;179705,00;179705,00;179490,00;179490,00;2621709,00;73
WINV26;17/07/2026;13:05:00;179575,00;179745,00;179510,00;179725,00;2083480,00;58
WINV26;17/07/2026;13:00:00;179680,00;179730,00;179610,00;179640,00;3557461,00;99
WINV26;17/07/2026;12:55:00;179570,00;179795,00;179570,00;179670,00;5069380,00;141
WINV26;17/07/2026;12:50:00;179570,00;179645,00;179570,00;179620,00;754437,00;21
WINV26;17/07/2026;12:45:00;179570,00;179570,00;179455,00;179550,00;1938604,00;54
WINV26;17/07/2026;12:40:00;179640,00;179640,00;179510,00;179520,00;1005473,00;28
WINV26;17/07/2026;12:35:00;179575,00;179685,00;179560,00;179655,00;754307,00;21
WINV26;17/07/2026;12:30:00;179650,00;179750,00;179585,00;179585,00;4240285,00;118
WINV26;17/07/2026;12:25:00;179600,00;179700,00;179565,00;179700,00;8009357,00;223
WINV26;17/07/2026;12:20:00;179585,00;179685,00;179510,00;179585,00;1221107,00;34
WINV26;17/07/2026;12:15:00;179500,00;179620,00;179485,00;179620,00;1257073,00;35
WINV26;17/07/2026;12:10:00;179500,00;179535,00;179410,00;179410,00;4666524,00;130
WINV26;17/07/2026;12:05:00;179445,00;179475,00;179415,00;179440,00;717786,00;20
WINV26;17/07/2026;12:00:00;179455,00;179455,00;179240,00;179350,00;2547188,00;71
WINV26;17/07/2026;11:55:00;179460,00;179485,00;179320,00;179430,00;717696,00;20
WINV26;17/07/2026;11:50:00;179435,00;179480,00;179310,00;179400,00;1542612,00;43
WINV26;17/07/2026;11:45:00;179130,00;179495,00;179130,00;179410,00;4341061,00;121
WINV26;17/07/2026;11:40:00;179115,00;179220,00;179115,00;179195,00;644915,00;18
WINV26;17/07/2026;11:35:00;179115,00;179300,00;179115,00;179280,00;1505789,00;42
WINV26;17/07/2026;11:30:00;179070,00;179165,00;179070,00;179165,00;107469,00;3
WINV26;17/07/2026;11:25:00;179140,00;179210,00;179135,00;179140,00;931721,00;26
WINV26;17/07/2026;11:20:00;179070,00;179275,00;179065,00;179065,00;3511062,00;98
WINV26;17/07/2026;11:15:00;179070,00;179165,00;179010,00;179075,00;2256450,00;63
WINV26;17/07/2026;11:10:00;178915,00;179040,00;178830,00;178935,00;2254358,00;63
WINV26;17/07/2026;11:05:00;179210,00;179250,00;178965,00;178965,00;3510141,00;98
WINV26;17/07/2026;11:00:00;179400,00;179400,00;179200,00;179250,00;2545488,00;71
WINV26;17/07/2026;10:55:00;179420,00;179600,00;179340,00;179500,00;7177403,00;200
WINV26;17/07/2026;10:50:00;179180,00;179400,00;179010,00;179370,00;4552587,00;127
WINV26;17/07/2026;10:45:00;178900,00;179145,00;178890,00;179145,00;1038099,00;29
WINV26;17/07/2026;10:40:00;179000,00;179250,00;178900,00;178900,00;4297989,00;120
WINV26;17/07/2026;10:35:00;179030,00;179130,00;178870,00;178935,00;6156332,00;172
WINV26;17/07/2026;10:30:00;178840,00;179350,00;178770,00;179115,00;10716430,00;299
WINV26;17/07/2026;10:25:00;178635,00;179070,00;178610,00;178990,00;1466975,00;41
WINV26;17/07/2026;10:20:00;178985,00;178985,00;178545,00;178545,00;8398296,00;235
WINV26;17/07/2026;10:15:00;178920,00;179185,00;178920,00;179010,00;1468656,00;41
WINV26;17/07/2026;10:10:00;179035,00;179060,00;178850,00;178900,00;1145098,00;32
WINV26;17/07/2026;10:05:00;179060,00;179060,00;178835,00;178960,00;2075554,00;58
WINV26;17/07/2026;10:00:00;179085,00;179085,00;178660,00;179010,00;5688161,00;159
WINV26;17/07/2026;09:55:00;179035,00;179035,00;178920,00;179010,00;2255085,00;63
WINV26;17/07/2026;09:50:00;179000,00;179150,00;178980,00;179150,00;859438,00;24
WINV26;17/07/2026;09:45:00;179035,00;179145,00;178985,00;179025,00;2829024,00;79
WINV26;17/07/2026;09:40:00;178930,00;179150,00;178825,00;179150,00;4476427,00;125
WINV26;17/07/2026;09:35:00;178720,00;178855,00;178610,00;178840,00;2644817,00;74
WINV26;17/07/2026;09:30:00;178750,00;178860,00;178700,00;178705,00;1716488,00;48
WINV26;17/07/2026;09:25:00;178815,00;178875,00;178700,00;178755,00;4825722,00;135
WINV26;17/07/2026;09:20:00;178810,00;178965,00;178725,00;178815,00;1716637,00;48
WINV26;17/07/2026;09:15:00;179005,00;179180,00;178900,00;178900,00;1360553,00;38
WINV26;17/07/2026;09:10:00;178820,00;179095,00;178820,00;179060,00;1861907,00;52
WINV26;17/07/2026;09:05:00;178965,00;179320,00;178670,00;178810,00;21385202,00;597
WINV26;17/07/2026;09:00:00;178250,00;179365,00;178250,00;179020,00;68624220,00;1918
WINV26;16/07/2026;18:20:00;178990,00;178995,00;178865,00;178865,00;2719291,00;76
WINV26;16/07/2026;18:15:00;178905,00;178995,00;178875,00;178965,00;3829604,00;107
WINV26;16/07/2026;18:10:00;178950,00;178950,00;178900,00;178900,00;45944621,00;1284
WINV26;16/07/2026;18:05:00;178975,00;178975,00;178915,00;178975,00;930578,00;26
WINV26;16/07/2026;18:00:00;179030,00;179035,00;179030,00;179035,00;214839,00;6
WINV26;16/07/2026;17:55:00;179005,00;179005,00;179005,00;179005,00;71602,00;2
WINV26;16/07/2026;17:50:00;179095,00;179095,00;178985,00;178985,00;572940,00;16
WINV26;16/07/2026;17:45:00;179050,00;179050,00;179050,00;179050,00;71620,00;2
WINV26;16/07/2026;17:40:00;179055,00;179095,00;179015,00;179015,00;3473580,00;97
WINV26;16/07/2026;17:35:00;178965,00;179045,00;178935,00;179045,00;1575091,00;44
WINV26;16/07/2026;17:30:00;179010,00;179010,00;178870,00;178935,00;5296994,00;148
WINV26;16/07/2026;17:25:00;179040,00;179050,00;179040,00;179045,00;214851,00;6
WINV26;16/07/2026;17:20:00;179070,00;179070,00;179030,00;179060,00;1897984,00;53
WINV26;16/07/2026;17:15:00;179085,00;179085,00;179085,00;179085,00;71634,00;2
WINV26;16/07/2026;17:10:00;179165,00;179165,00;179060,00;179100,00;537247,00;15
WINV26;16/07/2026;17:05:00;179260,00;179260,00;179120,00;179140,00;680819,00;19
WINV26;16/07/2026;17:00:00;179210,00;179255,00;179110,00;179255,00;1397918,00;39
WINV26;16/07/2026;16:55:00;179120,00;179185,00;179090,00;179170,00;2257252,00;63
WINV26;16/07/2026;16:50:00;179025,00;179095,00;179020,00;179080,00;1074407,00;30
WINV26;16/07/2026;16:45:00;178995,00;179040,00;178975,00;178985,00;2935823,00;82
WINV26;16/07/2026;16:40:00;179090,00;179105,00;179025,00;179025,00;716327,00;20
WINV26;16/07/2026;16:35:00;179010,00;179010,00;179010,00;179010,00;71604,00;2
WINV26;16/07/2026;16:30:00;179065,00;179065,00;178980,00;178995,00;1074025,00;30
WINV26;16/07/2026;16:25:00;179065,00;179125,00;179065,00;179125,00;465683,00;13
WINV26;16/07/2026;16:20:00;179080,00;179080,00;179080,00;179080,00;358160,00;10
WINV26;16/07/2026;16:15:00;179085,00;179175,00;179085,00;179175,00;1612253,00;45
WINV26;16/07/2026;16:10:00;179060,00;179110,00;179015,00;179110,00;2291898,00;64
WINV26;16/07/2026;16:05:00;179100,00;179100,00;179015,00;179015,00;2506829,00;70
WINV26;16/07/2026;16:00:00;179090,00;179195,00;179090,00;179155,00;1110918,00;31
WINV26;16/07/2026;15:55:00;179100,00;179130,00;179090,00;179130,00;107464,00;3
WINV26;16/07/2026;15:50:00;179240,00;179255,00;179110,00;179155,00;2473406,00;69
WINV26;16/07/2026;15:45:00;179110,00;179220,00;179110,00;179220,00;9352829,00;261
WINV26;16/07/2026;15:40:00;179095,00;179120,00;179070,00;179115,00;13253994,00;370
WINV26;16/07/2026;15:35:00;179040,00;179085,00;179040,00;179085,00;3545866,00;99
WINV26;16/07/2026;15:30:00;179095,00;179095,00;179025,00;179055,00;13178744,00;368
WINV26;16/07/2026;15:25:00;179260,00;179260,00;179170,00;179185,00;1576874,00;44
WINV26;16/07/2026;15:20:00;179200,00;179315,00;179190,00;179210,00;4911129,00;137
WINV26;16/07/2026;15:15:00;179250,00;179290,00;179245,00;179260,00;4768562,00;133
WINV26;16/07/2026;15:10:00;179100,00;179285,00;179100,00;179235,00;14481267,00;404
WINV26;16/07/2026;15:05:00;179100,00;179100,00;178905,00;179035,00;3472812,00;97
WINV26;16/07/2026;15:00:00;179150,00;179180,00;179110,00;179110,00;5123560,00;143
WINV26;16/07/2026;14:55:00;179335,00;179335,00;179135,00;179200,00;27780234,00;775
WINV26;16/07/2026;14:50:00;179435,00;179500,00;179400,00;179400,00;358865,00;10
WINV26;16/07/2026;14:45:00;179385,00;179450,00;179385,00;179450,00;3767306,00;105
WINV26;16/07/2026;14:40:00;179410,00;179410,00;179300,00;179385,00;15961604,00;445
WINV26;16/07/2026;14:35:00;179470,00;179470,00;179410,00;179410,00;107665,00;3
WINV26;16/07/2026;14:30:00;179500,00;179500,00;179470,00;179470,00;1364063,00;38
WINV26;16/07/2026;14:25:00;179430,00;179490,00;179430,00;179430,00;3266284,00;91
WINV26;16/07/2026;14:20:00;179385,00;179455,00;179350,00;179440,00;4592960,00;128
WINV26;16/07/2026;14:15:00;179370,00;179475,00;179300,00;179410,00;13922358,00;388
WINV26;16/07/2026;14:10:00;179445,00;179570,00;179400,00;179400,00;15902721,00;443
WINV26;16/07/2026;14:05:00;179710,00;179710,00;179395,00;179425,00;20249153,00;564
WINV26;16/07/2026;14:00:00;179880,00;179895,00;179730,00;179770,00;10426838,00;290
WINV26;16/07/2026;13:55:00;179960,00;179960,00;179845,00;179860,00;647597,00;18
WINV26;16/07/2026;13:50:00;179900,00;179970,00;179840,00;179900,00;2338785,00;65
WINV26;16/07/2026;13:45:00;180040,00;180040,00;179850,00;179955,00;3418937,00;95
WINV26;16/07/2026;13:40:00;180120,00;180170,00;180035,00;180105,00;3566256,00;99
WINV26;16/07/2026;13:35:00;180100,00;180150,00;180030,00;180125,00;2557675,00;71
WINV26;16/07/2026;13:30:00;180080,00;180105,00;180065,00;180080,00;504206,00;14
WINV26;16/07/2026;13:25:00;180000,00;180080,00;180000,00;180060,00;432086,00;12
WINV26;16/07/2026;13:20:00;180000,00;180075,00;179950,00;180070,00;5039834,00;140
WINV26;16/07/2026;13:15:00;180155,00;180225,00;180075,00;180150,00;4143014,00;115
WINV26;16/07/2026;13:10:00;180175,00;180235,00;180140,00;180175,00;1153098,00;32
WINV26;16/07/2026;13:05:00;180225,00;180305,00;180190,00;180290,00;1369937,00;38
WINV26;16/07/2026;13:00:00;180500,00;180525,00;180250,00;180250,00;1082156,00;30
WINV26;16/07/2026;12:55:00;180510,00;180510,00;180480,00;180500,00;794168,00;22
WINV26;16/07/2026;12:50:00;180490,00;180575,00;180490,00;180535,00;830507,00;23
WINV26;16/07/2026;12:45:00;180440,00;180470,00;180355,00;180470,00;721586,00;20
WINV26;16/07/2026;12:40:00;180530,00;180530,00;180400,00;180460,00;1046764,00;29
WINV26;16/07/2026;12:35:00;180365,00;180590,00;180350,00;180575,00;4404572,00;122
WINV26;16/07/2026;12:30:00;180435,00;180435,00;180275,00;180405,00;2813488,00;78
WINV26;16/07/2026;12:25:00;180435,00;180565,00;180420,00;180420,00;3213233,00;89
WINV26;16/07/2026;12:20:00;180325,00;180435,00;180325,00;180415,00;938078,00;26
WINV26;16/07/2026;12:15:00;180210,00;180315,00;180210,00;180245,00;3208727,00;89
WINV26;16/07/2026;12:10:00;180345,00;180375,00;180165,00;180200,00;3100183,00;86
WINV26;16/07/2026;12:05:00;180275,00;180290,00;180080,00;180290,00;2702420,00;75
WINV26;16/07/2026;12:00:00;180295,00;180400,00;180190,00;180400,00;648821,00;18
WINV26;16/07/2026;11:55:00;180530,00;180530,00;180215,00;180430,00;2453568,00;68
WINV26;16/07/2026;11:50:00;180390,00;180615,00;180390,00;180550,00;2346885,00;65
WINV26;16/07/2026;11:45:00;180240,00;180420,00;180225,00;180420,00;5301244,00;147
WINV26;16/07/2026;11:40:00;180035,00;180235,00;179970,00;180185,00;6377785,00;177
WINV26;16/07/2026;11:35:00;180020,00;180025,00;179960,00;180025,00;899968,00;25
WINV26;16/07/2026;11:30:00;180005,00;180015,00;179920,00;179990,00;359945,00;10
WINV26;16/07/2026;11:25:00;179870,00;180050,00;179835,00;180015,00;2555983,00;71
WINV26;16/07/2026;11:20:00;180015,00;180015,00;179840,00;179840,00;4173300,00;116
WINV26;16/07/2026;11:15:00;180130,00;180135,00;179810,00;180135,00;6838539,00;190
WINV26;16/07/2026;11:10:00;180030,00;180220,00;180030,00;180150,00;7348840,00;204
WINV26;16/07/2026;11:05:00;179925,00;180050,00;179780,00;180050,00;6657221,00;185
WINV26;16/07/2026;11:00:00;179475,00;179930,00;179475,00;179765,00;11541552,00;321
WINV26;16/07/2026;10:55:00;179335,00;179465,00;179230,00;179465,00;1864656,00;52
WINV26;16/07/2026;10:50:00;179320,00;179525,00;179320,00;179330,00;7142492,00;199
WINV26;16/07/2026;10:45:00;179205,00;179370,00;179195,00;179310,00;11652691,00;325
WINV26;16/07/2026;10:40:00;179430,00;179500,00;179200,00;179235,00;13270978,00;370
WINV26;16/07/2026;10:35:00;179380,00;179600,00;179305,00;179365,00;5635005,00;157
WINV26;16/07/2026;10:30:00;180390,00;180390,00;179405,00;179440,00;24967366,00;694
WINV26;16/07/2026;10:25:00;180560,00;180560,00;180375,00;180465,00;1226996,00;34
WINV26;16/07/2026;10:20:00;180440,00;180565,00;180340,00;180500,00;10791109,00;299
WINV26;16/07/2026;10:15:00;180655,00;180860,00;180495,00;180495,00;6289173,00;174
WINV26;16/07/2026;10:10:00;180675,00;180675,00;180555,00;180570,00;1011280,00;28
WINV26;16/07/2026;10:05:00;180885,00;180885,00;180370,00;180695,00;6535242,00;181
WINV26;16/07/2026;10:00:00;181060,00;181080,00;180645,00;180895,00;7161225,00;198
WINV26;16/07/2026;09:55:00;181125,00;181170,00;181045,00;181075,00;1159099,00;32
WINV26;16/07/2026;09:50:00;181375,00;181375,00;181135,00;181175,00;2247092,00;62
WINV26;16/07/2026;09:45:00;181260,00;181415,00;181225,00;181270,00;978962,00;27
WINV26;16/07/2026;09:40:00;181350,00;181440,00;181200,00;181260,00;3951601,00;109
WINV26;16/07/2026;09:35:00;181375,00;181415,00;181290,00;181365,00;1668722,00;46
WINV26;16/07/2026;09:30:00;181525,00;181525,00;181205,00;181420,00;3082896,00;85
WINV26;16/07/2026;09:25:00;181595,00;181645,00;181370,00;181370,00;5118363,00;141
WINV26;16/07/2026;09:20:00;181835,00;181890,00;181600,00;181605,00;3743032,00;103
WINV26;16/07/2026;09:15:00;181810,00;181990,00;181810,00;181835,00;2655492,00;73
WINV26;16/07/2026;09:10:00;182035,00;182035,00;181700,00;181750,00;3418917,00;94
WINV26;16/07/2026;09:05:00;182415,00;182500,00;181930,00;182000,00;17932806,00;492
WINV26;16/07/2026;09:00:00;181045,00;182400,00;181000,00;182400,00;75482626,00;2074
WINV26;15/07/2026;18:20:00;181570,00;182250,00;181545,00;182250,00;3680103,00;101
WINV26;15/07/2026;18:15:00;181660,00;181660,00;181505,00;181505,00;23607053,00;650
WINV26;15/07/2026;18:10:00;181555,00;181660,00;181555,00;181635,00;1961705,00;54
WINV26;15/07/2026;18:05:00;181465,00;181550,00;181465,00;181550,00;435550,00;12
WINV26;15/07/2026;18:00:00;181520,00;181520,00;181520,00;181520,00;508256,00;14
WINV26;15/07/2026;17:55:00;181470,00;181530,00;181435,00;181500,00;1197811,00;33
WINV26;15/07/2026;17:50:00;181495,00;181495,00;181495,00;181495,00;36299,00;1
WINV26;15/07/2026;17:45:00;181495,00;181495,00;181495,00;181495,00;36299,00;1
WINV26;15/07/2026;17:40:00;181480,00;181480,00;181480,00;181480,00;362960,00;10
WINV26;15/07/2026;17:35:00;181490,00;181490,00;181460,00;181460,00;399272,00;11
WINV26;15/07/2026;17:30:00;181455,00;181500,00;181450,00;181500,00;725871,00;20
WINV26;15/07/2026;17:25:00;181410,00;181450,00;181400,00;181450,00;1269898,00;35
WINV26;15/07/2026;17:20:00;181460,00;181490,00;181445,00;181460,00;834725,00;23
WINV26;15/07/2026;17:15:00;181510,00;181510,00;181480,00;181480,00;435615,00;12
WINV26;15/07/2026;17:10:00;181610,00;181610,00;181570,00;181570,00;472106,00;13
WINV26;15/07/2026;17:05:00;181565,00;181700,00;181560,00;181560,00;17910649,00;493
WINV26;15/07/2026;17:00:00;181485,00;181650,00;181485,00;181565,00;1779243,00;49
WINV26;15/07/2026;16:55:00;181585,00;181585,00;181460,00;181480,00;2323146,00;64
WINV26;15/07/2026;16:50:00;181505,00;181530,00;181505,00;181505,00;471956,00;13
WINV26;15/07/2026;16:45:00;181510,00;181550,00;181495,00;181510,00;1669842,00;46
WINV26;15/07/2026;16:40:00;181540,00;181555,00;181510,00;181550,00;1052847,00;29
WINV26;15/07/2026;16:35:00;181605,00;181605,00;181580,00;181580,00;399493,00;11
WINV26;15/07/2026;16:30:00;181710,00;181725,00;181535,00;181535,00;2652037,00;73
WINV26;15/07/2026;16:25:00;181745,00;181790,00;181725,00;181725,00;581560,00;16
WINV26;15/07/2026;16:20:00;181805,00;181840,00;181720,00;181720,00;1381493,00;38
WINV26;15/07/2026;16:15:00;181785,00;181840,00;181785,00;181840,00;727211,00;20
WINV26;15/07/2026;16:10:00;181735,00;181795,00;181730,00;181740,00;945075,00;26
WINV26;15/07/2026;16:05:00;181685,00;181770,00;181665,00;181665,00;944851,00;26
WINV26;15/07/2026;16:00:00;181595,00;181720,00;181595,00;181680,00;1162767,00;32
WINV26;15/07/2026;15:50:00;181600,00;181615,00;181565,00;181590,00;1271147,00;35
WINV26;15/07/2026;15:45:00;181695,00;181700,00;181600,00;181620,00;1053482,00;29
WINV26;15/07/2026;15:40:00;181660,00;181665,00;181660,00;181665,00;72665,00;2
WINV26;15/07/2026;15:35:00;181765,00;181765,00;181600,00;181660,00;1525952,00;42
WINV26;15/07/2026;15:30:00;181720,00;181840,00;181720,00;181785,00;2945022,00;81
WINV26;15/07/2026;15:25:00;181595,00;181730,00;181595,00;181730,00;1126277,00;31
WINV26;15/07/2026;15:20:00;181640,00;181665,00;181560,00;181560,00;1743338,00;48
WINV26;15/07/2026;15:15:00;181610,00;181715,00;181610,00;181640,00;326969,00;9
WINV26;15/07/2026;15:10:00;181595,00;181725,00;181595,00;181640,00;1307916,00;36
WINV26;15/07/2026;15:05:00;181590,00;181660,00;181545,00;181630,00;653779,00;18
WINV26;15/07/2026;15:00:00;181585,00;181600,00;181500,00;181520,00;1270816,00;35
WINV26;15/07/2026;14:55:00;181595,00;181605,00;181575,00;181605,00;217914,00;6
WINV26;15/07/2026;14:50:00;181670,00;181670,00;181550,00;181570,00;1343706,00;37
WINV26;15/07/2026;14:45:00;181550,00;181720,00;181520,00;181655,00;1126069,00;31
WINV26;15/07/2026;14:40:00;181460,00;181530,00;181395,00;181530,00;435464,00;12
WINV26;15/07/2026;14:35:00;181420,00;181510,00;181410,00;181415,00;1560431,00;43
WINV26;15/07/2026;14:30:00;181295,00;181395,00;181260,00;181340,00;1341595,00;37
WINV26;15/07/2026;14:25:00;181090,00;181300,00;181070,00;181300,00;1812098,00;50
WINV26;15/07/2026;14:20:00;181075,00;181105,00;181065,00;181065,00;434576,00;12
WINV26;15/07/2026;14:15:00;180985,00;181105,00;180915,00;181105,00;506827,00;14
WINV26;15/07/2026;14:10:00;181070,00;181125,00;181000,00;181000,00;1810303,00;50
WINV26;15/07/2026;14:05:00;181075,00;181170,00;181040,00;181170,00;1122729,00;31
WINV26;15/07/2026;14:00:00;180945,00;181020,00;180945,00;181010,00;542995,00;15
WINV26;15/07/2026;13:55:00;181110,00;181110,00;180850,00;180920,00;3872925,00;107
WINV26;15/07/2026;13:50:00;181215,00;181220,00;181110,00;181110,00;217401,00;6
WINV26;15/07/2026;13:45:00;181135,00;181300,00;181135,00;181215,00;4022878,00;111
WINV26;15/07/2026;13:40:00;181055,00;181105,00;181055,00;181095,00;434550,00;12
WINV26;15/07/2026;13:35:00;181030,00;181100,00;181030,00;181100,00;325941,00;9
WINV26;15/07/2026;13:30:00;181095,00;181160,00;181030,00;181100,00;1557316,00;43
WINV26;15/07/2026;13:25:00;181080,00;181080,00;180985,00;181040,00;1846439,00;51
WINV26;15/07/2026;13:20:00;181155,00;181175,00;181070,00;181075,00;2499305,00;69
WINV26;15/07/2026;13:15:00;181120,00;181180,00;181070,00;181180,00;1738583,00;48
WINV26;15/07/2026;13:10:00;181245,00;181285,00;181135,00;181135,00;2211174,00;61
WINV26;15/07/2026;13:05:00;181210,00;181220,00;181150,00;181150,00;2826831,00;78
WINV26;15/07/2026;13:00:00;181310,00;181310,00;181160,00;181190,00;2065742,00;57
WINV26;15/07/2026;12:55:00;181295,00;181295,00;181205,00;181215,00;1014852,00;28
WINV26;15/07/2026;12:50:00;181305,00;181335,00;181240,00;181335,00;1160177,00;32
WINV26;15/07/2026;12:45:00;181250,00;181265,00;181215,00;181265,00;579997,00;16
WINV26;15/07/2026;12:40:00;181290,00;181300,00;181190,00;181190,00;906222,00;25
WINV26;15/07/2026;12:35:00;181270,00;181270,00;181250,00;181255,00;253771,00;7
WINV26;15/07/2026;12:30:00;181410,00;181410,00;181250,00;181255,00;1233006,00;34
WINV26;15/07/2026;12:25:00;181480,00;181500,00;181420,00;181420,00;544340,00;15
WINV26;15/07/2026;12:20:00;181720,00;181720,00;181370,00;181410,00;2395753,00;66
WINV26;15/07/2026;12:15:00;181610,00;181715,00;181510,00;181655,00;1961168,00;54
WINV26;15/07/2026;12:10:00;181700,00;181745,00;181615,00;181615,00;5959759,00;164
WINV26;15/07/2026;12:05:00;181790,00;181885,00;181700,00;181700,00;2036408,00;56
WINV26;15/07/2026;12:00:00;181680,00;181745,00;181655,00;181655,00;3815631,00;105
WINV26;15/07/2026;11:55:00;181560,00;181750,00;181505,00;181685,00;1089561,00;30
WINV26;15/07/2026;11:50:00;181525,00;181595,00;181525,00;181590,00;1016788,00;28
WINV26;15/07/2026;11:45:00;181495,00;181500,00;181310,00;181475,00;3374183,00;93
WINV26;15/07/2026;11:40:00;181575,00;181575,00;181410,00;181430,00;6169559,00;170
WINV26;15/07/2026;11:35:00;181550,00;181720,00;181500,00;181610,00;106129562,00;2921
WINV26;15/07/2026;11:30:00;181295,00;181505,00;181245,00;181505,00;2575968,00;71
WINV26;15/07/2026;11:25:00;181160,00;181425,00;181150,00;181375,00;5617410,00;155
WINV26;15/07/2026;11:20:00;181515,00;181580,00;181110,00;181165,00;189332433,00;5223
WINV26;15/07/2026;11:15:00;181750,00;181755,00;181500,00;181500,00;1743434,00;48
WINV26;15/07/2026;11:10:00;181580,00;181845,00;181580,00;181720,00;2798133,00;77
WINV26;15/07/2026;11:05:00;181565,00;181605,00;181510,00;181510,00;617203,00;17
WINV26;15/07/2026;11:00:00;181540,00;181655,00;181495,00;181585,00;4467108,00;123
WINV26;15/07/2026;10:55:00;181330,00;181600,00;181330,00;181515,00;2650384,00;73
WINV26;15/07/2026;10:50:00;181290,00;181500,00;181180,00;181365,00;7291388,00;201
WINV26;15/07/2026;10:45:00;181260,00;181370,00;181155,00;181290,00;17907851,00;494
WINV26;15/07/2026;10:40:00;181405,00;181495,00;181220,00;181220,00;2212765,00;61
WINV26;15/07/2026;10:35:00;181550,00;181550,00;181350,00;181410,00;4717642,00;130
WINV26;15/07/2026;10:30:00;181725,00;181900,00;181580,00;181580,00;3052523,00;84
WINV26;15/07/2026;10:25:00;181860,00;181865,00;181540,00;181625,00;4324025,00;119
WINV26;15/07/2026;10:20:00;181800,00;181930,00;181775,00;181830,00;4364310,00;120
WINV26;15/07/2026;10:15:00;181450,00;181750,00;181450,00;181650,00;21832694,00;601
WINV26;15/07/2026;10:10:00;182005,00;182015,00;181495,00;181535,00;17346703,00;477
WINV26;15/07/2026;10:05:00;182030,00;182215,00;181935,00;182020,00;3750627,00;103
WINV26;15/07/2026;10:00:00;182255,00;182265,00;181570,00;181955,00;15569531,00;428
WINV26;15/07/2026;09:55:00;182290,00;182290,00;182120,00;182200,00;3534626,00;97
WINV26;15/07/2026;09:50:00;182225,00;182235,00;182140,00;182180,00;1494031,00;41
WINV26;15/07/2026;09:45:00;182385,00;182440,00;182275,00;182275,00;2808245,00;77
WINV26;15/07/2026;09:40:00;182195,00;182350,00;182155,00;182295,00;1348772,00;37
WINV26;15/07/2026;09:35:00;181880,00;182220,00;181875,00;182170,00;5170419,00;142
WINV26;15/07/2026;09:30:00;181850,00;182050,00;181605,00;181910,00;6471914,00;178
WINV26;15/07/2026;09:25:00;181655,00;181800,00;181645,00;181790,00;2434547,00;67
WINV26;15/07/2026;09:20:00;181575,00;181900,00;181555,00;181610,00;5962114,00;164
WINV26;15/07/2026;09:15:00;181600,00;181620,00;181500,00;181605,00;3413679,00;94
WINV26;15/07/2026;09:10:00;181395,00;181760,00;181345,00;181610,00;29337621,00;808
WINV26;15/07/2026;09:05:00;181250,00;181450,00;180800,00;181400,00;139397469,00;3848
WINV26;15/07/2026;09:00:00;181900,00;182000,00;181305,00;181310,00;92837609,00;2556
WINV26;14/07/2026;18:20:00;182050,00;182125,00;181935,00;181935,00;55136064,00;1514
WINV26;14/07/2026;18:15:00;182150,00;182165,00;182070,00;182140,00;3569495,00;98
WINV26;14/07/2026;18:10:00;182205,00;182205,00;182120,00;182150,00;983780,00;27
WINV26;14/07/2026;18:05:00;182300,00;182300,00;182195,00;182200,00;400939,00;11
WINV26;14/07/2026;18:00:00;182260,00;182290,00;182240,00;182290,00;583260,00;16
WINV26;14/07/2026;17:55:00;182320,00;182320,00;182275,00;182285,00;255203,00;7
WINV26;14/07/2026;17:50:00;182255,00;182305,00;182255,00;182305,00;546870,00;15
WINV26;14/07/2026;17:45:00;182245,00;182275,00;182220,00;182245,00;218707,00;6
WINV26;14/07/2026;17:40:00;182350,00;182350,00;182225,00;182245,00;692589,00;19
WINV26;14/07/2026;17:35:00;182300,00;182340,00;182300,00;182340,00;255260,00;7
WINV26;14/07/2026;17:30:00;182205,00;182290,00;182205,00;182275,00;1166450,00;32
WINV26;14/07/2026;17:25:00;182195,00;182195,00;182165,00;182165,00;218628,00;6
WINV26;14/07/2026;17:20:00;182170,00;182205,00;182145,00;182145,00;1639565,00;45
WINV26;14/07/2026;17:15:00;182195,00;182195,00;182180,00;182180,00;400815,00;11
WINV26;14/07/2026;17:10:00;182375,00;182375,00;182195,00;182215,00;1020627,00;28
WINV26;14/07/2026;17:05:00;182325,00;182420,00;182325,00;182405,00;948408,00;26
WINV26;14/07/2026;17:00:00;182250,00;182365,00;182250,00;182345,00;11815366,00;324
WINV26;14/07/2026;16:55:00;182240,00;182340,00;182240,00;182250,00;1531126,00;42
WINV26;14/07/2026;16:50:00;182240,00;182240,00;182160,00;182200,00;437309,00;12
WINV26;14/07/2026;16:45:00;182170,00;182235,00;182170,00;182200,00;510166,00;14
WINV26;14/07/2026;16:40:00;182120,00;182150,00;182120,00;182150,00;546412,00;15
WINV26;14/07/2026;16:35:00;182030,00;182100,00;182025,00;182095,00;509834,00;14
WINV26;14/07/2026;16:30:00;182065,00;182075,00;181960,00;182040,00;1565574,00;43
WINV26;14/07/2026;16:25:00;182035,00;182095,00;182015,00;182095,00;6081851,00;167
WINV26;14/07/2026;16:20:00;182140,00;182140,00;182040,00;182090,00;1128806,00;31
WINV26;14/07/2026;16:15:00;182215,00;182245,00;182150,00;182180,00;1493861,00;41
WINV26;14/07/2026;16:10:00;182225,00;182275,00;182175,00;182275,00;4592109,00;126
WINV26;14/07/2026;16:05:00;182245,00;182350,00;182245,00;182350,00;1421955,00;39
WINV26;14/07/2026;16:00:00;182175,00;182290,00;182175,00;182250,00;364496,00;10
WINV26;14/07/2026;15:55:00;182200,00;182290,00;182190,00;182265,00;473834,00;13
WINV26;14/07/2026;15:50:00;182170,00;182190,00;182095,00;182160,00;1347844,00;37
WINV26;14/07/2026;15:45:00;181945,00;182255,00;181945,00;182195,00;10852728,00;298
WINV26;14/07/2026;15:40:00;181880,00;181940,00;181860,00;181900,00;3528617,00;97
WINV26;14/07/2026;15:35:00;181800,00;181860,00;181770,00;181860,00;3635904,00;100
WINV26;14/07/2026;15:30:00;181795,00;181850,00;181790,00;181790,00;109087,00;3
WINV26;14/07/2026;15:25:00;181750,00;181850,00;181750,00;181850,00;3273048,00;90
WINV26;14/07/2026;15:20:00;181705,00;181775,00;181705,00;181775,00;945026,00;26
WINV26;14/07/2026;15:15:00;181745,00;181745,00;181660,00;181725,00;835859,00;23
WINV26;14/07/2026;15:10:00;181740,00;181785,00;181705,00;181785,00;399818,00;11
WINV26;14/07/2026;15:05:00;181690,00;181740,00;181685,00;181695,00;981236,00;27
WINV26;14/07/2026;15:00:00;181680,00;181690,00;181615,00;181665,00;1053610,00;29
WINV26;14/07/2026;14:55:00;181680,00;181680,00;181550,00;181560,00;1198635,00;33
WINV26;14/07/2026;14:50:00;181730,00;181790,00;181700,00;181710,00;1454073,00;40
WINV26;14/07/2026;14:45:00;181585,00;181705,00;181570,00;181660,00;4903244,00;135
WINV26;14/07/2026;14:40:00;181580,00;181610,00;181570,00;181605,00;508475,00;14
WINV26;14/07/2026;14:35:00;181580,00;181625,00;181550,00;181560,00;508413,00;14
WINV26;14/07/2026;14:30:00;181600,00;181650,00;181570,00;181620,00;1017072,00;28
WINV26;14/07/2026;14:25:00;181585,00;181585,00;181550,00;181565,00;363119,00;10
WINV26;14/07/2026;14:20:00;181560,00;181620,00;181555,00;181620,00;363180,00;10
WINV26;14/07/2026;14:15:00;181575,00;181645,00;181560,00;181645,00;326857,00;9
WINV26;14/07/2026;14:10:00;181685,00;181690,00;181650,00;181675,00;545036,00;15
WINV26;14/07/2026;14:05:00;181655,00;181655,00;181575,00;181650,00;6212384,00;171
WINV26;14/07/2026;14:00:00;181790,00;181835,00;181590,00;181590,00;1235681,00;34
WINV26;14/07/2026;13:55:00;181785,00;181815,00;181745,00;181745,00;981664,00;27
WINV26;14/07/2026;13:50:00;181685,00;181750,00;181685,00;181750,00;327086,00;9
WINV26;14/07/2026;13:45:00;181920,00;181940,00;181660,00;181680,00;1745164,00;48
WINV26;14/07/2026;13:40:00;181855,00;181920,00;181840,00;181895,00;6620531,00;182
WINV26;14/07/2026;13:35:00;181750,00;181850,00;181750,00;181840,00;1236441,00;34
WINV26;14/07/2026;13:30:00;181785,00;181805,00;181750,00;181750,00;836197,00;23
WINV26;14/07/2026;13:25:00;181700,00;181740,00;181680,00;181680,00;472489,00;13
WINV26;14/07/2026;13:20:00;181695,00;181785,00;181670,00;181705,00;690577,00;19
WINV26;14/07/2026;13:15:00;181700,00;181750,00;181605,00;181740,00;872184,00;24
WINV26;14/07/2026;13:10:00;181520,00;181755,00;181520,00;181685,00;12532654,00;345
WINV26;14/07/2026;13:05:00;181535,00;181585,00;181340,00;181580,00;10273531,00;283
WINV26;14/07/2026;13:00:00;181665,00;181665,00;181520,00;181570,00;2651256,00;73
WINV26;14/07/2026;12:55:00;181775,00;181775,00;181655,00;181700,00;4178971,00;115
WINV26;14/07/2026;12:50:00;181895,00;181895,00;181735,00;181735,00;2290350,00;63
WINV26;14/07/2026;12:45:00;181930,00;182010,00;181930,00;182000,00;582357,00;16
WINV26;14/07/2026;12:40:00;181900,00;181925,00;181750,00;181870,00;1272821,00;35
WINV26;14/07/2026;12:35:00;181980,00;182050,00;181980,00;182050,00;254845,00;7
WINV26;14/07/2026;12:30:00;182090,00;182090,00;181985,00;182045,00;873752,00;24
WINV26;14/07/2026;12:20:00;182200,00;182200,00;182035,00;182125,00;874194,00;24
WINV26;14/07/2026;12:15:00;182200,00;182255,00;182125,00;182220,00;6851213,00;188
WINV26;14/07/2026;12:10:00;181940,00;182195,00;181940,00;182195,00;2476497,00;68
WINV26;14/07/2026;12:05:00;181810,00;182075,00;181810,00;181940,00;9281906,00;255
WINV26;14/07/2026;12:00:00;181870,00;182085,00;181635,00;182025,00;10400600,00;286
WINV26;14/07/2026;11:55:00;181840,00;181910,00;181840,00;181890,00;545614,00;15
WINV26;14/07/2026;11:50:00;181870,00;181905,00;181790,00;181820,00;691056,00;19
WINV26;14/07/2026;11:45:00;181825,00;181940,00;181680,00;181935,00;3672021,00;101
WINV26;14/07/2026;11:40:00;182185,00;182185,00;181840,00;181840,00;14408133,00;396
WINV26;14/07/2026;11:35:00;182365,00;182405,00;182250,00;182310,00;2078834,00;57
WINV26;14/07/2026;11:30:00;182060,00;182550,00;182060,00;182410,00;37804543,00;1036
WINV26;14/07/2026;11:25:00;182220,00;182230,00;181970,00;182000,00;124313125,00;3415
WINV26;14/07/2026;11:20:00;182105,00;182390,00;182105,00;182275,00;108129854,00;2966
WINV26;14/07/2026;11:15:00;182290,00;182300,00;181885,00;182035,00;137315827,00;3773
WINV26;14/07/2026;11:10:00;182425,00;182425,00;182175,00;182300,00;5579054,00;153
WINV26;14/07/2026;11:05:00;182390,00;182630,00;182340,00;182625,00;1131551,00;31
WINV26;14/07/2026;11:00:00;182500,00;182740,00;182390,00;182390,00;3250038,00;89
WINV26;14/07/2026;10:55:00;182375,00;182490,00;182335,00;182480,00;1532409,00;42
WINV26;14/07/2026;10:50:00;182180,00;182375,00;182125,00;182315,00;7071116,00;194
WINV26;14/07/2026;10:45:00;182000,00;182280,00;182000,00;182020,00;2294888,00;63
WINV26;14/07/2026;10:40:00;182200,00;182285,00;182135,00;182270,00;1311796,00;36
WINV26;14/07/2026;10:35:00;182200,00;182250,00;181895,00;182175,00;6483048,00;178
WINV26;14/07/2026;10:30:00;181805,00;182315,00;181805,00;182225,00;13916417,00;382
WINV26;14/07/2026;10:25:00;181910,00;181925,00;181705,00;181745,00;3563668,00;98
WINV26;14/07/2026;10:20:00;181675,00;182110,00;181540,00;182035,00;7967791,00;219
WINV26;14/07/2026;10:15:00;181820,00;182000,00;181550,00;181705,00;16282537,00;448
WINV26;14/07/2026;10:10:00;182100,00;182225,00;181830,00;181850,00;6221995,00;171
WINV26;14/07/2026;10:05:00;182250,00;182335,00;182100,00;182100,00;1566935,00;43
WINV26;14/07/2026;10:00:00;182045,00;182450,00;181905,00;182240,00;9910980,00;272
WINV26;14/07/2026;09:55:00;182160,00;182260,00;182000,00;182045,00;5755644,00;158
WINV26;14/07/2026;09:50:00;182080,00;182295,00;182080,00;182115,00;123975657,00;3402
WINV26;14/07/2026;09:45:00;182205,00;182205,00;181985,00;182055,00;8630770,00;237
WINV26;14/07/2026;09:40:00;182425,00;182470,00;182155,00;182250,00;10943197,00;300
WINV26;14/07/2026;09:35:00;182360,00;182510,00;182070,00;182410,00;69629900,00;1910
WINV26;14/07/2026;09:30:00;181395,00;183000,00;181340,00;182390,00;84028687,00;2302
WINV26;14/07/2026;09:25:00;181650,00;181690,00;181170,00;181390,00;30601959,00;844
WINV26;14/07/2026;09:20:00;181470,00;181655,00;181365,00;181620,00;2686637,00;74
WINV26;14/07/2026;09:15:00;181395,00;181610,00;181335,00;181355,00;6062016,00;167
WINV26;14/07/2026;09:10:00;181375,00;181535,00;181245,00;181405,00;8779480,00;242
WINV26;14/07/2026;09:05:00;181815,00;181815,00;181100,00;181400,00;76991244,00;2124
WINV26;14/07/2026;09:00:00;181310,00;182080,00;181160,00;181910,00;17409385,00;479
WINV26;13/07/2026;18:20:00;181090,00;181115,00;180970,00;181005,00;3801980,00;105
WINV26;13/07/2026;18:15:00;180955,00;181075,00;180955,00;181075,00;28278602,00;781
WINV26;13/07/2026;18:10:00;180940,00;180955,00;180940,00;180945,00;1519970,00;42
WINV26;13/07/2026;18:05:00;180870,00;180955,00;180860,00;180945,00;35996276,00;995
WINV26;13/07/2026;18:00:00;180905,00;180905,00;180775,00;180775,00;5641228,00;156
WINV26;13/07/2026;17:55:00;180885,00;180900,00;180885,00;180900,00;615055,00;17
WINV26;13/07/2026;17:50:00;180855,00;180870,00;180845,00;180870,00;1953241,00;54
WINV26;13/07/2026;17:45:00;180870,00;180895,00;180870,00;180870,00;217049,00;6
WINV26;13/07/2026;17:40:00;180930,00;180930,00;180870,00;180870,00;2532555,00;70
WINV26;13/07/2026;17:35:00;181000,00;181015,00;181000,00;181015,00;253409,00;7
WINV26;13/07/2026;17:30:00;181050,00;181050,00;181030,00;181030,00;217256,00;6
WINV26;13/07/2026;17:25:00;181100,00;181100,00;181045,00;181090,00;579389,00;16
WINV26;13/07/2026;17:20:00;181040,00;181095,00;181000,00;181095,00;4199445,00;116
WINV26;13/07/2026;17:15:00;181085,00;181105,00;181000,00;181060,00;2136206,00;59
WINV26;13/07/2026;17:10:00;181390,00;181390,00;181105,00;181105,00;2790444,00;77
WINV26;13/07/2026;17:05:00;181340,00;181415,00;181340,00;181415,00;326513,00;9
WINV26;13/07/2026;17:00:00;181235,00;181425,00;181235,00;181380,00;1305807,00;36
WINV26;13/07/2026;16:55:00;181255,00;181255,00;181200,00;181240,00;1341184,00;37
WINV26;13/07/2026;16:50:00;181315,00;181315,00;181280,00;181315,00;2175684,00;60
WINV26;13/07/2026;16:45:00;181275,00;181400,00;181275,00;181400,00;326472,00;9
WINV26;13/07/2026;16:40:00;181225,00;181340,00;181225,00;181340,00;10550804,00;291
WINV26;13/07/2026;16:35:00;181195,00;181215,00;181135,00;181210,00;1485883,00;41
WINV26;13/07/2026;16:30:00;181275,00;181275,00;181200,00;181255,00;2755049,00;76
WINV26;13/07/2026;16:25:00;181425,00;181425,00;181280,00;181280,00;942923,00;26
WINV26;13/07/2026;16:20:00;181550,00;181550,00;181420,00;181455,00;725802,00;20
WINV26;13/07/2026;16:15:00;181525,00;181575,00;181525,00;181575,00;108935,00;3
WINV26;13/07/2026;16:10:00;181525,00;181580,00;181500,00;181580,00;544687,00;15
WINV26;13/07/2026;16:05:00;181645,00;181650,00;181540,00;181550,00;1053285,00;29
WINV26;13/07/2026;16:00:00;181550,00;181650,00;181470,00;181615,00;12021482,00;331
WINV26;13/07/2026;15:55:00;181465,00;181550,00;181425,00;181550,00;689775,00;19
WINV26;13/07/2026;15:50:00;181485,00;181500,00;181485,00;181495,00;1125258,00;31
WINV26;13/07/2026;15:45:00;181440,00;181525,00;181440,00;181475,00;5371107,00;148
WINV26;13/07/2026;15:40:00;181420,00;181435,00;181405,00;181435,00;145137,00;4
WINV26;13/07/2026;15:35:00;181385,00;181530,00;181370,00;181460,00;2504039,00;69
WINV26;13/07/2026;15:30:00;181350,00;181380,00;181350,00;181350,00;906874,00;25
WINV26;13/07/2026;15:25:00;181260,00;181325,00;181250,00;181275,00;471313,00;13
WINV26;13/07/2026;15:20:00;181275,00;181275,00;181275,00;181275,00;36255,00;1
WINV26;13/07/2026;15:15:00;181315,00;181315,00;181245,00;181245,00;217534,00;6
WINV26;13/07/2026;15:10:00;181300,00;181365,00;181205,00;181315,00;6344218,00;175
WINV26;13/07/2026;15:05:00;181320,00;181425,00;181310,00;181310,00;9466705,00;261
WINV26;13/07/2026;15:00:00;181340,00;181405,00;181310,00;181330,00;7290321,00;201
WINV26;13/07/2026;14:55:00;181340,00;181340,00;181250,00;181325,00;10479127,00;289
WINV26;13/07/2026;14:50:00;181425,00;181425,00;181275,00;181370,00;9502333,00;262
WINV26;13/07/2026;14:45:00;181430,00;181505,00;181430,00;181450,00;544344,00;15
WINV26;13/07/2026;14:40:00;181400,00;181435,00;181350,00;181425,00;798221,00;22
WINV26;13/07/2026;14:35:00;181460,00;181515,00;181425,00;181425,00;1560639,00;43
WINV26;13/07/2026;14:30:00;181425,00;181460,00;181400,00;181450,00;1596528,00;44
WINV26;13/07/2026;14:25:00;181600,00;181600,00;181455,00;181465,00;6497671,00;179
WINV26;13/07/2026;14:20:00;181785,00;181785,00;181610,00;181610,00;2216376,00;61
WINV26;13/07/2026;14:15:00;181800,00;181800,00;181755,00;181755,00;763440,00;21
WINV26;13/07/2026;14:10:00;181630,00;181755,00;181630,00;181755,00;1053820,00;29
WINV26;13/07/2026;14:05:00;181555,00;181645,00;181555,00;181645,00;908014,00;25
WINV26;13/07/2026;14:00:00;181615,00;181615,00;181565,00;181590,00;1162181,00;32
WINV26;13/07/2026;13:55:00;181710,00;181720,00;181605,00;181635,00;1925377,00;53
WINV26;13/07/2026;13:50:00;181820,00;181820,00;181680,00;181690,00;9742672,00;268
WINV26;13/07/2026;13:45:00;182050,00;182065,00;181825,00;181825,00;1273472,00;35
WINV26;13/07/2026;13:40:00;181905,00;181995,00;181885,00;181995,00;1018858,00;28
WINV26;13/07/2026;13:35:00;181855,00;181955,00;181805,00;181915,00;1491282,00;41
WINV26;13/07/2026;13:30:00;182055,00;182075,00;181845,00;181860,00;4512577,00;124
WINV26;13/07/2026;13:25:00;182080,00;182110,00;182035,00;182035,00;873915,00;24
WINV26;13/07/2026;13:20:00;182125,00;182160,00;182080,00;182160,00;4334767,00;119
WINV26;13/07/2026;13:15:00;182135,00;182140,00;182025,00;182100,00;1383617,00;38
WINV26;13/07/2026;13:10:00;182120,00;182220,00;182120,00;182175,00;546569,00;15
WINV26;13/07/2026;13:05:00;182120,00;182150,00;182105,00;182105,00;509923,00;14
WINV26;13/07/2026;13:00:00;182140,00;182215,00;182140,00;182165,00;1165962,00;32
WINV26;13/07/2026;12:55:00;182110,00;182130,00;182035,00;182130,00;2221544,00;61
WINV26;13/07/2026;12:50:00;182210,00;182210,00;182145,00;182165,00;619404,00;17
WINV26;13/07/2026;12:45:00;182295,00;182295,00;182200,00;182200,00;838279,00;23
WINV26;13/07/2026;12:40:00;182280,00;182280,00;182205,00;182235,00;145794,00;4
WINV26;13/07/2026;12:35:00;182275,00;182275,00;182190,00;182195,00;947504,00;26
WINV26;13/07/2026;12:30:00;182300,00;182365,00;182280,00;182280,00;802223,00;22
WINV26;13/07/2026;12:25:00;182185,00;182250,00;182175,00;182250,00;1020252,00;28
WINV26;13/07/2026;12:20:00;182120,00;182280,00;182070,00;182280,00;4735300,00;130
WINV26;13/07/2026;12:15:00;182070,00;182255,00;182070,00;182160,00;255032,00;7
WINV26;13/07/2026;12:10:00;182205,00;182275,00;182075,00;182130,00;3424127,00;94
WINV26;13/07/2026;12:05:00;182475,00;182485,00;182210,00;182210,00;2333522,00;64
WINV26;13/07/2026;12:00:00;182515,00;182550,00;182410,00;182470,00;2335078,00;64
WINV26;13/07/2026;11:55:00;182490,00;182550,00;182410,00;182545,00;1569429,00;43
WINV26;13/07/2026;11:50:00;182460,00;182505,00;182415,00;182440,00;766335,00;21
WINV26;13/07/2026;11:45:00;182305,00;182510,00;182295,00;182510,00;2590078,00;71
WINV26;13/07/2026;11:40:00;182560,00;182560,00;182280,00;182390,00;3866041,00;106
WINV26;13/07/2026;11:35:00;182765,00;182765,00;182500,00;182515,00;2738567,00;75
WINV26;13/07/2026;11:30:00;182745,00;182825,00;182715,00;182735,00;1937227,00;53
WINV26;13/07/2026;11:25:00;182770,00;182830,00;182720,00;182810,00;9798254,00;268
WINV26;13/07/2026;11:20:00;182700,00;182735,00;182570,00;182735,00;2703139,00;74
WINV26;13/07/2026;11:15:00;182940,00;182985,00;182495,00;182700,00;28937626,00;792
WINV26;13/07/2026;11:10:00;183045,00;183115,00;182915,00;182945,00;10509547,00;287
WINV26;13/07/2026;11:05:00;182920,00;182985,00;182850,00;182860,00;1938954,00;53
WINV26;13/07/2026;11:00:00;183245,00;183245,00;182905,00;182930,00;4574273,00;125
WINV26;13/07/2026;10:55:00;183300,00;183350,00;183180,00;183320,00;366494,00;10
WINV26;13/07/2026;10:50:00;183045,00;183320,00;182870,00;183320,00;3185320,00;87
WINV26;13/07/2026;10:45:00;183090,00;183170,00;183000,00;183055,00;5236148,00;143
WINV26;13/07/2026;10:40:00;183010,00;183160,00;182715,00;183160,00;3950644,00;108
WINV26;13/07/2026;10:35:00;183410,00;183410,00;182840,00;182900,00;11675141,00;319
WINV26;13/07/2026;10:30:00;183270,00;183670,00;183270,00;183600,00;3522315,00;96
WINV26;13/07/2026;10:25:00;183520,00;183520,00;183155,00;183260,00;24560884,00;670
WINV26;13/07/2026;10:20:00;183630,00;183695,00;183600,00;183645,00;367306,00;10
WINV26;13/07/2026;10:15:00;183660,00;183820,00;183510,00;183520,00;2019619,00;55
WINV26;13/07/2026;10:10:00;183490,00;183920,00;183480,00;183765,00;16277277,00;443
WINV26;13/07/2026;10:05:00;183710,00;183710,00;183400,00;183460,00;14424655,00;393
WINV26;13/07/2026;10:00:00;184000,00;184030,00;183510,00;183755,00;10356612,00;282
WINV26;13/07/2026;09:55:00;183900,00;183975,00;183825,00;183890,00;1250461,00;34
WINV26;13/07/2026;09:50:00;183795,00;183795,00;183610,00;183755,00;8084246,00;220
WINV26;13/07/2026;09:45:00;183830,00;183875,00;183685,00;183850,00;41901697,00;1140
WINV26;13/07/2026;09:40:00;183700,00;183965,00;183700,00;183830,00;52459142,00;1427
WINV26;13/07/2026;09:35:00;183565,00;183655,00;183545,00;183625,00;12410911,00;338
WINV26;13/07/2026;09:30:00;183660,00;183810,00;183560,00;183655,00;16057223,00;437
WINV26;13/07/2026;09:25:00;183490,00;183625,00;183425,00;183625,00;9873383,00;269
WINV26;13/07/2026;09:20:00;183620,00;183620,00;183340,00;183455,00;32068866,00;874
WINV26;13/07/2026;09:15:00;183500,00;183855,00;183470,00;183560,00;75717931,00;2061
WINV26;13/07/2026;09:10:00;183625,00;183625,00;183365,00;183450,00;9907299,00;270
WINV26;13/07/2026;09:05:00;183530,00;183720,00;183480,00;183570,00;5910373,00;161
WINV26;13/07/2026;09:00:00;184120,00;184120,00;183305,00;183470,00;14548813,00;396
WINV26;10/07/2026;18:20:00;184345,00;184425,00;184345,00;184365,00;3429841,00;93
WINV26;10/07/2026;18:15:00;184300,00;184450,00;184300,00;184360,00;54507580,00;1478
WINV26;10/07/2026;18:10:00;184285,00;184415,00;184280,00;184325,00;3613251,00;98
WINV26;10/07/2026;18:05:00;184305,00;184435,00;184260,00;184300,00;29541174,00;801
WINV26;10/07/2026;18:00:00;184260,00;184290,00;184185,00;184290,00;16286626,00;442
WINV26;10/07/2026;17:55:00;184325,00;184325,00;184210,00;184245,00;14591880,00;396
WINV26;10/07/2026;17:50:00;184300,00;184395,00;184280,00;184310,00;29275941,00;794
WINV26;10/07/2026;17:45:00;184210,00;184300,00;184210,00;184250,00;9212731,00;250
WINV26;10/07/2026;17:40:00;184190,00;184200,00;184190,00;184200,00;1031505,00;28
WINV26;10/07/2026;17:35:00;184200,00;184250,00;184175,00;184200,00;3205532,00;87
WINV26;10/07/2026;17:30:00;184175,00;184235,00;184150,00;184235,00;9983093,00;271
WINV26;10/07/2026;17:25:00;184110,00;184260,00;184110,00;184190,00;57624501,00;1564
WINV26;10/07/2026;17:20:00;184075,00;184150,00;184075,00;184100,00;13182637,00;358
WINV26;10/07/2026;17:15:00;184050,00;184095,00;184030,00;184030,00;6810478,00;185
WINV26;10/07/2026;17:10:00;183800,00;184125,00;183785,00;184060,00;71443756,00;1941
WINV26;10/07/2026;17:05:00;183740,00;183900,00;183740,00;183830,00;5074264,00;138
WINV26;10/07/2026;17:00:00;183725,00;183850,00;183705,00;183705,00;8379229,00;228
WINV26;10/07/2026;16:55:00;183585,00;183715,00;183585,00;183700,00;13555450,00;369
WINV26;10/07/2026;16:50:00;183555,00;183560,00;183500,00;183550,00;3450676,00;94
WINV26;10/07/2026;16:45:00;183455,00;183535,00;183445,00;183530,00;1908519,00;52
WINV26;10/07/2026;16:40:00;183415,00;183480,00;183400,00;183435,00;1834418,00;50
WINV26;10/07/2026;16:35:00;183445,00;183445,00;183425,00;183430,00;770399,00;21
WINV26;10/07/2026;16:30:00;183445,00;183470,00;183445,00;183460,00;587081,00;16
WINV26;10/07/2026;16:25:00;183500,00;183505,00;183435,00;183450,00;770559,00;21
WINV26;10/07/2026;16:20:00;183370,00;183425,00;183370,00;183390,00;366796,00;10
WINV26;10/07/2026;16:15:00;183350,00;183395,00;183350,00;183360,00;953441,00;26
WINV26;10/07/2026;16:10:00;183405,00;183460,00;183345,00;183345,00;12250229,00;334
WINV26;10/07/2026;16:05:00;183445,00;183470,00;183400,00;183405,00;2017860,00;55
WINV26;10/07/2026;16:00:00;183245,00;183360,00;183225,00;183360,00;16791531,00;458
WINV26;10/07/2026;15:55:00;183265,00;183320,00;183195,00;183250,00;10555978,00;288
WINV26;10/07/2026;15:50:00;183330,00;183330,00;183185,00;183260,00;21436421,00;585
WINV26;10/07/2026;15:45:00;183385,00;183390,00;183295,00;183320,00;4399949,00;120
WINV26;10/07/2026;15:40:00;183425,00;183425,00;183375,00;183390,00;4364821,00;119
WINV26;10/07/2026;15:35:00;183450,00;183465,00;183370,00;183385,00;5575901,00;152
WINV26;10/07/2026;15:30:00;183510,00;183555,00;183465,00;183495,00;3192714,00;87
WINV26;10/07/2026;15:25:00;183520,00;183575,00;183495,00;183495,00;8625846,00;235
WINV26;10/07/2026;15:20:00;183640,00;183675,00;183525,00;183525,00;7196868,00;196
WINV26;10/07/2026;15:15:00;183585,00;183725,00;183540,00;183640,00;13590328,00;370
WINV26;10/07/2026;15:10:00;183490,00;183615,00;183435,00;183565,00;67436815,00;1837
WINV26;10/07/2026;15:05:00;183250,00;183485,00;183240,00;183485,00;19804805,00;540
WINV26;10/07/2026;15:00:00;183095,00;183265,00;183095,00;183230,00;7840948,00;214
WINV26;10/07/2026;14:55:00;183135,00;183155,00;183025,00;183085,00;16474048,00;450
WINV26;10/07/2026;14:50:00;183120,00;183140,00;183080,00;183140,00;2197281,00;60
WINV26;10/07/2026;14:45:00;183170,00;183195,00;183100,00;183120,00;2014689,00;55
WINV26;10/07/2026;14:40:00;183125,00;183195,00;183125,00;183165,00;14177511,00;387
WINV26;10/07/2026;14:35:00;183105,00;183110,00;183070,00;183110,00;9813034,00;268
WINV26;10/07/2026;14:30:00;183125,00;183165,00;183090,00;183165,00;20069321,00;548
WINV26;10/07/2026;14:25:00;183085,00;183180,00;183075,00;183140,00;16480082,00;450
WINV26;10/07/2026;14:20:00;183100,00;183150,00;183080,00;183095,00;4870976,00;133
WINV26;10/07/2026;14:15:00;183200,00;183205,00;183000,00;183000,00;6922498,00;189
WINV26;10/07/2026;14:10:00;183170,00;183170,00;183110,00;183110,00;256394,00;7
WINV26;10/07/2026;14:05:00;183060,00;183190,00;183060,00;183115,00;16521546,00;451
WINV26;10/07/2026;14:00:00;183090,00;183120,00;183010,00;183075,00;7175785,00;196
WINV26;10/07/2026;13:55:00;183110,00;183240,00;183080,00;183100,00;69054540,00;1885
WINV26;10/07/2026;13:50:00;183185,00;183265,00;183090,00;183105,00;77365780,00;2112
WINV26;10/07/2026;13:45:00;183020,00;183210,00;183020,00;183125,00;35493372,00;969
WINV26;10/07/2026;13:40:00;182940,00;183065,00;182940,00;183000,00;1683714,00;46
WINV26;10/07/2026;13:35:00;182840,00;183000,00;182825,00;182985,00;5013505,00;137
WINV26;10/07/2026;13:30:00;182890,00;182970,00;182860,00;182915,00;5267489,00;144
WINV26;10/07/2026;13:25:00;182700,00;182925,00;182695,00;182890,00;26591691,00;727
WINV26;10/07/2026;13:20:00;182560,00;182700,00;182555,00;182700,00;1242032,00;34
WINV26;10/07/2026;13:15:00;182600,00;182700,00;182555,00;182555,00;4528627,00;124
WINV26;10/07/2026;13:10:00;182525,00;182555,00;182455,00;182525,00;4234891,00;116
WINV26;10/07/2026;13:05:00;182360,00;182500,00;182335,00;182500,00;14846704,00;407
WINV26;10/07/2026;13:00:00;182215,00;182335,00;182215,00;182335,00;1458218,00;40
WINV26;10/07/2026;12:55:00;182150,00;182215,00;182150,00;182215,00;218613,00;6
WINV26;10/07/2026;12:50:00;182035,00;182160,00;182035,00;182160,00;11439507,00;314
WINV26;10/07/2026;12:45:00;182140,00;182145,00;181975,00;181975,00;1929641,00;53
WINV26;10/07/2026;12:40:00;182015,00;182085,00;182015,00;182085,00;801063,00;22
WINV26;10/07/2026;12:35:00;182015,00;182015,00;181915,00;182015,00;2583674,00;71
WINV26;10/07/2026;12:30:00;182115,00;182135,00;181975,00;181995,00;2439228,00;67
WINV26;10/07/2026;12:25:00;182185,00;182250,00;182070,00;182160,00;40765821,00;1119
WINV26;10/07/2026;12:20:00;182040,00;182165,00;182025,00;182150,00;801227,00;22
WINV26;10/07/2026;12:15:00;181985,00;182130,00;181940,00;181970,00;2985202,00;82
WINV26;10/07/2026;12:10:00;182065,00;182075,00;182000,00;182025,00;17765846,00;488
WINV26;10/07/2026;12:05:00;182295,00;182320,00;182075,00;182075,00;14503311,00;398
WINV26;10/07/2026;12:00:00;182410,00;182415,00;182240,00;182255,00;9482156,00;260
WINV26;10/07/2026;11:55:00;182625,00;182625,00;182430,00;182450,00;99993563,00;2740
WINV26;10/07/2026;11:50:00;182685,00;182765,00;182630,00;182630,00;17281661,00;473
WINV26;10/07/2026;11:45:00;182420,00;182665,00;182420,00;182645,00;94438702,00;2586
WINV26;10/07/2026;11:40:00;182180,00;182435,00;182170,00;182390,00;20890011,00;573
WINV26;10/07/2026;11:35:00;182250,00;182370,00;182100,00;182160,00;152374378,00;4181
WINV26;10/07/2026;11:30:00;182535,00;182575,00;181750,00;182215,00;207868608,00;5710
WINV26;10/07/2026;11:25:00;182400,00;182710,00;182395,00;182535,00;112247964,00;3074
WINV26;10/07/2026;11:20:00;182550,00;182570,00;182200,00;182200,00;109053089,00;2991
WINV26;10/07/2026;11:15:00;182215,00;182580,00;182215,00;182505,00;104563071,00;2865
WINV26;10/07/2026;11:10:00;182225,00;182225,00;182000,00;182115,00;99284485,00;2726
WINV26;10/07/2026;11:05:00;182350,00;182455,00;182165,00;182250,00;5905928,00;162
WINV26;10/07/2026;11:00:00;182275,00;182565,00;182275,00;182350,00;11897453,00;326
WINV26;10/07/2026;10:55:00;182025,00;182285,00;182025,00;182250,00;18038891,00;495
WINV26;10/07/2026;10:50:00;181750,00;182200,00;181750,00;182125,00;119731730,00;3287
WINV26;10/07/2026;10:45:00;181655,00;181800,00;181550,00;181730,00;26125396,00;719
WINV26;10/07/2026;10:40:00;182200,00;182265,00;181610,00;181680,00;110236908,00;3032
WINV26;10/07/2026;10:35:00;181705,00;182240,00;181705,00;182130,00;60477134,00;1660
WINV26;10/07/2026;10:30:00;181815,00;181905,00;181620,00;181830,00;6253538,00;172
WINV26;10/07/2026;10:25:00;181535,00;182060,00;181535,00;181785,00;64227742,00;1767
WINV26;10/07/2026;10:20:00;181550,00;181560,00;181310,00;181470,00;33747325,00;930
WINV26;10/07/2026;10:15:00;181920,00;181925,00;181485,00;181515,00;79161223,00;2178
WINV26;10/07/2026;10:10:00;181995,00;181995,00;181755,00;181795,00;26556935,00;730
WINV26;10/07/2026;10:05:00;182215,00;182335,00;181890,00;181965,00;12162528,00;334
WINV26;10/07/2026;10:00:00;182000,00;182505,00;181975,00;182190,00;26955411,00;739
WINV26;10/07/2026;09:55:00;181745,00;184330,00;181745,00;182070,00;136094708,00;3735
WINV26;10/07/2026;09:50:00;181610,00;181700,00;181610,00;181660,00;3124494,00;86
WINV26;10/07/2026;09:45:00;181500,00;181695,00;181500,00;181615,00;60445917,00;1664
WINV26;10/07/2026;09:40:00;181390,00;181540,00;181375,00;181485,00;7659688,00;211
WINV26;10/07/2026;09:35:00;181395,00;181550,00;181285,00;181455,00;6568775,00;181
WINV26;10/07/2026;09:30:00;181255,00;181555,00;181255,00;181380,00;22786861,00;628
WINV26;10/07/2026;09:25:00;181270,00;181595,00;181200,00;181200,00;118055620,00;3253
WINV26;10/07/2026;09:20:00;181180,00;181315,00;181105,00;181255,00;72829565,00;2010
WINV26;10/07/2026;09:15:00;181350,00;181390,00;180975,00;181210,00;17932699,00;495
WINV26;10/07/2026;09:10:00;180700,00;181340,00;180700,00;181305,00;45149620,00;1247
WINV26;10/07/2026;09:05:00;180500,00;180710,00;180360,00;180630,00;16758948,00;464
WINV26;10/07/2026;09:00:00;179455,00;180540,00;179455,00;180475,00;28615633,00;794
WINV26;09/07/2026;18:20:00;179015,00;179105,00;178905,00;178905,00;21126991,00;590
WINV26;09/07/2026;18:15:00;179060,00;179130,00;179015,00;179090,00;23061355,00;644
WINV26;09/07/2026;18:10:00;178970,00;179090,00;178955,00;179060,00;32153196,00;898
WINV26;09/07/2026;18:05:00;178960,00;178980,00;178920,00;178955,00;15174371,00;424
WINV26;09/07/2026;18:00:00;178900,00;179040,00;178900,00;178960,00;8625088,00;241
WINV26;09/07/2026;17:55:00;178870,00;178900,00;178870,00;178900,00;429324,00;12
WINV26;09/07/2026;17:50:00;178825,00;178900,00;178825,00;178865,00;2325269,00;65
WINV26;09/07/2026;17:45:00;178780,00;178825,00;178780,00;178825,00;178805,00;5
WINV26;09/07/2026;17:40:00;178800,00;178800,00;178785,00;178785,00;1787960,00;50
WINV26;09/07/2026;17:35:00;178870,00;178870,00;178855,00;178855,00;250412,00;7
WINV26;09/07/2026;17:30:00;178810,00;178810,00;178810,00;178810,00;357620,00;10
WINV26;09/07/2026;17:25:00;178860,00;178860,00;178815,00;178830,00;393453,00;11
WINV26;09/07/2026;17:20:00;178850,00;178870,00;178840,00;178840,00;608098,00;17
WINV26;09/07/2026;17:15:00;178840,00;178930,00;178840,00;178915,00;2254190,00;63
WINV26;09/07/2026;17:10:00;178790,00;178890,00;178790,00;178845,00;12482290,00;349
WINV26;09/07/2026;17:05:00;178750,00;178765,00;178730,00;178740,00;857997,00;24
WINV26;09/07/2026;17:00:00;178720,00;178750,00;178680,00;178725,00;178715,00;5
WINV26;09/07/2026;16:55:00;178690,00;178785,00;178690,00;178765,00;1751766,00;49
WINV26;09/07/2026;16:50:00;178700,00;178720,00;178690,00;178690,00;571858,00;16
WINV26;09/07/2026;16:45:00;178695,00;178700,00;178670,00;178670,00;393115,00;11
WINV26;09/07/2026;16:40:00;178590,00;178710,00;178580,00;178685,00;2822942,00;79
WINV26;09/07/2026;16:35:00;178520,00;178600,00;178520,00;178570,00;214272,00;6
WINV26;09/07/2026;16:30:00;178625,00;178625,00;178500,00;178500,00;2250063,00;63
WINV26;09/07/2026;16:25:00;178720,00;178720,00;178665,00;178665,00;357360,00;10
WINV26;09/07/2026;16:20:00;178715,00;178750,00;178715,00;178725,00;1644404,00;46
WINV26;09/07/2026;16:15:00;178640,00;178725,00;178630,00;178680,00;5538799,00;155
WINV26;09/07/2026;16:10:00;178590,00;178595,00;178590,00;178595,00;214313,00;6
WINV26;09/07/2026;16:05:00;178610,00;178610,00;178535,00;178535,00;2357135,00;66
WINV26;09/07/2026;16:00:00;178570,00;178615,00;178570,00;178585,00;464384,00;13
WINV26;09/07/2026;15:55:00;178495,00;178625,00;178495,00;178600,00;1535582,00;43
WINV26;09/07/2026;15:50:00;178495,00;178525,00;178485,00;178485,00;749757,00;21
WINV26;09/07/2026;15:45:00;178420,00;178495,00;178405,00;178495,00;178445,00;5
WINV26;09/07/2026;15:40:00;178355,00;178490,00;178330,00;178430,00;1391393,00;39
WINV26;09/07/2026;15:35:00;178360,00;178380,00;178325,00;178360,00;891763,00;25
WINV26;09/07/2026;15:30:00;178395,00;178400,00;178345,00;178390,00;1284352,00;36
WINV26;09/07/2026;15:25:00;178405,00;178435,00;178350,00;178350,00;1962300,00;55
WINV26;09/07/2026;15:20:00;178405,00;178420,00;178390,00;178420,00;428180,00;12
WINV26;09/07/2026;15:15:00;178480,00;178485,00;178420,00;178420,00;713896,00;20
WINV26;09/07/2026;15:10:00;178435,00;178515,00;178435,00;178480,00;499740,00;14
WINV26;09/07/2026;15:05:00;178405,00;178470,00;178395,00;178435,00;820772,00;23
WINV26;09/07/2026;15:00:00;178600,00;178600,00;178380,00;178380,00;2106769,00;59
WINV26;09/07/2026;14:55:00;178590,00;178595,00;178535,00;178595,00;5106916,00;143
WINV26;09/07/2026;14:50:00;178625,00;178670,00;178535,00;178535,00;3285991,00;92
WINV26;09/07/2026;14:45:00;178575,00;178640,00;178570,00;178615,00;464391,00;13
WINV26;09/07/2026;14:40:00;178570,00;178655,00;178520,00;178605,00;4392263,00;123
WINV26;09/07/2026;14:35:00;178470,00;178650,00;178470,00;178645,00;5785837,00;162
WINV26;09/07/2026;14:30:00;178400,00;178470,00;178400,00;178410,00;1391634,00;39
WINV26;09/07/2026;14:25:00;178340,00;178410,00;178335,00;178335,00;713538,00;20
WINV26;09/07/2026;14:20:00;178270,00;178310,00;178270,00;178310,00;427905,00;12
WINV26;09/07/2026;14:15:00;178145,00;178185,00;178145,00;178185,00;71266,00;2
WINV26;09/07/2026;14:05:00;178145,00;178145,00;178115,00;178140,00;213758,00;6
WINV26;09/07/2026;14:00:00;178210,00;178280,00;178210,00;178265,00;784301,00;22
WINV26;09/07/2026;13:55:00;178140,00;178165,00;178140,00;178165,00;178145,00;5
WINV26;09/07/2026;13:45:00;178205,00;178205,00;178140,00;178140,00;106899,00;3
WINV26;09/07/2026;13:40:00;178105,00;178145,00;178100,00;178145,00;356263,00;10
WINV26;09/07/2026;13:35:00;178265,00;178265,00;178125,00;178125,00;748376,00;21
WINV26;09/07/2026;13:30:00;178230,00;178305,00;178230,00;178265,00;285217,00;8
WINV26;09/07/2026;13:20:00;178355,00;178355,00;178315,00;178315,00;962949,00;27
WINV26;09/07/2026;13:15:00;178400,00;178400,00;178370,00;178370,00;71354,00;2
WINV26;09/07/2026;13:10:00;178390,00;178440,00;178390,00;178400,00;892065,00;25
WINV26;09/07/2026;13:05:00;178325,00;178365,00;178275,00;178330,00;356620,00;10
WINV26;09/07/2026;13:00:00;178250,00;178300,00;178250,00;178300,00;9805219,00;275
WINV26;09/07/2026;12:55:00;178160,00;178210,00;178160,00;178210,00;285100,00;8
WINV26;09/07/2026;12:50:00;178155,00;178155,00;178150,00;178150,00;178151,00;5
WINV26;09/07/2026;12:45:00;178175,00;178195,00;178165,00;178195,00;142546,00;4
WINV26;09/07/2026;12:40:00;178160,00;178225,00;178105,00;178175,00;534509,00;15
WINV26;09/07/2026;12:35:00;178015,00;178140,00;178015,00;178140,00;641121,00;18
WINV26;09/07/2026;12:30:00;177875,00;178105,00;177850,00;178105,00;533796,00;15
WINV26;09/07/2026;12:25:00;177975,00;177975,00;177890,00;177975,00;782903,00;22
WINV26;09/07/2026;12:20:00;178120,00;178130,00;178000,00;178000,00;854745,00;24
WINV26;09/07/2026;12:15:00;178250,00;178250,00;178095,00;178165,00;962006,00;27
WINV26;09/07/2026;12:10:00;178340,00;178420,00;178300,00;178420,00;1319915,00;37
WINV26;09/07/2026;12:05:00;178095,00;178300,00;178070,00;178300,00;1782531,00;50
WINV26;09/07/2026;12:00:00;178230,00;178240,00;178065,00;178110,00;961953,00;27
WINV26;09/07/2026;11:55:00;178120,00;178225,00;178085,00;178225,00;783940,00;22
WINV26;09/07/2026;11:50:00;178030,00;178185,00;178030,00;178120,00;748092,00;21
WINV26;09/07/2026;11:45:00;177920,00;177980,00;177920,00;177980,00;925196,00;26
WINV26;09/07/2026;11:40:00;177905,00;178020,00;177880,00;177985,00;676220,00;19
WINV26;09/07/2026;11:35:00;177970,00;178110,00;177875,00;177875,00;1032170,00;29
WINV26;09/07/2026;11:30:00;178000,00;178120,00;177925,00;178025,00;3595771,00;101
WINV26;09/07/2026;11:25:00;177780,00;178105,00;177780,00;177955,00;18395889,00;517
WINV26;09/07/2026;11:20:00;177575,00;177820,00;177510,00;177770,00;14850745,00;418
WINV26;09/07/2026;11:15:00;177545,00;177775,00;177510,00;177680,00;3695897,00;104
WINV26;09/07/2026;11:10:00;177540,00;177630,00;177360,00;177630,00;5714848,00;161
WINV26;09/07/2026;11:05:00;177350,00;177740,00;177350,00;177740,00;7597913,00;214
WINV26;09/07/2026;11:00:00;176890,00;177375,00;176890,00;177375,00;3081153,00;87
WINV26;09/07/2026;10:55:00;176570,00;176870,00;176570,00;176800,00;1414158,00;40
WINV26;09/07/2026;10:50:00;176700,00;176720,00;176595,00;176600,00;1695693,00;48
WINV26;09/07/2026;10:45:00;176795,00;176815,00;176670,00;176765,00;2933960,00;83
WINV26;09/07/2026;10:40:00;176780,00;176980,00;176780,00;176920,00;813854,00;23
WINV26;09/07/2026;10:35:00;176890,00;176945,00;176760,00;176840,00;707459,00;20
WINV26;09/07/2026;10:30:00;177010,00;177030,00;176690,00;176885,00;15882647,00;449
WINV26;09/07/2026;10:25:00;177445,00;177505,00;177080,00;177100,00;4362030,00;123
WINV26;09/07/2026;10:20:00;177135,00;177525,00;177135,00;177430,00;2801934,00;79
WINV26;09/07/2026;10:15:00;177445,00;177445,00;176950,00;177065,00;2692399,00;76
WINV26;09/07/2026;10:10:00;177100,00;177500,00;177100,00;177430,00;2269893,00;64
WINV26;09/07/2026;10:05:00;177110,00;177290,00;177100,00;177245,00;4428193,00;125
WINV26;09/07/2026;10:00:00;176945,00;177200,00;176945,00;177105,00;2833308,00;80
WINV26;09/07/2026;09:55:00;177010,00;177010,00;176740,00;176875,00;5940889,00;168
WINV26;09/07/2026;09:50:00;177195,00;177195,00;176980,00;177055,00;3328433,00;94
WINV26;09/07/2026;09:45:00;177255,00;177275,00;177150,00;177205,00;744291,00;21
WINV26;09/07/2026;09:40:00;177115,00;177250,00;177090,00;177195,00;7617454,00;215
WINV26;09/07/2026;09:35:00;177325,00;177325,00;177115,00;177115,00;1204858,00;34
WINV26;09/07/2026;09:30:00;177305,00;177450,00;177225,00;177225,00;532090,00;15
WINV26;09/07/2026;09:25:00;177500,00;177500,00;177385,00;177440,00;496874,00;14
WINV26;09/07/2026;09:20:00;177410,00;177550,00;177380,00;177465,00;5573145,00;157
WINV26;09/07/2026;09:15:00;177200,00;177485,00;177200,00;177485,00;815882,00;23
WINV26;09/07/2026;09:10:00;177270,00;177270,00;176840,00;177220,00;1876820,00;53
WINV26;09/07/2026;09:05:00;176760,00;177485,00;176760,00;177485,00;7651950,00;216
WINV26;09/07/2026;09:00:00;176540,00;176920,00;176250,00;176850,00;76164617,00;2156
WINV26;08/07/2026;18:20:00;176380,00;176420,00;176350,00;176350,00;493906,00;14
WINV26;08/07/2026;18:15:00;176360,00;176400,00;176305,00;176400,00;21407601,00;607
WINV26;08/07/2026;18:10:00;176300,00;176400,00;176300,00;176350,00;91638742,00;2598
WINV26;08/07/2026;18:05:00;176270,00;176270,00;176270,00;176270,00;387794,00;11
WINV26;08/07/2026;18:00:00;176230,00;176260,00;176230,00;176260,00;317247,00;9
WINV26;08/07/2026;17:55:00;176240,00;176295,00;176230,00;176230,00;281997,00;8
WINV26;08/07/2026;17:50:00;176250,00;176250,00;176250,00;176250,00;176250,00;5
WINV26;08/07/2026;17:40:00;176290,00;176290,00;176290,00;176290,00;352580,00;10
WINV26;08/07/2026;17:35:00;176200,00;176200,00;176175,00;176175,00;70475,00;2
WINV26;08/07/2026;17:30:00;176240,00;176240,00;176195,00;176225,00;1233425,00;35
WINV26;08/07/2026;17:25:00;176255,00;176255,00;176200,00;176225,00;528665,00;15
WINV26;08/07/2026;17:20:00;176305,00;176305,00;176305,00;176305,00;176305,00;5
WINV26;08/07/2026;17:15:00;176395,00;176395,00;176280,00;176335,00;5183495,00;147
WINV26;08/07/2026;17:10:00;176400,00;176400,00;176390,00;176390,00;141116,00;4
WINV26;08/07/2026;17:05:00;176435,00;176435,00;176435,00;176435,00;105861,00;3
WINV26;08/07/2026;17:00:00;176500,00;176500,00;176350,00;176350,00;564530,00;16
WINV26;08/07/2026;16:55:00;176580,00;176595,00;176575,00;176595,00;141265,00;4
WINV26;08/07/2026;16:50:00;176570,00;176605,00;176570,00;176605,00;141269,00;4
WINV26;08/07/2026;16:45:00;176725,00;176725,00;176510,00;176510,00;2118377,00;60
WINV26;08/07/2026;16:40:00;176725,00;176750,00;176675,00;176750,00;954329,00;27
WINV26;08/07/2026;16:35:00;176660,00;176775,00;176660,00;176740,00;212091,00;6
WINV26;08/07/2026;16:30:00;176650,00;176725,00;176650,00;176660,00;4806379,00;136
WINV26;08/07/2026;16:25:00;176565,00;176575,00;176500,00;176575,00;494316,00;14
WINV26;08/07/2026;16:20:00;176605,00;176605,00;176605,00;176605,00;105963,00;3
WINV26;08/07/2026;16:15:00;176620,00;176650,00;176620,00;176650,00;105978,00;3
WINV26;08/07/2026;16:10:00;176600,00;176600,00;176560,00;176560,00;70632,00;2
WINV26;08/07/2026;16:05:00;176525,00;176660,00;176525,00;176660,00;247247,00;7
WINV26;08/07/2026;16:00:00;176515,00;176515,00;176515,00;176515,00;847272,00;24
WINV26;08/07/2026;15:55:00;176520,00;176520,00;176470,00;176470,00;70598,00;2
WINV26;08/07/2026;15:50:00;176620,00;176690,00;176540,00;176540,00;1377501,00;39
WINV26;08/07/2026;15:45:00;176510,00;176625,00;176510,00;176625,00;3320350,00;94
WINV26;08/07/2026;15:40:00;176400,00;176460,00;176400,00;176460,00;423420,00;12
WINV26;08/07/2026;15:35:00;176430,00;176430,00;176430,00;176430,00;211716,00;6
WINV26;08/07/2026;15:30:00;176590,00;176605,00;176485,00;176485,00;600376,00;17
WINV26;08/07/2026;15:25:00;176450,00;176515,00;176450,00;176495,00;317698,00;9
WINV26;08/07/2026;15:20:00;176570,00;176600,00;176510,00;176510,00;423735,00;12
WINV26;08/07/2026;15:15:00;176540,00;176610,00;176540,00;176600,00;2118959,00;60
WINV26;08/07/2026;15:10:00;176600,00;176675,00;176570,00;176570,00;5652322,00;160
WINV26;08/07/2026;15:05:00;176460,00;176630,00;176460,00;176600,00;1836507,00;52
WINV26;08/07/2026;15:00:00;176350,00;176465,00;176315,00;176425,00;1235020,00;35
WINV26;08/07/2026;14:55:00;176250,00;176250,00;176250,00;176250,00;881250,00;25
WINV26;08/07/2026;14:50:00;176290,00;176375,00;176285,00;176325,00;1022662,00;29
WINV26;08/07/2026;14:45:00;176355,00;176355,00;176250,00;176250,00;387875,00;11
WINV26;08/07/2026;14:40:00;176290,00;176290,00;176285,00;176285,00;211547,00;6
WINV26;08/07/2026;14:35:00;176340,00;176365,00;176335,00;176355,00;458499,00;13
WINV26;08/07/2026;14:30:00;176360,00;176395,00;176300,00;176375,00;1128787,00;32
WINV26;08/07/2026;14:25:00;176470,00;176470,00;176375,00;176375,00;1093622,00;31
WINV26;08/07/2026;14:20:00;176475,00;176585,00;176475,00;176480,00;1341724,00;38
WINV26;08/07/2026;14:15:00;176395,00;176450,00;176395,00;176400,00;388108,00;11
WINV26;08/07/2026;14:10:00;176255,00;176395,00;176190,00;176370,00;55650508,00;1579
WINV26;08/07/2026;14:05:00;176360,00;176390,00;176215,00;176255,00;46034709,00;1306
WINV26;08/07/2026;14:00:00;176505,00;176505,00;176330,00;176360,00;5926744,00;168
WINV26;08/07/2026;13:55:00;176560,00;176605,00;176495,00;176535,00;5649687,00;160
WINV26;08/07/2026;13:50:00;176550,00;176700,00;176500,00;176550,00;124986309,00;3538
WINV26;08/07/2026;13:45:00;176250,00;176500,00;176250,00;176500,00;4445171,00;126
WINV26;08/07/2026;13:40:00;176030,00;176300,00;176030,00;176255,00;6098598,00;173
WINV26;08/07/2026;13:35:00;175985,00;176005,00;175985,00;176005,00;351991,00;10
WINV26;08/07/2026;13:30:00;175990,00;176055,00;175900,00;175900,00;246377,00;7
WINV26;08/07/2026;13:25:00;176070,00;176070,00;175990,00;175990,00;5209780,00;148
WINV26;08/07/2026;13:20:00;175960,00;175960,00;175960,00;175960,00;35192,00;1
WINV26;08/07/2026;13:15:00;175985,00;176050,00;175985,00;176030,00;140823,00;4
WINV26;08/07/2026;13:10:00;175980,00;176010,00;175980,00;176010,00;211200,00;6
WINV26;08/07/2026;13:05:00;176035,00;176035,00;176035,00;176035,00;1056210,00;30
WINV26;08/07/2026;13:00:00;175985,00;176050,00;175945,00;176035,00;1373011,00;39
WINV26;08/07/2026;12:55:00;176070,00;176070,00;176000,00;176000,00;3731244,00;106
WINV26;08/07/2026;12:45:00;176260,00;176260,00;176065,00;176065,00;810197,00;23
WINV26;08/07/2026;12:35:00;176185,00;176375,00;176185,00;176205,00;6557727,00;186
WINV26;08/07/2026;12:30:00;176200,00;176200,00;176200,00;176200,00;35240,00;1
WINV26;08/07/2026;12:25:00;176090,00;176090,00;176000,00;176000,00;140825,00;4
WINV26;08/07/2026;12:20:00;176160,00;176160,00;176090,00;176090,00;70450,00;2
WINV26;08/07/2026;12:15:00;176000,00;176090,00;176000,00;176090,00;140828,00;4
WINV26;08/07/2026;12:10:00;176260,00;176260,00;176130,00;176145,00;352397,00;10
WINV26;08/07/2026;12:05:00;175905,00;176300,00;175905,00;176240,00;951395,00;27
WINV26;08/07/2026;12:00:00;175935,00;175935,00;175850,00;175850,00;140697,00;4
WINV26;08/07/2026;11:55:00;176020,00;176090,00;175950,00;176030,00;3767919,00;107
WINV26;08/07/2026;11:50:00;175940,00;176000,00;175870,00;175870,00;4186498,00;119
WINV26;08/07/2026;11:45:00;176150,00;176150,00;176000,00;176000,00;422587,00;12
WINV26;08/07/2026;11:40:00;176235,00;176295,00;176120,00;176170,00;916249,00;26
WINV26;08/07/2026;11:35:00;176490,00;176490,00;176185,00;176260,00;8954404,00;254
WINV26;08/07/2026;11:30:00;176485,00;176515,00;176330,00;176345,00;352818,00;10
WINV26;08/07/2026;11:25:00;176695,00;176790,00;176380,00;176500,00;2721674,00;77
WINV26;08/07/2026;11:20:00;176410,00;176695,00;176410,00;176695,00;1660256,00;47
WINV26;08/07/2026;11:15:00;176435,00;176620,00;176325,00;176545,00;52279593,00;1482
WINV26;08/07/2026;11:10:00;176705,00;176760,00;176420,00;176495,00;50471896,00;1430
WINV26;08/07/2026;11:05:00;176415,00;176835,00;176325,00;176835,00;112477321,00;3183
WINV26;08/07/2026;11:00:00;176470,00;176550,00;176300,00;176420,00;3282257,00;93
WINV26;08/07/2026;10:55:00;176400,00;176530,00;176280,00;176490,00;99099204,00;2810
WINV26;08/07/2026;10:50:00;176740,00;176770,00;176400,00;176460,00;2436353,00;69
WINV26;08/07/2026;10:45:00;176785,00;176990,00;176600,00;176700,00;4384594,00;124
WINV26;08/07/2026;10:40:00;176675,00;176965,00;176650,00;176890,00;106878590,00;3022
WINV26;08/07/2026;10:35:00;176965,00;176990,00;176490,00;176720,00;99158420,00;2807
WINV26;08/07/2026;10:30:00;176890,00;177200,00;176805,00;176960,00;18621558,00;526
WINV26;08/07/2026;10:25:00;176375,00;177075,00;176375,00;176945,00;83927807,00;2373
WINV26;08/07/2026;10:20:00;176215,00;176345,00;175745,00;176345,00;19257311,00;547
WINV26;08/07/2026;10:15:00;176785,00;176860,00;176170,00;176190,00;16511188,00;468
WINV26;08/07/2026;10:10:00;177070,00;177145,00;176740,00;176740,00;3750996,00;106
WINV26;08/07/2026;10:05:00;177250,00;177250,00;177005,00;177120,00;2267583,00;64
WINV26;08/07/2026;10:00:00;177400,00;177505,00;177300,00;177435,00;7773165,00;219
WINV26;08/07/2026;09:55:00;177295,00;177490,00;177210,00;177325,00;673965,00;19
WINV26;08/07/2026;09:50:00;177295,00;177425,00;177295,00;177405,00;496659,00;14
WINV26;08/07/2026;09:45:00;177300,00;177345,00;177240,00;177345,00;531760,00;15
WINV26;08/07/2026;09:40:00;177400,00;177400,00;177300,00;177300,00;177332,00;5
WINV26;08/07/2026;09:35:00;177400,00;177400,00;177300,00;177325,00;780242,00;22
WINV26;08/07/2026;09:30:00;177470,00;177565,00;177365,00;177410,00;1313155,00;37
WINV26;08/07/2026;09:25:00;177265,00;177445,00;177265,00;177445,00;248371,00;7
WINV26;08/07/2026;09:20:00;177290,00;177445,00;177260,00;177300,00;1738228,00;49
WINV26;08/07/2026;09:15:00;177070,00;177375,00;177015,00;177370,00;30992499,00;875
WINV26;08/07/2026;09:10:00;177300,00;177400,00;177090,00;177090,00;2907234,00;82
WINV26;08/07/2026;09:05:00;177395,00;177500,00;176990,00;177220,00;11209026,00;316
WINV26;08/07/2026;09:00:00;176295,00;177350,00;175840,00;177345,00;25972123,00;735
WINV26;07/07/2026;18:20:00;177385,00;177450,00;177360,00;177360,00;4044400,00;114
WINV26;07/07/2026;18:15:00;177550,00;177550,00;177370,00;177370,00;8765533,00;247
WINV26;07/07/2026;18:10:00;177600,00;177600,00;177575,00;177575,00;1065480,00;30
WINV26;07/07/2026;18:05:00;177550,00;177580,00;177550,00;177580,00;213078,00;6
WINV26;07/07/2026;18:00:00;177675,00;177675,00;177600,00;177600,00;710523,00;20
WINV26;07/07/2026;17:55:00;177700,00;177705,00;177670,00;177670,00;604153,00;17
WINV26;07/07/2026;17:50:00;177700,00;177700,00;177700,00;177700,00;106620,00;3
WINV26;07/07/2026;17:40:00;177725,00;177730,00;177725,00;177730,00;177729,00;5
WINV26;07/07/2026;17:35:00;177700,00;177740,00;177700,00;177740,00;462116,00;13
WINV26;07/07/2026;17:30:00;177815,00;177820,00;177815,00;177820,00;142254,00;4
WINV26;07/07/2026;17:25:00;177825,00;177825,00;177825,00;177825,00;177825,00;5
WINV26;07/07/2026;17:20:00;177830,00;177835,00;177830,00;177835,00;142266,00;4
WINV26;07/07/2026;17:10:00;177840,00;177840,00;177770,00;177770,00;2133604,00;60
WINV26;07/07/2026;17:05:00;177905,00;177910,00;177905,00;177910,00;142325,00;4
WINV26;07/07/2026;17:00:00;177780,00;177885,00;177780,00;177885,00;924806,00;26
WINV26;07/07/2026;16:55:00;177740,00;177770,00;177740,00;177770,00;142204,00;4
WINV26;07/07/2026;16:50:00;177785,00;177785,00;177785,00;177785,00;35557,00;1
WINV26;07/07/2026;16:45:00;177700,00;177850,00;177685,00;177805,00;2239716,00;63
WINV26;07/07/2026;16:40:00;177725,00;177725,00;177650,00;177685,00;426446,00;12
WINV26;07/07/2026;16:35:00;177650,00;177745,00;177650,00;177745,00;1385810,00;39
WINV26;07/07/2026;16:30:00;177785,00;177825,00;177695,00;177715,00;1564074,00;44
WINV26;07/07/2026;16:25:00;177905,00;177920,00;177765,00;177770,00;995907,00;28
WINV26;07/07/2026;16:20:00;177785,00;177910,00;177785,00;177910,00;391267,00;11
WINV26;07/07/2026;16:15:00;177735,00;177810,00;177730,00;177785,00;888831,00;25
WINV26;07/07/2026;16:10:00;177780,00;177805,00;177710,00;177770,00;746608,00;21
WINV26;07/07/2026;16:05:00;177755,00;177785,00;177755,00;177785,00;1066675,00;30
WINV26;07/07/2026;16:00:00;177820,00;177860,00;177730,00;177860,00;1671105,00;47
WINV26;07/07/2026;15:55:00;177950,00;177950,00;177885,00;177885,00;569330,00;16
WINV26;07/07/2026;15:50:00;177935,00;177975,00;177835,00;177890,00;11172524,00;314
WINV26;07/07/2026;15:45:00;177970,00;178060,00;177875,00;177950,00;1317009,00;37
WINV26;07/07/2026;15:40:00;177820,00;177970,00;177820,00;177970,00;889710,00;25
WINV26;07/07/2026;15:35:00;177850,00;177950,00;177845,00;177855,00;1707891,00;48
WINV26;07/07/2026;15:30:00;177735,00;177850,00;177655,00;177850,00;9667874,00;272
WINV26;07/07/2026;15:25:00;177690,00;177750,00;177680,00;177715,00;497544,00;14
WINV26;07/07/2026;15:20:00;177625,00;177695,00;177625,00;177695,00;106596,00;3
WINV26;07/07/2026;15:15:00;177560,00;177625,00;177550,00;177625,00;319644,00;9
WINV26;07/07/2026;15:10:00;177530,00;177555,00;177530,00;177555,00;106527,00;3
WINV26;07/07/2026;15:05:00;177585,00;177585,00;177445,00;177530,00;1562030,00;44
WINV26;07/07/2026;15:00:00;177795,00;177800,00;177590,00;177595,00;1493139,00;42
WINV26;07/07/2026;14:50:00;177740,00;177790,00;177740,00;177790,00;248891,00;7
WINV26;07/07/2026;14:45:00;177690,00;177695,00;177620,00;177680,00;604017,00;17
WINV26;07/07/2026;14:40:00;177675,00;177740,00;177635,00;177720,00;995062,00;28
WINV26;07/07/2026;14:35:00;177810,00;177895,00;177660,00;177660,00;4159237,00;117
WINV26;07/07/2026;14:30:00;177910,00;177925,00;177770,00;177790,00;426869,00;12
WINV26;07/07/2026;14:25:00;177825,00;177920,00;177825,00;177905,00;426949,00;12
WINV26;07/07/2026;14:20:00;177740,00;177920,00;177655,00;177920,00;2809772,00;79
WINV26;07/07/2026;14:10:00;177555,00;177640,00;177555,00;177640,00;1349497,00;38
WINV26;07/07/2026;14:05:00;177650,00;177735,00;177615,00;177685,00;639637,00;18
WINV26;07/07/2026;14:00:00;177505,00;177705,00;177505,00;177625,00;2415577,00;68
WINV26;07/07/2026;13:55:00;177380,00;177430,00;177370,00;177430,00;354796,00;10
WINV26;07/07/2026;13:50:00;177435,00;177435,00;177435,00;177435,00;425844,00;12
WINV26;07/07/2026;13:45:00;177460,00;177460,00;177460,00;177460,00;35492,00;1
WINV26;07/07/2026;13:40:00;177400,00;177440,00;177385,00;177420,00;1312785,00;37
WINV26;07/07/2026;13:35:00;177460,00;177490,00;177460,00;177490,00;567913,00;16
WINV26;07/07/2026;13:30:00;177460,00;177490,00;177460,00;177490,00;354950,00;10
WINV26;07/07/2026;13:25:00;177450,00;177490,00;177450,00;177490,00;212980,00;6
WINV26;07/07/2026;13:20:00;177505,00;177540,00;177480,00;177500,00;2414331,00;68
WINV26;07/07/2026;13:15:00;177415,00;177445,00;177415,00;177445,00;532305,00;15
WINV26;07/07/2026;13:10:00;177365,00;177465,00;177365,00;177405,00;2590569,00;73
WINV26;07/07/2026;13:05:00;177435,00;177480,00;177305,00;177355,00;5605551,00;158
WINV26;07/07/2026;13:00:00;177460,00;177475,00;177400,00;177445,00;1774334,00;50
WINV26;07/07/2026;12:55:00;177495,00;177495,00;177425,00;177425,00;283927,00;8
WINV26;07/07/2026;12:50:00;177425,00;177500,00;177415,00;177500,00;1064583,00;30
WINV26;07/07/2026;12:45:00;177500,00;177535,00;177440,00;177440,00;1810330,00;51
WINV26;07/07/2026;12:40:00;177425,00;177535,00;177425,00;177480,00;1348992,00;38
WINV26;07/07/2026;12:35:00;177510,00;177510,00;177390,00;177395,00;8021412,00;226
WINV26;07/07/2026;12:30:00;177620,00;177710,00;177620,00;177635,00;1243416,00;35
WINV26;07/07/2026;12:25:00;177615,00;177615,00;177530,00;177550,00;1953332,00;55
WINV26;07/07/2026;12:20:00;177575,00;177655,00;177555,00;177630,00;2166825,00;61
WINV26;07/07/2026;12:15:00;177540,00;177620,00;177450,00;177545,00;6957168,00;196
WINV26;07/07/2026;12:10:00;177800,00;177800,00;177590,00;177620,00;746413,00;21
WINV26;07/07/2026;12:05:00;177715,00;177805,00;177635,00;177800,00;1244027,00;35
WINV26;07/07/2026;12:00:00;177935,00;177935,00;177710,00;177710,00;1031224,00;29
WINV26;07/07/2026;11:55:00;178025,00;178045,00;177955,00;178010,00;569634,00;16
WINV26;07/07/2026;11:50:00;178100,00;178100,00;178000,00;178070,00;249284,00;7
WINV26;07/07/2026;11:45:00;178030,00;178260,00;178030,00;178235,00;1318021,00;37
WINV26;07/07/2026;11:40:00;177840,00;178000,00;177840,00;177990,00;355867,00;10
WINV26;07/07/2026;11:35:00;177600,00;177790,00;177600,00;177760,00;319902,00;9
WINV26;07/07/2026;11:30:00;177560,00;177705,00;177550,00;177695,00;1599116,00;45
WINV26;07/07/2026;11:25:00;177675,00;177695,00;177335,00;177580,00;30249460,00;852
WINV26;07/07/2026;11:20:00;178030,00;178030,00;177655,00;177740,00;28335588,00;797
WINV26;07/07/2026;11:15:00;178110,00;178140,00;177890,00;177940,00;2812327,00;79
WINV26;07/07/2026;11:10:00;178390,00;178415,00;178200,00;178200,00;6847928,00;192
WINV26;07/07/2026;11:05:00;178380,00;178630,00;178280,00;178420,00;153645537,00;4305
WINV26;07/07/2026;11:00:00;178460,00;178730,00;178280,00;178385,00;2214200,00;62
WINV26;07/07/2026;10:55:00;178895,00;178895,00;178305,00;178305,00;14749254,00;413
WINV26;07/07/2026;10:50:00;179180,00;179180,00;178840,00;178880,00;29257894,00;817
WINV26;07/07/2026;10:45:00;179320,00;179525,00;179250,00;179250,00;2547766,00;71
WINV26;07/07/2026;10:40:00;179245,00;179430,00;179160,00;179285,00;36195000,00;1009
WINV26;07/07/2026;10:35:00;179250,00;179455,00;179105,00;179345,00;52928362,00;1476
WINV26;07/07/2026;10:30:00;178500,00;179365,00;178500,00;179230,00;133809140,00;3736
WINV26;07/07/2026;10:25:00;178795,00;178795,00;178345,00;178430,00;2214232,00;62
WINV26;07/07/2026;10:20:00;178945,00;178975,00;178750,00;178805,00;2360877,00;66
WINV26;07/07/2026;10:15:00;178550,00;178880,00;178460,00;178880,00;750226,00;21
WINV26;07/07/2026;10:10:00;178690,00;178915,00;178470,00;178610,00;1179574,00;33
WINV26;07/07/2026;10:05:00;178805,00;178805,00;178580,00;178745,00;964881,00;27
WINV26;07/07/2026;10:00:00;178975,00;179045,00;178625,00;178670,00;2896323,00;81
WINV26;07/07/2026;09:55:00;178875,00;178975,00;178785,00;178785,00;429297,00;12
WINV26;07/07/2026;09:50:00;179000,00;179010,00;178850,00;178885,00;858737,00;24
WINV26;07/07/2026;09:45:00;179055,00;179055,00;178855,00;178905,00;1359890,00;38
WINV26;07/07/2026;09:40:00;178915,00;179090,00;178890,00;179040,00;1002519,00;28
WINV26;07/07/2026;09:35:00;179135,00;179150,00;178935,00;178935,00;752116,00;21
WINV26;07/07/2026;09:30:00;179185,00;179185,00;179000,00;179015,00;1504402,00;42
WINV26;07/07/2026;09:25:00;179140,00;179300,00;179125,00;179220,00;931971,00;26
WINV26;07/07/2026;09:20:00;179120,00;179125,00;178900,00;179055,00;894974,00;25
WINV26;07/07/2026;09:15:00;179385,00;179385,00;179075,00;179185,00;2580973,00;72
WINV26;07/07/2026;09:10:00;179295,00;179400,00;179090,00;179325,00;2222968,00;62
WINV26;07/07/2026;09:05:00;178895,00;179290,00;178775,00;179085,00;4368230,00;122
WINV26;07/07/2026;09:00:00;178000,00;178855,00;178000,00;178855,00;3891182,00;109
WINV26;06/07/2026;18:20:00;178250,00;178275,00;178245,00;178275,00;570469,00;16
WINV26;06/07/2026;18:15:00;178320,00;178350,00;178250,00;178250,00;534928,00;15
WINV26;06/07/2026;18:10:00;178495,00;178495,00;178345,00;178365,00;2640073,00;74
WINV26;06/07/2026;18:05:00;178520,00;178520,00;178430,00;178490,00;499718,00;14
WINV26;06/07/2026;18:00:00;178495,00;178570,00;178470,00;178540,00;2213246,00;62
WINV26;06/07/2026;17:55:00;178505,00;178560,00;178505,00;178545,00;1464016,00;41
WINV26;06/07/2026;17:45:00;178515,00;178515,00;178515,00;178515,00;321327,00;9
WINV26;06/07/2026;17:40:00;178425,00;178535,00;178425,00;178520,00;428345,00;12
WINV26;06/07/2026;17:35:00;178425,00;178425,00;178405,00;178410,00;356824,00;10
WINV26;06/07/2026;17:30:00;178375,00;178420,00;178370,00;178420,00;998964,00;28
WINV26;06/07/2026;17:25:00;178415,00;178415,00;178365,00;178375,00;1141714,00;32
WINV26;06/07/2026;17:20:00;178415,00;178430,00;178415,00;178430,00;392516,00;11
WINV26;06/07/2026;17:15:00;178420,00;178420,00;178420,00;178420,00;35684,00;1
WINV26;06/07/2026;17:10:00;178445,00;178445,00;178400,00;178400,00;107058,00;3
WINV26;06/07/2026;17:05:00;178450,00;178450,00;178450,00;178450,00;321210,00;9
WINV26;06/07/2026;17:00:00;178375,00;178450,00;178375,00;178450,00;785030,00;22
WINV26;06/07/2026;16:55:00;178405,00;178450,00;178315,00;178350,00;3103478,00;87
WINV26;06/07/2026;16:50:00;178400,00;178400,00;178380,00;178380,00;3425046,00;96
WINV26;06/07/2026;16:45:00;178340,00;178340,00;178340,00;178340,00;35668,00;1
WINV26;06/07/2026;16:40:00;178340,00;178345,00;178340,00;178345,00;71337,00;2
WINV26;06/07/2026;16:35:00;178300,00;178300,00;178295,00;178295,00;106979,00;3
WINV26;06/07/2026;16:30:00;178375,00;178375,00;178360,00;178360,00;71347,00;2
WINV26;06/07/2026;16:25:00;178345,00;178420,00;178345,00;178420,00;392457,00;11
WINV26;06/07/2026;16:20:00;178305,00;178320,00;178270,00;178300,00;285285,00;8
WINV26;06/07/2026;16:15:00;178240,00;178290,00;178225,00;178290,00;1889331,00;53
WINV26;06/07/2026;16:10:00;178270,00;178270,00;178165,00;178265,00;2851578,00;80
WINV26;06/07/2026;16:05:00;178350,00;178350,00;178260,00;178280,00;1105301,00;31
WINV26;06/07/2026;16:00:00;178370,00;178405,00;178345,00;178405,00;998849,00;28
WINV26;06/07/2026;15:55:00;178380,00;178395,00;178380,00;178385,00;142708,00;4
WINV26;06/07/2026;15:50:00;178430,00;178430,00;178395,00;178395,00;249774,00;7
WINV26;06/07/2026;15:45:00;178430,00;178525,00;178430,00;178525,00;285611,00;8
WINV26;06/07/2026;15:40:00;178485,00;178485,00;178430,00;178430,00;178467,00;5
WINV26;06/07/2026;15:35:00;178500,00;178525,00;178440,00;178440,00;785355,00;22
WINV26;06/07/2026;15:30:00;178575,00;178620,00;178515,00;178515,00;678536,00;19
WINV26;06/07/2026;15:25:00;178580,00;178610,00;178555,00;178555,00;428614,00;12
WINV26;06/07/2026;15:20:00;178530,00;178570,00;178505,00;178525,00;285682,00;8
WINV26;06/07/2026;15:15:00;178470,00;178550,00;178455,00;178550,00;1071046,00;30
WINV26;06/07/2026;15:10:00;178440,00;178480,00;178300,00;178470,00;1891055,00;53
WINV26;06/07/2026;15:05:00;178495,00;178525,00;178475,00;178475,00;3641584,00;102
WINV26;06/07/2026;15:00:00;178540,00;178590,00;178440,00;178530,00;678259,00;19
WINV26;06/07/2026;14:55:00;178565,00;178590,00;178470,00;178480,00;714010,00;20
WINV26;06/07/2026;14:50:00;178500,00;178500,00;178470,00;178470,00;821008,00;23
WINV26;06/07/2026;14:45:00;178350,00;178565,00;178350,00;178515,00;3891429,00;109
WINV26;06/07/2026;14:40:00;178310,00;178345,00;178290,00;178345,00;356635,00;10
WINV26;06/07/2026;14:35:00;178270,00;178270,00;178200,00;178220,00;5810586,00;163
WINV26;06/07/2026;14:30:00;178300,00;178330,00;178285,00;178290,00;213962,00;6
WINV26;06/07/2026;14:25:00;178365,00;178465,00;178315,00;178315,00;2533115,00;71
WINV26;06/07/2026;14:20:00;178105,00;178410,00;178100,00;178375,00;49737810,00;1395
WINV26;06/07/2026;14:15:00;178100,00;178120,00;178050,00;178115,00;23969264,00;673
WINV26;06/07/2026;14:10:00;178085,00;178130,00;177965,00;178035,00;18625937,00;523
WINV26;06/07/2026;14:05:00;178145,00;178210,00;178070,00;178210,00;285050,00;8
WINV26;06/07/2026;14:00:00;178080,00;178180,00;178060,00;178060,00;3205846,00;90
WINV26;06/07/2026;13:55:00;177950,00;177990,00;177890,00;177990,00;1174358,00;33
WINV26;06/07/2026;13:50:00;178070,00;178070,00;177995,00;177995,00;1103776,00;31
WINV26;06/07/2026;13:45:00;177995,00;178090,00;177980,00;178090,00;1246492,00;35
WINV26;06/07/2026;13:40:00;178050,00;178125,00;178020,00;178075,00;7159565,00;201
WINV26;06/07/2026;13:35:00;177900,00;178040,00;177900,00;178040,00;5375363,00;151
WINV26;06/07/2026;13:30:00;177900,00;177910,00;177850,00;177880,00;996187,00;28
WINV26;06/07/2026;13:25:00;177880,00;177915,00;177850,00;177900,00;818299,00;23
WINV26;06/07/2026;13:20:00;177950,00;177975,00;177845,00;177930,00;1280862,00;36
WINV26;06/07/2026;13:15:00;177875,00;177950,00;177850,00;177950,00;1102909,00;31
WINV26;06/07/2026;13:10:00;177920,00;177920,00;177875,00;177875,00;391341,00;11
WINV26;06/07/2026;13:05:00;177905,00;177925,00;177810,00;177885,00;11134317,00;313
WINV26;06/07/2026;13:00:00;177945,00;177975,00;177945,00;177975,00;213558,00;6
WINV26;06/07/2026;12:55:00;177945,00;178000,00;177885,00;177975,00;854241,00;24
WINV26;06/07/2026;12:50:00;178005,00;178015,00;177910,00;177925,00;1316982,00;37
WINV26;06/07/2026;12:45:00;178045,00;178065,00;177980,00;177980,00;1210592,00;34
WINV26;06/07/2026;12:40:00;178175,00;178200,00;178035,00;178035,00;2315512,00;65
WINV26;06/07/2026;12:35:00;178150,00;178180,00;178070,00;178165,00;4524509,00;127
WINV26;06/07/2026;12:30:00;178035,00;178145,00;177995,00;178110,00;23043501,00;647
WINV26;06/07/2026;12:25:00;177895,00;178050,00;177890,00;178025,00;1317146,00;37
WINV26;06/07/2026;12:20:00;177815,00;177930,00;177815,00;177930,00;2241716,00;63
WINV26;06/07/2026;12:15:00;178005,00;178020,00;177785,00;177830,00;4304760,00;121
WINV26;06/07/2026;12:10:00;177945,00;178065,00;177915,00;177975,00;17447413,00;490
WINV26;06/07/2026;12:05:00;177920,00;178025,00;177855,00;177950,00;28615938,00;804
WINV26;06/07/2026;12:00:00;177815,00;177955,00;177810,00;177925,00;5088116,00;143
WINV26;06/07/2026;11:55:00;177810,00;177875,00;177770,00;177870,00;4552288,00;128
WINV26;06/07/2026;11:50:00;177715,00;177925,00;177705,00;177800,00;16924721,00;476
WINV26;06/07/2026;11:45:00;177780,00;177845,00;177620,00;177730,00;52468297,00;1476
WINV26;06/07/2026;11:40:00;177850,00;177885,00;177700,00;177805,00;32287024,00;908
WINV26;06/07/2026;11:35:00;178000,00;178000,00;177865,00;177875,00;6902858,00;194
WINV26;06/07/2026;11:30:00;177900,00;177945,00;177890,00;177925,00;1067548,00;30
WINV26;06/07/2026;11:25:00;178005,00;178160,00;177945,00;178030,00;1709336,00;48
WINV26;06/07/2026;11:20:00;177980,00;178055,00;177935,00;177995,00;427180,00;12
WINV26;06/07/2026;11:15:00;177980,00;178025,00;177900,00;178025,00;7190920,00;202
WINV26;06/07/2026;11:10:00;177860,00;178075,00;177850,00;178010,00;5515110,00;155
WINV26;06/07/2026;11:05:00;178115,00;178165,00;177850,00;177855,00;46210971,00;1298
WINV26;06/07/2026;11:00:00;178410,00;178535,00;178080,00;178105,00;31287877,00;878
WINV26;06/07/2026;10:55:00;178650,00;178655,00;178315,00;178450,00;1356109,00;38
WINV26;06/07/2026;10:50:00;178990,00;178990,00;178565,00;178740,00;28941032,00;810
WINV26;06/07/2026;10:45:00;178700,00;179210,00;178700,00;178990,00;41131054,00;1149
WINV26;06/07/2026;10:40:00;178475,00;178755,00;178400,00;178755,00;12435507,00;348
WINV26;06/07/2026;10:35:00;178445,00;178645,00;178385,00;178400,00;2570957,00;72
WINV26;06/07/2026;10:30:00;178410,00;178700,00;178300,00;178405,00;7248035,00;203
WINV26;06/07/2026;10:25:00;178470,00;178495,00;178250,00;178440,00;33918572,00;951
WINV26;06/07/2026;10:20:00;178710,00;178765,00;178490,00;178580,00;2642774,00;74
WINV26;06/07/2026;10:15:00;178625,00;178870,00;178590,00;178665,00;7577276,00;212
WINV26;06/07/2026;10:10:00;178790,00;179035,00;178685,00;178690,00;7763955,00;217
WINV26;06/07/2026;10:05:00;178685,00;178970,00;178685,00;178755,00;6901861,00;193
WINV26;06/07/2026;10:00:00;178820,00;178820,00;178580,00;178675,00;17904226,00;501
WINV26;06/07/2026;09:55:00;178850,00;178890,00;178780,00;178890,00;1394851,00;39
WINV26;06/07/2026;09:50:00;178905,00;178940,00;178815,00;178845,00;5867008,00;164
WINV26;06/07/2026;09:45:00;179030,00;179035,00;178850,00;178850,00;357902,00;10
WINV26;06/07/2026;09:40:00;178950,00;179050,00;178870,00;179030,00;787476,00;22
WINV26;06/07/2026;09:35:00;179060,00;179060,00;178940,00;178950,00;429608,00;12
WINV26;06/07/2026;09:30:00;179095,00;179175,00;178995,00;179025,00;1253432,00;35
WINV26;06/07/2026;09:25:00;179110,00;179110,00;178840,00;179050,00;2540932,00;71
WINV26;06/07/2026;09:20:00;179340,00;179340,00;179075,00;179075,00;3833783,00;107
WINV26;06/07/2026;09:15:00;179300,00;179625,00;179220,00;179505,00;2009971,00;56
WINV26;06/07/2026;09:10:00;179230,00;179295,00;178950,00;179260,00;5230009,00;146
WINV26;06/07/2026;09:05:00;179370,00;179440,00;179120,00;179255,00;9748967,00;272
WINV26;06/07/2026;09:00:00;180550,00;180560,00;179250,00;179345,00;15185723,00;422
WINV26;03/07/2026;18:20:00;180540,00;180540,00;180490,00;180490,00;397098,00;11
WINV26;03/07/2026;18:15:00;180560,00;180575,00;180525,00;180525,00;938750,00;26
WINV26;03/07/2026;18:10:00;180550,00;180590,00;180550,00;180585,00;325053,00;9
WINV26;03/07/2026;18:05:00;180615,00;180615,00;180590,00;180590,00;469589,00;13
WINV26;03/07/2026;17:55:00;180595,00;180595,00;180590,00;180590,00;325063,00;9
WINV26;03/07/2026;17:50:00;180635,00;180635,00;180605,00;180605,00;216732,00;6
WINV26;03/07/2026;17:45:00;180535,00;180565,00;180535,00;180545,00;108329,00;3
WINV26;03/07/2026;17:40:00;180545,00;180555,00;180540,00;180555,00;216659,00;6
WINV26;03/07/2026;17:35:00;180585,00;180610,00;180560,00;180570,00;722339,00;20
WINV26;03/07/2026;17:30:00;180475,00;180585,00;180475,00;180585,00;1155454,00;32
WINV26;03/07/2026;17:25:00;180470,00;180470,00;180420,00;180430,00;505290,00;14
WINV26;03/07/2026;17:10:00;180400,00;180430,00;180400,00;180430,00;72166,00;2
WINV26;03/07/2026;17:05:00;180335,00;180400,00;180335,00;180365,00;252518,00;7
WINV26;03/07/2026;17:00:00;180400,00;180400,00;180370,00;180370,00;72154,00;2
WINV26;03/07/2026;16:55:00;180520,00;180565,00;180520,00;180565,00;686060,00;19
WINV26;03/07/2026;16:50:00;180365,00;180495,00;180340,00;180470,00;505221,00;14
WINV26;03/07/2026;16:40:00;180375,00;180375,00;180305,00;180335,00;504930,00;14
WINV26;03/07/2026;16:35:00;180365,00;180430,00;180365,00;180425,00;324725,00;9
WINV26;03/07/2026;16:30:00;180470,00;180470,00;180380,00;180380,00;324758,00;9
WINV26;03/07/2026;16:25:00;180475,00;180475,00;180445,00;180445,00;505308,00;14
WINV26;03/07/2026;16:20:00;180520,00;180600,00;180520,00;180570,00;324975,00;9
WINV26;03/07/2026;16:10:00;180540,00;180540,00;180475,00;180530,00;2816105,00;78
WINV26;03/07/2026;16:05:00;180575,00;180610,00;180575,00;180610,00;144481,00;4
WINV26;03/07/2026;16:00:00;180575,00;180620,00;180575,00;180620,00;108363,00;3
WINV26;03/07/2026;15:55:00;180575,00;180620,00;180575,00;180620,00;108360,00;3
WINV26;03/07/2026;15:25:00;180600,00;180600,00;180600,00;180600,00;1083600,00;30
WINV26;03/07/2026;15:15:00;180580,00;180600,00;180580,00;180600,00;108354,00;3
WINV26;03/07/2026;15:10:00;180585,00;180650,00;180585,00;180590,00;939056,00;26
WINV26;03/07/2026;15:05:00;180600,00;180600,00;180520,00;180520,00;1191541,00;33
WINV26;03/07/2026;15:00:00;180635,00;180635,00;180630,00;180630,00;1408928,00;39
WINV26;03/07/2026;14:55:00;180715,00;180720,00;180665,00;180720,00;1048003,00;29
WINV26;03/07/2026;14:50:00;180700,00;180700,00;180700,00;180700,00;72280,00;2
WINV26;03/07/2026;14:45:00;180750,00;180760,00;180735,00;180760,00;216898,00;6
WINV26;03/07/2026;14:40:00;180820,00;180820,00;180780,00;180780,00;144648,00;4
WINV26;03/07/2026;14:35:00;180750,00;180825,00;180750,00;180825,00;2024460,00;56
WINV26;03/07/2026;14:30:00;180750,00;180750,00;180730,00;180730,00;108446,00;3
WINV26;03/07/2026;14:25:00;180600,00;180750,00;180600,00;180750,00;325252,00;9
WINV26;03/07/2026;14:20:00;180580,00;180595,00;180520,00;180520,00;288904,00;8
WINV26;03/07/2026;14:15:00;180565,00;180565,00;180515,00;180515,00;2058327,00;57
WINV26;03/07/2026;14:10:00;180690,00;180690,00;180565,00;180565,00;144512,00;4
WINV26;03/07/2026;14:05:00;180665,00;180665,00;180665,00;180665,00;36133,00;1
WINV26;03/07/2026;14:00:00;180630,00;180630,00;180615,00;180615,00;1119816,00;31
WINV26;03/07/2026;13:55:00;180655,00;180655,00;180655,00;180655,00;36131,00;1
WINV26;03/07/2026;13:50:00;180650,00;180660,00;180650,00;180660,00;903298,00;25
WINV26;03/07/2026;13:45:00;180735,00;180735,00;180735,00;180735,00;36147,00;1
WINV26;03/07/2026;13:40:00;180745,00;180745,00;180685,00;180685,00;614341,00;17
WINV26;03/07/2026;13:30:00;180705,00;180730,00;180670,00;180730,00;1228754,00;34
WINV26;03/07/2026;13:25:00;180805,00;180805,00;180725,00;180725,00;542364,00;15
WINV26;03/07/2026;13:15:00;180830,00;180830,00;180805,00;180805,00;976472,00;27
WINV26;03/07/2026;13:10:00;180890,00;180910,00;180805,00;180805,00;470277,00;13
WINV26;03/07/2026;13:05:00;180775,00;180945,00;180765,00;180845,00;6147484,00;170
WINV26;03/07/2026;13:00:00;180750,00;180785,00;180705,00;180750,00;2386216,00;66
WINV26;03/07/2026;12:55:00;180755,00;180755,00;180665,00;180690,00;722810,00;20
WINV26;03/07/2026;12:50:00;180680,00;180760,00;180680,00;180760,00;7374588,00;204
WINV26;03/07/2026;12:45:00;180690,00;180740,00;180680,00;180680,00;180708,00;5
WINV26;03/07/2026;12:40:00;180715,00;180715,00;180715,00;180715,00;72286,00;2
WINV26;03/07/2026;12:35:00;180605,00;180750,00;180605,00;180695,00;578226,00;16
WINV26;03/07/2026;12:30:00;180595,00;180650,00;180550,00;180585,00;288953,00;8
WINV26;03/07/2026;12:25:00;180660,00;180660,00;180590,00;180610,00;614134,00;17
WINV26;03/07/2026;12:20:00;180595,00;180700,00;180580,00;180645,00;2239872,00;62
WINV26;03/07/2026;12:15:00;180700,00;180700,00;180600,00;180670,00;433563,00;12
WINV26;03/07/2026;12:10:00;180560,00;180695,00;180525,00;180625,00;2637338,00;73
WINV26;03/07/2026;12:05:00;180575,00;180640,00;180575,00;180580,00;361213,00;10
WINV26;03/07/2026;12:00:00;180465,00;180640,00;180465,00;180575,00;6246975,00;173
WINV26;03/07/2026;11:55:00;180400,00;180530,00;180400,00;180405,00;1443646,00;40
WINV26;03/07/2026;11:50:00;180360,00;180410,00;180350,00;180410,00;865751,00;24
WINV26;03/07/2026;11:45:00;180325,00;180325,00;180300,00;180305,00;108186,00;3
WINV26;03/07/2026;11:40:00;180440,00;180475,00;180350,00;180460,00;432967,00;12
WINV26;03/07/2026;11:35:00;180160,00;180470,00;180160,00;180375,00;829626,00;23
WINV26;03/07/2026;11:30:00;180250,00;180355,00;180200,00;180200,00;576942,00;16
WINV26;03/07/2026;11:25:00;180245,00;180250,00;180240,00;180250,00;396539,00;11
WINV26;03/07/2026;11:20:00;180200,00;180295,00;180200,00;180255,00;432591,00;12
WINV26;03/07/2026;11:15:00;180235,00;180335,00;180100,00;180115,00;828942,00;23
WINV26;03/07/2026;11:10:00;180430,00;180450,00;180175,00;180265,00;2992899,00;83
WINV26;03/07/2026;11:05:00;180155,00;180445,00;180155,00;180410,00;12837835,00;356
WINV26;03/07/2026;11:00:00;179860,00;180135,00;179860,00;180135,00;2520286,00;70
WINV26;03/07/2026;10:55:00;179775,00;179910,00;179775,00;179860,00;1762044,00;49
WINV26;03/07/2026;10:50:00;179660,00;179925,00;179660,00;179775,00;19050261,00;530
WINV26;03/07/2026;10:45:00;179700,00;179700,00;179645,00;179645,00;107809,00;3
WINV26;03/07/2026;10:40:00;179645,00;179830,00;179550,00;179765,00;3341922,00;93
WINV26;03/07/2026;10:35:00;179355,00;179650,00;179355,00;179650,00;574378,00;16
WINV26;03/07/2026;10:30:00;179460,00;179505,00;179200,00;179320,00;1578608,00;44
WINV26;03/07/2026;10:25:00;179225,00;179680,00;179225,00;179485,00;4772807,00;133
WINV26;03/07/2026;10:20:00;179410,00;179410,00;179075,00;179195,00;5411029,00;151
WINV26;03/07/2026;10:15:00;179410,00;179665,00;179275,00;179385,00;10476905,00;292
WINV26;03/07/2026;10:10:00;179670,00;179735,00;179455,00;179455,00;2514702,00;70
WINV26;03/07/2026;10:05:00;180045,00;180045,00;179605,00;179650,00;2662187,00;74
WINV26;03/07/2026;10:00:00;180170,00;180225,00;179905,00;180075,00;18257017,00;507
WINV26;03/07/2026;09:55:00;180300,00;180300,00;180000,00;180010,00;14049538,00;390
WINV26;03/07/2026;09:50:00;180285,00;180500,00;180245,00;180315,00;1623639,00;45
WINV26;03/07/2026;09:45:00;180085,00;180255,00;180085,00;180255,00;756759,00;21
WINV26;03/07/2026;09:40:00;180185,00;180190,00;179995,00;180060,00;756369,00;21
WINV26;03/07/2026;09:35:00;180145,00;180300,00;180045,00;180255,00;1405370,00;39
WINV26;03/07/2026;09:30:00;180475,00;180475,00;180145,00;180145,00;1730824,00;48
WINV26;03/07/2026;09:25:00;180325,00;180500,00;180320,00;180375,00;9523879,00;264
WINV26;03/07/2026;09:20:00;180145,00;180385,00;180140,00;180290,00;3568844,00;99
WINV26;03/07/2026;09:15:00;180215,00;180305,00;180015,00;180240,00;9403541,00;261
WINV26;03/07/2026;09:10:00;180180,00;180245,00;179900,00;180200,00;27060686,00;751
WINV26;03/07/2026;09:05:00;179690,00;180455,00;179690,00;180280,00;138307863,00;3835
WINV26;03/07/2026;09:00:00;179200,00;179735,00;179200,00;179605,00;77751620,00;2165
WINV26;02/07/2026;18:20:00;178945,00;178945,00;178860,00;178880,00;59751418,00;1670
WINV26;02/07/2026;18:15:00;178990,00;178990,00;178920,00;178975,00;214759,00;6
WINV26;02/07/2026;18:10:00;179030,00;179035,00;179015,00;179020,00;1539625,00;43
WINV26;02/07/2026;18:00:00;179070,00;179070,00;179070,00;179070,00;35814,00;1
WINV26;02/07/2026;17:55:00;179055,00;179070,00;179025,00;179070,00;2148386,00;60
WINV26;02/07/2026;17:50:00;179060,00;179145,00;179050,00;179145,00;1683383,00;47
WINV26;02/07/2026;17:45:00;179100,00;179100,00;179095,00;179095,00;250739,00;7
WINV26;02/07/2026;17:40:00;179080,00;179080,00;179080,00;179080,00;71632,00;2
WINV26;02/07/2026;17:30:00;179130,00;179165,00;179105,00;179105,00;2292866,00;64
WINV26;02/07/2026;17:25:00;178980,00;179100,00;178980,00;179100,00;358097,00;10
WINV26;02/07/2026;17:20:00;179035,00;179035,00;179030,00;179030,00;71613,00;2
WINV26;02/07/2026;17:15:00;179035,00;179035,00;179035,00;179035,00;1790350,00;50
WINV26;02/07/2026;17:10:00;179040,00;179040,00;179010,00;179025,00;1002538,00;28
WINV26;02/07/2026;17:05:00;179105,00;179125,00;179025,00;179025,00;3474409,00;97
WINV26;02/07/2026;17:00:00;179045,00;179110,00;178855,00;179080,00;3471791,00;97
WINV26;02/07/2026;16:55:00;178795,00;179025,00;178795,00;179025,00;1753482,00;49
WINV26;02/07/2026;16:50:00;178650,00;178700,00;178650,00;178700,00;1679454,00;47
WINV26;02/07/2026;16:45:00;178715,00;178715,00;178595,00;178595,00;1250262,00;35
WINV26;02/07/2026;16:40:00;178675,00;178760,00;178665,00;178730,00;1072238,00;30
WINV26;02/07/2026;16:35:00;178645,00;178645,00;178645,00;178645,00;35729,00;1
WINV26;02/07/2026;16:30:00;178595,00;178595,00;178585,00;178595,00;428623,00;12
WINV26;02/07/2026;16:25:00;178615,00;178615,00;178440,00;178555,00;19891646,00;557
WINV26;02/07/2026;16:20:00;178630,00;178630,00;178630,00;178630,00;357260,00;10
WINV26;02/07/2026;16:15:00;178675,00;178675,00;178620,00;178660,00;643168,00;18
WINV26;02/07/2026;16:10:00;178740,00;178740,00;178680,00;178730,00;929289,00;26
WINV26;02/07/2026;16:05:00;178840,00;178840,00;178780,00;178780,00;143054,00;4
WINV26;02/07/2026;16:00:00;178910,00;178940,00;178800,00;178800,00;679806,00;19
WINV26;02/07/2026;15:55:00;178985,00;179050,00;178985,00;179000,00;250632,00;7
WINV26;02/07/2026;15:50:00;178960,00;178985,00;178930,00;178945,00;1682133,00;47
WINV26;02/07/2026;15:45:00;178870,00;179000,00;178795,00;178960,00;3972182,00;111
WINV26;02/07/2026;15:40:00;178970,00;178970,00;178930,00;178930,00;214756,00;6
WINV26;02/07/2026;15:35:00;178920,00;178935,00;178840,00;178900,00;1502720,00;42
WINV26;02/07/2026;15:30:00;178740,00;178985,00;178740,00;178855,00;3505201,00;98
WINV26;02/07/2026;15:25:00;178535,00;178725,00;178470,00;178725,00;6143410,00;172
WINV26;02/07/2026;15:20:00;178410,00;178500,00;178410,00;178495,00;499700,00;14
WINV26;02/07/2026;15:15:00;178475,00;178475,00;178360,00;178395,00;1213173,00;34
WINV26;02/07/2026;15:10:00;178625,00;178625,00;178510,00;178515,00;1035674,00;29
WINV26;02/07/2026;15:05:00;178525,00;178615,00;178440,00;178600,00;10961148,00;307
WINV26;02/07/2026;15:00:00;178305,00;178490,00;178295,00;178440,00;1249023,00;35
WINV26;02/07/2026;14:55:00;178385,00;178435,00;178315,00;178315,00;606442,00;17
WINV26;02/07/2026;14:50:00;178435,00;178440,00;178320,00;178370,00;642233,00;18
WINV26;02/07/2026;14:45:00;178400,00;178495,00;178380,00;178465,00;428235,00;12
WINV26;02/07/2026;14:40:00;178385,00;178415,00;178350,00;178375,00;392447,00;11
WINV26;02/07/2026;14:35:00;178390,00;178400,00;178315,00;178320,00;249709,00;7
WINV26;02/07/2026;14:30:00;178405,00;178500,00;178405,00;178430,00;2319862,00;65
WINV26;02/07/2026;14:25:00;178375,00;178435,00;178375,00;178435,00;249761,00;7
WINV26;02/07/2026;14:20:00;178500,00;178500,00;178380,00;178400,00;1355885,00;38
WINV26;02/07/2026;14:15:00;178460,00;178575,00;178455,00;178505,00;3784453,00;106
WINV26;02/07/2026;14:10:00;178550,00;178550,00;178440,00;178525,00;856609,00;24
WINV26;02/07/2026;14:05:00;178440,00;178565,00;178440,00;178490,00;856869,00;24
WINV26;02/07/2026;14:00:00;178295,00;178500,00;178295,00;178410,00;1106072,00;31
WINV26;02/07/2026;13:55:00;178435,00;178435,00;178250,00;178255,00;3282073,00;92
WINV26;02/07/2026;13:50:00;178590,00;178590,00;178450,00;178450,00;4891153,00;137
WINV26;02/07/2026;13:45:00;178510,00;178595,00;178435,00;178550,00;2106343,00;59
WINV26;02/07/2026;13:40:00;178395,00;178535,00;178395,00;178505,00;1249389,00;35
WINV26;02/07/2026;13:35:00;178500,00;178500,00;178350,00;178375,00;1142106,00;32
WINV26;02/07/2026;13:30:00;178395,00;178470,00;178355,00;178395,00;3068829,00;86
WINV26;02/07/2026;13:25:00;178425,00;178500,00;178350,00;178370,00;4675375,00;131
WINV26;02/07/2026;13:20:00;178535,00;178595,00;178250,00;178425,00;32712278,00;917
WINV26;02/07/2026;13:15:00;178560,00;178615,00;178535,00;178580,00;4786442,00;134
WINV26;02/07/2026;13:10:00;178460,00;178665,00;178460,00;178595,00;678545,00;19
WINV26;02/07/2026;13:05:00;178565,00;178590,00;178415,00;178425,00;2926755,00;82
WINV26;02/07/2026;13:00:00;178600,00;178730,00;178575,00;178605,00;821875,00;23
WINV26;02/07/2026;12:55:00;178600,00;178600,00;178460,00;178460,00;392750,00;11
WINV26;02/07/2026;12:50:00;178485,00;178500,00;178435,00;178500,00;214159,00;6
WINV26;02/07/2026;12:45:00;178555,00;178600,00;178555,00;178600,00;71431,00;2
WINV26;02/07/2026;12:40:00;178585,00;178615,00;178575,00;178615,00;892926,00;25
WINV26;02/07/2026;12:35:00;178500,00;178570,00;178485,00;178570,00;464118,00;13
WINV26;02/07/2026;12:30:00;178500,00;178545,00;178440,00;178440,00;1321055,00;37
WINV26;02/07/2026;12:25:00;178465,00;178575,00;178350,00;178350,00;1677642,00;47
WINV26;02/07/2026;12:20:00;178160,00;178500,00;178120,00;178500,00;12231620,00;343
WINV26;02/07/2026;12:15:00;178400,00;178455,00;178030,00;178145,00;18164415,00;510
WINV26;02/07/2026;12:10:00;178480,00;178520,00;178450,00;178460,00;1106501,00;31
WINV26;02/07/2026;12:05:00;178550,00;178550,00;178185,00;178235,00;8422296,00;236
WINV26;02/07/2026;12:00:00;178715,00;178880,00;178625,00;178670,00;3682676,00;103
WINV26;02/07/2026;11:55:00;178655,00;178750,00;178620,00;178745,00;1429525,00;40
WINV26;02/07/2026;11:50:00;178675,00;178705,00;178535,00;178685,00;1357352,00;38
WINV26;02/07/2026;11:45:00;178600,00;178800,00;178510,00;178750,00;7180374,00;201
WINV26;02/07/2026;11:40:00;178560,00;178665,00;178410,00;178645,00;134929724,00;3778
WINV26;02/07/2026;11:35:00;178910,00;178935,00;178555,00;178660,00;11946320,00;334
WINV26;02/07/2026;11:30:00;178955,00;179300,00;178860,00;178875,00;136150891,00;3804
WINV26;02/07/2026;11:25:00;179200,00;179300,00;178950,00;179000,00;5335870,00;149
WINV26;02/07/2026;11:20:00;179615,00;179615,00;179250,00;179250,00;1543039,00;43
WINV26;02/07/2026;11:15:00;179830,00;179880,00;179685,00;179685,00;107879,00;3
WINV26;02/07/2026;11:10:00;179600,00;179720,00;179490,00;179695,00;933705,00;26
WINV26;02/07/2026;11:05:00;179735,00;179805,00;179670,00;179670,00;898917,00;25
WINV26;02/07/2026;11:00:00;179770,00;179940,00;179650,00;179940,00;10564375,00;294
WINV26;02/07/2026;10:55:00;180130,00;180130,00;179525,00;179720,00;13591794,00;378
WINV26;02/07/2026;10:50:00;180285,00;180485,00;180100,00;180175,00;17887371,00;496
WINV26;02/07/2026;10:45:00;180535,00;180790,00;180300,00;180320,00;17416638,00;482
WINV26;02/07/2026;10:40:00;180235,00;180595,00;180150,00;180575,00;15578886,00;432
WINV26;02/07/2026;10:35:00;179410,00;180200,00;179410,00;180160,00;5683081,00;158
WINV26;02/07/2026;10:30:00;179000,00;179425,00;179000,00;179260,00;9177837,00;256
WINV26;02/07/2026;10:25:00;179215,00;179250,00;178850,00;178945,00;25407327,00;709
WINV26;02/07/2026;10:20:00;179300,00;179350,00;179060,00;179240,00;41699215,00;1163
WINV26;02/07/2026;10:15:00;179710,00;179710,00;179245,00;179350,00;12126638,00;338
WINV26;02/07/2026;10:10:00;179550,00;179710,00;179375,00;179400,00;718272,00;20
WINV26;02/07/2026;10:05:00;179450,00;179565,00;179445,00;179500,00;1148548,00;32
WINV26;02/07/2026;10:00:00;179580,00;179600,00;179020,00;179370,00;9142200,00;255
WINV26;02/07/2026;09:55:00;179505,00;179505,00;179390,00;179495,00;502474,00;14
WINV26;02/07/2026;09:50:00;179580,00;179580,00;179465,00;179465,00;1256399,00;35
WINV26;02/07/2026;09:45:00;179960,00;179970,00;179440,00;179590,00;4564901,00;127
WINV26;02/07/2026;09:40:00;180270,00;180365,00;180000,00;180090,00;14193917,00;394
WINV26;02/07/2026;09:35:00;179815,00;180265,00;179725,00;180245,00;18254408,00;507
WINV26;02/07/2026;09:30:00;178700,00;179870,00;178290,00;179840,00;15640766,00;436
WINV26;02/07/2026;09:25:00;178440,00;178745,00;178440,00;178685,00;1214762,00;34
WINV26;02/07/2026;09:20:00;178275,00;178500,00;178200,00;178405,00;2317456,00;65
WINV26;02/07/2026;09:15:00;178420,00;178550,00;178230,00;178230,00;1141795,00;32
WINV26;02/07/2026;09:10:00;178345,00;178410,00;178270,00;178370,00;1105695,00;31
WINV26;02/07/2026;09:05:00;178400,00;178400,00;177940,00;178250,00;3991898,00;112
WINV26;02/07/2026;09:00:00;178075,00;178605,00;177685,00;178460,00;52090796,00;1464
WINV26;01/07/2026;18:20:00;178300,00;178300,00;178295,00;178295,00;320939,00;9
WINV26;01/07/2026;18:15:00;178235,00;178280,00;178235,00;178280,00;5276027,00;148
WINV26;01/07/2026;18:10:00;178175,00;178245,00;178160,00;178245,00;5202800,00;146
WINV26;01/07/2026;18:05:00;178230,00;178280,00;178180,00;178270,00;26482043,00;743
WINV26;01/07/2026;18:00:00;178230,00;178265,00;178230,00;178265,00;1283292,00;36
WINV26;01/07/2026;17:55:00;178375,00;178375,00;178260,00;178260,00;1426626,00;40
WINV26;01/07/2026;17:50:00;178200,00;178300,00;178200,00;178300,00;249537,00;7
WINV26;01/07/2026;17:45:00;178155,00;178155,00;178150,00;178150,00;142523,00;4
WINV26;01/07/2026;17:40:00;178255,00;178255,00;178255,00;178255,00;35651,00;1
WINV26;01/07/2026;17:35:00;178030,00;178185,00;178030,00;178185,00;6092783,00;171
WINV26;01/07/2026;17:30:00;178020,00;178095,00;178020,00;178095,00;427263,00;12
WINV26;01/07/2026;17:25:00;177965,00;177965,00;177950,00;177950,00;177956,00;5
WINV26;01/07/2026;17:20:00;177950,00;177960,00;177950,00;177960,00;71182,00;2
WINV26;01/07/2026;17:15:00;178045,00;178045,00;177960,00;177960,00;284805,00;8
WINV26;01/07/2026;17:10:00;178080,00;178105,00;178080,00;178090,00;1032901,00;29
WINV26;01/07/2026;17:05:00;178070,00;178090,00;178070,00;178090,00;569844,00;16
WINV26;01/07/2026;17:00:00;177935,00;178010,00;177850,00;178010,00;6867994,00;193
WINV26;01/07/2026;16:55:00;177990,00;178020,00;177935,00;177990,00;783216,00;22
WINV26;01/07/2026;16:50:00;178070,00;178070,00;177965,00;177990,00;640809,00;18
WINV26;01/07/2026;16:45:00;178190,00;178200,00;178140,00;178140,00;391996,00;11
WINV26;01/07/2026;16:40:00;178075,00;178170,00;178065,00;178125,00;819273,00;23
WINV26;01/07/2026;16:35:00;178000,00;178130,00;177995,00;178080,00;605407,00;17
WINV26;01/07/2026;16:30:00;178060,00;178065,00;177940,00;177940,00;7513800,00;211
WINV26;01/07/2026;16:25:00;178095,00;178190,00;178070,00;178070,00;427467,00;12
WINV26;01/07/2026;16:20:00;178120,00;178255,00;178120,00;178255,00;249469,00;7
WINV26;01/07/2026;16:15:00;178040,00;178215,00;178040,00;178160,00;1068854,00;30
WINV26;01/07/2026;16:10:00;178040,00;178050,00;177990,00;178050,00;534075,00;15
WINV26;01/07/2026;16:05:00;177750,00;178285,00;177750,00;178055,00;3809736,00;107
WINV26;01/07/2026;16:00:00;177860,00;177910,00;177750,00;177750,00;355669,00;10
WINV26;01/07/2026;15:50:00;177740,00;177775,00;177740,00;177775,00;142213,00;4
WINV26;01/07/2026;15:40:00;177800,00;177800,00;177800,00;177800,00;35560,00;1
WINV26;01/07/2026;15:35:00;177765,00;177765,00;177765,00;177765,00;71106,00;2
WINV26;01/07/2026;15:30:00;177790,00;177815,00;177750,00;177750,00;320037,00;9
WINV26;01/07/2026;15:25:00;177870,00;177870,00;177840,00;177840,00;177864,00;5
WINV26;01/07/2026;15:20:00;177750,00;177960,00;177750,00;177860,00;2311775,00;65
WINV26;01/07/2026;15:15:00;177710,00;177750,00;177650,00;177710,00;1279488,00;36
WINV26;01/07/2026;15:10:00;177820,00;177820,00;177660,00;177775,00;2630227,00;74
WINV26;01/07/2026;15:05:00;177925,00;177925,00;177835,00;177845,00;853812,00;24
WINV26;01/07/2026;15:00:00;178000,00;178030,00;177925,00;177925,00;320323,00;9
WINV26;01/07/2026;14:55:00;177830,00;177910,00;177795,00;177910,00;2560675,00;72
WINV26;01/07/2026;14:50:00;177945,00;177945,00;177745,00;177850,00;2595821,00;73
WINV26;01/07/2026;14:45:00;178230,00;178230,00;177880,00;177890,00;1958095,00;55
WINV26;01/07/2026;14:40:00;178250,00;178300,00;178250,00;178265,00;213927,00;6
WINV26;01/07/2026;14:35:00;178280,00;178295,00;178260,00;178260,00;285249,00;8
WINV26;01/07/2026;14:30:00;178195,00;178195,00;178125,00;178170,00;1104575,00;31
WINV26;01/07/2026;14:25:00;178260,00;178260,00;178260,00;178260,00;784344,00;22
WINV26;01/07/2026;14:20:00;178260,00;178260,00;178260,00;178260,00;35652,00;1
WINV26;01/07/2026;14:15:00;178185,00;178220,00;178185,00;178220,00;142555,00;4
WINV26;01/07/2026;14:10:00;178225,00;178250,00;178225,00;178225,00;142585,00;4
WINV26;01/07/2026;14:05:00;178290,00;178335,00;178195,00;178195,00;641698,00;18
WINV26;01/07/2026;14:00:00;178160,00;178420,00;178115,00;178335,00;1747667,00;49
WINV26;01/07/2026;13:55:00;178060,00;178130,00;178030,00;178055,00;890379,00;25
WINV26;01/07/2026;13:50:00;178200,00;178200,00;178075,00;178110,00;641305,00;18
WINV26;01/07/2026;13:45:00;178260,00;178320,00;178260,00;178320,00;249614,00;7
WINV26;01/07/2026;13:40:00;178315,00;178375,00;178315,00;178360,00;142685,00;4
WINV26;01/07/2026;13:35:00;178230,00;178370,00;178230,00;178315,00;427912,00;12
WINV26;01/07/2026;13:30:00;178270,00;178330,00;178200,00;178200,00;998280,00;28
WINV26;01/07/2026;13:25:00;178030,00;178250,00;178000,00;178250,00;855032,00;24
WINV26;01/07/2026;13:20:00;178090,00;178090,00;178075,00;178075,00;106849,00;3
WINV26;01/07/2026;13:15:00;178130,00;178135,00;178105,00;178105,00;3811766,00;107
WINV26;01/07/2026;13:10:00;178120,00;178135,00;178120,00;178125,00;142503,00;4
WINV26;01/07/2026;13:05:00;178185,00;178190,00;178115,00;178115,00;285074,00;8
WINV26;01/07/2026;13:00:00;178035,00;178120,00;178020,00;178020,00;356158,00;10
WINV26;01/07/2026;12:55:00;178120,00;178125,00;177965,00;178030,00;1424253,00;40
WINV26;01/07/2026;12:50:00;178005,00;178250,00;177995,00;178150,00;3063674,00;86
WINV26;01/07/2026;12:45:00;178150,00;178185,00;178010,00;178010,00;2778636,00;78
WINV26;01/07/2026;12:40:00;177800,00;178125,00;177800,00;178125,00;2491808,00;70
WINV26;01/07/2026;12:35:00;177550,00;177800,00;177550,00;177715,00;2630252,00;74
WINV26;01/07/2026;12:30:00;177330,00;177495,00;177330,00;177495,00;9688762,00;273
WINV26;01/07/2026;12:25:00;177380,00;177560,00;177295,00;177350,00;9261404,00;261
WINV26;01/07/2026;12:20:00;177310,00;177330,00;177220,00;177295,00;5071149,00;143
WINV26;01/07/2026;12:15:00;177425,00;177425,00;177275,00;177305,00;2056516,00;58
WINV26;01/07/2026;12:10:00;177320,00;177410,00;177250,00;177315,00;2944142,00;83
WINV26;01/07/2026;12:05:00;177510,00;177560,00;177285,00;177350,00;2305626,00;65
WINV26;01/07/2026;12:00:00;177395,00;177550,00;177385,00;177515,00;567843,00;16
WINV26;01/07/2026;11:55:00;177615,00;177655,00;177415,00;177450,00;2876491,00;81
WINV26;01/07/2026;11:50:00;177540,00;177850,00;177540,00;177665,00;3127977,00;88
WINV26;01/07/2026;11:45:00;177720,00;177740,00;177440,00;177465,00;8590518,00;242
WINV26;01/07/2026;11:40:00;177830,00;177830,00;177575,00;177590,00;2203577,00;62
WINV26;01/07/2026;11:35:00;177920,00;177920,00;177780,00;177875,00;782472,00;22
WINV26;01/07/2026;11:30:00;177790,00;177885,00;177740,00;177860,00;2525007,00;71
WINV26;01/07/2026;11:25:00;177665,00;177820,00;177645,00;177820,00;1884116,00;53
WINV26;01/07/2026;11:20:00;178120,00;178150,00;177730,00;177730,00;5159652,00;145
WINV26;01/07/2026;11:15:00;177745,00;178200,00;177730,00;177965,00;14240889,00;400
WINV26;01/07/2026;11:10:00;177465,00;177820,00;177465,00;177765,00;4158327,00;117
WINV26;01/07/2026;11:05:00;177555,00;177680,00;177475,00;177550,00;1846652,00;52
WINV26;01/07/2026;11:00:00;177640,00;177640,00;177455,00;177545,00;1349447,00;38
WINV26;01/07/2026;10:55:00;177485,00;177700,00;177450,00;177515,00;18140939,00;511
WINV26;01/07/2026;10:50:00;177615,00;177700,00;177300,00;177415,00;5217287,00;147
WINV26;01/07/2026;10:45:00;177760,00;177945,00;177550,00;177700,00;9283499,00;261
WINV26;01/07/2026;10:40:00;177450,00;177800,00;177205,00;177800,00;7599429,00;214
WINV26;01/07/2026;10:35:00;176940,00;177600,00;176940,00;177485,00;13656482,00;385
WINV26;01/07/2026;10:30:00;176620,00;176865,00;176340,00;176865,00;2789826,00;79
WINV26;01/07/2026;10:25:00;176380,00;176700,00;176220,00;176585,00;10201563,00;289
WINV26;01/07/2026;10:20:00;176185,00;176595,00;176155,00;176425,00;7303620,00;207
WINV26;01/07/2026;10:15:00;176085,00;176395,00;175975,00;176230,00;5675452,00;161
WINV26;01/07/2026;10:10:00;176010,00;176185,00;175805,00;176075,00;31354236,00;891
WINV26;01/07/2026;10:05:00;176060,00;176130,00;175890,00;176030,00;54881638,00;1559
WINV26;01/07/2026;10:00:00;176140,00;176260,00;175990,00;176135,00;42965963,00;1220
WINV26;01/07/2026;09:55:00;176280,00;176380,00;176035,00;176100,00;14128365,00;401
WINV26;01/07/2026;09:50:00;176260,00;176285,00;175925,00;176235,00;31473375,00;894
WINV26;01/07/2026;09:45:00;176110,00;176230,00;176110,00;176215,00;1797293,00;51
WINV26;01/07/2026;09:40:00;176140,00;176175,00;176075,00;176100,00;774909,00;22
WINV26;01/07/2026;09:35:00;176230,00;176235,00;176110,00;176180,00;4051685,00;115
WINV26;01/07/2026;09:30:00;176385,00;176455,00;176170,00;176175,00;5499051,00;156
WINV26;01/07/2026;09:25:00;176380,00;176510,00;176245,00;176380,00;6843255,00;194
WINV26;01/07/2026;09:20:00;176445,00;176600,00;176320,00;176450,00;19866605,00;563
WINV26;01/07/2026;09:15:00;176915,00;176955,00;176400,00;176415,00;12295274,00;348
WINV26;01/07/2026;09:10:00;176820,00;177170,00;176690,00;177000,00;69524235,00;1965
WINV26;01/07/2026;09:05:00;176530,00;176960,00;176450,00;176885,00;3287435,00;93
WINV26;01/07/2026;09:00:00;177760,00;177890,00;176550,00;176550,00;105046210,00;2961
WINV26;30/06/2026;18:20:00;178360,00;178400,00;178295,00;178330,00;45691158,00;1281
WINV26;30/06/2026;18:15:00;178300,00;178385,00;178275,00;178365,00;10875581,00;305
WINV26;30/06/2026;18:10:00;178370,00;178370,00;178350,00;178350,00;463721,00;13
WINV26;30/06/2026;18:05:00;178350,00;178350,00;178350,00;178350,00;35670,00;1
WINV26;30/06/2026;18:00:00;178400,00;178400,00;178315,00;178315,00;107009,00;3
WINV26;30/06/2026;17:55:00;178420,00;178420,00;178420,00;178420,00;356840,00;10
WINV26;30/06/2026;17:50:00;178410,00;178415,00;178400,00;178400,00;285456,00;8
WINV26;30/06/2026;17:45:00;178385,00;178405,00;178345,00;178345,00;1498500,00;42
WINV26;30/06/2026;17:35:00;178285,00;178315,00;178285,00;178285,00;178298,00;5
WINV26;30/06/2026;17:30:00;178345,00;178345,00;178335,00;178335,00;321012,00;9
WINV26;30/06/2026;17:25:00;178360,00;178360,00;178280,00;178335,00;641988,00;18
WINV26;30/06/2026;17:20:00;178385,00;178385,00;178385,00;178385,00;35677,00;1
WINV26;30/06/2026;17:15:00;178470,00;178470,00;178390,00;178400,00;1070510,00;30
WINV26;30/06/2026;17:10:00;178500,00;178500,00;178500,00;178500,00;35700,00;1
WINV26;30/06/2026;17:05:00;178530,00;178530,00;178485,00;178530,00;3820493,00;107
WINV26;30/06/2026;17:00:00;178510,00;178585,00;178510,00;178510,00;821317,00;23
WINV26;30/06/2026;16:55:00;178455,00;178545,00;178455,00;178490,00;3070654,00;86
WINV26;30/06/2026;16:50:00;178560,00;178560,00;178460,00;178460,00;2606069,00;73
WINV26;30/06/2026;16:45:00;178630,00;178630,00;178570,00;178580,00;678608,00;19
WINV26;30/06/2026;16:40:00;178630,00;178630,00;178595,00;178620,00;250069,00;7
WINV26;30/06/2026;16:35:00;178685,00;178715,00;178590,00;178590,00;643033,00;18
WINV26;30/06/2026;16:30:00;178675,00;178765,00;178670,00;178670,00;2251908,00;63
WINV26;30/06/2026;16:25:00;178545,00;178610,00;178500,00;178610,00;535629,00;15
WINV26;30/06/2026;16:20:00;178635,00;178635,00;178530,00;178530,00;428670,00;12
WINV26;30/06/2026;16:15:00;178600,00;178610,00;178565,00;178600,00;285755,00;8
WINV26;30/06/2026;16:10:00;178570,00;178575,00;178555,00;178575,00;178565,00;5
WINV26;30/06/2026;16:05:00;178680,00;178680,00;178575,00;178650,00;1107560,00;31
WINV26;30/06/2026;16:00:00;178775,00;178775,00;178710,00;178710,00;142994,00;4
WINV26;30/06/2026;15:55:00;178800,00;178850,00;178740,00;178760,00;965598,00;27
WINV26;30/06/2026;15:50:00;178735,00;178735,00;178720,00;178720,00;71491,00;2
WINV26;30/06/2026;15:45:00;178675,00;178805,00;178650,00;178805,00;679145,00;19
WINV26;30/06/2026;15:40:00;178730,00;178740,00;178705,00;178720,00;1108133,00;31
WINV26;30/06/2026;15:35:00;178735,00;178815,00;178735,00;178760,00;1108379,00;31
WINV26;30/06/2026;15:30:00;178850,00;178850,00;178695,00;178700,00;2395281,00;67
WINV26;30/06/2026;15:25:00;179025,00;179025,00;178860,00;178860,00;858926,00;24
WINV26;30/06/2026;15:20:00;179045,00;179070,00;179015,00;179020,00;895173,00;25
WINV26;30/06/2026;15:15:00;179005,00;179070,00;178935,00;178990,00;4188552,00;117
WINV26;30/06/2026;15:10:00;178945,00;178990,00;178875,00;178990,00;1073735,00;30
WINV26;30/06/2026;15:05:00;178925,00;178955,00;178880,00;178945,00;1896384,00;53
WINV26;30/06/2026;15:00:00;179070,00;179075,00;178890,00;178955,00;1718590,00;48
WINV26;30/06/2026;14:55:00;179080,00;179165,00;179080,00;179100,00;358216,00;10
WINV26;30/06/2026;14:50:00;178945,00;179125,00;178945,00;179105,00;9201146,00;257
WINV26;30/06/2026;14:45:00;178900,00;178950,00;178900,00;178920,00;644157,00;18
WINV26;30/06/2026;14:40:00;178685,00;178890,00;178685,00;178875,00;5471330,00;153
WINV26;30/06/2026;14:35:00;178720,00;178720,00;178720,00;178720,00;107232,00;3
WINV26;30/06/2026;14:30:00;178735,00;178785,00;178685,00;178730,00;428961,00;12
WINV26;30/06/2026;14:25:00;178690,00;178790,00;178685,00;178785,00;1894714,00;53
WINV26;30/06/2026;14:20:00;178655,00;178690,00;178575,00;178575,00;1464801,00;41
WINV26;30/06/2026;14:15:00;178655,00;178730,00;178655,00;178730,00;1036448,00;29
WINV26;30/06/2026;14:10:00;178485,00;178670,00;178485,00;178655,00;1035722,00;29
WINV26;30/06/2026;14:05:00;178525,00;178535,00;178410,00;178480,00;1677822,00;47
WINV26;30/06/2026;14:00:00;178480,00;178625,00;178480,00;178585,00;1214242,00;34
WINV26;30/06/2026;13:55:00;178585,00;178585,00;178475,00;178475,00;428382,00;12
WINV26;30/06/2026;13:50:00;178540,00;178540,00;178490,00;178535,00;785506,00;22
WINV26;30/06/2026;13:45:00;178610,00;178610,00;178610,00;178610,00;35722,00;1
WINV26;30/06/2026;13:40:00;178665,00;178755,00;178665,00;178695,00;214460,00;6
WINV26;30/06/2026;13:35:00;178745,00;178745,00;178535,00;178680,00;1393465,00;39
WINV26;30/06/2026;13:30:00;178820,00;178820,00;178695,00;178720,00;715026,00;20
WINV26;30/06/2026;13:25:00;178770,00;178895,00;178770,00;178805,00;2146047,00;60
WINV26;30/06/2026;13:20:00;178610,00;178775,00;178605,00;178755,00;2287747,00;64
WINV26;30/06/2026;13:15:00;178620,00;178620,00;178510,00;178535,00;1142917,00;32
WINV26;30/06/2026;13:10:00;178650,00;178655,00;178535,00;178590,00;750026,00;21
WINV26;30/06/2026;13:05:00;178395,00;178650,00;178395,00;178650,00;1178345,00;33
WINV26;30/06/2026;13:00:00;178500,00;178500,00;178405,00;178405,00;892139,00;25
WINV26;30/06/2026;12:55:00;178365,00;178390,00;178345,00;178345,00;463745,00;13
WINV26;30/06/2026;12:50:00;178385,00;178400,00;178290,00;178290,00;1070199,00;30
WINV26;30/06/2026;12:45:00;178285,00;178375,00;178230,00;178295,00;1569090,00;44
WINV26;30/06/2026;12:40:00;178125,00;178265,00;178125,00;178265,00;213855,00;6
WINV26;30/06/2026;12:35:00;178250,00;178300,00;178140,00;178140,00;213867,00;6
WINV26;30/06/2026;12:30:00;178085,00;178105,00;178085,00;178105,00;106855,00;3
WINV26;30/06/2026;12:25:00;178060,00;178300,00;178060,00;178150,00;1247365,00;35
WINV26;30/06/2026;12:20:00;178095,00;178095,00;177915,00;177965,00;889934,00;25
WINV26;30/06/2026;12:15:00;178270,00;178270,00;178015,00;178080,00;2173057,00;61
WINV26;30/06/2026;12:10:00;178270,00;178435,00;178270,00;178270,00;2710793,00;76
WINV26;30/06/2026;12:05:00;178025,00;178230,00;178025,00;178230,00;2743401,00;77
WINV26;30/06/2026;12:00:00;177870,00;178065,00;177870,00;177955,00;3203429,00;90
WINV26;30/06/2026;11:55:00;177700,00;177890,00;177590,00;177890,00;2345802,00;66
WINV26;30/06/2026;11:50:00;177780,00;177925,00;177715,00;177715,00;5831856,00;164
WINV26;30/06/2026;11:45:00;177955,00;177955,00;177720,00;177720,00;1706786,00;48
WINV26;30/06/2026;11:40:00;177750,00;177890,00;177750,00;177890,00;1529308,00;43
WINV26;30/06/2026;11:35:00;177675,00;177815,00;177675,00;177815,00;1066480,00;30
WINV26;30/06/2026;11:30:00;177760,00;177865,00;177605,00;177800,00;3306729,00;93
WINV26;30/06/2026;11:25:00;177935,00;177940,00;177695,00;177755,00;3236434,00;91
WINV26;30/06/2026;11:20:00;177940,00;178000,00;177730,00;177865,00;4518300,00;127
WINV26;30/06/2026;11:15:00;178285,00;178515,00;177895,00;177895,00;13199004,00;370
WINV26;30/06/2026;11:10:00;177845,00;178320,00;177845,00;178260,00;62835742,00;1764
WINV26;30/06/2026;11:05:00;177585,00;177900,00;177585,00;177760,00;8104161,00;228
WINV26;30/06/2026;11:00:00;177500,00;177590,00;177255,00;177545,00;45158788,00;1273
WINV26;30/06/2026;10:55:00;177460,00;177640,00;177345,00;177525,00;5893457,00;166
WINV26;30/06/2026;10:50:00;177285,00;177600,00;177245,00;177505,00;8129294,00;229
WINV26;30/06/2026;10:45:00;177080,00;177580,00;177080,00;177365,00;31603701,00;891
WINV26;30/06/2026;10:40:00;177085,00;177085,00;176780,00;177035,00;34401306,00;972
WINV26;30/06/2026;10:35:00;177190,00;177265,00;177065,00;177085,00;19735179,00;557
WINV26;30/06/2026;10:30:00;177425,00;177625,00;177110,00;177210,00;65987574,00;1860
WINV26;30/06/2026;10:25:00;177485,00;177615,00;177220,00;177400,00;69809829,00;1967
WINV26;30/06/2026;10:20:00;177645,00;177685,00;177370,00;177525,00;19452865,00;548
WINV26;30/06/2026;10:15:00;177435,00;177625,00;177270,00;177585,00;74088321,00;2088
WINV26;30/06/2026;10:10:00;177815,00;177980,00;177415,00;177435,00;30325217,00;853
WINV26;30/06/2026;10:05:00;177920,00;177950,00;177590,00;177860,00;76690246,00;2157
WINV26;30/06/2026;10:00:00;178335,00;178345,00;177875,00;177955,00;10967797,00;308
WINV26;30/06/2026;09:55:00;178475,00;178625,00;178330,00;178390,00;2748376,00;77
WINV26;30/06/2026;09:50:00;178870,00;178895,00;178455,00;178495,00;4002066,00;112
WINV26;30/06/2026;09:45:00;178755,00;178870,00;178730,00;178825,00;536378,00;15
WINV26;30/06/2026;09:40:00;178740,00;178850,00;178565,00;178845,00;6255153,00;175
WINV26;30/06/2026;09:35:00;178680,00;178740,00;178420,00;178650,00;13241610,00;371
WINV26;30/06/2026;09:30:00;178510,00;178750,00;178495,00;178625,00;3393407,00;95
WINV26;30/06/2026;09:25:00;178155,00;178500,00;178085,00;178475,00;10306455,00;289
WINV26;30/06/2026;09:20:00;178505,00;178660,00;178165,00;178175,00;2568873,00;72
WINV26;30/06/2026;09:15:00;178670,00;178670,00;178220,00;178560,00;20132243,00;564
WINV26;30/06/2026;09:10:00;179475,00;179475,00;178635,00;178670,00;6019996,00;168
WINV26;30/06/2026;09:05:00;179585,00;179805,00;179300,00;179505,00;21903163,00;610
WINV26;30/06/2026;09:00:00;179650,00;179745,00;179180,00;179500,00;78236528,00;2181
WINV26;29/06/2026;18:20:00;179620,00;179620,00;179500,00;179500,00;1077287,00;30
WINV26;29/06/2026;18:15:00;179730,00;179730,00;179585,00;179645,00;1077821,00;30
WINV26;29/06/2026;18:10:00;179585,00;179730,00;179585,00;179650,00;2084161,00;58
WINV26;29/06/2026;18:05:00;179590,00;179590,00;179570,00;179570,00;897882,00;25
WINV26;29/06/2026;18:00:00;179690,00;179690,00;179630,00;179645,00;43225598,00;1203
WINV26;29/06/2026;17:55:00;179705,00;179720,00;179665,00;179720,00;431215,00;12
WINV26;29/06/2026;17:40:00;179695,00;179695,00;179695,00;179695,00;35939,00;1
WINV26;29/06/2026;17:35:00;179725,00;179725,00;179690,00;179695,00;1186168,00;33
WINV26;29/06/2026;17:30:00;179770,00;179775,00;179770,00;179775,00;215725,00;6
WINV26;29/06/2026;17:25:00;179795,00;179800,00;179780,00;179780,00;287670,00;8
WINV26;29/06/2026;17:20:00;179715,00;179785,00;179715,00;179785,00;467408,00;13
WINV26;29/06/2026;17:15:00;179675,00;179700,00;179675,00;179700,00;1078125,00;30
WINV26;29/06/2026;17:05:00;179705,00;179710,00;179645,00;179645,00;287501,00;8
WINV26;29/06/2026;17:00:00;179650,00;179695,00;179650,00;179695,00;826481,00;23
WINV26;29/06/2026;16:55:00;179570,00;179585,00;179545,00;179585,00;179567,00;5
WINV26;29/06/2026;16:50:00;179605,00;179700,00;179605,00;179620,00;2155544,00;60
WINV26;29/06/2026;16:45:00;179585,00;179645,00;179540,00;179645,00;431076,00;12
WINV26;29/06/2026;16:40:00;179615,00;179645,00;179535,00;179550,00;646439,00;18
WINV26;29/06/2026;16:35:00;179650,00;179670,00;179585,00;179585,00;395185,00;11
WINV26;29/06/2026;16:30:00;179710,00;179740,00;179645,00;179645,00;610991,00;17
WINV26;29/06/2026;16:25:00;179890,00;179890,00;179700,00;179760,00;4135314,00;115
WINV26;29/06/2026;16:20:00;179925,00;179925,00;179925,00;179925,00;35985,00;1
WINV26;29/06/2026;16:15:00;179925,00;179925,00;179875,00;179880,00;179886,00;5
WINV26;29/06/2026;16:10:00;179905,00;179925,00;179905,00;179925,00;143929,00;4
WINV26;29/06/2026;16:05:00;179965,00;179975,00;179845,00;179890,00;755559,00;21
WINV26;29/06/2026;16:00:00;179975,00;179985,00;179905,00;179905,00;179946,00;5
WINV26;29/06/2026;15:55:00;179945,00;179955,00;179945,00;179955,00;467877,00;13
WINV26;29/06/2026;15:50:00;180020,00;180020,00;179945,00;179945,00;359981,00;10
WINV26;29/06/2026;15:45:00;180110,00;180120,00;180035,00;180040,00;720341,00;20
WINV26;29/06/2026;15:40:00;180050,00;180110,00;180050,00;180110,00;720388,00;20
WINV26;29/06/2026;15:35:00;180000,00;180045,00;179985,00;180045,00;900129,00;25
WINV26;29/06/2026;15:30:00;179930,00;180015,00;179930,00;180015,00;215979,00;6
WINV26;29/06/2026;15:25:00;179945,00;179970,00;179945,00;179970,00;71983,00;2
WINV26;29/06/2026;15:20:00;179965,00;180010,00;179965,00;180010,00;1043919,00;29
WINV26;29/06/2026;15:15:00;179945,00;179945,00;179900,00;179900,00;71969,00;2
WINV26;29/06/2026;15:10:00;179890,00;179990,00;179890,00;179990,00;791650,00;22
WINV26;29/06/2026;15:05:00;179865,00;179890,00;179815,00;179860,00;3741232,00;104
WINV26;29/06/2026;15:00:00;179895,00;179895,00;179820,00;179885,00;467630,00;13
WINV26;29/06/2026;14:55:00;179775,00;179795,00;179775,00;179795,00;467427,00;13
WINV26;29/06/2026;14:50:00;179780,00;179780,00;179765,00;179765,00;107865,00;3
WINV26;29/06/2026;14:45:00;179700,00;179725,00;179690,00;179725,00;467222,00;13
WINV26;29/06/2026;14:40:00;179790,00;179790,00;179720,00;179720,00;755002,00;21
WINV26;29/06/2026;14:35:00;179830,00;179830,00;179795,00;179795,00;143843,00;4
WINV26;29/06/2026;14:30:00;179805,00;179805,00;179750,00;179780,00;215737,00;6
WINV26;29/06/2026;14:25:00;179865,00;179865,00;179850,00;179850,00;71943,00;2
WINV26;29/06/2026;14:20:00;179900,00;179900,00;179900,00;179900,00;71960,00;2
WINV26;29/06/2026;14:15:00;179920,00;179920,00;179835,00;179845,00;1726805,00;48
WINV26;29/06/2026;14:10:00;179770,00;179905,00;179770,00;179905,00;1150935,00;32
WINV26;29/06/2026;14:05:00;179870,00;179870,00;179860,00;179860,00;71946,00;2
WINV26;29/06/2026;14:00:00;179745,00;179855,00;179745,00;179855,00;395651,00;11
WINV26;29/06/2026;13:55:00;179835,00;179835,00;179735,00;179750,00;3955112,00;110
WINV26;29/06/2026;13:50:00;179880,00;179975,00;179830,00;179860,00;9606463,00;267
WINV26;29/06/2026;13:45:00;179720,00;179925,00;179720,00;179925,00;5826873,00;162
WINV26;29/06/2026;13:40:00;179640,00;179695,00;179625,00;179695,00;4922589,00;137
WINV26;29/06/2026;13:35:00;179650,00;179710,00;179650,00;179670,00;9846431,00;274
WINV26;29/06/2026;13:30:00;179445,00;179600,00;179440,00;179570,00;76566593,00;2132
WINV26;29/06/2026;13:25:00;179270,00;179425,00;179270,00;179425,00;430447,00;12
WINV26;29/06/2026;13:20:00;179345,00;179365,00;179275,00;179275,00;286940,00;8
WINV26;29/06/2026;13:15:00;179235,00;179315,00;179235,00;179310,00;466134,00;13
WINV26;29/06/2026;13:10:00;179210,00;179245,00;179195,00;179220,00;358431,00;10
WINV26;29/06/2026;13:05:00;179080,00;179120,00;179080,00;179120,00;2184814,00;61
WINV26;29/06/2026;13:00:00;178995,00;179115,00;178985,00;179105,00;823705,00;23
WINV26;29/06/2026;12:55:00;179010,00;179075,00;179000,00;179075,00;1002432,00;28
WINV26;29/06/2026;12:50:00;179180,00;179180,00;179015,00;179070,00;537165,00;15
WINV26;29/06/2026;12:45:00;179140,00;179180,00;179140,00;179180,00;322460,00;9
WINV26;29/06/2026;12:40:00;179165,00;179165,00;179105,00;179160,00;3940513,00;110
WINV26;29/06/2026;12:35:00;179240,00;179265,00;179060,00;179135,00;21067480,00;588
WINV26;29/06/2026;12:30:00;179375,00;179375,00;179275,00;179320,00;107594,00;3
WINV26;29/06/2026;12:25:00;179350,00;179390,00;179350,00;179375,00;251117,00;7
WINV26;29/06/2026;12:20:00;179265,00;179330,00;179220,00;179280,00;2043929,00;57
WINV26;29/06/2026;12:15:00;179435,00;179470,00;179275,00;179290,00;932679,00;26
WINV26;29/06/2026;12:10:00;179400,00;179415,00;179265,00;179335,00;681360,00;19
WINV26;29/06/2026;12:05:00;179380,00;179430,00;179325,00;179380,00;430539,00;12
WINV26;29/06/2026;12:00:00;179550,00;179580,00;179255,00;179350,00;2439164,00;68
WINV26;29/06/2026;11:55:00;179435,00;179460,00;179400,00;179460,00;1399381,00;39
WINV26;29/06/2026;11:50:00;179545,00;179560,00;179485,00;179530,00;10339852,00;288
WINV26;29/06/2026;11:45:00;179615,00;179615,00;179420,00;179550,00;88149489,00;2456
WINV26;29/06/2026;11:40:00;179500,00;179665,00;179500,00;179655,00;790389,00;22
WINV26;29/06/2026;11:35:00;179835,00;179900,00;179530,00;179530,00;1006075,00;28
WINV26;29/06/2026;11:30:00;179725,00;179885,00;179725,00;179765,00;4458097,00;124
WINV26;29/06/2026;11:25:00;179715,00;180020,00;179715,00;179770,00;27385795,00;761
WINV26;29/06/2026;11:20:00;179575,00;179805,00;179575,00;179725,00;4456557,00;124
WINV26;29/06/2026;11:15:00;179250,00;179650,00;179250,00;179640,00;288368186,00;8032
WINV26;29/06/2026;11:10:00;179385,00;179385,00;179190,00;179195,00;394288,00;11
WINV26;29/06/2026;11:05:00;179285,00;179305,00;179055,00;179305,00;6163997,00;172
WINV26;29/06/2026;11:00:00;179490,00;179540,00;179235,00;179375,00;117195153,00;3268
WINV26;29/06/2026;10:55:00;179550,00;179600,00;179115,00;179540,00;240201818,00;6696
WINV26;29/06/2026;10:50:00;179530,00;179650,00;179450,00;179615,00;5531371,00;154
WINV26;29/06/2026;10:45:00;179480,00;179620,00;179480,00;179530,00;1867362,00;52
WINV26;29/06/2026;10:40:00;178950,00;179500,00;178950,00;179335,00;123202310,00;3438
WINV26;29/06/2026;10:35:00;178870,00;178950,00;178710,00;178950,00;5471460,00;153
WINV26;29/06/2026;10:30:00;179530,00;179545,00;178900,00;178900,00;120252036,00;3355
WINV26;29/06/2026;10:25:00;179795,00;179840,00;179545,00;179545,00;6398756,00;178
WINV26;29/06/2026;10:20:00;179940,00;180020,00;179705,00;179775,00;6150300,00;171
WINV26;29/06/2026;10:15:00;179960,00;180015,00;179855,00;179905,00;1295681,00;36
WINV26;29/06/2026;10:10:00;180005,00;180415,00;180005,00;180095,00;3207465,00;89
WINV26;29/06/2026;10:05:00;180070,00;180165,00;179925,00;179970,00;2592970,00;72
WINV26;29/06/2026;10:00:00;180095,00;180200,00;179820,00;180140,00;4969060,00;138
WINV26;29/06/2026;09:55:00;179940,00;180095,00;179935,00;180045,00;2016120,00;56
WINV26;29/06/2026;09:50:00;179745,00;179950,00;179745,00;179855,00;2230283,00;62
WINV26;29/06/2026;09:45:00;179550,00;179750,00;179550,00;179745,00;1257357,00;35
WINV26;29/06/2026;09:40:00;179425,00;179580,00;179335,00;179550,00;3552723,00;99
WINV26;29/06/2026;09:35:00;179885,00;179920,00;179430,00;179445,00;6505252,00;181
WINV26;29/06/2026;09:30:00;179645,00;179900,00;179595,00;179850,00;5139615,00;143
WINV26;29/06/2026;09:25:00;179560,00;179600,00;179440,00;179470,00;1579697,00;44
WINV26;29/06/2026;09:20:00;180000,00;180000,00;179500,00;179530,00;17245690,00;480
WINV26;29/06/2026;09:15:00;180110,00;180130,00;179920,00;179920,00;2773372,00;77
WINV26;29/06/2026;09:10:00;180080,00;180115,00;179820,00;180080,00;10763547,00;299
WINV26;29/06/2026;09:05:00;180360,00;180360,00;179970,00;180120,00;16357325,00;454
WINV26;29/06/2026;09:00:00;180565,00;181000,00;180225,00;180400,00;77428599,00;2144
WINV26;26/06/2026;18:20:00;179890,00;179945,00;179865,00;179865,00;863601,00;24
WINV26;26/06/2026;18:15:00;179940,00;179990,00;179900,00;179900,00;2914735,00;81
WINV26;26/06/2026;18:10:00;180035,00;180035,00;179910,00;179960,00;30012948,00;834
WINV26;26/06/2026;18:05:00;180175,00;180200,00;180065,00;180075,00;27992388,00;777
WINV26;26/06/2026;18:00:00;180075,00;180160,00;179925,00;180115,00;3240866,00;90
WINV26;26/06/2026;17:55:00;180130,00;180140,00;180085,00;180085,00;468250,00;13
WINV26;26/06/2026;17:50:00;180045,00;180105,00;180045,00;180105,00;468261,00;13
WINV26;26/06/2026;17:45:00;180020,00;180090,00;180020,00;180085,00;1512431,00;42
WINV26;26/06/2026;17:40:00;179950,00;179950,00;179950,00;179950,00;35990,00;1
WINV26;26/06/2026;17:35:00;179955,00;179990,00;179930,00;179990,00;503852,00;14
WINV26;26/06/2026;17:30:00;180170,00;180170,00;179990,00;179995,00;1692606,00;47
WINV26;26/06/2026;17:25:00;180175,00;180265,00;180175,00;180265,00;2270530,00;63
WINV26;26/06/2026;17:20:00;179980,00;180175,00;179980,00;180175,00;7348650,00;204
WINV26;26/06/2026;17:15:00;179945,00;179945,00;179945,00;179945,00;71978,00;2
WINV26;26/06/2026;17:10:00;179915,00;179915,00;179915,00;179915,00;35983,00;1
WINV26;26/06/2026;17:05:00;179885,00;180010,00;179850,00;180010,00;3275169,00;91
WINV26;26/06/2026;17:00:00;180000,00;180060,00;179990,00;180025,00;792041,00;22
WINV26;26/06/2026;16:55:00;180000,00;180055,00;179900,00;179930,00;467990,00;13
WINV26;26/06/2026;16:50:00;179925,00;180000,00;179890,00;180000,00;1547716,00;43
WINV26;26/06/2026;16:45:00;179965,00;179980,00;179850,00;179915,00;1043477,00;29
WINV26;26/06/2026;16:40:00;180020,00;180020,00;179915,00;179965,00;1367560,00;38
WINV26;26/06/2026;16:35:00;180085,00;180105,00;180045,00;180045,00;360165,00;10
WINV26;26/06/2026;16:30:00;180015,00;180090,00;179945,00;180090,00;1296361,00;36
WINV26;26/06/2026;16:25:00;180080,00;180120,00;180080,00;180120,00;288154,00;8
WINV26;26/06/2026;16:20:00;180085,00;180100,00;179980,00;180065,00;1188277,00;33
WINV26;26/06/2026;16:15:00;180160,00;180170,00;180070,00;180070,00;648467,00;18
WINV26;26/06/2026;16:10:00;180140,00;180150,00;180140,00;180150,00;1837528,00;51
WINV26;26/06/2026;16:05:00;180140,00;180175,00;180050,00;180110,00;2954233,00;82
WINV26;26/06/2026;16:00:00;180195,00;180245,00;180155,00;180165,00;1333561,00;37
WINV26;26/06/2026;15:55:00;180155,00;180180,00;180110,00;180180,00;432343,00;12
WINV26;26/06/2026;15:50:00;180140,00;180195,00;180070,00;180195,00;36028315,00;1000
WINV26;26/06/2026;15:45:00;180250,00;180250,00;180100,00;180150,00;43236890,00;1200
WINV26;26/06/2026;15:40:00;180300,00;180300,00;180260,00;180260,00;360561,00;10
WINV26;26/06/2026;15:35:00;180350,00;180350,00;180270,00;180320,00;1514468,00;42
WINV26;26/06/2026;15:30:00;180455,00;180490,00;180315,00;180315,00;1154135,00;32
WINV26;26/06/2026;15:25:00;180580,00;180630,00;180425,00;180425,00;1913526,00;53
WINV26;26/06/2026;15:20:00;180360,00;180545,00;180360,00;180530,00;397034,00;11
WINV26;26/06/2026;15:15:00;180415,00;180455,00;180370,00;180425,00;396929,00;11
WINV26;26/06/2026;15:10:00;180475,00;180475,00;180395,00;180395,00;1804453,00;50
WINV26;26/06/2026;15:05:00;180570,00;180570,00;180475,00;180475,00;1841024,00;51
WINV26;26/06/2026;15:00:00;180345,00;180605,00;180345,00;180525,00;3934914,00;109
WINV26;26/06/2026;14:55:00;180335,00;180400,00;180335,00;180375,00;613239,00;17
WINV26;26/06/2026;14:50:00;180400,00;180425,00;180365,00;180405,00;252574,00;7
WINV26;26/06/2026;14:45:00;180420,00;180450,00;180380,00;180380,00;577315,00;16
WINV26;26/06/2026;14:40:00;180300,00;180430,00;180300,00;180400,00;1010196,00;28
WINV26;26/06/2026;14:35:00;180370,00;180370,00;180250,00;180250,00;252423,00;7
WINV26;26/06/2026;14:30:00;180395,00;180395,00;180300,00;180350,00;288556,00;8
WINV26;26/06/2026;14:25:00;180305,00;180325,00;180290,00;180290,00;216367,00;6
WINV26;26/06/2026;14:20:00;180200,00;180265,00;180130,00;180230,00;792801,00;22
WINV26;26/06/2026;14:15:00;180300,00;180300,00;180200,00;180200,00;1045335,00;29
WINV26;26/06/2026;14:10:00;180395,00;180395,00;180295,00;180315,00;577146,00;16
WINV26;26/06/2026;14:05:00;180300,00;180455,00;180260,00;180425,00;37032465,00;1027
WINV26;26/06/2026;14:00:00;180140,00;180330,00;180140,00;180330,00;901169,00;25
WINV26;26/06/2026;13:55:00;180080,00;180105,00;180005,00;180105,00;1008361,00;28
WINV26;26/06/2026;13:50:00;179950,00;180045,00;179940,00;180045,00;539996,00;15
WINV26;26/06/2026;13:45:00;180095,00;180095,00;179950,00;180005,00;25598907,00;711
WINV26;26/06/2026;13:40:00;180250,00;180265,00;180115,00;180115,00;1477944,00;41
WINV26;26/06/2026;13:35:00;180340,00;180405,00;180205,00;180255,00;48709173,00;1351
WINV26;26/06/2026;13:30:00;180120,00;180345,00;180120,00;180345,00;1261796,00;35
WINV26;26/06/2026;13:25:00;180050,00;180080,00;180050,00;180050,00;684222,00;19
WINV26;26/06/2026;13:20:00;180180,00;180180,00;180075,00;180135,00;4467041,00;124
WINV26;26/06/2026;13:15:00;180230,00;180230,00;180230,00;180230,00;72092,00;2
WINV26;26/06/2026;13:10:00;180080,00;180100,00;180065,00;180075,00;180077,00;5
WINV26;26/06/2026;13:05:00;180175,00;180260,00;180145,00;180145,00;1153399,00;32
WINV26;26/06/2026;13:00:00;180230,00;180240,00;180180,00;180220,00;360453,00;10
WINV26;26/06/2026;12:55:00;179895,00;180220,00;179895,00;180180,00;504252,00;14
WINV26;26/06/2026;12:50:00;180025,00;180025,00;179845,00;179845,00;5650173,00;157
WINV26;26/06/2026;12:45:00;180060,00;180220,00;180060,00;180095,00;3566167,00;99
WINV26;26/06/2026;12:40:00;180060,00;180060,00;180050,00;180050,00;216066,00;6
WINV26;26/06/2026;12:35:00;179870,00;180060,00;179790,00;180060,00;503723,00;14
WINV26;26/06/2026;12:30:00;180045,00;180130,00;179850,00;179850,00;1044114,00;29
WINV26;26/06/2026;12:25:00;179820,00;180015,00;179785,00;180005,00;2662883,00;74
WINV26;26/06/2026;12:20:00;179715,00;179860,00;179700,00;179785,00;1726364,00;48
WINV26;26/06/2026;12:15:00;179570,00;179795,00;179520,00;179720,00;1078152,00;30
WINV26;26/06/2026;12:10:00;179700,00;179740,00;179585,00;179690,00;1149831,00;32
WINV26;26/06/2026;12:05:00;179555,00;179750,00;179480,00;179725,00;3196924,00;89
WINV26;26/06/2026;12:00:00;179525,00;179650,00;179525,00;179555,00;826066,00;23
WINV26;26/06/2026;11:55:00;179425,00;179480,00;179425,00;179480,00;179450,00;5
WINV26;26/06/2026;11:50:00;179400,00;179590,00;179400,00;179445,00;2333370,00;65
WINV26;26/06/2026;11:45:00;179185,00;179335,00;179075,00;179335,00;1720204,00;48
WINV26;26/06/2026;11:40:00;179350,00;179400,00;179225,00;179230,00;3191665,00;89
WINV26;26/06/2026;11:35:00;179015,00;179320,00;179000,00;179320,00;895794,00;25
WINV26;26/06/2026;11:30:00;178920,00;179150,00;178855,00;179000,00;2613600,00;73
WINV26;26/06/2026;11:25:00;179020,00;179020,00;178820,00;178960,00;4472392,00;125
WINV26;26/06/2026;11:20:00;178990,00;179290,00;178990,00;179070,00;3117684,00;87
WINV26;26/06/2026;11:15:00;178280,00;179000,00;178280,00;179000,00;127202612,00;3561
WINV26;26/06/2026;11:10:00;178355,00;178355,00;178285,00;178285,00;106999,00;3
WINV26;26/06/2026;11:05:00;178100,00;178250,00;178000,00;178250,00;142510,00;4
WINV26;26/06/2026;11:00:00;178285,00;178385,00;178115,00;178230,00;534659,00;15
WINV26;26/06/2026;10:55:00;177955,00;178250,00;177955,00;178235,00;1211680,00;34
WINV26;26/06/2026;10:50:00;177900,00;177960,00;177780,00;177900,00;1174022,00;33
WINV26;26/06/2026;10:45:00;177685,00;177905,00;177550,00;177880,00;675225,00;19
WINV26;26/06/2026;10:40:00;177655,00;177715,00;177600,00;177685,00;23562236,00;663
WINV26;26/06/2026;10:35:00;178110,00;178110,00;177750,00;177760,00;1032052,00;29
WINV26;26/06/2026;10:30:00;177830,00;178115,00;177830,00;177930,00;2028784,00;57
WINV26;26/06/2026;10:25:00;177750,00;177940,00;177595,00;177770,00;1422253,00;40
WINV26;26/06/2026;10:20:00;177810,00;177905,00;177660,00;177865,00;391177,00;11
WINV26;26/06/2026;10:15:00;177855,00;177855,00;177490,00;177660,00;4228300,00;119
WINV26;26/06/2026;10:10:00;178075,00;178145,00;177915,00;177950,00;1032351,00;29
WINV26;26/06/2026;10:05:00;178180,00;178305,00;177950,00;177985,00;3492847,00;98
WINV26;26/06/2026;10:00:00;178200,00;178200,00;177930,00;178065,00;19726064,00;554
WINV26;26/06/2026;09:55:00;178395,00;178395,00;178230,00;178265,00;213954,00;6
WINV26;26/06/2026;09:50:00;178310,00;178470,00;178305,00;178360,00;606405,00;17
WINV26;26/06/2026;09:45:00;178335,00;178515,00;178335,00;178460,00;2212585,00;62
WINV26;26/06/2026;09:40:00;178390,00;178390,00;178195,00;178385,00;6383511,00;179
WINV26;26/06/2026;09:35:00;178600,00;178605,00;178370,00;178370,00;3534159,00;99
WINV26;26/06/2026;09:30:00;178750,00;178800,00;178600,00;178620,00;679096,00;19
WINV26;26/06/2026;09:25:00;178740,00;178790,00;178645,00;178745,00;393140,00;11
WINV26;26/06/2026;09:20:00;178940,00;178940,00;178550,00;178690,00;3860463,00;108
WINV26;26/06/2026;09:15:00;178815,00;179210,00;178815,00;178940,00;10991104,00;307
WINV26;26/06/2026;09:10:00;178430,00;178750,00;178365,00;178750,00;5571381,00;156
WINV26;26/06/2026;09:05:00;178065,00;178620,00;178065,00;178475,00;4887773,00;137
WINV26;26/06/2026;09:00:00;177605,00;178190,00;177465,00;178050,00;46883762,00;1318
WINV26;25/06/2026;18:20:00;178470,00;178470,00;178355,00;178355,00;535088,00;15
WINV26;25/06/2026;18:15:00;178475,00;178520,00;178470,00;178475,00;1249341,00;35
WINV26;25/06/2026;18:10:00;178505,00;178565,00;178505,00;178530,00;26209522,00;734
WINV26;25/06/2026;18:00:00;178590,00;178590,00;178500,00;178500,00;71418,00;2
WINV26;25/06/2026;17:55:00;178560,00;178560,00;178535,00;178535,00;714157,00;20
WINV26;25/06/2026;17:50:00;178600,00;178620,00;178540,00;178540,00;892970,00;25
WINV26;25/06/2026;17:45:00;178585,00;178585,00;178550,00;178560,00;2928423,00;82
WINV26;25/06/2026;17:40:00;178645,00;178645,00;178530,00;178550,00;1571558,00;44
WINV26;25/06/2026;17:35:00;178655,00;178665,00;178605,00;178605,00;678873,00;19
WINV26;25/06/2026;17:30:00;178690,00;178690,00;178615,00;178645,00;142920,00;4
WINV26;25/06/2026;17:25:00;178735,00;178745,00;178735,00;178745,00;714960,00;20
WINV26;25/06/2026;17:15:00;178705,00;178735,00;178705,00;178735,00;3324411,00;93
WINV26;25/06/2026;17:10:00;178700,00;178725,00;178660,00;178660,00;142957,00;4
WINV26;25/06/2026;17:05:00;178635,00;178670,00;178630,00;178670,00;1714969,00;48
WINV26;25/06/2026;17:00:00;178595,00;178735,00;178595,00;178640,00;2072529,00;58
WINV26;25/06/2026;16:55:00;178500,00;178500,00;178425,00;178495,00;4140207,00;116
WINV26;25/06/2026;16:50:00;178565,00;178565,00;178540,00;178540,00;71421,00;2
WINV26;25/06/2026;16:45:00;178640,00;178640,00;178540,00;178540,00;535787,00;15
WINV26;25/06/2026;16:40:00;178805,00;178805,00;178665,00;178665,00;142966,00;4
WINV26;25/06/2026;16:30:00;178705,00;178705,00;178690,00;178700,00;2751979,00;77
WINV26;25/06/2026;16:25:00;178850,00;178850,00;178830,00;178830,00;715350,00;20
WINV26;25/06/2026;16:20:00;178710,00;178785,00;178710,00;178765,00;1072450,00;30
WINV26;25/06/2026;16:10:00;178895,00;178895,00;178895,00;178895,00;35779,00;1
WINV26;25/06/2026;16:05:00;178805,00;178850,00;178785,00;178850,00;357622,00;10
WINV26;25/06/2026;16:00:00;178730,00;178730,00;178715,00;178715,00;285959,00;8
WINV26;25/06/2026;15:50:00;178675,00;178800,00;178655,00;178800,00;1215208,00;34
WINV26;25/06/2026;15:45:00;178775,00;178775,00;178650,00;178650,00;250203,00;7
WINV26;25/06/2026;15:40:00;178640,00;178640,00;178640,00;178640,00;107184,00;3
WINV26;25/06/2026;15:35:00;178710,00;178725,00;178610,00;178705,00;1679663,00;47
WINV26;25/06/2026;15:30:00;179005,00;179005,00;178695,00;178705,00;2433306,00;68
WINV26;25/06/2026;15:25:00;179065,00;179115,00;179025,00;179025,00;1074379,00;30
WINV26;25/06/2026;15:20:00;178970,00;179020,00;178970,00;179015,00;1145614,00;32
WINV26;25/06/2026;15:15:00;178735,00;179035,00;178735,00;179035,00;572498,00;16
WINV26;25/06/2026;15:10:00;178885,00;178885,00;178790,00;178790,00;2468432,00;69
WINV26;25/06/2026;15:05:00;178600,00;178935,00;178550,00;178935,00;6004166,00;168
WINV26;25/06/2026;15:00:00;179135,00;179135,00;178645,00;178680,00;5326751,00;149
WINV26;25/06/2026;14:55:00;179215,00;179260,00;179150,00;179160,00;1827688,00;51
WINV26;25/06/2026;14:50:00;179145,00;179200,00;179145,00;179160,00;1218475,00;34
WINV26;25/06/2026;14:45:00;179010,00;179010,00;179010,00;179010,00;35802,00;1
WINV26;25/06/2026;14:35:00;179150,00;179155,00;179150,00;179155,00;143322,00;4
WINV26;25/06/2026;14:25:00;178950,00;179130,00;178920,00;179065,00;2363275,00;66
WINV26;25/06/2026;14:20:00;178850,00;179015,00;178850,00;178975,00;11127861,00;311
WINV26;25/06/2026;14:15:00;179300,00;179345,00;178895,00;178895,00;859686,00;24
WINV26;25/06/2026;14:05:00;179445,00;179445,00;179445,00;179445,00;71778,00;2
WINV26;25/06/2026;14:00:00;179400,00;179420,00;179400,00;179400,00;179407,00;5
WINV26;25/06/2026;13:55:00;179530,00;179530,00;179305,00;179340,00;466365,00;13
WINV26;25/06/2026;13:50:00;179330,00;179505,00;179270,00;179505,00;2116095,00;59
WINV26;25/06/2026;13:45:00;179275,00;179285,00;179255,00;179285,00;4660970,00;130
WINV26;25/06/2026;13:40:00;179360,00;179360,00;179200,00;179200,00;250980,00;7
WINV26;25/06/2026;13:35:00;179585,00;179585,00;179360,00;179360,00;1112667,00;31
WINV26;25/06/2026;13:30:00;179655,00;179655,00;179590,00;179590,00;71849,00;2
WINV26;25/06/2026;13:25:00;179650,00;179650,00;179650,00;179650,00;35930,00;1
WINV26;25/06/2026;13:20:00;179850,00;179850,00;179785,00;179785,00;287692,00;8
WINV26;25/06/2026;13:15:00;179850,00;179900,00;179850,00;179895,00;1655028,00;46
WINV26;25/06/2026;13:10:00;179750,00;179875,00;179750,00;179850,00;719180,00;20
WINV26;25/06/2026;13:05:00;179655,00;179655,00;179655,00;179655,00;71862,00;2
WINV26;25/06/2026;13:00:00;179570,00;179570,00;179570,00;179570,00;35914,00;1
WINV26;25/06/2026;12:55:00;179615,00;179615,00;179615,00;179615,00;35923,00;1
WINV26;25/06/2026;12:50:00;179630,00;179630,00;179500,00;179585,00;179557,00;5
WINV26;25/06/2026;12:45:00;179690,00;179760,00;179680,00;179700,00;323523,00;9
WINV26;25/06/2026;12:40:00;179625,00;179760,00;179625,00;179760,00;431285,00;12
WINV26;25/06/2026;12:35:00;179580,00;179620,00;179565,00;179620,00;323264,00;9
WINV26;25/06/2026;12:30:00;179525,00;179610,00;179525,00;179605,00;1615918,00;45
WINV26;25/06/2026;12:25:00;179390,00;179500,00;179380,00;179495,00;2224883,00;62
WINV26;25/06/2026;12:20:00;179230,00;179450,00;179230,00;179425,00;1542777,00;43
WINV26;25/06/2026;12:15:00;179065,00;179250,00;179035,00;179220,00;501631,00;14
WINV26;25/06/2026;12:10:00;179160,00;179160,00;178960,00;179110,00;1575717,00;44
WINV26;25/06/2026;12:05:00;179295,00;179385,00;179085,00;179125,00;1183008,00;33
WINV26;25/06/2026;12:00:00;179190,00;179250,00;179000,00;179250,00;1289882,00;36
WINV26;25/06/2026;11:55:00;179220,00;179250,00;179100,00;179220,00;1075060,00;30
WINV26;25/06/2026;11:50:00;179600,00;179600,00;179210,00;179250,00;36345016,00;1013
WINV26;25/06/2026;11:45:00;179790,00;179790,00;179455,00;179510,00;8725278,00;243
WINV26;25/06/2026;11:40:00;179780,00;179780,00;179700,00;179755,00;179749,00;5
WINV26;25/06/2026;11:35:00;179815,00;179935,00;179660,00;179915,00;1007088,00;28
WINV26;25/06/2026;11:30:00;179655,00;179825,00;179510,00;179820,00;9812397,00;273
WINV26;25/06/2026;11:25:00;179310,00;179635,00;179310,00;179635,00;2476217,00;69
WINV26;25/06/2026;11:20:00;179150,00;179360,00;179080,00;179290,00;931873,00;26
WINV26;25/06/2026;11:15:00;178880,00;178900,00;178630,00;178900,00;1823512,00;51
WINV26;25/06/2026;11:10:00;179005,00;179140,00;178730,00;178775,00;9915272,00;277
WINV26;25/06/2026;11:05:00;178805,00;179005,00;178605,00;179005,00;3468056,00;97
WINV26;25/06/2026;11:00:00;178040,00;178830,00;178040,00;178805,00;8746726,00;245
WINV26;25/06/2026;10:55:00;178100,00;178100,00;177860,00;177915,00;1138842,00;32
WINV26;25/06/2026;10:50:00;178135,00;178370,00;178100,00;178360,00;2245547,00;63
WINV26;25/06/2026;10:45:00;178075,00;178165,00;177855,00;178010,00;1566523,00;44
WINV26;25/06/2026;10:40:00;177630,00;178075,00;177630,00;178075,00;4376694,00;123
WINV26;25/06/2026;10:35:00;177900,00;178000,00;177575,00;177670,00;4090403,00;115
WINV26;25/06/2026;10:30:00;178445,00;178570,00;177785,00;177810,00;7591132,00;213
WINV26;25/06/2026;10:25:00;178770,00;178780,00;178265,00;178445,00;15922197,00;446
WINV26;25/06/2026;10:20:00;179005,00;179015,00;178625,00;178905,00;9693107,00;271
WINV26;25/06/2026;10:15:00;179210,00;179470,00;178985,00;179040,00;42527283,00;1186
WINV26;25/06/2026;10:10:00;178345,00;179255,00;178345,00;179210,00;226295845,00;6323
WINV26;25/06/2026;10:05:00;178330,00;178460,00;178285,00;178400,00;713611,00;20
WINV26;25/06/2026;10:00:00;178175,00;178220,00;178085,00;178195,00;641368,00;18
WINV26;25/06/2026;09:55:00;178205,00;178265,00;178170,00;178170,00;570339,00;16
WINV26;25/06/2026;09:50:00;178500,00;178535,00;178245,00;178245,00;1462494,00;41
WINV26;25/06/2026;09:45:00;178770,00;178900,00;178590,00;178590,00;25029821,00;700
WINV26;25/06/2026;09:40:00;178780,00;178780,00;178580,00;178780,00;2001165,00;56
WINV26;25/06/2026;09:35:00;178865,00;178910,00;178645,00;178770,00;26066499,00;729
WINV26;25/06/2026;09:30:00;178365,00;178880,00;178305,00;178880,00;1535405,00;43
WINV26;25/06/2026;09:25:00;178020,00;178375,00;178010,00;178375,00;676993,00;19
WINV26;25/06/2026;09:20:00;178540,00;178540,00;178025,00;178120,00;5274368,00;148
WINV26;25/06/2026;09:15:00;178140,00;178540,00;178075,00;178540,00;3564876,00;100
WINV26;25/06/2026;09:10:00;178480,00;178480,00;178170,00;178220,00;3245557,00;91
WINV26;25/06/2026;09:05:00;177755,00;178720,00;177755,00;178680,00;13158172,00;369
WINV26;25/06/2026;09:00:00;177650,00;178775,00;177460,00;177730,00;104014380,00;2917
WINV26;24/06/2026;18:20:00;177970,00;177970,00;177845,00;177845,00;1494870,00;42
WINV26;24/06/2026;18:15:00;178055,00;178055,00;177945,00;177960,00;27620573,00;776
WINV26;24/06/2026;18:10:00;178085,00;178180,00;178035,00;178045,00;27671316,00;777
WINV26;24/06/2026;18:05:00;178005,00;178110,00;177975,00;178110,00;676640,00;19
WINV26;24/06/2026;18:00:00;177880,00;178000,00;177880,00;178000,00;711722,00;20
WINV26;24/06/2026;17:55:00;177820,00;177850,00;177820,00;177840,00;1351529,00;38
WINV26;24/06/2026;17:50:00;177710,00;177850,00;177710,00;177850,00;4018207,00;113
WINV26;24/06/2026;17:45:00;177795,00;177795,00;177695,00;177695,00;213254,00;6
WINV26;24/06/2026;17:40:00;177690,00;177785,00;177690,00;177770,00;817553,00;23
WINV26;24/06/2026;17:30:00;177650,00;177675,00;177565,00;177565,00;284204,00;8
WINV26;24/06/2026;17:25:00;177560,00;177575,00;177560,00;177575,00;71027,00;2
WINV26;24/06/2026;17:20:00;177545,00;177605,00;177540,00;177545,00;781310,00;22
WINV26;24/06/2026;17:15:00;177510,00;177525,00;177475,00;177525,00;532475,00;15
WINV26;24/06/2026;17:10:00;177545,00;177665,00;177545,00;177600,00;1065791,00;30
WINV26;24/06/2026;17:05:00;177325,00;177540,00;177325,00;177530,00;1064833,00;30
WINV26;24/06/2026;17:00:00;177195,00;177405,00;177190,00;177365,00;567389,00;16
WINV26;24/06/2026;16:55:00;177220,00;177220,00;177145,00;177145,00;17790873,00;502
WINV26;24/06/2026;16:50:00;177200,00;177220,00;177130,00;177220,00;1169366,00;33
WINV26;24/06/2026;16:45:00;177180,00;177180,00;177165,00;177165,00;106305,00;3
WINV26;24/06/2026;16:40:00;177145,00;177175,00;177115,00;177130,00;1842514,00;52
WINV26;24/06/2026;16:35:00;177125,00;177180,00;177100,00;177180,00;11867193,00;335
WINV26;24/06/2026;16:30:00;177240,00;177240,00;177150,00;177150,00;106326,00;3
WINV26;24/06/2026;16:25:00;177325,00;177395,00;177285,00;177330,00;8015432,00;226
WINV26;24/06/2026;16:20:00;177270,00;177270,00;177225,00;177230,00;567199,00;16
WINV26;24/06/2026;16:15:00;177310,00;177385,00;177270,00;177305,00;11883369,00;335
WINV26;24/06/2026;16:10:00;177150,00;177315,00;177100,00;177315,00;4997667,00;141
WINV26;24/06/2026;16:05:00;177050,00;177070,00;177000,00;177070,00;601892,00;17
WINV26;24/06/2026;16:00:00;177145,00;177170,00;177075,00;177075,00;318825,00;9
WINV26;24/06/2026;15:55:00;177080,00;177080,00;177055,00;177070,00;495793,00;14
WINV26;24/06/2026;15:50:00;176890,00;177230,00;176890,00;177220,00;743889,00;21
WINV26;24/06/2026;15:45:00;177015,00;177015,00;176850,00;176910,00;813670,00;23
WINV26;24/06/2026;15:40:00;176945,00;177060,00;176945,00;177060,00;212385,00;6
WINV26;24/06/2026;15:35:00;177010,00;177010,00;176915,00;176915,00;353898,00;10
WINV26;24/06/2026;15:30:00;176955,00;176995,00;176910,00;176995,00;176956,00;5
WINV26;24/06/2026;15:25:00;176870,00;177010,00;176870,00;176915,00;4529631,00;128
WINV26;24/06/2026;15:20:00;176880,00;176950,00;176870,00;176950,00;318415,00;9
WINV26;24/06/2026;15:15:00;176905,00;177070,00;176900,00;176960,00;4000722,00;113
WINV26;24/06/2026;15:10:00;176870,00;177000,00;176815,00;176905,00;1804320,00;51
WINV26;24/06/2026;15:05:00;176760,00;176870,00;176760,00;176870,00;282897,00;8
WINV26;24/06/2026;15:00:00;176755,00;176755,00;176755,00;176755,00;35351,00;1
WINV26;24/06/2026;14:55:00;176685,00;176860,00;176675,00;176675,00;14321999,00;405
WINV26;24/06/2026;14:50:00;176565,00;176685,00;176460,00;176685,00;1271499,00;36
WINV26;24/06/2026;14:45:00;176365,00;176560,00;176345,00;176510,00;1764548,00;50
WINV26;24/06/2026;14:40:00;176475,00;176485,00;176400,00;176410,00;1129215,00;32
WINV26;24/06/2026;14:35:00;176550,00;176550,00;176470,00;176510,00;1376915,00;39
WINV26;24/06/2026;14:30:00;176500,00;176615,00;176490,00;176605,00;11088819,00;314
WINV26;24/06/2026;14:25:00;176410,00;176530,00;176305,00;176490,00;80406375,00;2279
WINV26;24/06/2026;14:20:00;176605,00;176645,00;176480,00;176480,00;1058993,00;30
WINV26;24/06/2026;14:15:00;176640,00;176680,00;176540,00;176675,00;635774,00;18
WINV26;24/06/2026;14:10:00;176735,00;176735,00;176675,00;176675,00;106021,00;3
WINV26;24/06/2026;14:05:00;176750,00;176750,00;176725,00;176725,00;106040,00;3
WINV26;24/06/2026;14:00:00;176895,00;176995,00;176895,00;176995,00;70778,00;2
WINV26;24/06/2026;13:55:00;176955,00;176955,00;176860,00;176890,00;141517,00;4
WINV26;24/06/2026;13:50:00;177035,00;177065,00;176970,00;176970,00;141611,00;4
WINV26;24/06/2026;13:45:00;176915,00;177060,00;176915,00;177020,00;495607,00;14
WINV26;24/06/2026;13:40:00;176930,00;176995,00;176860,00;176930,00;2017015,00;57
WINV26;24/06/2026;13:35:00;177180,00;177190,00;176905,00;177015,00;3363913,00;95
WINV26;24/06/2026;13:30:00;176870,00;177150,00;176870,00;177055,00;991602,00;28
WINV26;24/06/2026;13:25:00;176890,00;176890,00;176860,00;176865,00;141501,00;4
WINV26;24/06/2026;13:20:00;176835,00;176970,00;176835,00;176895,00;212269,00;6
WINV26;24/06/2026;13:15:00;176775,00;176775,00;176775,00;176775,00;106065,00;3
WINV26;24/06/2026;13:10:00;176780,00;176780,00;176780,00;176780,00;35356,00;1
WINV26;24/06/2026;13:05:00;176700,00;176750,00;176650,00;176700,00;176692,00;5
WINV26;24/06/2026;13:00:00;176750,00;176750,00;176750,00;176750,00;176750,00;5
WINV26;24/06/2026;12:55:00;176890,00;176890,00;176790,00;176790,00;176814,00;5
WINV26;24/06/2026;12:50:00;176930,00;176930,00;176830,00;176830,00;495348,00;14
WINV26;24/06/2026;12:45:00;176880,00;177000,00;176880,00;177000,00;212357,00;6
WINV26;24/06/2026;12:35:00;176850,00;176850,00;176820,00;176850,00;424429,00;12
WINV26;24/06/2026;12:30:00;177035,00;177035,00;176680,00;176955,00;1591781,00;45
WINV26;24/06/2026;12:25:00;176810,00;176995,00;176805,00;176980,00;742970,00;21
WINV26;24/06/2026;12:20:00;177125,00;177160,00;176830,00;176840,00;6588272,00;186
WINV26;24/06/2026;12:15:00;176935,00;177030,00;176930,00;177030,00;672571,00;19
WINV26;24/06/2026;12:10:00;176610,00;176905,00;176610,00;176905,00;1060660,00;30
WINV26;24/06/2026;12:05:00;176855,00;176855,00;176490,00;176540,00;1696187,00;48
WINV26;24/06/2026;12:00:00;176675,00;176835,00;176580,00;176815,00;1660858,00;47
WINV26;24/06/2026;11:55:00;176490,00;176655,00;176480,00;176655,00;847216,00;24
WINV26;24/06/2026;11:50:00;176865,00;176865,00;176445,00;176490,00;1448059,00;41
WINV26;24/06/2026;11:45:00;176660,00;176940,00;176660,00;176825,00;23191339,00;656
WINV26;24/06/2026;11:40:00;176325,00;176610,00;176270,00;176610,00;29741449,00;843
WINV26;24/06/2026;11:35:00;176535,00;176700,00;176245,00;176365,00;62586023,00;1775
WINV26;24/06/2026;11:30:00;176625,00;176625,00;176450,00;176535,00;670832,00;19
WINV26;24/06/2026;11:25:00;176630,00;176700,00;176490,00;176670,00;3424740,00;97
WINV26;24/06/2026;11:20:00;176850,00;176900,00;176655,00;176655,00;15804045,00;447
WINV26;24/06/2026;11:15:00;177115,00;177115,00;176860,00;176860,00;601600,00;17
WINV26;24/06/2026;11:10:00;177100,00;177115,00;176885,00;177000,00;4459013,00;126
WINV26;24/06/2026;11:05:00;177140,00;177175,00;177105,00;177125,00;1346150,00;38
WINV26;24/06/2026;11:00:00;177080,00;177350,00;176915,00;177035,00;16255868,00;459
WINV26;24/06/2026;10:55:00;177410,00;177410,00;176825,00;177040,00;2548944,00;72
WINV26;24/06/2026;10:50:00;177125,00;177525,00;177125,00;177295,00;3831527,00;108
WINV26;24/06/2026;10:45:00;177290,00;177290,00;177000,00;177115,00;2905086,00;82
WINV26;24/06/2026;10:40:00;177155,00;177350,00;177065,00;177350,00;2622840,00;74
WINV26;24/06/2026;10:35:00;177075,00;177450,00;176950,00;177330,00;12151469,00;343
WINV26;24/06/2026;10:30:00;178060,00;178100,00;177055,00;177140,00;17141640,00;482
WINV26;24/06/2026;10:25:00;177645,00;178035,00;177615,00;177975,00;16433271,00;462
WINV26;24/06/2026;10:20:00;177490,00;177750,00;177375,00;177655,00;27453338,00;773
WINV26;24/06/2026;10:15:00;177270,00;177465,00;176985,00;177465,00;4180905,00;118
WINV26;24/06/2026;10:10:00;177040,00;177360,00;176975,00;177180,00;5351201,00;151
WINV26;24/06/2026;10:05:00;176765,00;177025,00;176650,00;177025,00;1556508,00;44
WINV26;24/06/2026;10:00:00;176735,00;176900,00;175970,00;176750,00;25369280,00;719
WINV26;24/06/2026;09:55:00;176780,00;176850,00;176610,00;176735,00;1025222,00;29
WINV26;24/06/2026;09:50:00;176680,00;176815,00;176670,00;176815,00;424147,00;12
WINV26;24/06/2026;09:45:00;176735,00;176810,00;176560,00;176595,00;529985,00;15
WINV26;24/06/2026;09:40:00;176710,00;176710,00;176645,00;176695,00;459307,00;13
WINV26;24/06/2026;09:35:00;176760,00;176760,00;176630,00;176630,00;176710,00;5
WINV26;24/06/2026;09:30:00;176820,00;176870,00;176570,00;176685,00;813086,00;23
WINV26;24/06/2026;09:25:00;176675,00;176855,00;176610,00;176765,00;3322879,00;94
WINV26;24/06/2026;09:20:00;176875,00;176920,00;176610,00;176630,00;3640456,00;103
WINV26;24/06/2026;09:15:00;176910,00;177095,00;176780,00;176865,00;1238459,00;35
WINV26;24/06/2026;09:10:00;177260,00;177260,00;176825,00;176840,00;7787276,00;220
WINV26;24/06/2026;09:05:00;177840,00;177880,00;177130,00;177365,00;4295521,00;121
WINV26;24/06/2026;09:00:00;177945,00;178450,00;177565,00;177890,00;86421186,00;2426
WINV26;23/06/2026;18:20:00;178565,00;178565,00;178460,00;178510,00;27165751,00;761
WINV26;23/06/2026;18:15:00;178605,00;178650,00;178575,00;178585,00;3250286,00;91
WINV26;23/06/2026;18:10:00;178545,00;178645,00;178545,00;178610,00;26039388,00;729
WINV26;23/06/2026;18:05:00;178545,00;178570,00;178525,00;178555,00;1321300,00;37
WINV26;23/06/2026;18:00:00;178390,00;178560,00;178375,00;178560,00;2248629,00;63
WINV26;23/06/2026;17:55:00;178395,00;178480,00;178380,00;178395,00;3140182,00;88
WINV26;23/06/2026;17:50:00;178345,00;178370,00;178345,00;178370,00;107012,00;3
WINV26;23/06/2026;17:45:00;178345,00;178350,00;178345,00;178350,00;142678,00;4
WINV26;23/06/2026;17:40:00;178260,00;178375,00;178240,00;178375,00;748967,00;21
WINV26;23/06/2026;17:35:00;178310,00;178310,00;178290,00;178290,00;392242,00;11
WINV26;23/06/2026;17:30:00;178310,00;178310,00;178275,00;178275,00;142634,00;4
WINV26;23/06/2026;17:25:00;178315,00;178315,00;178315,00;178315,00;71326,00;2
WINV26;23/06/2026;17:20:00;178290,00;178335,00;178290,00;178315,00;641887,00;18
WINV26;23/06/2026;17:15:00;178180,00;178290,00;178170,00;178290,00;534644,00;15
WINV26;23/06/2026;17:10:00;178155,00;178245,00;178155,00;178160,00;2280850,00;64
WINV26;23/06/2026;17:05:00;178110,00;178140,00;178110,00;178140,00;142494,00;4
WINV26;23/06/2026;17:00:00;178080,00;178080,00;178000,00;178030,00;854740,00;24
WINV26;23/06/2026;16:55:00;178150,00;178150,00;178060,00;178115,00;569908,00;16
WINV26;23/06/2026;16:50:00;178175,00;178250,00;178140,00;178230,00;427675,00;12
WINV26;23/06/2026;16:45:00;178350,00;178350,00;178180,00;178180,00;784437,00;22
WINV26;23/06/2026;16:40:00;178330,00;178380,00;178290,00;178380,00;1212512,00;34
WINV26;23/06/2026;16:35:00;178385,00;178490,00;178360,00;178360,00;856426,00;24
WINV26;23/06/2026;16:30:00;178340,00;178385,00;178245,00;178375,00;1640528,00;46
WINV26;23/06/2026;16:25:00;178260,00;178345,00;178260,00;178300,00;641881,00;18
WINV26;23/06/2026;16:20:00;178060,00;178300,00;178060,00;178250,00;1104942,00;31
WINV26;23/06/2026;16:10:00;178105,00;178175,00;178095,00;178095,00;249351,00;7
WINV26;23/06/2026;16:05:00;178005,00;178010,00;177945,00;178010,00;177985,00;5
WINV26;23/06/2026;16:00:00;177940,00;177995,00;177920,00;177990,00;320311,00;9
WINV26;23/06/2026;15:55:00;177910,00;177950,00;177880,00;177920,00;462528,00;13
WINV26;23/06/2026;15:50:00;177905,00;177950,00;177875,00;177875,00;320234,00;9
WINV26;23/06/2026;15:45:00;177860,00;177865,00;177805,00;177865,00;284559,00;8
WINV26;23/06/2026;15:40:00;177930,00;177930,00;177860,00;177860,00;249044,00;7
WINV26;23/06/2026;15:35:00;177955,00;178025,00;177955,00;177970,00;534005,00;15
WINV26;23/06/2026;15:30:00;177860,00;177945,00;177850,00;177945,00;320183,00;9
WINV26;23/06/2026;15:25:00;178050,00;178075,00;177915,00;177915,00;747644,00;21
WINV26;23/06/2026;15:20:00;178125,00;178125,00;178055,00;178055,00;890367,00;25
WINV26;23/06/2026;15:15:00;178205,00;178205,00;178150,00;178150,00;106903,00;3
WINV26;23/06/2026;15:10:00;178185,00;178200,00;178185,00;178200,00;142557,00;4
WINV26;23/06/2026;15:05:00;178195,00;178195,00;178145,00;178145,00;320685,00;9
WINV26;23/06/2026;15:00:00;178270,00;178315,00;178205,00;178205,00;641730,00;18
WINV26;23/06/2026;14:55:00;178185,00;178215,00;178175,00;178175,00;178187,00;5
WINV26;23/06/2026;14:50:00;178250,00;178250,00;178190,00;178190,00;570326,00;16
WINV26;23/06/2026;14:45:00;178255,00;178335,00;178245,00;178250,00;1604624,00;45
WINV26;23/06/2026;14:40:00;178225,00;178225,00;178225,00;178225,00;35645,00;1
WINV26;23/06/2026;14:35:00;178155,00;178175,00;178120,00;178120,00;427578,00;12
WINV26;23/06/2026;14:30:00;178200,00;178200,00;178120,00;178175,00;391976,00;11
WINV26;23/06/2026;14:25:00;178135,00;178255,00;178100,00;178255,00;427668,00;12
WINV26;23/06/2026;14:20:00;178140,00;178235,00;178135,00;178195,00;213809,00;6
WINV26;23/06/2026;14:15:00;178150,00;178150,00;178100,00;178100,00;106880,00;3
WINV26;23/06/2026;14:10:00;178045,00;178235,00;178045,00;178150,00;249414,00;7
WINV26;23/06/2026;14:05:00;178090,00;178090,00;177955,00;178040,00;640910,00;18
WINV26;23/06/2026;13:55:00;178150,00;178150,00;178050,00;178125,00;1816755,00;51
WINV26;23/06/2026;13:50:00;178205,00;178255,00;178205,00;178210,00;106934,00;3
WINV26;23/06/2026;13:45:00;178200,00;178245,00;178175,00;178245,00;783995,00;22
WINV26;23/06/2026;13:40:00;178200,00;178245,00;178200,00;178245,00;712866,00;20
WINV26;23/06/2026;13:35:00;178220,00;178245,00;178190,00;178215,00;285138,00;8
WINV26;23/06/2026;13:30:00;178165,00;178430,00;178100,00;178240,00;1639821,00;46
WINV26;23/06/2026;13:25:00;178210,00;178215,00;178120,00;178150,00;962041,00;27
WINV26;23/06/2026;13:20:00;178020,00;178215,00;178020,00;178215,00;391879,00;11
WINV26;23/06/2026;13:15:00;178075,00;178075,00;177960,00;177960,00;1815973,00;51
WINV26;23/06/2026;13:10:00;178150,00;178285,00;178100,00;178125,00;3599362,00;101
WINV26;23/06/2026;13:05:00;177750,00;178105,00;177750,00;178100,00;5088774,00;143
WINV26;23/06/2026;13:00:00;177585,00;177710,00;177565,00;177710,00;1740649,00;49
WINV26;23/06/2026;12:55:00;177500,00;177585,00;177500,00;177530,00;958765,00;27
WINV26;23/06/2026;12:50:00;177310,00;177500,00;177310,00;177500,00;780611,00;22
WINV26;23/06/2026;12:45:00;177305,00;177305,00;177225,00;177305,00;354519,00;10
WINV26;23/06/2026;12:40:00;177265,00;177390,00;177265,00;177390,00;141864,00;4
WINV26;23/06/2026;12:35:00;177430,00;177460,00;177275,00;177275,00;1489816,00;42
WINV26;23/06/2026;12:30:00;177575,00;177635,00;177455,00;177455,00;2094983,00;59
WINV26;23/06/2026;12:25:00;177600,00;177630,00;177520,00;177520,00;781322,00;22
WINV26;23/06/2026;12:20:00;177650,00;177690,00;177600,00;177600,00;284218,00;8
WINV26;23/06/2026;12:15:00;177755,00;177795,00;177655,00;177725,00;746423,00;21
WINV26;23/06/2026;12:10:00;177905,00;177935,00;177680,00;177680,00;2702809,00;76
WINV26;23/06/2026;12:05:00;177835,00;178000,00;177835,00;177860,00;3557655,00;100
WINV26;23/06/2026;12:00:00;177600,00;177865,00;177580,00;177800,00;1173420,00;33
WINV26;23/06/2026;11:55:00;177800,00;177800,00;177510,00;177630,00;2487033,00;70
WINV26;23/06/2026;11:50:00;177725,00;177890,00;177690,00;177720,00;21124499,00;594
WINV26;23/06/2026;11:45:00;177505,00;177800,00;177475,00;177775,00;9742277,00;274
WINV26;23/06/2026;11:40:00;177450,00;177610,00;177360,00;177605,00;1811010,00;51
WINV26;23/06/2026;11:35:00;177390,00;177440,00;177340,00;177395,00;461183,00;13
WINV26;23/06/2026;11:30:00;177390,00;177470,00;177245,00;177245,00;567608,00;16
WINV26;23/06/2026;11:25:00;177240,00;177500,00;177140,00;177500,00;1383102,00;39
WINV26;23/06/2026;11:20:00;177200,00;177405,00;177200,00;177305,00;2021099,00;57
WINV26;23/06/2026;11:15:00;176735,00;177215,00;176735,00;177215,00;672814,00;19
WINV26;23/06/2026;11:10:00;176905,00;176905,00;176755,00;176770,00;1237997,00;35
WINV26;23/06/2026;11:05:00;176960,00;177135,00;176915,00;176915,00;1097424,00;31
WINV26;23/06/2026;11:00:00;176565,00;177115,00;176525,00;177010,00;5165560,00;146
WINV26;23/06/2026;10:55:00;176505,00;176655,00;176410,00;176545,00;21686100,00;614
WINV26;23/06/2026;10:50:00;176350,00;176530,00;176350,00;176530,00;494084,00;14
WINV26;23/06/2026;10:45:00;176145,00;176295,00;175980,00;176225,00;6234656,00;177
WINV26;23/06/2026;10:40:00;176520,00;176520,00;176085,00;176125,00;3703286,00;105
WINV26;23/06/2026;10:35:00;176600,00;176795,00;176370,00;176560,00;15041965,00;426
WINV26;23/06/2026;10:30:00;176000,00;176745,00;176000,00;176705,00;14773160,00;419
WINV26;23/06/2026;10:25:00;175575,00;176030,00;175550,00;176030,00;3976346,00;113
WINV26;23/06/2026;10:20:00;175675,00;175675,00;175345,00;175350,00;2911827,00;83
WINV26;23/06/2026;10:15:00;175740,00;175825,00;175515,00;175715,00;4988975,00;142
WINV26;23/06/2026;10:10:00;175270,00;175725,00;175210,00;175725,00;3719301,00;106
WINV26;23/06/2026;10:05:00;175405,00;175435,00;175130,00;175220,00;14402258,00;411
WINV26;23/06/2026;10:00:00;175500,00;175550,00;175370,00;175445,00;912528,00;26
WINV26;23/06/2026;09:55:00;175420,00;175440,00;175280,00;175410,00;1473009,00;42
WINV26;23/06/2026;09:50:00;175385,00;175480,00;175220,00;175480,00;7153665,00;204
WINV26;23/06/2026;09:45:00;175585,00;175600,00;175375,00;175435,00;11862532,00;338
WINV26;23/06/2026;09:40:00;175500,00;175550,00;175465,00;175550,00;2843230,00;81
WINV26;23/06/2026;09:35:00;175515,00;175560,00;175455,00;175550,00;3088796,00;88
WINV26;23/06/2026;09:30:00;175410,00;175685,00;175385,00;175595,00;3966593,00;113
WINV26;23/06/2026;09:25:00;175560,00;175600,00;175415,00;175425,00;5055092,00;144
WINV26;23/06/2026;09:20:00;175745,00;175750,00;175485,00;175570,00;878143,00;25
WINV26;23/06/2026;09:15:00;175550,00;175750,00;175550,00;175685,00;1370177,00;39
WINV26;23/06/2026;09:10:00;175650,00;175655,00;175470,00;175600,00;3721802,00;106
WINV26;23/06/2026;09:05:00;175765,00;175895,00;175190,00;175665,00;28546669,00;814
WINV26;23/06/2026;09:00:00;176160,00;176160,00;175735,00;175815,00;11639240,00;331
WINV26;22/06/2026;18:20:00;177270,00;177270,00;177155,00;177155,00;1311433,00;37
WINV26;22/06/2026;18:15:00;177350,00;177390,00;177320,00;177320,00;3157394,00;89
WINV26;22/06/2026;18:10:00;177340,00;177350,00;177325,00;177345,00;177338,00;5
WINV26;22/06/2026;18:05:00;177305,00;177360,00;177305,00;177325,00;532015,00;15
WINV26;22/06/2026;18:00:00;177370,00;177375,00;177270,00;177320,00;29608692,00;835
WINV26;22/06/2026;17:55:00;177370,00;177395,00;177320,00;177395,00;32064905,00;904
WINV26;22/06/2026;17:50:00;177290,00;177375,00;177260,00;177375,00;567395,00;16
WINV26;22/06/2026;17:45:00;177275,00;177305,00;177275,00;177305,00;354584,00;10
WINV26;22/06/2026;17:40:00;177280,00;177320,00;177280,00;177285,00;106377,00;3
WINV26;22/06/2026;17:35:00;177255,00;177275,00;177255,00;177255,00;212718,00;6
WINV26;22/06/2026;17:30:00;177165,00;177240,00;177165,00;177240,00;1098565,00;31
WINV26;22/06/2026;17:25:00;177145,00;177145,00;177115,00;177115,00;141698,00;4
WINV26;22/06/2026;17:20:00;177090,00;177165,00;177090,00;177165,00;106284,00;3
WINV26;22/06/2026;17:15:00;177125,00;177125,00;177060,00;177060,00;70837,00;2
WINV26;22/06/2026;17:10:00;177070,00;177125,00;177065,00;177120,00;1062469,00;30
WINV26;22/06/2026;17:05:00;177115,00;177120,00;177020,00;177100,00;460449,00;13
WINV26;22/06/2026;17:00:00;177225,00;177225,00;177225,00;177225,00;35445,00;1
WINV26;22/06/2026;16:55:00;177265,00;177265,00;177245,00;177245,00;177250,00;5
WINV26;22/06/2026;16:50:00;177340,00;177340,00;177330,00;177330,00;70934,00;2
WINV26;22/06/2026;16:45:00;177345,00;177345,00;177345,00;177345,00;35469,00;1
WINV26;22/06/2026;16:40:00;177470,00;177470,00;177255,00;177300,00;922201,00;26
WINV26;22/06/2026;16:35:00;177450,00;177495,00;177450,00;177495,00;70989,00;2
WINV26;22/06/2026;16:30:00;177420,00;177420,00;177345,00;177405,00;461244,00;13
WINV26;22/06/2026;16:25:00;177465,00;177465,00;177450,00;177450,00;106473,00;3
WINV26;22/06/2026;16:20:00;177535,00;177545,00;177500,00;177500,00;106516,00;3
WINV26;22/06/2026;16:10:00;177520,00;177560,00;177475,00;177560,00;213007,00;6
WINV26;22/06/2026;16:05:00;177480,00;177600,00;177455,00;177550,00;1171709,00;33
WINV26;22/06/2026;16:00:00;177270,00;177525,00;177270,00;177515,00;958003,00;27
WINV26;22/06/2026;15:50:00;177345,00;177395,00;177270,00;177270,00;283697,00;8
WINV26;22/06/2026;15:45:00;177425,00;177425,00;177425,00;177425,00;354850,00;10
WINV26;22/06/2026;15:40:00;177335,00;177335,00;177335,00;177335,00;35467,00;1
WINV26;22/06/2026;15:35:00;177300,00;177300,00;177300,00;177300,00;35460,00;1
WINV26;22/06/2026;15:30:00;177240,00;177240,00;177240,00;177240,00;354480,00;10
WINV26;22/06/2026;15:25:00;177275,00;177275,00;177275,00;177275,00;35455,00;1
WINV26;22/06/2026;15:20:00;177285,00;177380,00;177275,00;177380,00;1560107,00;44
WINV26;22/06/2026;15:10:00;177275,00;177290,00;177275,00;177285,00;425492,00;12
WINV26;22/06/2026;15:05:00;177155,00;177155,00;177155,00;177155,00;35431,00;1
WINV26;22/06/2026;15:00:00;177175,00;177250,00;177175,00;177200,00;1134335,00;32
WINV26;22/06/2026;14:55:00;177070,00;177070,00;177070,00;177070,00;35414,00;1
WINV26;22/06/2026;14:50:00;177145,00;177165,00;177060,00;177060,00;177132,00;5
WINV26;22/06/2026;14:45:00;176980,00;177060,00;176980,00;177060,00;70808,00;2
WINV26;22/06/2026;14:40:00;177045,00;177085,00;177005,00;177005,00;318671,00;9
WINV26;22/06/2026;14:35:00;176975,00;176975,00;176935,00;176935,00;1521780,00;43
WINV26;22/06/2026;14:30:00;177145,00;177145,00;177050,00;177050,00;920768,00;26
WINV26;22/06/2026;14:25:00;177245,00;177250,00;177175,00;177195,00;1665760,00;47
WINV26;22/06/2026;14:20:00;177295,00;177295,00;177295,00;177295,00;35459,00;1
WINV26;22/06/2026;14:15:00;177380,00;177520,00;177380,00;177440,00;1774285,00;50
WINV26;22/06/2026;14:10:00;177330,00;177330,00;177330,00;177330,00;106398,00;3
WINV26;22/06/2026;14:05:00;177370,00;177370,00;177300,00;177350,00;1915254,00;54
WINV26;22/06/2026;14:00:00;177345,00;177485,00;177345,00;177440,00;1348297,00;38
WINV26;22/06/2026;13:55:00;177395,00;177425,00;177310,00;177415,00;5145017,00;145
WINV26;22/06/2026;13:50:00;177315,00;177350,00;177295,00;177350,00;283721,00;8
WINV26;22/06/2026;13:45:00;177205,00;177300,00;177205,00;177255,00;177263,00;5
WINV26;22/06/2026;13:40:00;177245,00;177250,00;177245,00;177250,00;389949,00;11
WINV26;22/06/2026;13:35:00;177190,00;177295,00;177190,00;177250,00;531743,00;15
WINV26;22/06/2026;13:30:00;177020,00;177200,00;177020,00;177200,00;460531,00;13
WINV26;22/06/2026;13:25:00;176990,00;176990,00;176990,00;176990,00;35398,00;1
WINV26;22/06/2026;13:20:00;177035,00;177065,00;176890,00;176960,00;1451488,00;41
WINV26;22/06/2026;13:15:00;176770,00;176945,00;176770,00;176945,00;459752,00;13
WINV26;22/06/2026;13:10:00;176770,00;176770,00;176770,00;176770,00;106062,00;3
WINV26;22/06/2026;13:05:00;176790,00;176825,00;176790,00;176810,00;247535,00;7
WINV26;22/06/2026;13:00:00;176900,00;176925,00;176825,00;176865,00;1697989,00;48
WINV26;22/06/2026;12:55:00;176995,00;177105,00;176995,00;177105,00;318737,00;9
WINV26;22/06/2026;12:50:00;177005,00;177005,00;176950,00;176975,00;283155,00;8
WINV26;22/06/2026;12:45:00;177245,00;177245,00;176985,00;176985,00;318660,00;9
WINV26;22/06/2026;12:30:00;177210,00;177220,00;177190,00;177190,00;496199,00;14
WINV26;22/06/2026;12:25:00;177170,00;177285,00;177150,00;177285,00;744170,00;21
WINV26;22/06/2026;12:20:00;177100,00;177200,00;177095,00;177200,00;141707,00;4
WINV26;22/06/2026;12:15:00;177310,00;177355,00;177240,00;177240,00;177317,00;5
WINV26;22/06/2026;12:10:00;177230,00;177360,00;177230,00;177340,00;283745,00;8
WINV26;22/06/2026;12:05:00;177400,00;177400,00;177200,00;177200,00;1099190,00;31
WINV26;22/06/2026;12:00:00;177550,00;177575,00;177465,00;177465,00;355050,00;10
WINV26;22/06/2026;11:55:00;177120,00;177520,00;177120,00;177450,00;1312247,00;37
WINV26;22/06/2026;11:50:00;176985,00;176985,00;176885,00;176885,00;141528,00;4
WINV26;22/06/2026;11:45:00;176835,00;177135,00;176835,00;176985,00;814461,00;23
WINV26;22/06/2026;11:40:00;176905,00;176905,00;176875,00;176875,00;70756,00;2
WINV26;22/06/2026;11:35:00;176905,00;176905,00;176905,00;176905,00;35381,00;1
WINV26;22/06/2026;11:30:00;176785,00;176905,00;176710,00;176905,00;671931,00;19
WINV26;22/06/2026;11:25:00;176915,00;177100,00;176885,00;176900,00;4036868,00;114
WINV26;22/06/2026;11:20:00;176775,00;176870,00;176750,00;176750,00;353656,00;10
WINV26;22/06/2026;11:15:00;176920,00;176960,00;176800,00;176825,00;601420,00;17
WINV26;22/06/2026;11:10:00;176775,00;177035,00;176765,00;177015,00;4632677,00;131
WINV26;22/06/2026;11:05:00;176750,00;176750,00;176560,00;176585,00;989156,00;28
WINV26;22/06/2026;11:00:00;176470,00;176675,00;176470,00;176675,00;282480,00;8
WINV26;22/06/2026;10:55:00;176815,00;176815,00;176655,00;176655,00;318063,00;9
WINV26;22/06/2026;10:50:00;176335,00;176870,00;176335,00;176870,00;1801166,00;51
WINV26;22/06/2026;10:45:00;176395,00;176425,00;176225,00;176400,00;246928,00;7
WINV26;22/06/2026;10:40:00;176225,00;176225,00;175950,00;176155,00;387341,00;11
WINV26;22/06/2026;10:35:00;176330,00;176375,00;176015,00;176280,00;634496,00;18
WINV26;22/06/2026;10:30:00;176965,00;176965,00;176370,00;176380,00;4204723,00;119
WINV26;22/06/2026;10:25:00;177020,00;177195,00;176950,00;176950,00;2443985,00;69
WINV26;22/06/2026;10:20:00;176655,00;177125,00;176560,00;177125,00;7954102,00;225
WINV26;22/06/2026;10:15:00;176595,00;176880,00;176555,00;176835,00;12515844,00;354
WINV26;22/06/2026;10:10:00;175830,00;176550,00;175715,00;176550,00;20266504,00;575
WINV26;22/06/2026;10:05:00;175505,00;176000,00;175465,00;175795,00;17087893,00;486
WINV26;22/06/2026;10:00:00;175120,00;175780,00;175120,00;175480,00;15349405,00;437
WINV26;22/06/2026;09:55:00;175235,00;175235,00;175060,00;175140,00;2662243,00;76
WINV26;22/06/2026;09:50:00;175120,00;175300,00;175035,00;175280,00;2313113,00;66
WINV26;22/06/2026;09:45:00;175105,00;175145,00;175055,00;175145,00;1190710,00;34
WINV26;22/06/2026;09:40:00;175010,00;175220,00;174985,00;175215,00;805605,00;23
WINV26;22/06/2026;09:35:00;175105,00;175150,00;174975,00;175040,00;3536596,00;101
WINV26;22/06/2026;09:30:00;175065,00;175110,00;175065,00;175110,00;140064,00;4
WINV26;22/06/2026;09:25:00;174850,00;174950,00;174825,00;174865,00;7940198,00;227
WINV26;22/06/2026;09:20:00;174780,00;174930,00;174725,00;174905,00;3740096,00;107
WINV26;22/06/2026;09:15:00;174565,00;175200,00;174565,00;174855,00;24499441,00;700
WINV26;22/06/2026;09:10:00;174425,00;174735,00;174425,00;174585,00;5273021,00;151
WINV26;22/06/2026;09:05:00;174140,00;174425,00;173975,00;174425,00;3240067,00;93
WINV26;22/06/2026;09:00:00;175205,00;175260,00;173990,00;174050,00;25977241,00;745
WINV26;19/06/2026;18:20:00;175450,00;175610,00;175450,00;175450,00;2071614,00;59
WINV26;19/06/2026;18:15:00;175255,00;175400,00;175000,00;175400,00;46952108,00;1340
WINV26;19/06/2026;18:10:00;175240,00;175260,00;175240,00;175260,00;70100,00;2
WINV26;19/06/2026;18:05:00;175165,00;175180,00;175165,00;175180,00;140141,00;4
WINV26;19/06/2026;18:00:00;175165,00;175255,00;175165,00;175215,00;1577151,00;45
WINV26;19/06/2026;17:55:00;175070,00;175115,00;175070,00;175115,00;1400650,00;40
WINV26;19/06/2026;17:50:00;175055,00;175070,00;175045,00;175070,00;140043,00;4
WINV26;19/06/2026;17:45:00;175045,00;175070,00;175045,00;175070,00;385149,00;11
WINV26;19/06/2026;17:40:00;175085,00;175085,00;175060,00;175060,00;105045,00;3
WINV26;19/06/2026;17:35:00;175115,00;175140,00;175045,00;175045,00;560289,00;16
WINV26;19/06/2026;17:30:00;175140,00;175140,00;175140,00;175140,00;35028,00;1
WINV26;19/06/2026;17:20:00;175115,00;175115,00;175115,00;175115,00;70046,00;2
WINV26;19/06/2026;17:15:00;175095,00;175095,00;175095,00;175095,00;35019,00;1
WINV26;19/06/2026;17:10:00;175175,00;175215,00;175130,00;175130,00;700758,00;20
WINV26;19/06/2026;17:05:00;175055,00;175135,00;175055,00;175135,00;945441,00;27
WINV26;19/06/2026;17:00:00;175025,00;175035,00;175020,00;175035,00;595072,00;17
WINV26;19/06/2026;16:55:00;175205,00;175205,00;175160,00;175160,00;595564,00;17
WINV26;19/06/2026;16:50:00;175305,00;175305,00;175240,00;175240,00;280445,00;8
WINV26;19/06/2026;16:45:00;175080,00;175310,00;175080,00;175310,00;2453790,00;70
WINV26;19/06/2026;16:40:00;175120,00;175120,00;175000,00;175040,00;2205150,00;63
WINV26;19/06/2026;16:35:00;175165,00;175165,00;175075,00;175075,00;525345,00;15
WINV26;19/06/2026;16:30:00;175180,00;175180,00;175150,00;175150,00;70066,00;2
WINV26;19/06/2026;16:25:00;175165,00;175225,00;175165,00;175225,00;105123,00;3
WINV26;19/06/2026;16:20:00;175265,00;175285,00;175265,00;175285,00;70110,00;2
WINV26;19/06/2026;16:15:00;175225,00;175225,00;175180,00;175180,00;315355,00;9
WINV26;19/06/2026;16:10:00;175320,00;175320,00;175205,00;175205,00;455786,00;13
WINV26;19/06/2026;16:05:00;175260,00;175305,00;175260,00;175305,00;525815,00;15
WINV26;19/06/2026;16:00:00;175390,00;175390,00;175215,00;175220,00;911430,00;26
WINV26;19/06/2026;15:55:00;175445,00;175445,00;175405,00;175405,00;70170,00;2
WINV26;19/06/2026;15:40:00;175445,00;175490,00;175400,00;175490,00;421056,00;12
WINV26;19/06/2026;15:35:00;175355,00;175355,00;175355,00;175355,00;315639,00;9
WINV26;19/06/2026;15:30:00;175380,00;175390,00;175340,00;175375,00;350744,00;10
WINV26;19/06/2026;15:25:00;175470,00;175470,00;175470,00;175470,00;35094,00;1
WINV26;19/06/2026;15:20:00;175420,00;175495,00;175400,00;175450,00;280749,00;8
WINV26;19/06/2026;15:15:00;175505,00;175505,00;175425,00;175425,00;421147,00;12
WINV26;19/06/2026;15:10:00;175460,00;175500,00;175440,00;175500,00;210573,00;6
WINV26;19/06/2026;15:05:00;175460,00;175460,00;175360,00;175390,00;561269,00;16
WINV26;19/06/2026;15:00:00;175430,00;175520,00;175425,00;175450,00;456240,00;13
WINV26;19/06/2026;14:55:00;175510,00;175525,00;175490,00;175525,00;175505,00;5
WINV26;19/06/2026;14:50:00;175500,00;175635,00;175480,00;175535,00;1193893,00;34
WINV26;19/06/2026;14:45:00;175415,00;175565,00;175325,00;175540,00;2982256,00;85
WINV26;19/06/2026;14:40:00;175215,00;175465,00;175215,00;175395,00;1192216,00;34
WINV26;19/06/2026;14:35:00;175165,00;175250,00;175160,00;175180,00;700809,00;20
WINV26;19/06/2026;14:30:00;175035,00;175225,00;175020,00;175160,00;2871684,00;82
WINV26;19/06/2026;14:25:00;175030,00;175105,00;174995,00;175015,00;1750127,00;50
WINV26;19/06/2026;14:20:00;175025,00;175055,00;175020,00;175050,00;2450407,00;70
WINV26;19/06/2026;14:15:00;174945,00;175000,00;174945,00;174965,00;314938,00;9
WINV26;19/06/2026;14:00:00;174775,00;174810,00;174770,00;174810,00;1433142,00;41
WINV26;19/06/2026;13:55:00;174770,00;174770,00;174735,00;174760,00;2341668,00;67
WINV26;19/06/2026;13:50:00;174920,00;174925,00;174770,00;174800,00;1678499,00;48
WINV26;19/06/2026;13:45:00;174910,00;174920,00;174870,00;174920,00;874494,00;25
WINV26;19/06/2026;13:35:00;174905,00;174905,00;174800,00;174800,00;2237625,00;64
WINV26;19/06/2026;13:30:00;175010,00;175010,00;174970,00;174970,00;174982,00;5
WINV26;19/06/2026;13:25:00;175050,00;175110,00;175050,00;175110,00;280140,00;8
WINV26;19/06/2026;13:20:00;175015,00;175055,00;175015,00;175025,00;280038,00;8
WINV26;19/06/2026;13:10:00;174965,00;174965,00;174925,00;174925,00;559819,00;16
WINV26;19/06/2026;13:05:00;175040,00;175040,00;174945,00;174945,00;594932,00;17
WINV26;19/06/2026;13:00:00;175100,00;175115,00;175100,00;175115,00;525322,00;15
WINV26;19/06/2026;12:55:00;175025,00;175040,00;175000,00;175040,00;560068,00;16
WINV26;19/06/2026;12:50:00;175100,00;175100,00;175000,00;175000,00;2345152,00;67
WINV26;19/06/2026;12:45:00;175200,00;175200,00;175200,00;175200,00;35040,00;1
WINV26;19/06/2026;12:40:00;175140,00;175140,00;175140,00;175140,00;35028,00;1
WINV26;19/06/2026;12:35:00;175160,00;175160,00;175150,00;175150,00;70062,00;2
WINV26;19/06/2026;12:30:00;175245,00;175245,00;175100,00;175100,00;980748,00;28
WINV26;19/06/2026;12:25:00;175295,00;175295,00;175170,00;175170,00;420562,00;12
WINV26;19/06/2026;12:20:00;175320,00;175320,00;175260,00;175270,00;490775,00;14
WINV26;19/06/2026;12:15:00;175400,00;175400,00;175325,00;175325,00;420844,00;12
WINV26;19/06/2026;12:10:00;175380,00;175465,00;175375,00;175395,00;1157670,00;33
WINV26;19/06/2026;12:05:00;175190,00;175345,00;175190,00;175320,00;455781,00;13
WINV26;19/06/2026;12:00:00;175190,00;175190,00;175190,00;175190,00;35038,00;1
WINV26;19/06/2026;11:55:00;175245,00;175305,00;175215,00;175285,00;490746,00;14
WINV26;19/06/2026;11:50:00;175210,00;175285,00;175190,00;175285,00;490599,00;14
WINV26;19/06/2026;11:45:00;175185,00;175185,00;175085,00;175085,00;245167,00;7
WINV26;19/06/2026;11:40:00;175165,00;175275,00;175165,00;175275,00;245314,00;7
WINV26;19/06/2026;11:30:00;175260,00;175380,00;175215,00;175215,00;1928538,00;55
WINV26;19/06/2026;11:25:00;175265,00;175305,00;175265,00;175295,00;2208639,00;63
WINV26;19/06/2026;11:20:00;175185,00;175185,00;175080,00;175115,00;595443,00;17
WINV26;19/06/2026;11:15:00;175240,00;175240,00;175140,00;175235,00;1051132,00;30
WINV26;19/06/2026;11:10:00;175250,00;175365,00;175210,00;175265,00;1402318,00;40
WINV26;19/06/2026;11:05:00;175040,00;175240,00;175040,00;175200,00;2626858,00;75
WINV26;19/06/2026;11:00:00;174590,00;175000,00;174590,00;174915,00;1678754,00;48
WINV26;19/06/2026;10:55:00;174725,00;174800,00;174500,00;174500,00;21733853,00;622
WINV26;19/06/2026;10:50:00;174920,00;175000,00;174700,00;174700,00;1888136,00;54
WINV26;19/06/2026;10:45:00;175080,00;175080,00;174880,00;174880,00;455015,00;13
WINV26;19/06/2026;10:40:00;175300,00;175300,00;175080,00;175135,00;980934,00;28
WINV26;19/06/2026;10:35:00;175230,00;175250,00;175175,00;175245,00;560733,00;16
WINV26;19/06/2026;10:30:00;175250,00;175250,00;174895,00;175120,00;3430717,00;98
WINV26;19/06/2026;10:25:00;175440,00;175575,00;175300,00;175300,00;1263266,00;36
WINV26;19/06/2026;10:20:00;175300,00;175480,00;175300,00;175400,00;385762,00;11
WINV26;19/06/2026;10:15:00;175225,00;175260,00;175025,00;175230,00;1260918,00;36
WINV26;19/06/2026;10:10:00;175360,00;175660,00;175235,00;175235,00;4281743,00;122
WINV26;19/06/2026;10:05:00;175230,00;175400,00;175230,00;175400,00;596214,00;17
WINV26;19/06/2026;10:00:00;175145,00;175215,00;175115,00;175165,00;280249,00;8
WINV26;19/06/2026;09:55:00;175270,00;175340,00;175190,00;175220,00;1086641,00;31
WINV26;19/06/2026;09:50:00;174945,00;175310,00;174945,00;175215,00;4801590,00;137
WINV26;19/06/2026;09:45:00;175025,00;175025,00;174850,00;174960,00;454844,00;13
WINV26;19/06/2026;09:40:00;174880,00;175080,00;174880,00;175080,00;1014952,00;29
WINV26;19/06/2026;09:35:00;174800,00;174805,00;174750,00;174800,00;2027358,00;58
WINV26;19/06/2026;09:30:00;174670,00;174865,00;174670,00;174865,00;1153347,00;33
WINV26;19/06/2026;09:25:00;174805,00;174805,00;174620,00;174635,00;6811958,00;195
WINV26;19/06/2026;09:20:00;174915,00;174915,00;174730,00;174870,00;2412104,00;69
WINV26;19/06/2026;09:15:00;174845,00;174935,00;174670,00;174935,00;8317282,00;238
WINV26;19/06/2026;09:10:00;174970,00;175005,00;174780,00;174945,00;14966793,00;428
WINV26;19/06/2026;09:05:00;175130,00;175160,00;174980,00;175000,00;3851103,00;110
WINV26;19/06/2026;09:00:00;175200,00;175890,00;175010,00;175140,00;28578795,00;816
WINV26;18/06/2026;18:20:00;175540,00;175685,00;175510,00;175685,00;983134,00;28
WINV26;18/06/2026;18:15:00;175580,00;175580,00;175575,00;175575,00;70231,00;2
WINV26;18/06/2026;18:10:00;175515,00;175545,00;175515,00;175545,00;70212,00;2
WINV26;18/06/2026;18:05:00;175610,00;175610,00;175500,00;175500,00;1895444,00;54
WINV26;18/06/2026;18:00:00;175435,00;175600,00;175435,00;175520,00;2844196,00;81
WINV26;18/06/2026;17:55:00;175400,00;175490,00;175400,00;175490,00;1999678,00;57
WINV26;18/06/2026;17:45:00;175395,00;175405,00;175395,00;175405,00;140320,00;4
WINV26;18/06/2026;17:40:00;175410,00;175425,00;175410,00;175425,00;385923,00;11
WINV26;18/06/2026;17:35:00;175400,00;175415,00;175305,00;175415,00;48572690,00;1385
WINV26;18/06/2026;17:30:00;175400,00;175445,00;175395,00;175445,00;877106,00;25
WINV26;18/06/2026;17:25:00;175375,00;175380,00;175375,00;175380,00;736590,00;21
WINV26;18/06/2026;17:20:00;175380,00;175380,00;175320,00;175320,00;280596,00;8
WINV26;18/06/2026;17:15:00;175350,00;175350,00;175350,00;175350,00;105210,00;3
WINV26;18/06/2026;17:10:00;175335,00;175400,00;175335,00;175400,00;1998884,00;57
WINV26;18/06/2026;17:00:00;175255,00;175345,00;175255,00;175345,00;140246,00;4
WINV26;18/06/2026;16:55:00;175345,00;175370,00;175345,00;175370,00;701415,00;20
WINV26;18/06/2026;16:50:00;175295,00;175310,00;175290,00;175290,00;455797,00;13
WINV26;18/06/2026;16:40:00;175090,00;175185,00;175090,00;175185,00;1786613,00;51
WINV26;18/06/2026;16:35:00;175235,00;175255,00;175140,00;175140,00;455509,00;13
WINV26;18/06/2026;16:30:00;175235,00;175235,00;175235,00;175235,00;70094,00;2
WINV26;18/06/2026;16:25:00;175335,00;175340,00;175315,00;175340,00;175327,00;5
WINV26;18/06/2026;16:20:00;175320,00;175440,00;175320,00;175345,00;1578705,00;45
WINV26;18/06/2026;16:15:00;175200,00;175245,00;175200,00;175245,00;105138,00;3
WINV26;18/06/2026;16:05:00;175280,00;175345,00;175280,00;175345,00;385746,00;11
WINV26;18/06/2026;16:00:00;175225,00;175225,00;175225,00;175225,00;35045,00;1
WINV26;18/06/2026;15:55:00;175300,00;175300,00;175245,00;175270,00;1191860,00;34
WINV26;18/06/2026;15:50:00;175430,00;175435,00;175415,00;175435,00;1298170,00;37
WINV26;18/06/2026;15:45:00;175330,00;175375,00;175330,00;175375,00;70141,00;2
WINV26;18/06/2026;15:40:00;175395,00;175410,00;175370,00;175405,00;245559,00;7
WINV26;18/06/2026;15:35:00;175350,00;175395,00;175335,00;175395,00;1192368,00;34
WINV26;18/06/2026;15:30:00;175365,00;175550,00;175365,00;175420,00;4562423,00;130
WINV26;18/06/2026;15:25:00;175300,00;175370,00;175300,00;175370,00;1121954,00;32
WINV26;18/06/2026;15:20:00;175270,00;175395,00;175270,00;175380,00;2595630,00;74
WINV26;18/06/2026;15:15:00;175080,00;175335,00;175080,00;175335,00;736088,00;21
WINV26;18/06/2026;15:10:00;175105,00;175165,00;175105,00;175110,00;140107,00;4
WINV26;18/06/2026;15:05:00;174985,00;175055,00;174880,00;175055,00;1329577,00;38
WINV26;18/06/2026;15:00:00;175090,00;175130,00;174930,00;174975,00;1400176,00;40
WINV26;18/06/2026;14:50:00;175035,00;175225,00;175035,00;175180,00;665589,00;19
WINV26;18/06/2026;14:45:00;175065,00;175065,00;175015,00;175035,00;525142,00;15
WINV26;18/06/2026;14:40:00;175180,00;175185,00;174980,00;175050,00;1190571,00;34
WINV26;18/06/2026;14:35:00;175180,00;175180,00;175110,00;175130,00;280222,00;8
WINV26;18/06/2026;14:30:00;175180,00;175230,00;175130,00;175230,00;210208,00;6
WINV26;18/06/2026;14:25:00;175230,00;175230,00;175110,00;175110,00;210212,00;6
WINV26;18/06/2026;14:20:00;175230,00;175280,00;175230,00;175260,00;245362,00;7
WINV26;18/06/2026;14:15:00;175130,00;175330,00;175130,00;175280,00;1086836,00;31
WINV26;18/06/2026;14:10:00;175180,00;175200,00;175080,00;175200,00;455435,00;13
WINV26;18/06/2026;14:05:00;175265,00;175265,00;175190,00;175195,00;735925,00;21
WINV26;18/06/2026;14:00:00;175250,00;175380,00;175250,00;175280,00;1016785,00;29
WINV26;18/06/2026;13:55:00;175130,00;175250,00;175130,00;175250,00;210250,00;6
WINV26;18/06/2026;13:50:00;175130,00;175135,00;175080,00;175080,00;245149,00;7
WINV26;18/06/2026;13:45:00;175130,00;175130,00;175130,00;175130,00;35026,00;1
WINV26;18/06/2026;13:40:00;175075,00;175110,00;175060,00;175080,00;560309,00;16
WINV26;18/06/2026;13:30:00;175195,00;175195,00;175030,00;175030,00;175155,00;5
WINV26;18/06/2026;13:25:00;175110,00;175155,00;175110,00;175155,00;560440,00;16
WINV26;18/06/2026;13:20:00;174955,00;175010,00;174935,00;175010,00;524840,00;15
WINV26;18/06/2026;13:15:00;175050,00;175100,00;174995,00;174995,00;1470416,00;42
WINV26;18/06/2026;13:10:00;175115,00;175150,00;175050,00;175100,00;840545,00;24
WINV26;18/06/2026;13:05:00;175250,00;175300,00;175100,00;175100,00;2628038,00;75
WINV26;18/06/2026;13:00:00;175350,00;175350,00;175250,00;175255,00;385637,00;11
WINV26;18/06/2026;12:55:00;175445,00;175450,00;175445,00;175450,00;70179,00;2
WINV26;18/06/2026;12:50:00;175495,00;175575,00;175495,00;175515,00;140416,00;4
WINV26;18/06/2026;12:45:00;175400,00;175550,00;175400,00;175445,00;1649760,00;47
WINV26;18/06/2026;12:40:00;175300,00;175530,00;175300,00;175420,00;1052518,00;30
WINV26;18/06/2026;12:35:00;175475,00;175475,00;175300,00;175330,00;806752,00;23
WINV26;18/06/2026;12:30:00;175600,00;175725,00;175500,00;175500,00;280986,00;8
WINV26;18/06/2026;12:25:00;175555,00;175720,00;175540,00;175670,00;807725,00;23
WINV26;18/06/2026;12:20:00;175705,00;175755,00;175590,00;175590,00;351349,00;10
WINV26;18/06/2026;12:15:00;175710,00;175840,00;175585,00;175620,00;702832,00;20
WINV26;18/06/2026;12:10:00;175805,00;175855,00;175565,00;175755,00;843392,00;24
WINV26;18/06/2026;12:05:00;175755,00;175795,00;175650,00;175650,00;562243,00;16
WINV26;18/06/2026;12:00:00;175845,00;175950,00;175755,00;175755,00;175846,00;5
WINV26;18/06/2026;11:55:00;175990,00;176135,00;175800,00;175845,00;2638973,00;75
WINV26;18/06/2026;11:50:00;176020,00;176080,00;175940,00;175990,00;528004,00;15
WINV26;18/06/2026;11:45:00;176305,00;176305,00;176025,00;176205,00;3065718,00;87
WINV26;18/06/2026;11:40:00;176450,00;176460,00;176335,00;176335,00;1023027,00;29
WINV26;18/06/2026;11:35:00;176400,00;176675,00;176325,00;176635,00;11443780,00;324
WINV26;18/06/2026;11:30:00;176330,00;176565,00;176330,00;176400,00;811560,00;23
WINV26;18/06/2026;11:25:00;176275,00;176275,00;176170,00;176170,00;775369,00;22
WINV26;18/06/2026;11:20:00;176175,00;176320,00;176100,00;176320,00;3488597,00;99
WINV26;18/06/2026;11:15:00;175900,00;176240,00;175900,00;176240,00;1585386,00;45
WINV26;18/06/2026;11:10:00;175895,00;176000,00;175895,00;175975,00;492712,00;14
WINV26;18/06/2026;11:05:00;175875,00;176020,00;175815,00;176020,00;281401,00;8
WINV26;18/06/2026;11:00:00;175780,00;175985,00;175730,00;175845,00;808793,00;23
WINV26;18/06/2026;10:55:00;175995,00;176040,00;175830,00;175920,00;1512773,00;43
WINV26;18/06/2026;10:50:00;176120,00;176240,00;175825,00;175995,00;8453212,00;240
WINV26;18/06/2026;10:45:00;175790,00;176070,00;175710,00;176070,00;6188807,00;176
WINV26;18/06/2026;10:40:00;175365,00;175960,00;175300,00;175960,00;7968054,00;227
WINV26;18/06/2026;10:35:00;175490,00;175705,00;175350,00;175350,00;1193591,00;34
WINV26;18/06/2026;10:30:00;175455,00;175745,00;175400,00;175400,00;9483798,00;270
WINV26;18/06/2026;10:25:00;175110,00;175395,00;174875,00;175320,00;1155472,00;33
WINV26;18/06/2026;10:20:00;175240,00;175240,00;174970,00;175095,00;1085773,00;31
WINV26;18/06/2026;10:15:00;175180,00;175450,00;175170,00;175270,00;1682922,00;48
WINV26;18/06/2026;10:10:00;175255,00;175255,00;175050,00;175050,00;1961491,00;56
WINV26;18/06/2026;10:05:00;175315,00;175465,00;175220,00;175290,00;455821,00;13
WINV26;18/06/2026;10:00:00;175205,00;175610,00;175135,00;175270,00;2594994,00;74
WINV26;18/06/2026;09:55:00;175100,00;175100,00;175005,00;175005,00;175062,00;5
WINV26;18/06/2026;09:50:00;175025,00;175125,00;175025,00;175070,00;420218,00;12
WINV26;18/06/2026;09:45:00;175115,00;175115,00;174980,00;175105,00;1120292,00;32
WINV26;18/06/2026;09:40:00;175020,00;175300,00;174980,00;175040,00;7881071,00;225
WINV26;18/06/2026;09:35:00;174860,00;174960,00;174810,00;174920,00;2867402,00;82
WINV26;18/06/2026;09:30:00;175000,00;175100,00;174890,00;174940,00;2415032,00;69
WINV26;18/06/2026;09:25:00;174815,00;174980,00;174790,00;174980,00;2728697,00;78
WINV26;18/06/2026;09:20:00;174865,00;175025,00;174700,00;174850,00;7696690,00;220
WINV26;18/06/2026;09:15:00;174970,00;174970,00;174755,00;174950,00;3427979,00;98
WINV26;18/06/2026;09:10:00;174365,00;175040,00;174340,00;175025,00;13717053,00;392
WINV26;18/06/2026;09:05:00;174500,00;174680,00;173970,00;174380,00;6934024,00;199
WINV26;18/06/2026;09:00:00;175300,00;175500,00;174140,00;174360,00;2269807,00;65
WINV26;17/06/2026;18:20:00;175285,00;175300,00;175285,00;175300,00;175294,00;5
WINV26;17/06/2026;18:15:00;175140,00;175220,00;175020,00;175020,00;630342,00;18
WINV26;17/06/2026;18:10:00;175150,00;175150,00;175150,00;175150,00;35030,00;1
WINV26;17/06/2026;17:55:00;175245,00;175295,00;175245,00;175295,00;245378,00;7
WINV26;17/06/2026;17:50:00;175200,00;175200,00;175155,00;175155,00;245235,00;7
WINV26;17/06/2026;17:40:00;175200,00;175200,00;175160,00;175160,00;105104,00;3
WINV26;17/06/2026;17:35:00;175400,00;175400,00;175400,00;175400,00;35080,00;1
WINV26;17/06/2026;17:30:00;175400,00;175450,00;175400,00;175450,00;70170,00;2
WINV26;17/06/2026;17:25:00;175400,00;175450,00;175375,00;175450,00;877152,00;25
WINV26;17/06/2026;17:15:00;175180,00;175280,00;175150,00;175280,00;525570,00;15
WINV26;17/06/2026;17:10:00;175280,00;175330,00;175280,00;175330,00;70122,00;2
WINV26;17/06/2026;17:00:00;175195,00;175195,00;175195,00;175195,00;35039,00;1
WINV26;17/06/2026;16:55:00;175350,00;175350,00;175290,00;175290,00;420816,00;12
WINV26;17/06/2026;16:45:00;175095,00;175255,00;175095,00;175255,00;70070,00;2
WINV26;17/06/2026;16:40:00;175000,00;175000,00;175000,00;175000,00;70000,00;2
WINV26;17/06/2026;16:35:00;175530,00;175580,00;175205,00;175205,00;315759,00;9
WINV26;17/06/2026;16:30:00;175500,00;175565,00;175500,00;175565,00;105314,00;3
WINV26;17/06/2026;16:25:00;175735,00;175735,00;175550,00;175550,00;140488,00;4
WINV26;17/06/2026;16:20:00;176270,00;176270,00;175735,00;175735,00;598726,00;17
WINV26;17/06/2026;16:15:00;176675,00;176675,00;176270,00;176270,00;1057824,00;30
WINV26;17/06/2026;16:10:00;176655,00;176655,00;176655,00;176655,00;35331,00;1
WINV26;17/06/2026;16:05:00;177055,00;177055,00;176850,00;176850,00;566261,00;16
WINV26;17/06/2026;16:00:00;177210,00;177210,00;177075,00;177075,00;283420,00;8
WINV26;17/06/2026;15:55:00;177385,00;177420,00;177225,00;177225,00;212773,00;6
WINV26;17/06/2026;15:45:00;177760,00;177760,00;177395,00;177395,00;142067,00;4
WINV26;17/06/2026;15:35:00;177500,00;177570,00;177425,00;177560,00;284004,00;8
WINV26;17/06/2026;15:30:00;177500,00;177570,00;177250,00;177250,00;1915236,00;54
WINV26;17/06/2026;15:25:00;177250,00;177250,00;177100,00;177100,00;460520,00;13
WINV26;17/06/2026;15:20:00;177345,00;177345,00;177345,00;177345,00;35469,00;1
WINV26;17/06/2026;15:15:00;177180,00;177345,00;177180,00;177345,00;177279,00;5
WINV26;17/06/2026;15:10:00;177425,00;177450,00;177185,00;177270,00;744466,00;21
WINV26;17/06/2026;15:05:00;177350,00;177350,00;177000,00;177290,00;425106,00;12
WINV26;17/06/2026;15:00:00;178510,00;178510,00;177400,00;177400,00;1848460,00;52
WINV26;17/06/2026;14:50:00;178550,00;178785,00;178550,00;178785,00;214430,00;6
WINV26;17/06/2026;14:45:00;178500,00;178585,00;178385,00;178560,00;392766,00;11
WINV26;17/06/2026;14:40:00;178290,00;178440,00;178290,00;178440,00;356782,00;10
WINV26;17/06/2026;14:35:00;178360,00;178490,00;178360,00;178490,00;249827,00;7
WINV26;17/06/2026;14:30:00;178410,00;178410,00;178380,00;178380,00;392455,00;11
WINV26;17/06/2026;14:15:00;178750,00;178750,00;178625,00;178625,00;107225,00;3
WINV26;17/06/2026;14:10:00;179120,00;179120,00;179120,00;179120,00;35824,00;1
WINV26;17/06/2026;14:05:00;178950,00;179040,00;178950,00;179040,00;787603,00;22
WINV26;17/06/2026;14:00:00;178775,00;178855,00;178775,00;178850,00;858311,00;24
WINV26;17/06/2026;13:55:00;178675,00;178835,00;178625,00;178625,00;250240,00;7
WINV26;17/06/2026;13:50:00;178660,00;178660,00;178530,00;178600,00;392806,00;11
WINV26;17/06/2026;13:45:00;178405,00;178530,00;178405,00;178530,00;71387,00;2
WINV26;17/06/2026;13:40:00;178500,00;178500,00;178500,00;178500,00;35700,00;1
WINV26;17/06/2026;13:35:00;178440,00;178615,00;178440,00;178615,00;142822,00;4
WINV26;17/06/2026;13:25:00;178645,00;178645,00;178640,00;178640,00;107185,00;3
WINV26;17/06/2026;13:20:00;178550,00;178550,00;178550,00;178550,00;35710,00;1
WINV26;17/06/2026;13:15:00;178485,00;178485,00;178485,00;178485,00;35697,00;1
WINV26;17/06/2026;13:05:00;178400,00;178400,00;178400,00;178400,00;214080,00;6
WINV26;17/06/2026;12:40:00;178150,00;178150,00;178150,00;178150,00;35630,00;1
WINV26;17/06/2026;12:35:00;178350,00;178350,00;178350,00;178350,00;35670,00;1
WINV26;17/06/2026;12:25:00;178290,00;178300,00;178290,00;178300,00;392258,00;11
WINV26;17/06/2026;12:20:00;178250,00;178250,00;178250,00;178250,00;35650,00;1
WINV26;17/06/2026;12:15:00;178160,00;178165,00;177995,00;177995,00;284946,00;8
WINV26;17/06/2026;12:10:00;178195,00;178215,00;178195,00;178215,00;71282,00;2
WINV26;17/06/2026;12:05:00;178045,00;178045,00;178045,00;178045,00;35609,00;1
WINV26;17/06/2026;12:00:00;178200,00;178200,00;178200,00;178200,00;35640,00;1
WINV26;17/06/2026;11:50:00;178400,00;178400,00;178400,00;178400,00;35680,00;1
WINV26;17/06/2026;11:45:00;178060,00;178060,00;178060,00;178060,00;35612,00;1
WINV26;17/06/2026;11:35:00;178360,00;178500,00;178275,00;178500,00;1141064,00;32
WINV26;17/06/2026;11:30:00;178655,00;178655,00;178565,00;178565,00;1107121,00;31
WINV26;17/06/2026;11:25:00;178440,00;178440,00;178440,00;178440,00;71376,00;2
WINV26;17/06/2026;11:15:00;178010,00;178235,00;177955,00;178235,00;213703,00;6
WINV26;17/06/2026;11:10:00;178105,00;178140,00;178105,00;178140,00;178127,00;5
WINV26;17/06/2026;11:05:00;178325,00;178465,00;178325,00;178465,00;178377,00;5
WINV26;17/06/2026;11:00:00;177885,00;178295,00;177885,00;178295,00;178096,00;5
WINV26;17/06/2026;10:55:00;177805,00;177835,00;177805,00;177835,00;675688,00;19
WINV26;17/06/2026;10:50:00;177900,00;177900,00;177810,00;177810,00;249020,00;7
WINV26;17/06/2026;10:45:00;178130,00;178130,00;178060,00;178125,00;142488,00;4
WINV26;17/06/2026;10:40:00;178000,00;178000,00;177900,00;177900,00;106780,00;3
WINV26;17/06/2026;10:35:00;178500,00;178500,00;177925,00;177925,00;2955799,00;83
WINV26;17/06/2026;10:30:00;178000,00;178855,00;178000,00;178500,00;2429726,00;68
WINV26;17/06/2026;10:25:00;178215,00;178215,00;177985,00;177985,00;178076,00;5
WINV26;17/06/2026;10:20:00;178250,00;178400,00;178250,00;178400,00;214019,00;6
WINV26;17/06/2026;10:15:00;177940,00;178185,00;177805,00;178170,00;1388409,00;39
WINV26;17/06/2026;10:10:00;177735,00;177735,00;177735,00;177735,00;35547,00;1
WINV26;17/06/2026;10:05:00;177700,00;177830,00;177700,00;177830,00;248897,00;7
WINV26;17/06/2026;10:00:00;177400,00;177400,00;177400,00;177400,00;35480,00;1
WINV26;17/06/2026;09:55:00;177595,00;177700,00;177595,00;177700,00;106583,00;3
WINV26;17/06/2026;09:50:00;177400,00;177500,00;177400,00;177500,00;70980,00;2
WINV26;17/06/2026;09:45:00;177385,00;177385,00;177385,00;177385,00;70954,00;2
WINV26;17/06/2026;09:40:00;177290,00;177370,00;177200,00;177200,00;177271,00;5
WINV26;17/06/2026;09:35:00;177060,00;177060,00;177060,00;177060,00;35412,00;1
WINV26;17/06/2026;09:30:00;177185,00;177260,00;177185,00;177260,00;177215,00;5
WINV26;17/06/2026;09:25:00;177240,00;177485,00;177175,00;177460,00;1064001,00;30
WINV26;17/06/2026;09:20:00;177225,00;177225,00;177140,00;177140,00;744091,00;21
WINV26;17/06/2026;09:15:00;176840,00;177175,00;176680,00;177175,00;1274073,00;36
WINV26;17/06/2026;09:10:00;176830,00;177220,00;176775,00;176835,00;637124,00;18
WINV26;17/06/2026;09:05:00;176795,00;177130,00;176690,00;176780,00;4602907,00;130
WINV26;17/06/2026;09:00:00;176690,00;176765,00;176070,00;176070,00;4831991,00;137
WINV26;16/06/2026;18:15:00;176600,00;176815,00;176600,00;176815,00;106046,00;3
WINV26;16/06/2026;17:45:00;176500,00;176500,00;176500,00;176500,00;35300,00;1
WINV26;16/06/2026;17:30:00;176675,00;176675,00;176600,00;176600,00;105975,00;3
WINV26;16/06/2026;16:05:00;176700,00;176700,00;176700,00;176700,00;35340,00;1
WINV26;16/06/2026;16:00:00;176800,00;176800,00;176800,00;176800,00;35360,00;1
WINV26;16/06/2026;15:55:00;176875,00;176875,00;176875,00;176875,00;35375,00;1
WINV26;16/06/2026;15:45:00;177115,00;177115,00;176980,00;176980,00;70819,00;2
WINV26;16/06/2026;15:15:00;177115,00;177115,00;177115,00;177115,00;177115,00;5
WINV26;16/06/2026;13:50:00;177100,00;177125,00;177100,00;177125,00;389625,00;11
WINV26;16/06/2026;13:35:00;177200,00;177200,00;177200,00;177200,00;354400,00;10
WINV26;16/06/2026;12:05:00;176645,00;176645,00;176645,00;176645,00;35329,00;1
WINV26;16/06/2026;11:45:00;176815,00;176815,00;176815,00;176815,00;35363,00;1
WINV26;16/06/2026;11:30:00;176505,00;176505,00;176500,00;176500,00;70601,00;2
WINV26;16/06/2026;11:00:00;177175,00;177175,00;177175,00;177175,00;35435,00;1
WINV26;16/06/2026;10:50:00;177155,00;177155,00;177155,00;177155,00;35431,00;1
WINV26;16/06/2026;10:45:00;176865,00;176905,00;176865,00;176905,00;176873,00;5
WINV26;16/06/2026;10:40:00;176625,00;176765,00;176585,00;176765,00;494589,00;14
WINV26;16/06/2026;10:30:00;176550,00;176550,00;176550,00;176550,00;35310,00;1
WINV26;16/06/2026;10:15:00;176690,00;176690,00;176690,00;176690,00;353380,00;10
WINV26;16/06/2026;10:05:00;176600,00;176600,00;176600,00;176600,00;35320,00;1
WINV26;16/06/2026;09:50:00;177075,00;177075,00;177000,00;177000,00;106216,00;3
WINV26;16/06/2026;09:35:00;177200,00;177200,00;177200,00;177200,00;177200,00;5
WINV26;16/06/2026;09:20:00;177720,00;177720,00;177720,00;177720,00;35544,00;1
WINV26;16/06/2026;09:15:00;177440,00;177440,00;177440,00;177440,00;35488,00;1
WINV26;16/06/2026;09:10:00;177250,00;177250,00;177250,00;177250,00;35450,00;1
WINV26;16/06/2026;09:00:00;178000,00;178000,00;178000,00;178000,00;35600,00;1
WINV26;15/06/2026;18:10:00;177800,00;177800,00;177800,00;177800,00;177800,00;5
WINV26;15/06/2026;18:05:00;177900,00;177900,00;177900,00;177900,00;35580,00;1
WINV26;15/06/2026;16:35:00;178190,00;178190,00;178190,00;178190,00;356380,00;10
WINV26;15/06/2026;16:30:00;178000,00;178000,00;178000,00;178000,00;35600,00;1
WINV26;15/06/2026;16:25:00;177800,00;177800,00;177800,00;177800,00;177800,00;5
WINV26;15/06/2026;16:20:00;178000,00;178000,00;178000,00;178000,00;534000,00;15
WINV26;15/06/2026;15:30:00;178000,00;178000,00;178000,00;178000,00;35600,00;1
WINV26;15/06/2026;15:00:00;178500,00;178500,00;178000,00;178000,00;249795,00;7
WINV26;15/06/2026;14:30:00;178785,00;178785,00;178745,00;178745,00;393319,00;11
WINV26;15/06/2026;14:00:00;179000,00;179000,00;179000,00;179000,00;35800,00;1
WINV26;15/06/2026;13:45:00;179060,00;179060,00;179060,00;179060,00;1074360,00;30
WINV26;15/06/2026;13:10:00;180000,00;180000,00;180000,00;180000,00;36000,00;1
WINV26;15/06/2026;12:25:00;180200,00;180200,00;180200,00;180200,00;36040,00;1
WINV26;15/06/2026;11:50:00;180000,00;180000,00;180000,00;180000,00;36000,00;1
WINV26;15/06/2026;11:45:00;180000,00;180000,00;180000,00;180000,00;72000,00;2
WINV26;15/06/2026;11:10:00;181000,00;181000,00;181000,00;181000,00;36200,00;1
WINV26;15/06/2026;10:50:00;181530,00;181530,00;181530,00;181530,00;36306,00;1
WINV26;15/06/2026;10:45:00;181585,00;181585,00;181585,00;181585,00;36317,00;1
WINV26;15/06/2026;10:30:00;181565,00;181565,00;181565,00;181565,00;108939,00;3
WINV26;15/06/2026;10:20:00;181145,00;181610,00;181145,00;181560,00;1087233,00;30
WINV26;15/06/2026;09:45:00;181000,00;181000,00;181000,00;181000,00;72400,00;2
WINV26;15/06/2026;09:15:00;180000,00;180000,00;180000,00;180000,00;72000,00;2
WINV26;15/06/2026;09:05:00;180090,00;180090,00;180090,00;180090,00;900450,00;25
WINV26;12/06/2026;18:20:00;178695,00;178695,00;178500,00;178500,00;71439,00;2
WINV26;12/06/2026;17:30:00;178800,00;178800,00;178800,00;178800,00;107280,00;3
WINV26;12/06/2026;17:05:00;178655,00;178655,00;178655,00;178655,00;35731,00;1
WINV26;12/06/2026;13:50:00;178655,00;178655,00;178655,00;178655,00;35731,00;1
WINV26;12/06/2026;12:00:00;179675,00;179720,00;179675,00;179720,00;107823,00;3
WINV26;12/06/2026;11:55:00;179240,00;179240,00;179240,00;179240,00;35848,00;1
WINV26;12/06/2026;11:10:00;179200,00;179200,00;179200,00;179200,00;107520,00;3
WINV26;12/06/2026;11:00:00;179600,00;179600,00;179600,00;179600,00;107760,00;3
WINV26;12/06/2026;10:50:00;179000,00;179000,00;179000,00;179000,00;71600,00;2
WINV26;12/06/2026;10:45:00;178495,00;178495,00;178355,00;178355,00;107069,00;3
WINV26;12/06/2026;10:40:00;179395,00;179535,00;178695,00;178695,00;143264,00;4
WINV26;12/06/2026;10:30:00;179750,00;179750,00;179750,00;179750,00;35950,00;1
WINV26;12/06/2026;10:15:00;178305,00;179000,00;178305,00;179000,00;142926,00;4
WINV26;12/06/2026;10:10:00;177790,00;177790,00;177790,00;177790,00;35558,00;1
WINV26;12/06/2026;09:30:00;177600,00;177600,00;177500,00;177500,00;106526,00;3
WINV26;12/06/2026;09:25:00;177550,00;177550,00;177500,00;177500,00;71010,00;2
WINV26;12/06/2026;09:20:00;177385,00;177500,00;177385,00;177500,00;106468,00;3
WINV26;12/06/2026;09:05:00;178120,00;178120,00;178120,00;178120,00;356240,00;10
WINV26;12/06/2026;09:00:00;177510,00;179000,00;177510,00;179000,00;142383,00;4
WINV26;11/06/2026;17:45:00;179005,00;179270,00;179005,00;179270,00;465817,00;13
WINV26;11/06/2026;17:35:00;179080,00;179080,00;179080,00;179080,00;35816,00;1
WINV26;11/06/2026;17:15:00;179350,00;179350,00;179350,00;179350,00;71740,00;2
WINV26;11/06/2026;16:55:00;178975,00;179455,00;178920,00;178920,00;322497,00;9
WINV26;11/06/2026;16:50:00;179485,00;179485,00;179485,00;179485,00;35897,00;1
WINV26;11/06/2026;16:45:00;179500,00;179500,00;179500,00;179500,00;179500,00;5
WINV26;11/06/2026;16:40:00;179500,00;179500,00;179500,00;179500,00;107700,00;3
WINV26;11/06/2026;16:35:00;179060,00;179060,00;179060,00;179060,00;35812,00;1
WINV26;11/06/2026;16:30:00;179500,00;179500,00;179500,00;179500,00;107700,00;3
WINV26;11/06/2026;16:15:00;178255,00;178255,00;178255,00;178255,00;35651,00;1
WINV26;11/06/2026;16:10:00;178270,00;178270,00;178270,00;178270,00;35654,00;1
WINV26;11/06/2026;15:50:00;177990,00;177990,00;177990,00;177990,00;35598,00;1
WINV26;11/06/2026;15:10:00;177270,00;177270,00;177270,00;177270,00;354540,00;10
WINV26;11/06/2026;15:00:00;177700,00;178000,00;177700,00;178000,00;106734,00;3
WINV26;11/06/2026;14:55:00;177700,00;177700,00;177700,00;177700,00;142160,00;4
WINV26;11/06/2026;14:50:00;177650,00;177650,00;177650,00;177650,00;35530,00;1
WINV26;11/06/2026;14:35:00;177645,00;177645,00;177645,00;177645,00;35529,00;1
WINV26;11/06/2026;14:30:00;177240,00;177500,00;177240,00;177255,00;887376,00;25
WINV26;11/06/2026;14:25:00;176250,00;176360,00;176250,00;176360,00;70522,00;2
WINV26;11/06/2026;14:15:00;175910,00;175910,00;175865,00;175865,00;70355,00;2
WINV26;11/06/2026;13:50:00;176100,00;176100,00;176100,00;176100,00;35220,00;1
WINV26;11/06/2026;10:50:00;176700,00;176700,00;176700,00;176700,00;35340,00;1
WINV26;11/06/2026;10:30:00;177000,00;177000,00;177000,00;177000,00;35400,00;1
WINV26;11/06/2026;10:15:00;176660,00;176660,00;176660,00;176660,00;353320,00;10
WINV26;11/06/2026;10:05:00;176335,00;176355,00;176335,00;176355,00;70538,00;2
WINV26;11/06/2026;10:00:00;176400,00;176400,00;176090,00;176220,00;1127064,00;32
WINV26;11/06/2026;09:10:00;177220,00;177220,00;177220,00;177220,00;35444,00;1
WINV26;11/06/2026;09:00:00;177200,00;177200,00;177200,00;177200,00;70880,00;2
WINV26;10/06/2026;17:45:00;176100,00;176100,00;176000,00;176000,00;70420,00;2
WINV26;10/06/2026;15:00:00;176100,00;176100,00;176100,00;176100,00;352200,00;10
WINV26;10/06/2026;14:35:00;176100,00;176100,00;176100,00;176100,00;352200,00;10
WINV26;10/06/2026;11:15:00;176750,00;176750,00;176750,00;176750,00;35350,00;1
WINV26;10/06/2026;10:40:00;176525,00;176525,00;176525,00;176525,00;35305,00;1
WINV26;10/06/2026;09:55:00;176595,00;176595,00;176540,00;176540,00;353101,00;10
WINV26;10/06/2026;09:45:00;177085,00;177085,00;177085,00;177085,00;35417,00;1
WINV26;09/06/2026;18:20:00;177245,00;177245,00;177165,00;177165,00;212614,00;6
WINV26;09/06/2026;17:55:00;177400,00;177400,00;177400,00;177400,00;35480,00;1
WINV26;09/06/2026;17:20:00;177520,00;177520,00;177520,00;177520,00;35504,00;1
WINV26;09/06/2026;17:15:00;177560,00;177560,00;177560,00;177560,00;35512,00;1
WINV26;09/06/2026;13:40:00;176115,00;176115,00;176115,00;176115,00;1056690,00;30
WINV26;09/06/2026;13:35:00;176815,00;176815,00;176450,00;176450,00;424200,00;12
WINV26;09/06/2026;13:25:00;177200,00;177200,00;177200,00;177200,00;106320,00;3
WINV26;09/06/2026;10:55:00;177475,00;177475,00;177475,00;177475,00;35495,00;1
WINV26;09/06/2026;09:05:00;177500,00;177500,00;177500,00;177500,00;71000,00;2
WINV26;08/06/2026;18:20:00;176500,00;176500,00;176500,00;176500,00;35300,00;1
WINV26;08/06/2026;18:15:00;176575,00;176600,00;176575,00;176600,00;105955,00;3
WINV26;08/06/2026;14:55:00;176250,00;176250,00;176250,00;176250,00;35250,00;1
WINV26;08/06/2026;14:25:00;176135,00;176135,00;176135,00;176135,00;211362,00;6
WINV26;08/06/2026;14:10:00;176000,00;176000,00;176000,00;176000,00;35200,00;1
WINV26;08/06/2026;11:05:00;176200,00;176200,00;176200,00;176200,00;35240,00;1
WINV26;08/06/2026;10:50:00;176515,00;176515,00;176515,00;176515,00;35303,00;1
WINV26;08/06/2026;09:55:00;176715,00;176715,00;176715,00;176715,00;353430,00;10
WINV26;08/06/2026;09:20:00;177200,00;177200,00;177200,00;177200,00;35440,00;1
WINV26;08/06/2026;09:05:00;177340,00;177340,00;177340,00;177340,00;35468,00;1
WINV26;08/06/2026;09:00:00;177375,00;177375,00;177370,00;177370,00;425699,00;12
WINV26;05/06/2026;18:15:00;176700,00;176700,00;176295,00;176295,00;105858,00;3
WINV26;05/06/2026;17:55:00;176700,00;176775,00;176700,00;176775,00;353535,00;10
WINV26;05/06/2026;16:20:00;177000,00;177000,00;177000,00;177000,00;35400,00;1
WINV26;05/06/2026;14:35:00;177250,00;177250,00;177250,00;177250,00;35450,00;1
WINV26;05/06/2026;13:40:00;177000,00;177000,00;177000,00;177000,00;35400,00;1
WINV26;05/06/2026;13:05:00;177100,00;177100,00;177100,00;177100,00;35420,00;1
WINV26;05/06/2026;10:50:00;178400,00;178400,00;178400,00;178400,00;35680,00;1
WINV26;05/06/2026;10:40:00;178100,00;178100,00;178100,00;178100,00;35620,00;1
WINV26;05/06/2026;10:35:00;178000,00;178000,00;178000,00;178000,00;35600,00;1
WINV26;05/06/2026;10:20:00;178000,00;178000,00;178000,00;178000,00;35600,00;1
WINV26;05/06/2026;10:10:00;177705,00;177705,00;177705,00;177705,00;390951,00;11
WINV26;05/06/2026;10:05:00;177605,00;177605,00;177595,00;177595,00;390711,00;11
WINV26;05/06/2026;09:50:00;178125,00;178125,00;178125,00;178125,00;35625,00;1
WINV26;05/06/2026;09:40:00;178220,00;178300,00;178220,00;178300,00;71304,00;2
WINV26;05/06/2026;09:00:00;178830,00;178830,00;178830,00;178830,00;357660,00;10
WINV26;03/06/2026;17:55:00;178465,00;178465,00;178465,00;178465,00;35693,00;1
WINV26;03/06/2026;16:45:00;178465,00;178465,00;178465,00;178465,00;35693,00;1
WINV26;03/06/2026;16:40:00;178380,00;178380,00;178380,00;178380,00;499464,00;14
WINV26;03/06/2026;15:30:00;178300,00;178300,00;178300,00;178300,00;35660,00;1
WINV26;03/06/2026;14:50:00;178440,00;178440,00;178300,00;178300,00;499352,00;14
WINV26;03/06/2026;13:40:00;178440,00;178440,00;178440,00;178440,00;678072,00;19
WINV26;03/06/2026;13:30:00;178715,00;178725,00;178715,00;178725,00;178723,00;5
WINV26;03/06/2026;12:50:00;178885,00;178885,00;178885,00;178885,00;35777,00;1
WINV26;03/06/2026;12:15:00;178970,00;178970,00;178970,00;178970,00;35794,00;1
WINV26;03/06/2026;12:05:00;179120,00;179120,00;179120,00;179120,00;35824,00;1
WINV26;03/06/2026;11:55:00;179230,00;179230,00;179220,00;179220,00;107535,00;3
WINV26;03/06/2026;11:50:00;179165,00;179165,00;179165,00;179165,00;35833,00;1
WINV26;03/06/2026;10:50:00;179800,00;179800,00;179800,00;179800,00;35960,00;1
WINV26;03/06/2026;10:45:00;180100,00;180100,00;180100,00;180100,00;36020,00;1
WINV26;03/06/2026;10:40:00;180350,00;180350,00;180350,00;180350,00;36070,00;1
WINV26;03/06/2026;10:30:00;179940,00;179940,00;179940,00;179940,00;359880,00;10
WINV26;03/06/2026;09:50:00;179665,00;179665,00;179665,00;179665,00;359330,00;10
WINV26;03/06/2026;09:15:00;179885,00;179885,00;179565,00;179565,00;431020,00;12
WINV26;03/06/2026;09:05:00;181000,00;181000,00;180325,00;180325,00;396850,00;11
WINV26;03/06/2026;09:00:00;182000,00;182290,00;181800,00;181800,00;109218,00;3
WINV26;02/06/2026;13:15:00;183145,00;183145,00;183145,00;183145,00;73258,00;2
WINV26;02/06/2026;12:30:00;183100,00;183100,00;183100,00;183100,00;36620,00;1
WINV26;02/06/2026;11:40:00;183000,00;183000,00;183000,00;183000,00;36600,00;1
WINV26;02/06/2026;11:20:00;182425,00;182575,00;182425,00;182575,00;401635,00;11
WINV26;02/06/2026;10:35:00;182000,00;182000,00;182000,00;182000,00;36400,00;1
WINV26;02/06/2026;10:10:00;181400,00;181400,00;181400,00;181400,00;36280,00;1
WINV26;02/06/2026;10:05:00;181335,00;181335,00;181335,00;181335,00;72534,00;2
WINV26;02/06/2026;09:50:00;181000,00;181000,00;180980,00;180980,00;361972,00;10
WINV26;02/06/2026;09:35:00;181355,00;181355,00;181355,00;181355,00;36271,00;1
WINV26;02/06/2026;09:20:00;181400,00;181500,00;181400,00;181400,00;145140,00;4
WINV26;01/06/2026;18:20:00;180465,00;180465,00;180465,00;180465,00;36093,00;1
WINV26;01/06/2026;18:05:00;180610,00;180610,00;180610,00;180610,00;36122,00;1
WINV26;01/06/2026;17:10:00;180615,00;180615,00;180610,00;180610,00;180611,00;5
WINV26;01/06/2026;13:10:00;180000,00;180000,00;180000,00;180000,00;36000,00;1
WINV26;01/06/2026;12:40:00;180960,00;180960,00;180960,00;180960,00;36192,00;1
WINV26;01/06/2026;10:15:00;181465,00;181465,00;181420,00;181420,00;399214,00;11
WINV26;01/06/2026;10:10:00;182030,00;182030,00;182030,00;182030,00;36406,00;1
WINV26;01/06/2026;10:05:00;182000,00;182000,00;182000,00;182000,00;36400,00;1
WINV26;01/06/2026;09:45:00;182135,00;182135,00;182135,00;182135,00;36427,00;1
WINV26;01/06/2026;09:05:00;183375,00;183375,00;183375,00;183375,00;366750,00;10
WINV26;01/06/2026;09:00:00;183000,00;183000,00;183000,00;183000,00;36600,00;1
WINV26;29/05/2026;16:35:00;182700,00;182700,00;182700,00;182700,00;36540,00;1
WINV26;29/05/2026;16:15:00;182980,00;182980,00;182980,00;182980,00;36596,00;1
WINV26;29/05/2026;16:00:00;182500,00;182500,00;182500,00;182500,00;36500,00;1
WINV26;29/05/2026;14:10:00;182205,00;182205,00;182205,00;182205,00;364410,00;10
WINV26;29/05/2026;14:05:00;182225,00;182225,00;182225,00;182225,00;36445,00;1
WINV26;29/05/2026;12:55:00;182030,00;182030,00;181990,00;181990,00;11285380,00;310
WINV26;29/05/2026;11:35:00;181335,00;181335,00;181335,00;181335,00;36267,00;1
WINV26;29/05/2026;10:25:00;182010,00;182010,00;182010,00;182010,00;36402,00;1
WINV26;29/05/2026;10:20:00;182000,00;182000,00;182000,00;182000,00;36400,00;1
WINV26;29/05/2026;10:10:00;182500,00;182500,00;182500,00;182500,00;36500,00;1
WINV26;29/05/2026;09:30:00;183020,00;183020,00;183020,00;183020,00;36604,00;1
WINV26;29/05/2026;09:25:00;183220,00;183220,00;183120,00;183120,00;73268,00;2
WINV26;29/05/2026;09:20:00;183530,00;183530,00;183530,00;183530,00;36706,00;1
WINV26;29/05/2026;09:15:00;183320,00;183320,00;183320,00;183320,00;36664,00;1
WINV26;29/05/2026;09:10:00;183420,00;183420,00;183420,00;183420,00;36684,00;1
WINV26;29/05/2026;09:05:00;183555,00;183555,00;183555,00;183555,00;36711,00;1
WINV26;29/05/2026;09:00:00;183610,00;183610,00;183610,00;183610,00;771162,00;21
WINV26;28/05/2026;18:05:00;183000,00;183000,00;183000,00;183000,00;36600,00;1
WINV26;28/05/2026;17:45:00;183515,00;183515,00;183345,00;183345,00;586738,00;16
WINV26;28/05/2026;15:05:00;184530,00;184530,00;184530,00;184530,00;36906,00;1
WINV26;28/05/2026;11:10:00;184890,00;185275,00;184890,00;185275,00;777758,00;21
WINV26;28/05/2026;09:00:00;183395,00;183395,00;183235,00;183235,00;1172759,00;32
WINV26;27/05/2026;18:00:00;184300,00;184300,00;184300,00;184300,00;36860,00;1
WINV26;27/05/2026;17:40:00;184500,00;184500,00;184500,00;184500,00;36900,00;1
WINV26;27/05/2026;17:05:00;184175,00;184175,00;184175,00;184175,00;368350,00;10
WINV26;27/05/2026;15:15:00;184835,00;184835,00;184835,00;184835,00;554505,00;15
WINV26;27/05/2026;14:25:00;184440,00;184440,00;184340,00;184340,00;73756,00;2
WINV26;27/05/2026;14:20:00;184810,00;184810,00;184810,00;184810,00;36962,00;1
WINV26;27/05/2026;10:20:00;185500,00;185500,00;185500,00;185500,00;37100,00;1
WINV26;27/05/2026;10:00:00;186665,00;186665,00;186665,00;186665,00;783993,00;21
WINV26;27/05/2026;09:35:00;186465,00;186465,00;186465,00;186465,00;783153,00;21
WINV26;27/05/2026;09:30:00;187000,00;187000,00;187000,00;187000,00;37400,00;1
WINV26;27/05/2026;09:25:00;186750,00;186780,00;186750,00;186780,00;74706,00;2
WINV26;27/05/2026;09:15:00;186375,00;186375,00;186375,00;186375,00;37275,00;1
WINV26;26/05/2026;18:00:00;185300,00;185315,00;185300,00;185315,00;74123,00;2
WINV26;26/05/2026;15:15:00;184490,00;184490,00;184490,00;184490,00;36898,00;1
WINV26;26/05/2026;15:10:00;184690,00;184690,00;184690,00;184690,00;36938,00;1
WINV26;26/05/2026;14:25:00;184490,00;184490,00;184490,00;184490,00;36898,00;1
WINV26;26/05/2026;14:20:00;184590,00;184590,00;184590,00;184590,00;36918,00;1
WINV26;26/05/2026;11:50:00;185010,00;185010,00;185010,00;185010,00;111006,00;3
WINV26;26/05/2026;11:35:00;184675,00;184675,00;184675,00;184675,00;73870,00;2
WINV26;26/05/2026;10:50:00;185045,00;185060,00;185045,00;185060,00;555177,00;15
WINV26;26/05/2026;10:25:00;186010,00;186200,00;186010,00;186200,00;223402,00;6
WINV26;26/05/2026;10:05:00;185750,00;185750,00;185750,00;185750,00;37150,00;1
WINV26;26/05/2026;09:30:00;186505,00;186505,00;186505,00;186505,00;37301,00;1
WINV26;26/05/2026;09:20:00;186390,00;186390,00;186390,00;186390,00;37278,00;1
WINV26;26/05/2026;09:15:00;185960,00;186290,00;185960,00;186290,00;148906,00;4
WINV26;25/05/2026;17:30:00;186800,00;186800,00;186800,00;186800,00;37360,00;1
WINV26;25/05/2026;17:25:00;186600,00;186700,00;186600,00;186700,00;74660,00;2
WINV26;25/05/2026;17:15:00;186800,00;186800,00;186800,00;186800,00;37360,00;1
WINV26;25/05/2026;16:45:00;186635,00;186635,00;186635,00;186635,00;671886,00;18
WINV26;25/05/2026;16:40:00;186500,00;186500,00;186500,00;186500,00;37300,00;1
WINV26;25/05/2026;14:25:00;186010,00;186010,00;186010,00;186010,00;37202,00;1
WINV26;25/05/2026;14:00:00;185910,00;185910,00;185910,00;185910,00;37182,00;1
WINV26;25/05/2026;13:10:00;185340,00;185340,00;185340,00;185340,00;222408,00;6
WINV26;25/05/2026;12:25:00;185500,00;185500,00;185500,00;185500,00;37100,00;1
WINV26;25/05/2026;11:00:00;185665,00;185665,00;185665,00;185665,00;37133,00;1
WINV26;25/05/2026;10:40:00;185900,00;185900,00;185900,00;185900,00;37180,00;1
WINV26;25/05/2026;10:35:00;186115,00;186225,00;186115,00;186225,00;782123,00;21
WINV26;25/05/2026;09:20:00;186710,00;186710,00;186710,00;186710,00;37342,00;1
WINV26;25/05/2026;09:15:00;187200,00;187200,00;187000,00;187000,00;74840,00;2
WINV26;25/05/2026;09:05:00;187500,00;187600,00;187210,00;187210,00;1386106,00;37
WINV26;22/05/2026;14:40:00;185035,00;185035,00;185035,00;185035,00;37007,00;1
WINV26;22/05/2026;14:15:00;185000,00;185000,00;185000,00;185000,00;37000,00;1
WINV26;22/05/2026;12:25:00;184450,00;184450,00;184450,00;184450,00;36890,00;1
WINV26;22/05/2026;11:55:00;184200,00;184200,00;184200,00;184200,00;36840,00;1
WINV26;22/05/2026;11:50:00;184000,00;184000,00;184000,00;184000,00;36800,00;1
WINV26;22/05/2026;11:10:00;184845,00;184845,00;184845,00;184845,00;221814,00;6
WINV26;22/05/2026;10:35:00;184915,00;184915,00;184915,00;184915,00;110949,00;3
WINV26;22/05/2026;10:30:00;185030,00;185030,00;185030,00;185030,00;37006,00;1
WINV26;22/05/2026;10:15:00;185580,00;185810,00;185580,00;185810,00;780285,00;21
WINV26;22/05/2026;09:25:00;186010,00;186010,00;186010,00;186010,00;37202,00;1
WINV26;22/05/2026;09:05:00;185900,00;185900,00;185900,00;185900,00;37180,00;1
WINV26;21/05/2026;17:20:00;186550,00;186550,00;186550,00;186550,00;37310,00;1
WINV26;21/05/2026;16:00:00;186445,00;186445,00;186445,00;186445,00;37289,00;1
WINV26;21/05/2026;15:50:00;186500,00;186500,00;186500,00;186500,00;37300,00;1
WINV26;21/05/2026;15:40:00;186800,00;186800,00;186800,00;186800,00;37360,00;1
WINV26;21/05/2026;15:35:00;187180,00;187235,00;187180,00;187235,00;74883,00;2
WINV26;21/05/2026;15:20:00;186950,00;187200,00;186885,00;187200,00;336697,00;9
WINV26;21/05/2026;14:15:00;186780,00;186780,00;186780,00;186780,00;373560,00;10
WINV26;21/05/2026;11:15:00;185735,00;185735,00;185735,00;185735,00;371470,00;10
WINV26;21/05/2026;09:40:00;185785,00;185785,00;185785,00;185785,00;185785,00;5
WINV26;20/05/2026;15:45:00;187070,00;187070,00;187070,00;187070,00;37414,00;1
WINV26;20/05/2026;12:30:00;186485,00;186485,00;186485,00;186485,00;37297,00;1
WINV26;20/05/2026;11:05:00;185750,00;185750,00;185750,00;185750,00;37150,00;1
WINV26;20/05/2026;10:55:00;186260,00;186360,00;186260,00;186360,00;74524,00;2
WINV26;20/05/2026;10:50:00;186160,00;186160,00;186160,00;186160,00;37232,00;1
WINV26;20/05/2026;10:35:00;185670,00;186000,00;185670,00;186000,00;148704,00;4
WINV26;20/05/2026;10:30:00;185460,00;185460,00;185460,00;185460,00;37092,00;1
WINV26;20/05/2026;10:25:00;185345,00;185345,00;185345,00;185345,00;37069,00;1
WINV26;20/05/2026;10:15:00;185000,00;185200,00;185000,00;185200,00;74040,00;2
WINV26;20/05/2026;09:35:00;184275,00;184275,00;184275,00;184275,00;442260,00;12
WINV26;20/05/2026;09:05:00;184615,00;184990,00;184400,00;184400,00;1108536,00;30
WINV26;20/05/2026;09:00:00;183025,00;184485,00;183025,00;184485,00;733348,00;20
WINV26;19/05/2026;18:00:00;183750,00;183750,00;183750,00;183750,00;36750,00;1
WINV26;19/05/2026;17:45:00;183405,00;183405,00;183405,00;183405,00;36681,00;1
WINV26;19/05/2026;16:25:00;183100,00;183100,00;183100,00;183100,00;36620,00;1
WINV26;19/05/2026;15:20:00;183500,00;183500,00;183500,00;183500,00;36700,00;1
WINV26;19/05/2026;14:05:00;184220,00;184220,00;184220,00;184220,00;36844,00;1
WINV26;19/05/2026;13:25:00;183750,00;183750,00;183750,00;183750,00;36750,00;1
WINV26;19/05/2026;13:20:00;183500,00;183500,00;183500,00;183500,00;36700,00;1
WINV26;19/05/2026;11:05:00;185050,00;185100,00;185050,00;185100,00;74030,00;2
WINV26;19/05/2026;11:00:00;184750,00;184955,00;184750,00;184955,00;110911,00;3
WINV26;19/05/2026;10:55:00;184500,00;184650,00;184500,00;184650,00;110743,00;3
WINV26;19/05/2026;10:50:00;184195,00;184450,00;184195,00;184450,00;147446,00;4
WINV26;19/05/2026;10:45:00;183830,00;184030,00;183830,00;184030,00;147144,00;4
WINV26;19/05/2026;10:40:00;183750,00;183780,00;183750,00;183780,00;73506,00;2
WINV26;19/05/2026;10:35:00;183730,00;183730,00;183730,00;183730,00;36746,00;1
WINV26;19/05/2026;10:30:00;183530,00;183530,00;183480,00;183480,00;220186,00;6
WINV26;19/05/2026;10:20:00;183000,00;183000,00;183000,00;183000,00;36600,00;1
WINV26;19/05/2026;10:15:00;183680,00;183680,00;183500,00;183500,00;73436,00;2
WINV26;19/05/2026;10:10:00;183630,00;183630,00;183615,00;183615,00;587571,00;16
WINV26;19/05/2026;10:00:00;184000,00;184000,00;183755,00;183755,00;73551,00;2
WINV26;19/05/2026;09:20:00;184895,00;185055,00;184895,00;185055,00;110985,00;3
WINV26;19/05/2026;09:15:00;184505,00;184505,00;184505,00;184505,00;36901,00;1
WINV26;19/05/2026;09:10:00;185000,00;185000,00;185000,00;185000,00;37000,00;1
WINV26;19/05/2026;09:00:00;185800,00;185800,00;185570,00;185570,00;111415,00;3
WINV26;18/05/2026;18:15:00;186900,00;186900,00;186900,00;186900,00;37380,00;1
WINV26;18/05/2026;17:50:00;186700,00;186700,00;186700,00;186700,00;37340,00;1
WINV26;18/05/2026;16:40:00;186250,00;186260,00;186250,00;186260,00;596030,00;16
WINV26;18/05/2026;15:45:00;185300,00;185300,00;185300,00;185300,00;37060,00;1
WINV26;18/05/2026;14:45:00;186000,00;186000,00;186000,00;186000,00;37200,00;1
WINV26;18/05/2026;12:35:00;186250,00;186250,00;186250,00;186250,00;37250,00;1
WINV26;18/05/2026;10:05:00;186045,00;186045,00;186045,00;186045,00;558135,00;15
WINV26;18/05/2026;09:55:00;185925,00;185925,00;185925,00;185925,00;557775,00;15
WINV26;18/05/2026;09:25:00;185895,00;185895,00;185895,00;185895,00;37179,00;1
WINV26;18/05/2026;09:15:00;185910,00;185910,00;185910,00;185910,00;37182,00;1
WINV26;15/05/2026;18:20:00;186895,00;187190,00;186680,00;186680,00;598181,00;16
WINV26;15/05/2026;18:15:00;186625,00;186625,00;186550,00;186580,00;298522,00;8
WINV26;15/05/2026;18:10:00;186655,00;186655,00;186655,00;186655,00;37331,00;1
WINV26;15/05/2026;17:50:00;186895,00;186895,00;186895,00;186895,00;37379,00;1
WINV26;15/05/2026;16:45:00;186630,00;186630,00;186630,00;186630,00;37326,00;1
WINV26;15/05/2026;16:05:00;185915,00;185915,00;185915,00;185915,00;37183,00;1
WINV26;15/05/2026;13:20:00;186200,00;186210,00;186200,00;186210,00;74482,00;2
WINV26;15/05/2026;11:20:00;186245,00;186495,00;186245,00;186495,00;149146,00;4
WINV26;15/05/2026;11:10:00;185600,00;185675,00;185600,00;185675,00;74255,00;2
WINV26;15/05/2026;11:05:00;185480,00;185480,00;185480,00;185480,00;37096,00;1
WINV26;15/05/2026;11:00:00;185375,00;185375,00;185375,00;185375,00;37075,00;1
WINV26;15/05/2026;10:55:00;185260,00;185260,00;185260,00;185260,00;37052,00;1
WINV26;15/05/2026;10:50:00;184845,00;185100,00;184820,00;185100,00;258865,00;7
WINV26;15/05/2026;10:10:00;185000,00;185000,00;185000,00;185000,00;37000,00;1
WINV26;15/05/2026;10:00:00;185200,00;185200,00;185200,00;185200,00;37040,00;1
WINV26;15/05/2026;09:25:00;185915,00;185915,00;185915,00;185915,00;37183,00;1
WINV26;15/05/2026;09:10:00;185900,00;185900,00;185900,00;185900,00;37180,00;1
WINV26;15/05/2026;09:05:00;185300,00;185600,00;185300,00;185600,00;259480,00;7
WINV26;15/05/2026;09:00:00;186475,00;186475,00;185500,00;185500,00;408295,00;11
WINV26;14/05/2026;16:45:00;188200,00;188200,00;188200,00;188200,00;37640,00;1
WINV26;14/05/2026;16:10:00;188200,00;188200,00;188200,00;188200,00;37640,00;1
WINV26;14/05/2026;15:40:00;188330,00;188330,00;188330,00;188330,00;37666,00;1
WINV26;14/05/2026;15:35:00;188500,00;188500,00;188500,00;188500,00;37700,00;1
WINV26;14/05/2026;14:50:00;189000,00;189000,00;189000,00;189000,00;37800,00;1
WINV26;14/05/2026;14:20:00;188735,00;188735,00;188735,00;188735,00;37747,00;1
WINV26;14/05/2026;14:15:00;189025,00;189025,00;189025,00;189025,00;37805,00;1
WINV26;14/05/2026;14:10:00;189220,00;189220,00;189220,00;189220,00;37844,00;1
WINV26;14/05/2026;13:10:00;188770,00;188935,00;188770,00;188935,00;755446,00;20
WINV26;14/05/2026;12:30:00;188550,00;188550,00;188550,00;188550,00;37710,00;1
WINV26;14/05/2026;11:30:00;188475,00;188475,00;188475,00;188475,00;37695,00;1
WINV26;14/05/2026;09:55:00;187960,00;187960,00;187960,00;187960,00;375920,00;10
WINV26;14/05/2026;09:45:00;188255,00;188255,00;188255,00;188255,00;37651,00;1
WINV26;14/05/2026;09:40:00;188085,00;188085,00;188085,00;188085,00;376170,00;10
WINV26;14/05/2026;09:35:00;187930,00;187930,00;187930,00;187930,00;37586,00;1
WINV26;14/05/2026;09:30:00;187965,00;188060,00;187965,00;188060,00;75205,00;2
WINV26;14/05/2026;09:05:00;187525,00;187525,00;187465,00;187465,00;374942,00;10
WINV26;14/05/2026;09:00:00;187000,00;187000,00;187000,00;187000,00;37400,00;1
WINV26;13/05/2026;18:20:00;186430,00;186430,00;186430,00;186430,00;37286,00;1
WINV26;13/05/2026;17:50:00;186800,00;186800,00;186800,00;186800,00;37360,00;1
WINV26;13/05/2026;17:30:00;186890,00;186890,00;186890,00;186890,00;373780,00;10
WINV26;13/05/2026;16:20:00;187070,00;187070,00;186945,00;186945,00;74803,00;2
WINV26;13/05/2026;16:15:00;187160,00;187160,00;187060,00;187060,00;74844,00;2
WINV26;13/05/2026;16:10:00;187080,00;187110,00;187055,00;187055,00;187088,00;5
WINV26;13/05/2026;15:45:00;186715,00;186875,00;186715,00;186875,00;1157665,00;31
WINV26;13/05/2026;15:35:00;187560,00;187560,00;187560,00;187560,00;37512,00;1
WINV26;13/05/2026;15:15:00;188055,00;188055,00;188055,00;188055,00;37611,00;1
WINV26;13/05/2026;15:00:00;188000,00;188000,00;188000,00;188000,00;37600,00;1
WINV26;13/05/2026;14:55:00;189400,00;189410,00;188100,00;188100,00;1356142,00;36
WINV26;13/05/2026;14:50:00;189355,00;189355,00;189355,00;189355,00;37871,00;1
WINV26;13/05/2026;14:30:00;189330,00;189330,00;189330,00;189330,00;37866,00;1
WINV26;13/05/2026;14:10:00;189430,00;189430,00;189430,00;189430,00;37886,00;1
WINV26;13/05/2026;14:05:00;189530,00;189530,00;189530,00;189530,00;37906,00;1
WINV26;13/05/2026;13:25:00;190445,00;190445,00;190350,00;190360,00;342665,00;9
WINV26;13/05/2026;12:50:00;190100,00;190100,00;190100,00;190100,00;38020,00;1
WINV26;13/05/2026;12:45:00;190050,00;190050,00;190050,00;190050,00;38010,00;1
WINV26;13/05/2026;12:40:00;190250,00;190250,00;190150,00;190150,00;76080,00;2
WINV26;13/05/2026;12:35:00;190300,00;190385,00;190280,00;190285,00;266458,00;7
WINV26;13/05/2026;12:30:00;190230,00;190230,00;190230,00;190230,00;38046,00;1
WINV26;13/05/2026;12:20:00;190000,00;190100,00;190000,00;190100,00;76020,00;2
WINV26;13/05/2026;12:15:00;189950,00;189950,00;189950,00;189950,00;37990,00;1
WINV26;13/05/2026;12:10:00;190000,00;190000,00;190000,00;190000,00;1178000,00;31
WINV26;13/05/2026;11:40:00;190220,00;190220,00;190220,00;190220,00;38044,00;1
WINV26;13/05/2026;11:05:00;189900,00;189900,00;189900,00;189900,00;37980,00;1
WINV26;13/05/2026;11:00:00;189780,00;189780,00;189780,00;189780,00;37956,00;1
WINV26;13/05/2026;10:55:00;189670,00;189670,00;189670,00;189670,00;37934,00;1
WINV26;13/05/2026;10:45:00;189260,00;189300,00;189260,00;189300,00;75712,00;2
WINV26;13/05/2026;10:35:00;188900,00;188900,00;188900,00;188900,00;37780,00;1
WINV26;13/05/2026;10:30:00;189400,00;189400,00;189000,00;189000,00;151340,00;4
WINV26;13/05/2026;10:25:00;189500,00;189500,00;189500,00;189500,00;37900,00;1
WINV26;13/05/2026;10:20:00;189925,00;189925,00;189925,00;189925,00;37985,00;1
WINV26;13/05/2026;10:15:00;189700,00;189700,00;189600,00;189600,00;75860,00;2
WINV26;13/05/2026;10:10:00;190000,00;190100,00;190000,00;190100,00;76020,00;2
WINV26;13/05/2026;10:05:00;189800,00;189800,00;189800,00;189800,00;37960,00;1
WINV26;13/05/2026;10:00:00;189900,00;189900,00;189900,00;189900,00;37980,00;1
WINV26;13/05/2026;09:45:00;189850,00;189850,00;189850,00;189850,00;37970,00;1
WINV26;13/05/2026;09:40:00;189775,00;189775,00;189775,00;189775,00;37955,00;1
WINV26;12/05/2026;18:20:00;190600,00;190600,00;190600,00;190600,00;38120,00;1
WINV26;12/05/2026;18:10:00;190670,00;190670,00;190670,00;190670,00;38134,00;1
WINV26;12/05/2026;18:00:00;190750,00;190750,00;190750,00;190750,00;38150,00;1
WINV26;12/05/2026;17:30:00;190600,00;190600,00;190600,00;190600,00;38120,00;1
WINV26;12/05/2026;15:30:00;190400,00;190765,00;190400,00;190765,00;5761030,00;151
WINV26;12/05/2026;15:25:00;190510,00;190510,00;190510,00;190510,00;38102,00;1
WINV26;12/05/2026;15:15:00;190000,00;190105,00;190000,00;190105,00;76021,00;2
WINV26;12/05/2026;15:10:00;189905,00;189905,00;189905,00;189905,00;37981,00;1
WINV26;12/05/2026;14:55:00;189895,00;189895,00;189895,00;189895,00;37979,00;1
WINV26;12/05/2026;14:45:00;190200,00;190200,00;190200,00;190200,00;228240,00;6
WINV26;12/05/2026;14:20:00;190220,00;190220,00;190220,00;190220,00;38044,00;1
WINV26;12/05/2026;13:45:00;190030,00;190030,00;190030,00;190030,00;38006,00;1
WINV26;12/05/2026;13:00:00;190130,00;190130,00;190130,00;190130,00;38026,00;1
WINV26;12/05/2026;12:30:00;190220,00;190220,00;190220,00;190220,00;38044,00;1
WINV26;12/05/2026;10:35:00;191520,00;191520,00;191520,00;191520,00;38304,00;1
WINV26;12/05/2026;09:20:00;191250,00;191250,00;190910,00;190910,00;1603761,00;42
WINV26;12/05/2026;09:15:00;191500,00;191500,00;191350,00;191350,00;76570,00;2
WINV26;12/05/2026;09:00:00;191415,00;191415,00;191415,00;191415,00;38283,00;1
WINV26;11/05/2026;17:10:00;192000,00;192000,00;192000,00;192000,00;38400,00;1
WINV26;11/05/2026;17:05:00;192100,00;192100,00;192100,00;192100,00;38420,00;1
WINV26;11/05/2026;16:50:00;192215,00;192215,00;192215,00;192215,00;38443,00;1
WINV26;11/05/2026;16:15:00;192040,00;192040,00;192040,00;192040,00;38408,00;1
WINV26;11/05/2026;14:45:00;192285,00;192285,00;192285,00;192285,00;38457,00;1
WINV26;11/05/2026;13:45:00;192375,00;192375,00;192375,00;192375,00;38475,00;1
WINV26;11/05/2026;13:00:00;192490,00;192490,00;192490,00;192490,00;38498,00;1
WINV26;11/05/2026;12:20:00;192405,00;192410,00;192365,00;192365,00;115436,00;3
WINV26;11/05/2026;12:00:00;192500,00;192500,00;192500,00;192500,00;38500,00;1
WINV26;11/05/2026;11:05:00;192945,00;192945,00;192945,00;192945,00;1543560,00;40
WINV26;11/05/2026;09:30:00;194050,00;194050,00;193950,00;193950,00;77600,00;2
WINV26;11/05/2026;09:25:00;194170,00;194170,00;194170,00;194170,00;38834,00;1
WINV26;11/05/2026;09:15:00;193555,00;193555,00;193555,00;193555,00;38711,00;1
WINV26;08/05/2026;15:00:00;195020,00;195020,00;195020,00;195020,00;39004,00;1
WINV26;08/05/2026;11:05:00;195175,00;195175,00;195175,00;195175,00;39035,00;1
WINV26;08/05/2026;10:40:00;196000,00;196000,00;196000,00;196000,00;39200,00;1
WINV26;08/05/2026;10:25:00;195550,00;195550,00;195550,00;195550,00;39110,00;1
WINV26;08/05/2026;10:05:00;195200,00;195200,00;195200,00;195200,00;39040,00;1
WINV26;08/05/2026;10:00:00;195305,00;195305,00;195305,00;195305,00;39061,00;1
WINV26;08/05/2026;09:55:00;195440,00;195440,00;195405,00;195405,00;3517640,00;90
WINV26;08/05/2026;09:50:00;195420,00;195450,00;195420,00;195450,00;78174,00;2
WINV26;08/05/2026;09:05:00;194020,00;194020,00;194020,00;194020,00;1552160,00;40
WINV26;08/05/2026;09:00:00;193490,00;193490,00;193490,00;193490,00;38698,00;1
WINV26;07/05/2026;18:10:00;193300,00;193300,00;193280,00;193280,00;115972,00;3
WINV26;07/05/2026;18:05:00;193410,00;193410,00;193370,00;193370,00;77356,00;2
WINV26;07/05/2026;17:45:00;193460,00;193460,00;193460,00;193460,00;38692,00;1
WINV26;07/05/2026;16:25:00;193800,00;193800,00;193800,00;193800,00;387600,00;10
WINV26;07/05/2026;16:20:00;193800,00;193800,00;193800,00;193800,00;38760,00;1
WINV26;07/05/2026;13:35:00;194445,00;194510,00;194445,00;194505,00;116692,00;3
WINV26;07/05/2026;12:45:00;194500,00;194500,00;194500,00;194500,00;38900,00;1
WINV26;07/05/2026;11:25:00;194565,00;194565,00;194565,00;194565,00;583695,00;15
WINV26;07/05/2026;11:00:00;194590,00;194590,00;194425,00;194425,00;77803,00;2
WINV26;07/05/2026;10:50:00;195175,00;195175,00;194905,00;194905,00;78016,00;2
WINV26;07/05/2026;10:40:00;194865,00;194865,00;194865,00;194865,00;38973,00;1
WINV26;07/05/2026;10:35:00;195700,00;195700,00;195400,00;195400,00;156444,00;4
WINV26;07/05/2026;10:30:00;195800,00;195800,00;195800,00;195800,00;78320,00;2
WINV26;07/05/2026;10:20:00;196500,00;196500,00;196500,00;196500,00;39300,00;1
WINV26;07/05/2026;10:10:00;196600,00;196600,00;196600,00;196600,00;39320,00;1
WINV26;07/05/2026;10:05:00;196950,00;196950,00;196950,00;196950,00;39390,00;1
WINV26;07/05/2026;10:00:00;197160,00;197160,00;197160,00;197160,00;39432,00;1
WINV26;07/05/2026;09:35:00;197630,00;197630,00;197630,00;197630,00;39526,00;1
WINV26;07/05/2026;09:30:00;197260,00;197260,00;197260,00;197260,00;39452,00;1
WINV26;07/05/2026;09:15:00;197400,00;197400,00;197400,00;197400,00;39480,00;1
WINV26;07/05/2026;09:05:00;197530,00;197530,00;197530,00;197530,00;39506,00;1
WINV26;07/05/2026;09:00:00;198210,00;198210,00;198210,00;198210,00;39642,00;1
WINV26;06/05/2026;18:15:00;197900,00;197900,00;197900,00;197900,00;39580,00;1
WINV26;06/05/2026;17:40:00;197960,00;197960,00;197960,00;197960,00;593880,00;15
WINV26;06/05/2026;17:35:00;198000,00;198000,00;197960,00;197960,00;633480,00;16
WINV26;06/05/2026;17:30:00;198200,00;198200,00;198200,00;198200,00;39640,00;1
WINV26;06/05/2026;16:45:00;198415,00;198415,00;198415,00;198415,00;39683,00;1
WINV26;06/05/2026;12:35:00;198645,00;198645,00;198645,00;198645,00;39729,00;1
WINV26;06/05/2026;11:10:00;197830,00;197830,00;197830,00;197830,00;39566,00;1
WINV26;06/05/2026;10:45:00;199300,00;199300,00;199300,00;199300,00;39860,00;1
WINV26;06/05/2026;10:00:00;199150,00;199150,00;199150,00;199150,00;398300,00;10
WINV26;06/05/2026;09:40:00;199750,00;199750,00;199750,00;199750,00;39950,00;1
WINV26;06/05/2026;09:35:00;200300,00;200300,00;200300,00;200300,00;40060,00;1
WINV26;06/05/2026;09:15:00;199500,00;199500,00;199500,00;199500,00;39900,00;1
WINV26;06/05/2026;09:10:00;199550,00;199550,00;199500,00;199500,00;79810,00;2
WINV26;05/05/2026;18:15:00;197355,00;197355,00;197355,00;197355,00;39471,00;1
WINV26;05/05/2026;18:05:00;197500,00;197500,00;197500,00;197500,00;39500,00;1
WINV26;05/05/2026;18:00:00;197500,00;197500,00;197500,00;197500,00;39500,00;1
WINV26;05/05/2026;17:55:00;197365,00;197420,00;197365,00;197420,00;78957,00;2
WINV26;05/05/2026;17:35:00;197500,00;197500,00;197500,00;197500,00;39500,00;1
WINV26;05/05/2026;17:25:00;197580,00;197580,00;197580,00;197580,00;39516,00;1
WINV26;05/05/2026;16:50:00;197400,00;197400,00;197400,00;197400,00;39480,00;1
WINV26;05/05/2026;16:45:00;197505,00;197505,00;197500,00;197500,00;79001,00;2
WINV26;05/05/2026;16:20:00;197530,00;197530,00;197530,00;197530,00;39506,00;1
WINV26;05/05/2026;15:10:00;197500,00;197500,00;197500,00;197500,00;39500,00;1
WINV26;05/05/2026;14:30:00;197050,00;197050,00;197050,00;197050,00;39410,00;1
WINV26;05/05/2026;14:25:00;197200,00;197200,00;197075,00;197075,00;78855,00;2
WINV26;05/05/2026;14:20:00;197250,00;197250,00;197250,00;197250,00;39450,00;1
WINV26;05/05/2026;13:50:00;197575,00;197575,00;197575,00;197575,00;39515,00;1
WINV26;05/05/2026;13:45:00;197750,00;197750,00;197750,00;197750,00;39550,00;1
WINV26;05/05/2026;13:40:00;198045,00;198045,00;198045,00;198045,00;39609,00;1
WINV26;05/05/2026;13:35:00;198000,00;198000,00;198000,00;198000,00;39600,00;1
WINV26;05/05/2026;13:00:00;198250,00;198250,00;198250,00;198250,00;39650,00;1
WINV26;05/05/2026;12:35:00;197970,00;197970,00;197970,00;197970,00;1187820,00;30
WINV26;05/05/2026;12:25:00;197650,00;197650,00;197650,00;197650,00;39530,00;1
WINV26;05/05/2026;12:15:00;197500,00;197500,00;197500,00;197500,00;39500,00;1
WINV26;05/05/2026;11:40:00;197200,00;197200,00;197200,00;197200,00;39440,00;1
WINV26;05/05/2026;10:10:00;196820,00;196820,00;196820,00;196820,00;787280,00;20
WINV26;05/05/2026;10:05:00;196800,00;196800,00;196800,00;196800,00;39360,00;1
WINV26;05/05/2026;10:00:00;196400,00;196400,00;196400,00;196400,00;39280,00;1
WINV26;05/05/2026;09:00:00;197155,00;197155,00;197155,00;197155,00;39431,00;1
WINV26;04/05/2026;17:25:00;196520,00;196520,00;196520,00;196520,00;78608,00;2
WINV26;04/05/2026;15:55:00;196520,00;196520,00;196520,00;196520,00;39304,00;1
WINV26;04/05/2026;15:45:00;196470,00;196470,00;196470,00;196470,00;39294,00;1
WINV26;04/05/2026;15:35:00;196615,00;196615,00;196615,00;196615,00;39323,00;1
WINV26;04/05/2026;14:35:00;196550,00;196550,00;196550,00;196550,00;78620,00;2
WINV26;04/05/2026;14:00:00;196560,00;196560,00;196560,00;196560,00;39312,00;1
WINV26;04/05/2026;13:50:00;196510,00;196510,00;196510,00;196510,00;39302,00;1
WINV26;04/05/2026;13:45:00;196630,00;196680,00;196550,00;196550,00;117972,00;3
WINV26;04/05/2026;13:35:00;196930,00;196930,00;196800,00;196800,00;78746,00;2
WINV26;04/05/2026;13:30:00;196990,00;196990,00;196990,00;196990,00;39398,00;1
WINV26;04/05/2026;13:25:00;196930,00;196930,00;196930,00;196930,00;39386,00;1
WINV26;04/05/2026;13:20:00;196990,00;196990,00;196990,00;196990,00;39398,00;1
WINV26;04/05/2026;13:15:00;196890,00;196940,00;196890,00;196940,00;78766,00;2
WINV26;04/05/2026;13:10:00;196835,00;196835,00;196835,00;196835,00;39367,00;1
WINV26;04/05/2026;13:05:00;196740,00;196740,00;196740,00;196740,00;39348,00;1
WINV26;04/05/2026;12:45:00;196920,00;196920,00;196920,00;196920,00;39384,00;1
WINV26;04/05/2026;12:40:00;197060,00;197060,00;197060,00;197060,00;39412,00;1
WINV26;04/05/2026;12:35:00;197110,00;197110,00;197110,00;197110,00;39422,00;1
WINV26;04/05/2026;12:30:00;197060,00;197060,00;197060,00;197060,00;39412,00;1
WINV26;04/05/2026;12:25:00;197110,00;197160,00;197110,00;197160,00;78854,00;2
WINV26;04/05/2026;12:20:00;197060,00;197060,00;197060,00;197060,00;39412,00;1
WINV26;04/05/2026;12:15:00;197420,00;197420,00;197420,00;197420,00;39484,00;1
WINV26;04/05/2026;12:10:00;197800,00;197800,00;197800,00;197800,00;39560,00;1
WINV26;04/05/2026;10:50:00;198250,00;198250,00;198250,00;198250,00;39650,00;1
WINV26;04/05/2026;10:40:00;198500,00;198500,00;198500,00;198500,00;39700,00;1
WINV26;04/05/2026;09:40:00;198060,00;198060,00;198060,00;198060,00;990300,00;25
WINV26;04/05/2026;09:30:00;198250,00;198250,00;198250,00;198250,00;39650,00;1
WINV26;04/05/2026;09:15:00;198500,00;198500,00;198500,00;198500,00;39700,00;1
WINV26;04/05/2026;09:05:00;198000,00;198000,00;198000,00;198000,00;39600,00;1
WINV26;30/04/2026;18:00:00;198300,00;198300,00;198300,00;198300,00;39660,00;1
WINV26;30/04/2026;17:35:00;198100,00;198100,00;198100,00;198100,00;39620,00;1
WINV26;30/04/2026;17:30:00;198100,00;198100,00;198045,00;198045,00;435710,00;11
WINV26;30/04/2026;17:25:00;198255,00;198255,00;198250,00;198250,00;79301,00;2
WINV26;30/04/2026;16:25:00;198850,00;198850,00;198850,00;198850,00;39770,00;1
WINV26;30/04/2026;15:30:00;198370,00;198370,00;198370,00;198370,00;317392,00;8
WINV26;30/04/2026;15:25:00;198600,00;198600,00;198335,00;198335,00;277745,00;7
WINV26;30/04/2026;15:20:00;198500,00;198500,00;198400,00;198450,00;119070,00;3
WINV26;30/04/2026;15:15:00;198375,00;198400,00;198375,00;198400,00;119035,00;3
WINV26;30/04/2026;15:10:00;198360,00;198360,00;198360,00;198360,00;39672,00;1
WINV26;30/04/2026;14:55:00;198260,00;198260,00;198260,00;198260,00;39652,00;1
WINV26;30/04/2026;14:50:00;198390,00;198390,00;198390,00;198390,00;1983900,00;50
WINV26;30/04/2026;14:45:00;198380,00;198380,00;198380,00;198380,00;1983800,00;50
WINV26;30/04/2026;14:25:00;198150,00;198150,00;198100,00;198100,00;79250,00;2
WINV26;30/04/2026;13:35:00;198120,00;198120,00;198120,00;198120,00;39624,00;1
WINV26;30/04/2026;12:45:00;197890,00;197890,00;197890,00;197890,00;39578,00;1
WINV26;30/04/2026;11:45:00;197880,00;198480,00;197880,00;198480,00;158562,00;4
WINV26;30/04/2026;11:25:00;198000,00;198000,00;197995,00;197995,00;79199,00;2
WINV26;30/04/2026;11:20:00;197800,00;197800,00;197800,00;197800,00;39560,00;1
WINV26;30/04/2026;11:00:00;197610,00;197610,00;197610,00;197610,00;39522,00;1
WINV26;30/04/2026;10:55:00;197830,00;197830,00;197830,00;197830,00;39566,00;1
WINV26;30/04/2026;10:30:00;197610,00;197610,00;197610,00;197610,00;197610,00;5
WINV26;30/04/2026;10:20:00;197250,00;197250,00;197150,00;197150,00;354950,00;9
WINV26;30/04/2026;09:55:00;197000,00;197000,00;197000,00;197000,00;39400,00;1
WINV26;30/04/2026;09:50:00;196970,00;196970,00;196970,00;196970,00;1969700,00;50
WINV26;30/04/2026;09:10:00;197110,00;197110,00;197110,00;197110,00;39422,00;1
WINV26;30/04/2026;09:05:00;196765,00;197000,00;196765,00;197000,00;78753,00;2
WINV26;30/04/2026;09:00:00;195935,00;196625,00;195935,00;196625,00;117712,00;3
WINV26;29/04/2026;18:20:00;195000,00;195000,00;195000,00;195000,00;156000,00;4
WINV26;29/04/2026;18:10:00;195050,00;195050,00;195050,00;195050,00;156040,00;4
WINV26;29/04/2026;18:05:00;195050,00;195050,00;195050,00;195050,00;195050,00;5
WINV26;29/04/2026;18:00:00;195100,00;195100,00;195100,00;195100,00;195100,00;5
WINV26;29/04/2026;17:50:00;195200,00;195200,00;195200,00;195200,00;39040,00;1
WINV26;29/04/2026;17:45:00;195200,00;195200,00;195150,00;195150,00;234230,00;6
WINV26;29/04/2026;17:40:00;195140,00;195190,00;195115,00;195125,00;1014628,00;26
WINV26;29/04/2026;17:35:00;195075,00;195075,00;195020,00;195020,00;390051,00;10
WINV26;29/04/2026;17:25:00;195400,00;195400,00;195400,00;195400,00;39080,00;1
WINV26;29/04/2026;17:15:00;195325,00;195325,00;195325,00;195325,00;390650,00;10
WINV26;29/04/2026;17:10:00;195470,00;195470,00;195470,00;195470,00;39094,00;1
WINV26;29/04/2026;17:00:00;195600,00;195600,00;195600,00;195600,00;117360,00;3
WINV26;29/04/2026;16:50:00;195600,00;195600,00;195600,00;195600,00;195600,00;5
WINV26;29/04/2026;16:10:00;195995,00;196100,00;195995,00;196100,00;78419,00;2
WINV26;29/04/2026;16:00:00;196000,00;196000,00;196000,00;196000,00;39200,00;1
WINV26;29/04/2026;15:50:00;196000,00;196000,00;196000,00;196000,00;784000,00;20
WINV26;29/04/2026;15:40:00;196000,00;196000,00;196000,00;196000,00;39200,00;1
WINV26;29/04/2026;12:50:00;197000,00;197000,00;197000,00;197000,00;39400,00;1
WINV26;29/04/2026;12:15:00;197600,00;197600,00;197600,00;197600,00;79040,00;2
WINV26;29/04/2026;12:10:00;197400,00;197400,00;197400,00;197400,00;197400,00;5
WINV26;29/04/2026;11:15:00;197650,00;197650,00;197650,00;197650,00;790600,00;20
WINV26;29/04/2026;11:05:00;197600,00;197600,00;197400,00;197400,00;158010,00;4
WINV26;29/04/2026;11:00:00;197500,00;197500,00;197325,00;197450,00;157921,00;4
WINV26;29/04/2026;10:55:00;197715,00;197715,00;197600,00;197600,00;118583,00;3
WINV26;29/04/2026;10:50:00;197700,00;197700,00;197700,00;197700,00;39540,00;1
WINV26;29/04/2026;10:45:00;197820,00;197825,00;197545,00;197545,00;1028606,00;26
WINV26;29/04/2026;10:40:00;198220,00;198220,00;198220,00;198220,00;118932,00;3
WINV26;29/04/2026;10:35:00;198220,00;198220,00;198220,00;198220,00;158576,00;4
WINV26;29/04/2026;10:30:00;198325,00;198400,00;198200,00;198200,00;237992,00;6
WINV26;29/04/2026;10:25:00;198215,00;198215,00;198190,00;198190,00;118921,00;3
WINV26;29/04/2026;10:10:00;198465,00;198465,00;198465,00;198465,00;793860,00;20
WINV26;29/04/2026;10:05:00;198740,00;198740,00;198450,00;198450,00;833613,00;21
WINV26;29/04/2026;09:40:00;198895,00;198895,00;198895,00;198895,00;39779,00;1
WINV26;29/04/2026;09:35:00;199095,00;199095,00;199095,00;199095,00;2389140,00;60
WINV26;28/04/2026;18:20:00;199800,00;199800,00;199800,00;199800,00;39960,00;1
WINV26;28/04/2026;18:15:00;199800,00;199800,00;199800,00;199800,00;39960,00;1
WINV26;28/04/2026;15:30:00;200035,00;200035,00;200035,00;200035,00;440077,00;11
WINV26;28/04/2026;14:55:00;200140,00;200140,00;200140,00;200140,00;40028,00;1
WINV26;28/04/2026;14:05:00;199965,00;199965,00;199965,00;199965,00;79986,00;2
WINV26;28/04/2026;14:00:00;199985,00;199985,00;199975,00;199975,00;159984,00;4
WINV26;28/04/2026;13:55:00;200065,00;200065,00;200065,00;200065,00;40013,00;1
WINV26;28/04/2026;13:50:00;199990,00;199990,00;199990,00;199990,00;199990,00;5
WINV26;28/04/2026;13:40:00;199675,00;199675,00;199675,00;199675,00;39935,00;1
WINV26;28/04/2026;12:50:00;199990,00;199990,00;199990,00;199990,00;399980,00;10
WINV26;28/04/2026;12:15:00;199500,00;199500,00;199500,00;199500,00;39900,00;1
WINV26;28/04/2026;11:30:00;199105,00;199105,00;199105,00;199105,00;358389,00;9
WINV26;28/04/2026;11:25:00;199250,00;199250,00;199250,00;199250,00;39850,00;1
WINV26;28/04/2026;10:45:00;199700,00;199700,00;199685,00;199685,00;599058,00;15
WINV26;28/04/2026;10:40:00;199495,00;199500,00;199495,00;199500,00;319193,00;8
WINV26;28/04/2026;10:35:00;199495,00;199495,00;199495,00;199495,00;518687,00;13
WINV26;28/04/2026;10:30:00;199265,00;199320,00;199265,00;199320,00;1394981,00;35
WINV26;28/04/2026;09:50:00;199705,00;199705,00;199705,00;199705,00;39941,00;1
WINV26;28/04/2026;09:00:00;200265,00;200265,00;200265,00;200265,00;40053,00;1
WINV26;27/04/2026;18:10:00;200925,00;200925,00;200925,00;200925,00;803700,00;20
WINV26;27/04/2026;18:05:00;200800,00;200800,00;200745,00;200745,00;602251,00;15
WINV26;27/04/2026;17:20:00;201300,00;201300,00;201300,00;201300,00;40260,00;1
WINV26;27/04/2026;17:00:00;200950,00;201100,00;200950,00;201100,00;80410,00;2
WINV26;27/04/2026;14:05:00;201500,00;201500,00;201500,00;201500,00;40300,00;1
WINV26;27/04/2026;11:55:00;201890,00;201890,00;201890,00;201890,00;444158,00;11
WINV26;27/04/2026;11:10:00;202980,00;202980,00;202980,00;202980,00;40596,00;1
WINV26;27/04/2026;10:50:00;201970,00;201970,00;201910,00;201910,00;8278510,00;205
WINV26;27/04/2026;10:45:00;202500,00;202500,00;202470,00;202500,00;4251906,00;105
WINV26;27/04/2026;10:35:00;202470,00;202470,00;202470,00;202470,00;40494,00;1
WINV26;27/04/2026;09:00:00;202950,00;203410,00;202950,00;203410,00;528686,00;13
WINV26;24/04/2026;18:15:00;202900,00;202900,00;202900,00;202900,00;40580,00;1
WINV26;24/04/2026;17:10:00;202770,00;202770,00;202770,00;202770,00;81108,00;2
WINV26;24/04/2026;16:55:00;202500,00;202500,00;202500,00;202500,00;40500,00;1
WINV26;24/04/2026;16:30:00;202515,00;203570,00;202515,00;203570,00;1870366,00;46
WINV26;24/04/2026;15:45:00;202610,00;202610,00;202610,00;202610,00;40522,00;1
WINV26;24/04/2026;15:10:00;202375,00;202390,00;202320,00;202320,00;323737,00;8
WINV26;24/04/2026;15:05:00;202380,00;202405,00;202380,00;202405,00;80957,00;2
WINV26;24/04/2026;14:25:00;201990,00;201990,00;201990,00;201990,00;40398,00;1
WINV26;24/04/2026;13:10:00;202190,00;202190,00;202190,00;202190,00;40438,00;1
WINV26;24/04/2026;12:45:00;202165,00;202165,00;202165,00;202165,00;40433,00;1
WINV26;24/04/2026;12:40:00;201720,00;201820,00;201720,00;201820,00;80708,00;2
WINV26;24/04/2026;12:35:00;201670,00;201755,00;201670,00;201755,00;80685,00;2
WINV26;24/04/2026;11:55:00;202060,00;202200,00;202060,00;202200,00;80852,00;2
WINV26;24/04/2026;11:50:00;201860,00;201860,00;201860,00;201860,00;121116,00;3
WINV26;24/04/2026;10:30:00;202000,00;202000,00;202000,00;202000,00;40400,00;1
WINV26;23/04/2026;14:15:00;203735,00;203735,00;203605,00;203605,00;81468,00;2
WINV26;23/04/2026;10:15:00;205000,00;205000,00;205000,00;205000,00;41000,00;1
WINV26;22/04/2026;18:20:00;204285,00;204285,00;204285,00;204285,00;40857,00;1
WINV26;22/04/2026;18:15:00;204745,00;204745,00;204745,00;204745,00;40949,00;1
WINV26;22/04/2026;18:10:00;204900,00;204990,00;204900,00;204990,00;81978,00;2
WINV26;22/04/2026;14:45:00;204975,00;204975,00;204970,00;204970,00;81989,00;2
WINV26;22/04/2026;14:40:00;205015,00;205015,00;204900,00;204960,00;368893,00;9
WINV26;22/04/2026;14:35:00;205110,00;205110,00;205000,00;205000,00;205063,00;5
WINV26;22/04/2026;14:30:00;205255,00;205305,00;205200,00;205200,00;205264,00;5
WINV26;22/04/2026;14:25:00;205085,00;205245,00;205085,00;205245,00;82066,00;2
WINV26;22/04/2026;13:30:00;205100,00;205100,00;204900,00;204900,00;164012,00;4
WINV26;22/04/2026;13:25:00;205200,00;205260,00;205150,00;205165,00;369327,00;9
WINV26;22/04/2026;13:20:00;205275,00;205275,00;205275,00;205275,00;41055,00;1
WINV26;22/04/2026;12:30:00;205620,00;205620,00;205620,00;205620,00;41124,00;1
WINV26;22/04/2026;11:45:00;205845,00;205845,00;205845,00;205845,00;41169,00;1
WINV26;22/04/2026;11:35:00;205890,00;205890,00;205890,00;205890,00;41178,00;1
WINV26;22/04/2026;10:55:00;207000,00;207000,00;206900,00;206900,00;82780,00;2
WINV26;22/04/2026;10:50:00;207200,00;207200,00;207100,00;207100,00;124300,00;3
WINV26;22/04/2026;10:35:00;207140,00;207140,00;207140,00;207140,00;41428,00;1
WINV26;22/04/2026;10:20:00;207750,00;207850,00;207750,00;207850,00;124680,00;3
WINV26;22/04/2026;10:15:00;207700,00;207700,00;207700,00;207700,00;41540,00;1
WINV26;22/04/2026;10:05:00;207500,00;207650,00;207500,00;207650,00;83030,00;2
WINV26;22/04/2026;09:25:00;207800,00;207800,00;207700,00;207700,00;83100,00;2
WINV26;22/04/2026;09:10:00;207500,00;207600,00;207500,00;207600,00;124530,00;3
WINV26;20/04/2026;18:20:00;208745,00;208745,00;208745,00;208745,00;41749,00;1
WINV26;20/04/2026;18:15:00;208355,00;208355,00;208355,00;208355,00;41671,00;1
WINV26;20/04/2026;12:15:00;208115,00;208115,00;208115,00;208115,00;41623,00;1
WINV26;20/04/2026;11:00:00;207935,00;207935,00;207935,00;207935,00;83174,00;2
WINV26;20/04/2026;09:40:00;208625,00;208735,00;208625,00;208735,00;500744,00;12
WINV26;20/04/2026;09:00:00;208100,00;208100,00;208000,00;208000,00;124840,00;3
WINV26;17/04/2026;11:50:00;208315,00;208315,00;208000,00;208000,00;208063,00;5
WINV26;17/04/2026;11:35:00;209130,00;209130,00;208785,00;208785,00;83583,00;2
WINV26;17/04/2026;10:55:00;209850,00;209850,00;209850,00;209850,00;41970,00;1
WINV26;17/04/2026;10:35:00;210050,00;210050,00;210050,00;210050,00;42010,00;1
WINV26;17/04/2026;10:30:00;210190,00;210190,00;210190,00;210190,00;42038,00;1
WINV26;17/04/2026;10:15:00;210860,00;210860,00;210860,00;210860,00;42172,00;1
WINV26;17/04/2026;10:05:00;211560,00;211560,00;211560,00;211560,00;42312,00;1
WINV26;17/04/2026;09:50:00;210825,00;210825,00;210825,00;210825,00;42165,00;1
WINV26;17/04/2026;09:25:00;210020,00;210020,00;210020,00;210020,00;42004,00;1
WINV26;17/04/2026;09:00:00;209630,00;209630,00;209630,00;209630,00;41926,00;1
WINV26;16/04/2026;17:25:00;208875,00;208875,00;208875,00;208875,00;41775,00;1
WINV26;16/04/2026;14:05:00;209460,00;209460,00;209460,00;209460,00;41892,00;1
WINV26;16/04/2026;12:10:00;209565,00;209565,00;209565,00;209565,00;41913,00;1
WINV26;16/04/2026;11:15:00;209700,00;209765,00;209700,00;209765,00;83893,00;2
WINV26;16/04/2026;10:50:00;210230,00;210230,00;210230,00;210230,00;42046,00;1
WINV26;16/04/2026;10:05:00;210430,00;210430,00;210430,00;210430,00;42086,00;1
WINV26;16/04/2026;09:05:00;210230,00;210630,00;210230,00;210630,00;84172,00;2
WINV26;15/04/2026;15:55:00;210250,00;210250,00;210250,00;210250,00;42050,00;1
WINV26;15/04/2026;15:40:00;210250,00;210250,00;210250,00;210250,00;42050,00;1
WINV26;15/04/2026;15:35:00;210140,00;210140,00;210140,00;210140,00;42028,00;1
WINV26;15/04/2026;15:05:00;209800,00;209900,00;209800,00;209900,00;125910,00;3
WINV26;15/04/2026;13:20:00;209750,00;209750,00;209750,00;209750,00;41950,00;1
WINV26;15/04/2026;13:10:00;209700,00;209700,00;209700,00;209700,00;41940,00;1
WINV26;15/04/2026;13:05:00;209685,00;209685,00;209685,00;209685,00;41937,00;1
WINV26;15/04/2026;12:10:00;210000,00;210000,00;210000,00;210000,00;2100000,00;50
